isbn13,title,author,year,language_code,lang_inferred
9780192146564,The British year book of international law.,,1921,und,eng
9780304920068,Pelican Guide to English Literature.,Boris Ford,1900,und,eng
9780451002488,Teachings of the Compassionate Buddha.,Edwin Arthur Burtt,1900,und,eng
9780486217789,Original Treatises on the Art of Painting.,Mary P. Merrifield,1900,und,eng
9780567083210,The higher powers of the soul,George McHardy,1912,und,eng
9780719001048,Handbook of Greek Vase Painting.,M.A.B Herford,1919,und,eng
9780853930006,Handbook of British Flora.,G. Bentham,1924,und,eng
9780861930050,"The despatches of William Perwich, English agent at Paris, 1669-77",William Perwich,1903,und,eng
9781125398869,Oldest English Texts / Ed. with Introductions and a Glossary by Henry Sweet,,1885,und,eng
9783111214528,Fundamentals of the Buddhist Tantras,Mkhas Grub Rje; Ferdinand D. [Übers. ] Lessing,1900,und,eng
0884855452098,Pausanias. Description Of Greece. Volume I. Books I and II.,T. E. (Editor) Page,1918,,eng
9780000425010,The Family Guide to Alzheimer's Disease,Leeza Gibbons,1900,,eng
9780000621016,Mayo Clinic Gastroenterology and Hepatology Board Review DVD 2007 Course,Mayo,1900,,eng
9780002113212,Diaries and Letters.,Harold Nicolson,1968,und,eng
9780002158510,Vision of the Past.,Pierre Teilhard de Chardin,1966,und,eng
9780002217781,Storm and the silence.,David Harry Walker,1967,und,eng
9780004340562,Business letters and reports,"Smith, William D.",1968,und,eng
9780004359564,Food and Wine of the French Provinces.,Jean Robertson,1968,und,eng
9780006123088,Winds of the Day.,Howard Spring,1966,und,eng
9780006902188,Rivals of the Chalet School.,Elinor M. Brent-Dyer,1968,und,eng
9780007362073,The Guns of Navarone / Force 10 From Navarone,,1796,,eng
9780008824020,Unitarian Universalism Selected Essays 1994 (1994),,1909,,eng
9780020892700,Relevance of the Prophets,R. B. Y. Scott,1969,und,eng
9780021170807,"CCSS Common Core State Standards, Write-in Literacy Handbook, Volume 1 Grade 3",,1721,,eng
9780023539800,"Computers, Office Machines and the Information Technology.",Carl Heyel,1969,und,eng
9780025945906,Book of American Clocks.,Brooks Palmer,1950,und,eng
9780030099250,Poetry of New England Renaissance 1790-1890,George Frisbie Whicher,1950,und,eng
9780030518157,Linguistics and English Grammar.,H.A Gleason,1965,und,eng
9780041320114,History of Psychiatry,Franz Alexander,1967,und,eng
9780041500233,Birth of the Ego.,Edward Glover,1968,und,eng
9780041900019,"I Believe, Personal Philosophies of Twenty-three Eminent Men and Women of Our Time.",,1940,und,eng
9780043200438,Politics and Government at Home and Abroad.,William Alexander Robson,1967,und,eng
9780044390039,"Danish-English, English-Danish Dictionary.",Johs Magnussen,1947,und,eng
9780045000173,Encyclopaedia of the Sciences.,William B. Sill,1969,und,eng
9780048210050,Chaucer and the mediaeval sciences.,Walter Clyde Curry,1960,und,eng
9780049220133,Memoirs of Childhood and Youth,albert schweitzer,1924,,eng
9780050008379,Hydrodynamic Resistance and Heat Loss of Rotating Solids.,L.A Dorfman,1963,und,eng
9780060108502,The fourth dimension of foreign policy,Philip H. Coombs,1965,und,eng
9780060255602,Story of Yankee Whaling,"Shapiro, Irwin.",1960,und,eng
9780060406608,"Politics, Constitution and the Supreme Court.",Loren P. Beth,1962,und,eng
9780060443009,Guidance Policy and Practice.,Robert H. Mathewson,1962,und,eng
9780060714406,Complete book of outdoor lore,Clyde Ormond,1966,und,eng
9780061102707,Speaker's Handbook of Humor,Maxwell Droke,1956,und,eng
9780061330438,War and the Intellectuals Collected Essays,Randolph Silliman Bourne,1964,und,eng
9780062414588,The 100 Simple Secrets of Happy People,David Niven,1788,,eng
9780063562103,Economic History of Europe.,"Heaton, Herbert.",1948,und,eng
9780070158122,"Surveying, Theory and Practice.",Raymond Earl Davis,1967,und,eng
9780070475922,Elements of Thermodynamics and Heat Transfer.,E.F Obert,1962,und,eng
9780070497559,Handbook of Microbial Metabolites.,Pfizer & Co.,1961,und,eng
9780070626584,Principles of Mechanics.,J. L. Synge,1959,und,eng
9780070722576,Hydraulic and pneumatic power and control,Franklin D. Yeaple,1966,und,eng
9780071788472,Harrisons Principles of Internal Medicine Self-Ass/Rev 18E,WIENER,1899,,eng
9780077454180,Selected Chapters from Physical Geology 13th Edition,,1750,,eng
9780077610708,"Finance Applications & Theory 2e, Franklin University Edition",& Nofsinger Cornett Adair,1656,,eng
9780077801175,Elementary & Intermediate Algebra 4th Edition (Irvine Valley College Math 353/253),,1866,,eng
9780078216169,"World History, The HUman Experience. Teacher's Wraparound Edition. 9780078216169, 0078216168.",Karls Farah,1800,,eng
9780078216916,"Glencoe Pre-algebra, Study Guide Masters",,1891,,eng
9780078703775,Discovering Our Past the American Journey to World War 1 Grade 8 California Standards Practice Teacher Edition,,1877,,eng
9780078782244,"Unti 3 the Early Modern World (Fast File, Glencoe World History)",,1750,,eng
9780080060019,Stories of God and Jesus.,Lilian Edith Cox,1960,und,eng
9780080060866,Lively Letters of Saint Paul.,M.D.R Willink,1961,und,eng
9780080092386,Determination of Mechanical and Technological Properties of Metals.,B.M Gliner,1960,und,eng
9780080103389,Dictionary of Musicians and Music.,R. Illing,1963,und,eng
9780080105307,Laws and Applications of Thermodynamics.,A.D Buckingham,1964,und,eng
9780080108032,"Pharmacology of Conditioning, Learning and Retention.",M.Y Mikhelson,1965,und,eng
9780080112619,Role of Teacher in the Infant and Nursery School.,Dorothy Ellen Marion Gardner,1965,und,eng
9780080116877,A history of the modern British chemical industry,David William Ferguson Hardie,1966,und,eng
9780080120041,Ultrastructure of the Animal Cell.,L.T Threadgold,1968,und,eng
9780080138725,Organization and methods: a management service,D.B Candlin,1969,und,eng
9780090296712,Growth of the Old Testament.,H.H Rowley,1967,und,eng
9780090390427,Practical Guide to Showing Dogs.,R.Portman- Graham,1967,und,eng
9780090614400,Selected poetry and prose of Robert Graves,Robert Graves,1961,und,eng
9780090766123,Deserts of the World.,Wilfred George Moore,1966,und,eng
9780090852550,Sea and the Coast.,Wilfred George Moore,1968,und,eng
9780091850166,The Archaeology of Ireland,R.A.S. MacAlister,1906,,eng
9780091851354,The Book of the Unicorn,Odell Shepard,1906,,eng
9780091851361,The Book of Witches & Warlocks,Philip Sergeant,1906,,eng
9780094521704,"Formation of the Liberal Party, 1857-68.","Vincent, John.",1966,und,eng
9780099353812,Snotty and the Rent-a-Mum,Hunter Davies,1919,,eng
9780099684411,Forging of the Shadows,OLIVER JOHNSON,1919,,eng
9780112409977,The accelerated freeze-drying (AFD) method of food preservation,"Ministry of Agriculture, Fisheries and Food",1961,und,eng
9780112904052,"Clement Ader, His Flight-claims and His Place in History.",Science Museum,1968,und,eng
9780118807395,Short Account of the Geology of the Isle (District Memoirs),British Geological Survey,1921,,eng
9780123186508,Response of the Nervous System to Ionizing Radiation.,Thomas J. Haley,1962,und,eng
9780131317529,"Prentice Hall Literature, Penguin Edition, Grade Six, Teacher's Edition, 9780131317529, 0131317520",,1800,,eng
9780132233057,Economic Development of the North Atlantic Community.,Dudley Dillard,1967,und,eng
9780132469951,"Top Notch Fundamentals Complete Assessment Package with ExamView Assessment Suite Software, 2nd Edition",Joan Saslow; Allen Ascher,1833,,eng
9780132729970,"Instructor's Review Copy for Organizational Theory, Design, and Change",,1913,,eng
9780132769563,"Economics of Money, Banking, and Financial Markets 10th. Instructor's Edition Hardcover. Mishkin",MISHKIN,1913,,eng
9780132807340,Business Statistics A First Course Sixth Edition Instructor's Review Copy 20,Levine,1913,,eng
9780132831383,"Foundations of Economics, Student Value Edition (6th Edition)",Michael Parkin Robin Bade,1913,,eng
9780132907163,Instructor's Copy Content Area Reading and Literacy 7th.edition,"phelps alvermann,gillis",1913,,eng
9780133190595,Prentice Hall Literature Teacher's Edition Grade 10 Common Core Edition,,1842,,eng
9780133893120,A history of art and music,H. W. Janson,1969,und,eng
9780133959055,"AE Housman, A Collection of Critical Essays.",Christopher Ricks,1969,und,eng
9780135122280,Jules Verne the Man Who Invented the Future,F. Born,1900,,eng
9780136106593,Nature of Human Conflict.,Elton B. McNeil,1965,und,eng
9780137097418,Principles of Physical Oceanography.,Gerhard Neumann,1966,und,eng
9780137855506,Sacred and the Secular.,Michael J. Taylor,1968,und,eng
9780138540005,Structure and Measurement of Physical Fitness.,E.A Fleishman,1964,und,eng
9780139247040,"Tolstoy, Collection of Critical Essays.",Ralph E. Matlaw,1967,und,eng
9780139398193,""" Utopia"" , A Collection of Critical Essays.",,1968,und,eng
9780140303797,Harriet and the Cherry Pie.,Clare Compton,1968,und,eng
9780140366150,The Puffin Book of Magic Verse,Illus. Barbara Swiderska Ed. Charles Causley,1915,,eng
9780140420500,The Penguin book of French verse,Brian Woledge,1968,und,eng
9780140954135,"A Little Box of Penguins, Ten Volumes, Including The Rock of Crack as Big as the Ritz, Umney's Last Case, Lizzie Borden, Scenes from the Dwarf Etc",Stephen King,1900,,eng
9780155586307,Microeconomics and Decision Models of the Firm.,Thomas Herbert Naylor,1969,und,eng
9780191249327,Oxford Concise Concordance to the R. S. V. of the Bible.,Bruce Manning Metzger,1963,und,eng
9780192500328,English Essays (World's Classics),W. Peacock,1903,,eng
9780192505583,Sources of Australian History.,No Author Credited,1957,und,eng
9780192505804,Life and Times of Anthony a Wood.,Andrew Clark,1961,und,eng
9780192744654,At Home with Phonics and English Skills Pack,,1865,,eng
9780192793775,Bond SATs Skills : English : Spelling and Vocabulary,,1788,,eng
9780192793843,Bond SATs Skills : English : Spelling and Vocabulary,Michellejoy Hughes;,1800,,eng
9780192810144,Orpheus AND Oedipus Rex WITH The Infernal Machine.,Jean Cocteau,1962,und,eng
9780195003871,Principles of Christian Worship.,Raymond Abba,1967,und,eng
9780195008432,Banking in the Early Stages of Industrialization.,Rondo Cameron,1967,und,eng
9780195009354,"Music Theory, A Syllabus for Teacher and Student.",Ellis B. Kohs,1961,und,eng
9780195011449,Detailed atlas of head and neck,Raymond C. Truex,1948,und,eng
9780196430423,The poems of Sir Francis Hubert,Francis Hubert,1961,und,eng
9780196440064,Principles of education for teachers in Africa,E. B. Castle,1966,und,eng
9780196440293,Short History of Zambia,Brian M. Fagan,1967,und,eng
9780196473260,Studies in Islamic Art and Architecture.,K. A. C. Creswell,1965,und,eng
9780196807478,"Alcohol Problems, A Report to the Nation by the Cooperative Commission on the Study of Alcoholism.",,1968,und,eng
9780197220061,The Romans of Lancelot of the Laik,Walter W. Skeat,1966,und,eng
9780197222546,Ywain and Gawain (Early English Text Society Original Series),Albert B. Friedman,1964,und,eng
9780197225646,Caxton Eneydos (Early English Text Society Extra Series),William Caxton,1962,und,eng
9780197258866,Coins of the Coritani (D. F. Allen).,Sylloge of Coins of the British Isles.,1963,und,eng
9780198118015,The Prophetic Writings (Oxford English Texts),William Blake,1926,,eng
9780198121053,The Oxford Book of English Prose,Arthur Quiller-Couch,1925,,eng
9780198121213,"Oxford Book of English Mystical Verse, 13th-20th Centuries",,1916,,eng
9780198151289,Dialect of the Gypsies of Wales,"Sampson, John.",1968,und,eng
9780198212423,Obligations of Society in Twelfth and Thirteenth Centuries.,Austin Lane Poole,1946,und,eng
9780198213307,Age of Grey and Peel.,H. W. Carless Davis,1965,und,eng
9780198214465,"Parisian Sans-culottes and the French Revolution, 1793-94.",Albert Soboul,1964,und,eng
9780198214526,"Government of Florence Under the Medici, 1434-94.",Nicolai Rubinstein,1966,und,eng
9780198215417,Modern India and the West,L.S.S. O'Malley,1968,und,eng
9780198216179,History of Southern Sudan 1839-89.,Michael Gray,1961,und,eng
9780198216452,Liberal Party and the Jameson Raid.,Jeffrey Butler,1968,und,eng
9780198216506,"Beginnings of Nyasaland and North Eastern Rhodesia, 1859-95.",A.J Hanna,1969,und,eng
9780198223047,"Welsh Wars of Edward I, Contribution to Mediaeval Military History Based on Original Documents.",John E. Morris,1969,und,eng
9780198282013,Papers in English monetary history,T. S. Ashton; R. S. Sayers,1954,und,eng
9780198314172,Poetry and Prose (Clarendon English),Thomas Gray,1926,,eng
9780198331292,Themes in Life and Literature.,Robert Stewart Fowler,1967,und,eng
9780198345657,People of the Past Series.,,1967,und,eng
9780198641063,"Pocket Oxford German-English, English-German Dictionary.",Marie L. Barker,1962,und,eng
9780198847342,"The Complete Works of Geoffrey Chaucer, Vol. 7",Geoffrey Chaucer,1897,,eng
9780199512256,Definition and Theory in Jurisprudence.,H.L.A Hart,1953,und,eng
9780200714174,Letters of an Architect.,Eric Mendelsohn,1967,und,eng
9780201009552,Principles of Quantum Electronics.,W.S.C Chang,1968,und,eng
9780201059717,Physics of the Nucleus.,M.A Preston,1962,und,eng
9780203279199,John Stuart Mill and Freedom of Expression,K C O’Rourke,1806,,eng
9780203310861,The Adoption and Diffusion of Imported Technology,J L ENOS; W H PARK,1924,,eng
9780205037001,"Case Studies in Abnormal Behavior (Instructor's Review Copy, Ninth Edition, 2013)",,1913,,eng
9780210340875,The steel frame and I,Sankara Krishna Chettur,1963,und,eng
9780213172046,Handbook of Great Composers.,Gervase Hughes,1965,und,eng
9780213173715,Handbook of Swimming and Water Sports.,Joseph Edmundson,1965,und,eng
9780213748845,Handbook of Classical Drama.,Richmond Yancey Hathorn,1967,und,eng
9780213762346,Folk Songs of the World.,Charles Haywood,1967,und,eng
9780214157349,Restaurateur's guide to gueridon and lamp cookery.,"Fuller, John.",1964,und,eng
9780214158964,Artist and the Nude.,Mervyn Levy,1965,und,eng
9780216879867,Tales of Famous Women.,E.G Jerrome,1959,und,eng
9780216888845,Snow White and the Dwarfs.,,1967,und,eng
9780222799692,"Paul, Sally and the Wash Tub.",Harry Iseborg,1969,und,eng
9780224605458,No Royalty A/C the Moon of the Caribbees,Eugene O'Neill,1923,,eng
9780225657777,Sorting and sets of shapes,Ruth Bakewell,1969,und,eng
9780226081458,Harmony of the Synoptic Gospels in Greek,E.De Witt Burton,1920,,eng
9780226283296,The Complete works of the Gawain-poet,John Gardner,1965,und,eng
9780227674017,Acts of the Apostles & Letters of St. Paul Vol. 5 (London Divinity Series. New Testament; Bk. 4),E.Ridley Lewis,1960,und,eng
9780227676479,The Yoke of Christ,Elton Trueblood,1961,und,eng
9780231032339,"American Book-prices Current, 1967, a Record of Literary Properties Sold At Auction... September 1966 Through August 1967, Volume 73",Columbia University.,1671,,eng
9780231905220,British Policy and Opinion During the Franco-Prussian War,Dora Neill Raymond,1921,,eng
9780231924160,Principles of Justice in Taxation,Stephen F. Weston,1903,,eng
9780231929226,The Spirit of Protest in Old French Literature,Mary Morton Wood,1917,,eng
9780231931762,The Canadian Constitution in Form and in Fact,William Renwick Riddell,1923,,eng
9780231932141,The Classical Papers of Mortimer Lamson Earle,Mortimer Lamson Earle,1912,,eng
9780231933742,The Economic Policy of Robert Walpole,Norris A. Brisco,1907,,eng
9780231934442,The Evolution of People'S Banks,Donald S. Tucker,1922,,eng
9780231934961,The Foundations of Zoölogy,"Brooks, William Keith",1899,,eng
9780231939409,The Philosophy of Don Hasdai Crescas,Meyer Waxman,1920,,eng
9780231940962,The Relations of Shirley'S Plays to the Elizabethan Drama,Robert Stanley Forsythe,1914,,eng
9780231942461,The Taxation of Corporations in Massachusetts,Harry G. Friedman,1907,,eng
9780231945462,Verse Satire in England Before the Renaissance,Samuel Marion Tucker,1908,,eng
9780231946469,Woman in the Life and Work of Gutzkow,Otto Paul Schinnerer,1924,,eng
9780232510225,The problem of evil,,1900,,eng
9780233959078,"Prince of Librarians, Life and Times of Antonio Panizzi of the British Museum.",Edward John Miller,1967,und,eng
9780233959160,"Stauffenberg, The Life and Death of an Officer.",Joachim Kramarz,1967,und,eng
9780234771518,Nature of Music.,Hermann Scherchen,1950,und,eng
9780234775295,The real book of mountaineering,William B. McMorris,1961,und,eng
9780234777541,"Sioux, The, Hunters and Warriors of the Plains.",Sonia Bleeker,1963,und,eng
9780234777633,The quest for the Dead Sea Scrolls.,Geoffrey Palmer,1964,und,eng
9780234779996,"Osei Tutu, The Leopard Owns the Land.",Basil Freestone,1968,und,eng
9780236177691,Plays of the Year.,,1967,und,eng
9780236308941,Plays of the Year.,John C. Trewin,1967,und,eng
9780236311422,Plays of the Year.,J.C. Trewin,1965,und,eng
9780237281465,Visual History of India.,A.B Jeffries,1966,und,eng
9780237350383,Worzel Gummidge and the Railway Scarecrows.,Barbara Euphan Todd,1967,und,eng
9780237445621,Keith and Sally at the Seaside.,Alain Gree,1965,und,eng
9780237491178,The Hamlet of Stepney Green,Bernard Kops,1959,und,eng
9780237491833,England Our England.,Keith Waterhouse,1963,und,eng
9780238787898,The Victorian book of dreams,Marion Giordan,1964,und,eng
9780239000156,Watercolours of the Norwich School.,Derek Plint Clifford,1965,und,eng
9780240447414,Art and Technique of Taking Portraits.,H.V Wadenoyen,1963,und,eng
9780241186015,The American Civil War,,1800,,eng
9780241196502,The Happy Reader,Penguin Classics,1600,,eng
9780241259658,Top 10 Dubrovnik and the Dalmatian Coast (DK Eyewitness Travel Guide),DK Publishing,1752,,eng
9780241900260,Andy and the Royal Review.,Reginald Taylor,1963,und,eng
9780241902264,Life of Lord Halifax.,Earl of Birkenhead,1965,und,eng
9780245552038,The background of the French classics.,C.D'O Gowan,1960,und,eng
9780245559587,Evolution and Growth of Human Behaviour.,Norman L. Munn,1965,und,eng
9780245576928,Story of Modern Europe.,H. A. Clement,1965,und,eng
9780245582134,Hannibal and the Bears.,Margaret Joyce Baker,1965,und,eng
9780245590085,The old grey mare and the little white hen,Antonia Ridge; Paul François; Lucile Butel,1967,und,eng
9780247643017,Mink and the Fire.,Mollie Clarke,1965,und,eng
9780249388879,World Crops International Directory and Handbook.,T.H.R Hall,1967,und,eng
9780252000010,"Contemporary American Painting and Sculpture, 1969.",Allen S. Weller,1969,und,eng
9780253334558,The Linguistic School of Prague,Josef Vachek,1966,und,eng
9780255695084,Advertising and the public,"Harris of High Cross, Ralph Harris Baron",1962,und,eng
9780255695268,Economics of the Colour Bar.,W.H Hutt,1964,und,eng
9780261620179,Life and Struggles.,William Lovett,1967,und,eng
9780264655024,Story of the Early Church,Richard Tatlock,1966,und,eng
9780268001155,Group dynamics in the religious life,W.W Meissner,1965,und,eng
9780268002954,The visages of Adam,H. A. Nielsen,1968,und,eng
9780268003432,"Western Philosophy, History of.",A.Robert Caponigri,1963,und,eng
9780272793398,World review of nutrition and dietetics.,George Bourne,1969,und,eng
9780273418641,Key to the Names of British Butterflies and Moths.,R.D Macleod,1959,und,eng
9780273418658,"Key to the names of British fishes, mammals, amphibians and reptiles.",R. D. Macleod,1956,und,eng
9780273429012,"Programmed Instruction, Manual of Programming Techniques.",Dale M. Brethower,1963,und,eng
9780273438588,"Ford New Anglia, New Prefect and New Popular Handbook",Staton Abbey,1967,und,eng
9780276446054,The A-Z of Classic FM Music (Book and 4 CDs),Darren Henley & Tim Lihoreau,1905,,eng
9780278920934,Russian-English dictionary of chemistry and chemical technology.,M. Hoseh,1964,und,eng
9780278921993,"Technology of Paints, Varnishes and Lacquers.","Martens, Charles R.",1968,und,eng
9780281006410,Jesus and the Kingdom.,George Eldon Ladd,1966,und,eng
9780281008032,"New Eusebius, Documents Illustrating the History of the Church to AD337.",James Stevenson,1957,und,eng
9780284795076,The cruel and the meek,Walter Braun,1966,und,eng
9780285501751,Story of the Laser.,John M. Carroll,1965,und,eng
9780292736924,Folk Songs of the Southern United States,J.H Combs,1968,und,eng
9780297170372,Procession of Life.,Alfred Sherwood Romer,1968,und,eng
9780297179801,Rate of Exchange and the Terms of Trade.,S.A Ozga,1969,und,eng
9780297762904,Message of the Scrolls.,Yigael Yadin,1957,und,eng
9780299033309,Towards a critical edition of the Celestina,J. Homer Herriott,1964,und,eng
9780302000922,"Europe of the Capitals, 1600-1700.",Giulio C. Argan,1964,und,eng
9780302000991,Making of the Christian West.,Georges Duby,1967,und,eng
9780302003503,Meaning and Purpose of Art.,Arthur Rowland Howell; Arthur R. Howell,1957,und,eng
9780303746720,The tasks of childhood,Phillippe Muller,1969,und,eng
9780304918782,"Debussy, His Life and Mind.",Edward Lockspeiser,1962,und,eng
9780304923748,"German Army and the Nazi Party, 1933-39.",Robert J. O'Neill,1966,und,eng
9780305612573,Pasteur and the Germ Theory,,1967,und,eng
9780305613693,Bristol and the Cabots,Richard Howard,1968,und,eng
9780307292193,Trisha Yearwood's Family Recipes Includes the New York Times Bestselling Titles Georgia Cooking in an Oklahoma Kitchen and Home Cooking with Trisha Yearwood,Gwen Yearwood; Beth Yearwood; Garth Brooks,1714,,eng
9780307892119,Legend of Zelda : Ocarina of Time 3D,John Chance,1743,,eng
9780317630480,"Inspection, Testing, and Maintenance of Sprinkler Systems",National Fire Protection Association.,1911,,eng
9780318143033,The Romantic Dramas of Garcia Gutierrez,Nicholson B. Adams,1922,,eng
9780321600752,Instructor's Edition for Thomas' Calculus (12th Edition),George Brinton Thomas; Maurice D. Weir; Joel Hass,1747,,eng
9780321780416,GET WELL STAY WELL 2nd EDITION (INSTRUCTOR'S EDITION),,1913,,eng
9780323568906,"Nelson Textbook of Pediatrics, International Edition",Kliegman ; St. Geme ,1900,,eng
9780328683925,"Reading Street, Common Core Unit and End Of Year Benchmark Tests, Teacher's Manual, Grade 2,",Scott Foresman Reading Street,1900,,eng
9780328726363,Pearson Scott Foresman Fresh Reads for Fluency and Comprehension Common Core Edition (Reading Street Grade 2 Teacher's Manual),Pearson,1750,,eng
9780330020794,The Fifth Pan Book of Horror Stories,Herbert Van Thal,1968,und,eng
9780330106993,The Eighth Pan Book of Horror Stories,,1969,und,eng
9780333021965,The theory of wage determination.,John Thomas Dunlop,1964,und,eng
9780333029978,Structure of Politics at the Accession of George III.,Sir Lewis Namier,1957,und,eng
9780333069097,"Shaw's "" Arms and the Man"" and "" Pygmalion"".",Nigel Alexander,1968,und,eng
9780333071151,Text of New Testament.,Vincent Taylor,1963,und,eng
9780333082782,Theory of machines through worked examples.,G.H Ryder,1959,und,eng
9780333088104,"William Golding's "" Lord of the Flies"" .",Philippa Moody,1966,und,eng
9780333088838,Dictionary of Music and Musicians.,Sir George Grove,1954,und,eng
9780333091302,"Elementary Trigonometry. Fourth Edition, Revised And Enlarged",Henry Sinclair Hall,1920,,eng
9780333092781,England in the Age of the American Revolution.,Sir Lewis Namier,1961,und,eng
9780334002390,"Christ the Representative, An Essay in Theology After the "" Death of God"" .",Dorothee Solle,1967,und,eng
9780334014010,Revelation of St. John the Divine.,Ronald H. Preston,1968,und,eng
9780340012154,Light of the World.,Greville Cooke,1949,und,eng
9780340013250,Mastery of the Air,Sir Graham Sutton,1965,und,eng
9780340021040,STORY OF A LABRADOR DOCTOR,SIR WILFRED GRENFELL,1925,,eng
9780340030196,Andy Pandy and the baby pigs.,Maria Bird,1961,und,eng
9780340033036,"Dawn and Dusk, Poems of Our Time.",Charles Causley,1962,und,eng
9780340037829,"Rising Early, 20th Century Ballads and Story Poems.",Charles Causley,1964,und,eng
9780340055670,Economic and Social History.,Jack Stuart Dugdale,1963,und,eng
9780340060162,"DH Lawrence and "" Sons and Lovers"" , Sources and Criticism.",,1966,und,eng
9780356242330,Heart of the Game Hb Signed,Jimmy Greaves,1900,,eng
9780370003498,Physical Geography of the Oceans.,Charles H. Cotter,1965,und,eng
9780370009896,Mystery of the Cross-eyed Man.,Paul Berna,1965,und,eng
9780382252006,WORLD OF LANGUAGE PRACTICE BK CONSUM SE GR1,SILVER BURDETT,1901,,eng
9780384168008,History of Psychoanalytic Movement,Sigmund Freud,1917,,eng
9780384194007,General Index to the Publications of the Parker Society,,1855,,eng
9780384452619,History of the African Methodist Episcopal Church 1856-1922,Charles S. Smith; Payne,1922,,eng
9780384614505,"Japan and the United States, 1853 to 1921",Payson J. Reat,1921,,eng
9780394880457,Allstar and the Witch's Spell (A Snork adventure),Melinda Luke,1918,,eng
9780395947555,City of the Gods - Mexico's ancient City of Teotihuacan,Caroline Arnold,1900,,eng
9780403004256,A Bibliography of the English Colonial Treaties with the American Indians,Henry F. De Puy,1917,,eng
9780403030866,The Prince of India,Wallace,1893,,eng
9780404012373,An Account of the European Settlements in America,Edmund Burke,1760,,eng
9780408308007,Principles of Gas Lasers,L. Allen,1967,und,eng
9780412069406,The Application of surface coatings.,,1965,und,eng
9780412069505,The Testing of paints.,Oil and Colour Chemists' Association,1965,und,eng
9780412201400,Application of matrix theory to electrical engineering,"Lewis, William E.",1966,und,eng
9780413205308,Decisive Battles of the Western World and Their Influence Upon History.,J.F.C Fuller,1955,und,eng
9780413205407,Decisive Battles of the Western World.,J.F.C Fuller,1956,und,eng
9780413777836,More Tricks of the Trade,Dario Fo; Franca Rame,1787,,eng
9780414000018,A dictionary of Crimes and Offences According to the Law of Scotland.,John W. Angus,1936,und,eng
9780416250701,Handbook of Colour.,Ann-Mari Kornerup,1967,und,eng
9780416426304,Principles of Petrology,G.W. TYRRELL,1926,,eng
9780416568509,In the Steps of Jesus.,Henry Vollam Morton,1954,und,eng
9780416627305,Introduction to Linear Programming and the Theory of Games.,Steven Vajda,1966,und,eng
9780416771404,Dream of the Rood.,Bruce Dickins,1934,und,eng
9780420399403,Manual of International Law.,Georg Schwarzenberger,1967,und,eng
9780421014800,"Agreement for the Sale of "" Know-how"" .",T.A.Blanco White,1962,und,eng
9780435144500,Education of the Poetic Spirit.,Marjorie L. Hourd,1949,und,eng
9780435320027,Lawyers and the Courts.,Brian Abel- Smith,1967,und,eng
9780435328207,History of United States.,D.C Somervell,1955,und,eng
9780435550677,The origin of radar.,Robert Morris Page,1965,und,eng
9780435914097,BC Green A/1B Silly Jack and the Beanstalk,Mr Malachy Doyle,1729,,eng
9780436175060,Return of the Prodigal AND Saul,André Gide,1953,und,eng
9780439227803,"The Case of the Mummy Mystery (Jigsaw Jones Mystery, No. 6)",James Preller,1656,,eng
9780442054113,Handbook of Business Mathematics.,William R. Minrath,1967,und,eng
9780442089092,Eskimo and the Canadian Arctic.,V.F Valentine,1968,und,eng
9780442175610,Nature and Chemistry of High Polymers.,Kenneth F. O'Driscoll,1964,und,eng
9780443000409,Bone-grafting in the treatment of fractures,J. R. Armstrong,1945,und,eng
9780443001765,Diseases of Heart and Arteries.,William Evans,1964,und,eng
9780443063862,Bancroft Theory Practice Histological Techniqu 5e,Bancroft,1901,,eng
9780444200068,Foundations of Iron and Steel Metallurgy.,William Herbert Dennis,1967,und,eng
9780444401816,Modern Methods of Analysis of Copper and Its Alloys.,Charles M. Dozinel,1963,und,eng
9780444402707,"Dictionary of Barley, Malting and Brewing.",B.D Hartong,1961,und,eng
9780444403377,Regulation of Nucleic Acid and Protein Biosynthesis.,V.V Konigsberger,1967,und,eng
9780444406569,Dictionary of the Printing and Allied Industries.,F.J.M Wijnekus,1967,und,eng
9780444406668,Dictionary of Pure and Applied Physics.,Louis De Vries,1963,und,eng
9780451004901,Myths of the Greeks and Romans.,Michael Grant,1965,und,eng
9780455130200,Place of Negligence in the Law of Torts.,A. Harari,1962,und,eng
9780460034760,The Church in the Seventeenth Century,Henri Daniel-Rops,1963,und,eng
9780460035927,Story of Everest.,William Hutchison Murray,1953,und,eng
9780460057172,"Pancho, The Story of a Horse.",Dorian Williams,1967,und,eng
9780460093552,English Economic History.,G.W Southgate,1962,und,eng
9780465087686,Turner and the sociology of the Frontier,Richard Hofstadter,1968,und,eng
9780470306246,Methods of biochemical analysis.,"Glick, David M.",1959,und,eng
9780471019206,Programmed Organization and Management Principles.,Henry H. Albers,1966,und,eng
9780471036234,A theory of achievement motivation,Norman T. Feather,1966,und,eng
9780471053514,"Motion and Time Study, Design and Measurement of Work.",Ralph M. Barnes,1969,und,eng
9780471161820,The Chef's Accompaniments' Delectable Vegetables T O Enhance the Plate,W Gisslen,1921,,eng
9780471181095,The GIS Handbook,Thompson,1921,,eng
9780471199809,Metabolism and physiologic significance of lipids,R. M. C. Dawson,1964,und,eng
9780471215318,The WorldlyInvestor Guide to Beating the Market,Warwick,1921,,eng
9780471291923,History of Environmental Graphics,Poulin,1921,,eng
9780471304593,Methods of biochemical analysis.,"Glick, David M.",1955,und,eng
9780471386711,Handbook of Psychological Assessment,Groth-Marnat,1750,,eng
9780471394303,Untitled Authorized Inside Story of the FBI's Behavioral Sciences Unit,DeNevi,1921,,eng
9780471424734,International Study of Achievement in Mathematics,Torsten Husen,1967,und,eng
9780471424741,International Study of Achievement in Mathematics,Torsten Husen,1967,und,eng
9780485131178,"Rousseau and the French Revolution, 1762-91.",Joan McDonald,1965,und,eng
9780485482072,Survey of London: Chelsea,Hermione Hobhouse,1921,,eng
9780486206349,To the Sun AND Off on a Comet.,Jules Verne,1960,und,eng
9780486213880,Folklore in the English and Scottish Ballads,Lowry Charles Wimberly,1966,und,eng
9780486214689,The last of the Peterkins with Others of their kin; and The Queen of the red chessmen.,Lucretia P. Hale,1966,und,eng
9780486614731,Injuries of nerves and their consequences,S. Wier Mitchell,1965,und,eng
9780495561712,Instructor's Edition for Sonnabend's Mathematics for Elementary Teachers,,1910,,eng
9780495799030,Public Speaking the Evolving Art (Instructor's Edition),Stephenie J. Coopman and James Lull,1911,,eng
9780500030073,Studios and Styles of the Renaissance.,Andre Chastel,1966,und,eng
9780500030080,"Byzantium, From the Death of Theodosius to the Rise of Islam.",André Grabar,1967,und,eng
9780500200636,Concise History of Painting,David Talbot Rice,1967,und,eng
9780500230701,The living theatre of medieval art,Henry Kraus,1968,und,eng
9780500350058,"Brueghel and Lucas Van Leyden, Complete Engravings, Etchings and Woodcuts.",J. Lavalleye,1967,und,eng
9780500600214,The Shock of the New,"Hughes, Robert",1821,,eng
9780520002678,Short History of Gout and Rheumatic Diseases.,William Sydney Charles Copeman,1964,und,eng
9780520005129,Harold Monro and the Poetry Bookshop.,Joy Grant,1967,und,eng
9780520006065,Manual of the Flowering Plants of California,Willis L. Jepson,1925,,eng
9780520090583,Applications of Methods of Evaluation,Herbert Harvey Hyman,1962,und,eng
9780521046909,"Ideas and Politics of Chilean Independence, 1808-33.",Simon Collier,1967,und,eng
9780521047982,The background of the New Testament and its Eschatology,David Daube; Charles Harold Dodd,1954,und,eng
9780521049306,English Place-Name Society (English Place-name Society),A. H. Smith,1963,und,eng
9780521058940,Guide to research facilities in history in the universities of Great  Britain and Ireland,G. S. R. Kitson Clark,1965,und,eng
9780521059367,Archives of the University Cambridge,Heather E. Peek; H. E. Peek; C. P. Hall,1962,und,eng
9780522836110,"The Savoy stories, transcribed from the Gilbert and Sullivan operas.",Evelyn Gatliff,1950,und,eng
9780522837452,Dutch Grammar and Reader.,"Smit, J.",1966,und,eng
9780524067932,Lessons on the life of St. Paul,Edward H. Hall,1904,,eng
9780527001148,"Jacob's Well, an English Treatise on the Cleansing of Man's Conscience, Part 1",Arthur Brandeis,1920,,eng
9780527006860,"Guide to the Materials for American History, to 1783 in the Public Record Office of Great Britain (Vol 6 Pts 1 & 2)",Charles McLean Andrews,1914,,eng
9780527006983,Guide to Materials for the History of the United States in the Principal Archives of Mexico (Carnegie Inst Ser/Vol 18),Herbert E. Bolton,1913,,eng
9780527018641,"Arapaho Sun Dance, the Ceremony of the Offerings Lodge",George Amos Dorsey,1903,,eng
9780527027360,"Contributions to the Theory of Nonlinear Oscillations, Vol. 1",S. Lefschet,1925,,eng
9780527031145,The Negro American Family,W. E. B. Du Bois,1908,,eng
9780527451806,Letters of William James (2 Vol in One),William James,1920,,eng
9780527895006,Life and Letters of John Hay,William R. Thayer,1915,,eng
9780529066077,"New American Standard New Scofield Study Bible 7274, Black Genuine Leather",,1920,,eng
9780529066091,"New American Standard New Scofield Study Bible 7274bg, Burgundy Genuine Leather",,1920,,eng
9780531072196,the pie and the patty pan,beatrix potter,1800,,eng
9780536836588,An Introduction to American Indian Studies,Gabriel S. Estrada,1900,,eng
9780540000197,Seamanship Handbook for Basic Studies.,George J. Bonwick,1968,und,eng
9780540080236,Atlas of World History - Borders,,1925,,eng
9780545747745,Tides of War #1 : Blood in the Water & #2,C. Alexander London,1818,,eng
9780550212795,Shrines and Homes of Scotland.,Sir John Stirling Maxwell,1958,und,eng
9780550306531,Adrienne and the Chalet School.,Elinor M. Brent-Dyer,1965,und,eng
9780552572316,The London Eye Mystery,,1800,,eng
9780552602945,The Dybbuk and other great Yiddish plays,Joseph C. Landis,1966,und,eng
9780557632268,The Art of the Brick - The Pictorial,Nathan Sawaya,1784,,eng
9780558209629,Simon & Schuster Handbook for Writers Central Texas College Edition,,1862,,eng
9780558868161,America - History of Our Nation - CALVERT SCHOOL EDITION,,1859,,eng
9780559768378,Discourses on the Doctrines of Christianity,William Greenleaf Eliot,1867,,eng
9780563061229,Outreach of the c,Stephen Neill,1965,und,eng
9780565005788,"Index of Mineral Species and Varieties, Arranged Chemically.",M.H Hey,1963,und,eng
9780565093822,A History of Life in 100 Fossils,Paul D. Taylor;Aaron O'Dea,1704,,eng
9780567020758,Types of English Piety,R.H. Coats,1912,,eng
9780571028658,General History of Nursing.,L.R Seymer,1961,und,eng
9780571037520,Adventures of Ulysses.,Jacques Le Marchand,1960,und,eng
9780571063383,"Copyright, Modern Law and Practice.",Peter F.Carter- Ruck,1965,und,eng
9780571064564,Tales of Four Pigs and Brock Badger.,Alison Uttley,1939,und,eng
9780571064595,Cheeses of the World.,André Louis Simon,1956,und,eng
9780571064908,Pesticides and the Living Landscape.,Robert L. Rudd,1965,und,eng
9780571082810,Mrs. Pinny and the Blowing Day.,"Morgan, Helen.",1968,und,eng
9780571502103,"The Young Pianists Repertoire Bk 1
            
                Faber Edition The Waterman  Harewood Piano",Marion Harewood,1900,,eng
9780575009592,Dragon of the Hill.,Joyce Gard,1963,und,eng
9780575082113,The Bastards and the Knives,Scott Lynch,1657,,eng
9780576116176,Principles of Tiv.,Roy Clive Abraham,1968,und,eng
9780576799942,"Mongolia, the Tangut Country and the Solitudes of Northern Tibet",Nicholaus Michailovitch Prejevalsky,1968,und,eng
9780578105680,The Home Front - A Small Boy's Sketchy Recollection of the Big War,Gene Mandarino,1600,,eng
9780580707827,Quality in Market Research from Theory to Practice,British Standards Institute Staff,1912,,eng
9780582107885,Life from the Land.,Robert Trow- Smith,1967,und,eng
9780582150119,Social History of England from 55 BC to AD 1215.,Ralph Arnold,1967,und,eng
9780582158115,Bennie and the New Baby.,Hilda Van Stockum,1964,und,eng
9780582187504,Patchwork Quilt and other poems.,Joan Cass,1968,und,eng
9780582345447,Tales of the Greek heroes.,John Walsh,1949,und,eng
9780582350175,The House of Commons,,1923,,eng
9780582442092,An  introduction to the rock forming minerals,W.A Deer,1966,und,eng
9780582444560,Theory of Machines.,Thomas Bevan,1956,und,eng
9780582487468,Anti-semitism and the British Union of Fascists,W. F. Mandle,1968,und,eng
9780584621518,"Age of Fear and Hope, 1914-45.",Harold Priestley,1967,und,eng
9780584634136,Musical instruments and the orchestra.,Clifford Oswald Rhodes,1968,und,eng
9780586015001,Song of the Red Ruby.,Agnar Mykle,1963,und,eng
9780589003340,Spin Your Own Wool and Dye it and Weave it.,M. Duncan,1968,und,eng
9780590305389,"The Mystery of the Jade Princess (a Sprint Library Book) By Granbeck, Marilyn",Marilyn Granbeck,1500,,eng
9780592059105,Principles of Aerial Design.,H. Page,1966,und,eng
9780593077726,The Child: The must-read Richard and Judy Book Club pick 2018,Metropolitan Life Insurance,1916,,eng
9780600392941,Waterfowl of the World.,Jean Delacour,1954,und,eng
9780600412175,Outline of Radio and Television.,J.Pat Hawker,1966,und,eng
9780600624578,Giles the Collection 2015,Northern & Shell PLC/Express Newspapers;,1800,,eng
9780600632160,Decisions on the Rules of Golf,R&A Championships Limited,1863,,eng
9780615392264,The Mystery of History Volume 2 Audio Book Set,Linda Lacour Hobar,1656,,eng
9780615400839,The Price of Leadership,Ellyn Lerner,1883,,eng
9780615827773,Day of the Elephants,Ron Swager,1913,,eng
9780618050239,Counihan History of United States,Michael A. Bellesiles,1900,,eng
9780618060993,History of Military Art,HUELFER,1900,,eng
9780618064977,Hanna History of United States,Michael A. Bellesiles,1900,,eng
9780618066704,History of World Societies,John P. McKay,1900,,eng
9780618071760,Fuentes with Manual and Cassette,Debbie Rusch,1900,,eng
9780618078158,Concepts and Skills Course 1 California Standards Key Concepts Book Teacher's Edition,,1815,,eng
9780618096831,Introduction to American History,Michael A. Bellesiles,1900,,eng
9780618097623,American History Before 1877,FRITH,1900,,eng
9780618100057,Military History Study Guide,USAFA,1900,,eng
9780618103287,Fuentes Conersaciones Workbook and Laboratory Manual,Debbie Rusch,1900,,eng
9780618108534,Elementary and Intermediate Algebra Trigonometry,HUBBARD,1900,,eng
9780618109074,"Algebra and Trigonometry, Volume 1",Ron Larson,1900,,eng
9780618115631,"Human Record, Fourth Edition Volume C",ANDREA,1900,,eng
9780618124190,Coulter Data and Graphs with Linear Behavior and Beat Ratios,JACOBS,1900,,eng
9780618126033,Principles of Chemistry,Michael A. Bellesiles,1900,,eng
9780618126590,Spier Data and Graphing Module Instructor's Annotated Edition,JACOBS,1900,,eng
9780618126736,Spier Set and Logic Module Instructor's Annotated Edition,JACOBS,1900,,eng
9780618126835,Survey of American Popular Music CD-Rom,Hoffman,1900,,eng
9780618129249,"Intermediate Algebra, Third Edition and Solutions",Ron Larson,1900,,eng
9780618129256,Elementary Algebra Third edition and Solutions Manual,Ron Larson,1900,,eng
9780618132454,Staff History of Western Civilization,Michael A. Bellesiles,1900,,eng
9780618139903,Mclellan American History,Michael A. Bellesiles,1900,,eng
9780618140008,Mccann History of Early Christianity,Michael A. Bellesiles,1900,,eng
9780618144679,Elementary Algebra and Student Solutions Manual,David M. Kennedy,1900,,eng
9780618144686,Pre Algebra and Student Solutions Guide,David M. Kennedy,1900,,eng
9780618153947,Anderson English as a Second Language United States History,Michael A. Bellesiles,1900,,eng
9780618155804,Financial and Managerial Accounting Sixth Edition Loose Leaf,Belverd E. Needles,1900,,eng
9780618155811,Business with Study Guide,William M. Pride,1900,,eng
9780618160280,Lewis American Studies,Michael A. Bellesiles,1900,,eng
9780618162246,"Perspectives on African Diaspora, Second Edition, Volume 2",TOLBERT,1900,,eng
9780618162987,Claro Que Si and Activity Manual with Cassette and Computerized Study Module Windows format,Lucía Caycedo Garner,1900,,eng
9780618163298,Neuenschwander American History,Michael A. Bellesiles,1900,,eng
9780618163588,"Earth and Its People, Volume 2 and CD-Rom, Second Edition and Andrea, The Human Record Volume 2, Fourth Edition and Atlas and Geoquest CD",BULLIET,1900,,eng
9780618163717,"Elementary Statistics, Third Edition Revised, Custom Publication",ALEXANDER,1900,,eng
9780618164288,"Hola Amigos Workbook and Laboratory Manual and Video American, Volume 1",Ana C. Jarvis,1900,,eng
9780618164295,"Hola Amigos Workbook and Laboratory Manual and Video American, Volume 2",Ana C. Jarvis,1900,,eng
9780618164660,Elementary Algebra and Student Study Guide Chapters 1 to 6,Ron Larson,1900,,eng
9780618166770,"Principles Of Accounting, Eighth Edition Chapters 1 to 12",Belverd E. Needles,1900,,eng
9780618166787,"Principles of Accounting, Volume 2 Chapters 13 to 27",Belverd E. Needles,1900,,eng
9780618168545,Peck U S History In the Nineteenth Century,Michael A. Bellesiles,1900,,eng
9780618169948,"Earth and its Peoples Complete and Upgrade Cd-Rom and Study Guide, Volume 1 and, Volume 2",BULLIET,1900,,eng
9780618170548,Business Loosleaf and Study Guide and Audio and United States Newsworld Report,William M. Pride,1900,,eng
9780618173747,"Discovering Western Path, Volume 2 fourth edition with volume one docutech",WIESNER,1900,,eng
9780618173914,Introduction to Algebra with Math Study Skills Workbook and Smarthinking and H M Cubed,Richard N. Aufmann,1900,,eng
9780618174584,College Algebra and Student Study Guide,Ron Larson,1900,,eng
9780618176533,Discovering Western Path and A History of Western Society,WIESNER,1900,,eng
9780618177158,Claro Que Si and Activities and worksheet and CD-Rom,Lucía Caycedo Garner,1900,,eng
9780618177196,"Principles Of Accounting, Volume 1 and Work Papers",Belverd E. Needles,1900,,eng
9780618177394,Mundo Twenty One with Workbook/Laboratory Manual and CD-Rom,SAMANIEGO,1900,,eng
9780618177509,Business and Audio CD-Rom and U S News and World Report Guide,William M. Pride,1900,,eng
9780618177868,Como Se Dice Dice and Cassette and Workbook Lab Manual and Smarthinking,Ana C. Jarvis,1900,,eng
9780618177905,Business Looseleaf and Study Guide,William M. Pride,1900,,eng
9780618177943,Business and Audio CD-Rom and U S News and World Report,William M. Pride,1900,,eng
9780618178698,"History Reader, Volume 1",HOLLITZ,1900,,eng
9780618178704,"History Reader, Volume 2",HOLLITZ,1900,,eng
9780618179848,Hola Amigos Workbook Custom Publication and Computer Study Module and Now Cd,Ana C. Jarvis,1900,,eng
9780618180585,Chemistry Volume 1 and 2,FRECHETTE,1900,,eng
9780618180653,Parks Data and Graphs Instructor's Annotated Edition,JACOBS,1900,,eng
9780618183050,Prealgebra and H M Cubed and Smarthinking,Richard N. Aufmann,1900,,eng
9780618183777,Introductory and Intermediate Algebra and Smarthinking and Solutions Manual,Richard N. Aufmann,1900,,eng
9780618183784,Science and Technical Writing and Portable Technical Writer and Guide to M L A Document,GOELLER,1900,,eng
9780618184972,Elementary Algebra Trigonometry and Smarthinking,HUBBARD,1900,,eng
9780618185207,"Intermediate and Student Solutions Manual and H M Cubed, Fifth Edition and Smarthinking and Survey",Richard N. Aufmann,1900,,eng
9780618185764,Business and Audio and United States News,William M. Pride,1900,,eng
9780618186990,"Western Civilization Volume 1, 3rd Edition",Thomas F. X. Noble,1900,,eng
9780618187010,"New Humanities Reader, Second Edition and CD-Rom",MILLER,1900,,eng
9780618189250,Economics Loose Leaf edition and Smarthinking,William J. Boyes,1900,,eng
9780618190607,Algebra Introductory and intermediate with Computer Tutor and Smarthinking,Richard N. Aufmann,1900,,eng
9780618190959,College accounting and Spanish Practice Set,MCQUAIG,1900,,eng
9780618192656,Keeping the Republic Revised and CD-Rom,BARBOUR,1900,,eng
9780618193349,Skok American History 1865,Michael A. Bellesiles,1900,,eng
9780618193776,Beginning Algebra and Smarthinking and Student Solutions Manual,Richard N. Aufmann,1900,,eng
9780618194520,Calculus Single Variable and Study Guide and smarthinking,Ron Larson,1900,,eng
9780618196012,Fuentes and Workbook and Student Cassette,Debbie Rusch,1900,,eng
9780618197088,history study Guide,DAY,1900,,eng
9780618197101,Study Guide,DAY,1900,,eng
9780618198849,Financial and Managerial Accounting Loose Leaf and CD-Rom and Accounting Transaction Tutor One thru Four,Belverd E. Needles,1900,,eng
9780618205080,Principles Of Accounting 14 to 27,Belverd E. Needles,1900,,eng
9780618205431,Intermediate Algebra and Study and Solutions Guide and Study and Solutions Guide Passkey and H M Cubed and Smarthinking,Ron Larson,1900,,eng
9780618212422,"College Accounting chapters 1 to 14, Volume 1 and Smarthinking",MCQUAIG,1900,,eng
9780618212675,Business Paperback and U S News and World Report and Audio,William M. Pride,1900,,eng
9780618212682,Essentials of Psychology and CD-Rom,BERNSTEIN,1900,,eng
9780618212699,Keeping the Republic Election Edition and CD-Rom,BARBOUR,1900,,eng
9780618220946,"Macroeconomics, Fifth Edition Loose Leaf and CD-Rom and Study Guide",William J. Boyes,1900,,eng
9780618221837,Public Speaking and CD-Rom and Supplement,ANDREWS,1900,,eng
9780618231997,"Basic and Introductory Chemistry with Study Guide, Student Solutions Guide and C D and Goldish Math for Science",Steven S. Zumdahl,1900,,eng
9780618232178,"Business, Seventh Edition and Student Audio C D and U S News and World Report Guide",William M. Pride,1900,,eng
9780618232192,Critical Thinking and Keys For Writers Third Edition and Smarthinking and Cd-Roms,CHAFFEE,1900,,eng
9780618232901,"Bridge Arithmetic and Algebra, Volume 2 Revised",NADER,1900,,eng
9780618232949,"Hola Amigos, Fifth Edition Paperback and Workbook",Ana C. Jarvis,1900,,eng
9780618233304,"Principles Of Accounting, Eighth Edition Working Papers, Volume 1 Chapters 1 to 12",Belverd E. Needles,1900,,eng
9780618233434,Earth and its Peoples Complete Brief,BULLIET,1900,,eng
9780618233823,"Principles Of Accounting, Eighth Edition, Volume 1 and Working Papers, Volume 1",Belverd E. Needles,1900,,eng
9780618234387,"Challenge of Democracy, Seventh Edition with Atlas",Kenneth Janda,1900,,eng
9780618235056,Conversation with Grammar second edition and Conversation Study Cassettes second edition and workbook laboratory manual,Debbie Rusch,1900,,eng
9780618235063,Intermediate and Elementary Algebra,CRAINE,1900,,eng
9780618235100,"Challenge of Democracy, Seventh Edition Essentials and CD-Rom",Kenneth Janda,1900,,eng
9780618235131,Business and Real deal CD-Rom and United States News and Audio,William M. Pride,1900,,eng
9780618236046,"A People and a Nation, Volume 2, Custom Publication",NORTON,1900,,eng
9780618236640,Claro Que Si and CD-Rom and Workbook and Laboratory Manual and Audio,Lucía Caycedo Garner,1900,,eng
9780618236725,"Chemistry 5th edition with Functions and Graphs, student solutions manual and C D",Steven S. Zumdahl,1900,,eng
9780618236930,"Fawcett Grassroots with Readings, Confident Writer Guide, Web card, Sage CD,and Express CD",Susan Fawcett,1900,,eng
9780618239405,Fuentes Combo and Computerized Study Module,Debbie Rusch,1900,,eng
9780618241521,American Government Sixth Edition and Supplement,GITELSON,1900,,eng
9780618242306,"History Reader, Volume 1 Revised",HOLLITZ,1900,,eng
9780618242917,Essential Study Skills and Student Planner,Linda Wong,1900,,eng
9780618243471,Como Se Dice Dice Handbook and Workbook Lab Manual and Student Cassette,Ana C. Jarvis,1900,,eng
9780618243501,Elementary and Intermediate Algebra with Kanar,Ron Larson,1900,,eng
9780618245376,Elementary and Intermediate Algebra and Smarthinking and Study Guide and H M Cubed,Ron Larson,1900,,eng
9780618245383,Macroeconomics Loose Leaf and Tutor CD-Rom and smarthinking,William J. Boyes,1900,,eng
9780618246441,Microeconomics and Tutor CD-Rom and smarthinking,William J. Boyes,1900,,eng
9780618247738,College Algebra and Smarthinking and CD-Rom,Richard N. Aufmann,1900,,eng
9780618256495,Calculus with Solutions Manual and Graphing Calculator Guide,LATORRE,1900,,eng
9780618257416,Introduction to Algebra Sixth Edition with Workbook,Richard N. Aufmann,1900,,eng
9780618262502,White Introduction to American History,Michael A. Bellesiles,1900,,eng
9780618262595,Challenge of Democracy and CD-Rom and Miroff Debating Democracy and Map,Kenneth Janda,1900,,eng
9780618263509,Module and Test Booklet and Answer,Carol C. Kanar,1900,,eng
9780618263769,"History of World Societies, Volume B",John P. McKay,1900,,eng
9780618265961,"Prealgebra, Third Edition and Student Solutions Manual",Richard N. Aufmann,1900,,eng
9780618266210,"Mathematics Applications, Volume 1 and 2 and Solutions Manual",Ronald J. Harshbarger,1900,,eng
9780618267453,Elementary and Intermediate Algebra and Graphing Calculator and Smarthinking and CD-Rom,HUBBARD,1900,,eng
9780618267620,Algebra with Student Success Organizer and Smarthinking and Graphing Tech Guide and Student Study Guide,Ron Larson,1900,,eng
9780618267859,Confident Writer and Handbook and Smarthinking,Carol C. Kanar,1900,,eng
9780618267958,"Basic College Math, Seventh Edition with Workbook and H M Cubed",Richard N. Aufmann,1900,,eng
9780618268245,Como Se Dice Dice and Laboratory Manual and CD-Rom and Audio and Audio,Ana C. Jarvis,1900,,eng
9780618268252,Calculus Brief Applied Approach Sixth Edition and CD-Rom,Ron Larson,1900,,eng
9780618268627,Psychology Sixth Edition Selected Chapters,BERNSTEIN,1900,,eng
9780618268696,"Management Loose Leaf, Eighth Edition and Study Guide",KREITNER,1900,,eng
9780618269136,Calculus Early Transcendental Functions Single Variable and CD-Rom and Smarthinking,Ron Larson,1900,,eng
9780618269143,"Como Se Dice, Seventh Edition and Audio Cd-Rom and Workbook Lab Manual",Ana C. Jarvis,1900,,eng
9780618269181,Caminos with Activity Manual and Audio CD-Rom,Joy Renjilian-Burgy,1900,,eng
9780618269211,Oggi in Italia Seventh Edition and Workbook and Laboratory Manual,MERLONGHI,1900,,eng
9780618269280,"Applied Calculus, Second Edition and Student Solutions Manual",Geoffrey C. Berresford,1900,,eng
9780618269693,"Western Civilization, Volume 2, Third Edition with Read",Thomas F. X. Noble,1900,,eng
9780618269884,Hart History (Bibliobase: Custom Coursepack For History),Michael A. Bellesiles,1900,,eng
9780618270002,"Como Se Dice Dice se Dice, Seventh Edition with Laboratory Manual",Ana C. Jarvis,1900,,eng
9780618270149,"Calculus Student Study Guide, Volume 1",Ron Larson,1900,,eng
9780618270392,Introduction to Algebra and H M Cubed and Smarthinking,Richard N. Aufmann,1900,,eng
9780618270682,"Entre Amis, Fourth Edition Workbook and Laboratory Manual Without Answers",Michael Oates,1900,,eng
9780618270699,Mathematics Applications and Student Solutions Manual,Ronald J. Harshbarger,1900,,eng
9780618270705,"Business Communication, Fifth Edition and C D",OBER,1900,,eng
9780618270712,"Hola Amigos and Student Audio CD, CD-Rom and Workbook and Smarthinking and Al Tanto",Ana C. Jarvis,1900,,eng
9780618270798,"Psychology 6th edition, Study Guide ,Calhoun workbook with Pauk chapters",BERNSTEIN,1900,,eng
9780618271436,Becoming a Master Student Concise with American Heritage Dictionary and Smarthinking,David B. Ellis,1900,,eng
9780618271467,"Como Se Dice, Seventh Edition and Student Audio",Ana C. Jarvis,1900,,eng
9780618271504,"Essential Concepts of Chemistry, Fifth Edition and CD-Rom",Steven S. Zumdahl,1900,,eng
9780618272204,Essentials of Psychology and Activities Guide and Study Guide and CD-Rom,BERNSTEIN,1900,,eng
9780618272211,Caminos and Activities Manual and CD-Rom and Audio,Joy Renjilian-Burgy,1900,,eng
9780618272426,"Western Civilization and Perry, Volume 2",Thomas F. X. Noble,1900,,eng
9780618272846,"Marketing, Twelfth Edition Paperback and Study Guide and CD-Rom",William M. Pride,1900,,eng
9780618272853,Mathematical Applications with Keystroke Guide and Smarthinking,Ronald J. Harshbarger,1900,,eng
9780618273096,Claro Que Si and Workbook and CD--Roms,Lucía Caycedo Garner,1900,,eng
9780618273775,Principles of Chemistry Laboratory Manual Revised,HALL,1900,,eng
9780618274420,Como Se Dice workbook and Cd-Rom and Audio and Program,Ana C. Jarvis,1900,,eng
9780618274529,"Management, Eighth Edition and Study Guide and Up CD-Rom",KREITNER,1900,,eng
9780618274819,"Prealgebra Third Edition and Ellis: Becoming a Master Student, with Dykstra: Rhythms and Kanar",Richard N. Aufmann,1900,,eng
9780618274840,Reading Skills and Vocabulary CD and Reading CD-Rom,WIENER,1900,,eng
9780618274901,General Chemistry and Student Solutions Manual and Technology Package,Darrell D. Ebbing,1900,,eng
9780618275168,Hola Amigos and CD-Rom and smarthinking and Web and CD-Rom,Ana C. Jarvis,1900,,eng
9780618275250,"American Experiment, Volume 1",Gillon,1900,,eng
9780618275267,"American Experiment, Volume 2",Gillon,1900,,eng
9780618275915,Human Record Volume One and Two and Bulliet Earth and its People Complete Brief,ANDREA,1900,,eng
9780618276066,Fuentes Combination and Workbook Lab Manual and Computerized Study Module,Debbie Rusch,1900,,eng
9780618276158,"Hola Amigos, Fifth Edition and Computerized Study Module and Workbook and Laboratory Manual and Video",Ana C. Jarvis,1900,,eng
9780618276202,"Calculus, Seventh Edition and smarthinking and CD-Rom and Student Study Guide",Ron Larson,1900,,eng
9780618276226,"Caminos second edition with Audio C D, Student CD and Smarthinking",RENJILAN/BURGY,1900,,eng
9780618276370,Organizational biological Chemistry and Study Guide with Solutions,STOKER,1900,,eng
9780618276394,"Precalculus, Fifth Edition and smart thinking and Student Study Guide",Ron Larson,1900,,eng
9780618276622,Public Speaking and Workbook and Up CD-Rom,OSBORN,1900,,eng
9780618276752,"Reading Skills, Eighth Edition with Guide",WIENER,1900,,eng
9780618277728,Principles of Financial Accounting,Belverd E. Needles,1900,,eng
9780618277735,"Earth and its Peoples, Volume 1",BULLIET,1900,,eng
9780618277803,Readers Corner and Handbook,Carol C. Kanar,1900,,eng
9780618277810,Prealgebra and CD-Rom and Solutions Manual and Study Guide and Student Success Organizer and Web card,Ron Larson,1900,,eng
9780618277872,"Introductiory and Intermediate Algebra, Second Edition, with Smarthinking",Richard N. Aufmann,1900,,eng
9780618278329,Evergreen and Writing Handbook,Susan Fawcett,1900,,eng
9780618278350,Marketing with Study Guide,William M. Pride,1900,,eng
9780618278367,"Principles Of Accounting, Volume 2",Belverd E. Needles,1900,,eng
9780618278435,"General Chemistry, Seventh Edition and CD-Rom and Study Guide",Darrell D. Ebbing,1900,,eng
9780618279272,Introductory and Intermediate Algebra and Smarthinking,Richard N. Aufmann,1900,,eng
9780618279968,"Essentials of Psychology and CD-Rom and Pauk Chapters, with Study Guide",BERNSTEIN,1900,,eng
9780618280278,"Hola Amigos, Fifth Edition, including Manual for Video",Ana C. Jarvis,1900,,eng
9780618280964,Intermediate Algebra Discovery and Visualization and H M Cubed,HUBBARD,1900,,eng
9780618281022,"Calculus with CD-Rom and Study Guide Volume 1 and 2, and Smarthinking and Graphing Tech Guide",Ron Larson,1900,,eng
9780618281046,Introductory and Intermediate Algebra Chapters 6 to 11 and Smarthinking and H M Cubed,Richard N. Aufmann,1900,,eng
9780618281060,"Introductory and Intermediate Algebra Chapters 1 to 5 and Smarthinking, and H M Cubed",Richard N. Aufmann,1900,,eng
9780618281152,College Algebra and Student Study Guide and smarthinking,Ron Larson,1900,,eng
9780618281596,Caminos and Audio CD and CD-Rom and smarthinking,Joy Renjilian-Burgy,1900,,eng
9780618281619,Chemistry Principles and CD-Rom and Study Guide and Student Study Guide and Smarthinking,Steven S. Zumdahl,1900,,eng
9780618281633,"Calculus with Smarthinking, C D and Graphing Calculator Guide",Ron Larson,1900,,eng
9780618282371,"Making America, Volume Two, Third Edition with Atlas",BERKIN,1900,,eng
9780618282432,"Financial and Managerial Accounting and Working Papers, Volume 1 and, Volume 2 and Study Guide",Belverd E. Needles,1900,,eng
9780618283637,"Chemistry, Fifth Edition and Student Study Guide and CD-Rom and Smarthinking and Study Guide",Steven S. Zumdahl,1900,,eng
9780618283651,Confident Student and Dictionary and Planner,Carol C. Kanar,1900,,eng
9780618283712,Prealgebra with Nolting and Student Solutions Manual,Richard N. Aufmann,1900,,eng
9780618284450,Public Speaking and CD-Rom and Workbook,ANDREWS,1900,,eng
9780618284641,College Algebra A Graphing Approach and Student Study Guide and smart thinking,Ron Larson,1900,,eng
9780618284931,Principles of Accounting Working Papers Thirteen thru Twenty Seven,Belverd E. Needles,1900,,eng
9780618284948,Introduction to Algebra Sixth Edition and Student Solutions Manual,Richard N. Aufmann,1900,,eng
9780618285013,Parliamo Italiano and Workbook Lab Manual,BRANCIFORTE,1900,,eng
9780618285044,Pre and Introduction to Algebra,Richard N. Aufmann,1900,,eng
9780618285211,Grassroots and Web and Solutions Manual and CD-Rom and Dictionary and the,Susan Fawcett,1900,,eng
9780618285259,Macroeconomics Study Guide,STOKER,1900,,eng
9780618285419,"Those Who Can, Teach, Ninth Edition and Keys For Writers",Kevin Ryan,1900,,eng
9780618285792,Basic College Math and Introduction to Algebra,Richard N. Aufmann,1900,,eng
9780618286904,"Economics, Third Edition and Upgrade CD-Rom",John B. Taylor,1900,,eng
9780618288069,Intermediate Algebra and H M Cubed with Smarthinking and Eduspace,Richard N. Aufmann,1900,,eng
9780618288090,"Como Se Dice Dice, Seventh Edition and Verb and CD-Rom and Workbook and Smarthinking",Ana C. Jarvis,1900,,eng
9780618288144,Basic College Math and Introduction to Algebra with Smarthinking and H M Cubed,Richard N. Aufmann,1900,,eng
9780618288243,Introduction to Algebra and H M Cubed CD-Rom,Richard N. Aufmann,1900,,eng
9780618288977,Business Communication and CD-Rom and pocket keys for writers,OBER,1900,,eng
9780618289486,College Algebra and Smarthinking and Upgrade CD-Rom,Richard N. Aufmann,1900,,eng
9780618290543,"Earth and its People, Volume 2 and Geoquest and Upgrade Cd-Rom",BULLIET,1900,,eng
9780618290550,Psychology Sixth Edition and Student CD-Rom,BERNSTEIN,1900,,eng
9780618290628,"Basic College Math with Workbook and H M Cubed, Smarthinking and Eduspace",Richard N. Aufmann,1900,,eng
9780618294510,"Precalculus and Student Study and Solution Guide, and CD-ROM, and Student Success Organizer and Smarthinking",Ron Larson,1900,,eng
9780618294640,Principles Of Accounting 14 to 27 and Smarthinking and CD-Rom and Working Papers,Belverd E. Needles,1900,,eng
9780618295647,"General Chemistry, Seventh Edition and Tech",Darrell D. Ebbing,1900,,eng
9780618296019,Intermediate Algebra and Smarthinking and H M Cubed,Richard N. Aufmann,1900,,eng
9780618296095,Introduction to Algebra and Smarthinking and H M Cubed,Richard N. Aufmann,1900,,eng
9780618296255,"Intermediate Algebra, Third Edition and Smarthinking and Eduspace",Ron Larson,1900,,eng
9780618296293,"Pre algebra and Introduction to Algebra with H M Cubed, Student Solutions Manual, Eduspace and Smarthinking",Richard N. Aufmann,1900,,eng
9780618296408,Introduction to Algebra and H M Cubed and Smarthinking and Student Solutions Manual,Richard N. Aufmann,1900,,eng
9780618296415,"Earth and its Peoples, and Workbook, CD-Rom and Geoquest",BULLIET,1900,,eng
9780618296422,Earth and People Workbook and CD-Rom and Geoquest,BULLIET,1900,,eng
9780618297771,"Essentials of General Chemistry, Fifth Edition and CD-Rom and Student Study Guide",Steven S. Zumdahl,1900,,eng
9780618297818,Introduction to Algebra and Student Solutions Manual and Smarthinking and H M Cubed,Richard N. Aufmann,1900,,eng
9780618297825,"Precalculus with Student Study Guide, Interactive C D Fifth Edition,Smart thinking and Eduspace",Ron Larson,1900,,eng
9780618297832,"Basic College Math, Seventh Edition and Smarthinking and Student Solutions Manual and H M Cubed",Richard N. Aufmann,1900,,eng
9780618297849,"Becoming a Master Student, Tenth Edition and Three By Five Index Cards Cards",David B. Ellis,1900,,eng
9780618297993,Elementary Algebra Discovery and Visualization,HUBBARD,1900,,eng
9780618298006,Mathematics and Student Solutions Manual and Smarthinking and Guide,Ronald J. Harshbarger,1900,,eng
9780618298112,"Elementary Algebra Discovery and Visualization, and H M Cubed and Smarthinking",HUBBARD,1900,,eng
9780618299461,"Western Civilization, Volume 1, Third Edition and Perry Sources, Volume 1",Thomas F. X. Noble,1900,,eng
9780618300044,Readers Corner Handbook with Houghton Mifflin Guide and Web Card,Carol C. Kanar,1900,,eng
9780618300068,"Earth and its People, Volume 2, Second Edition with Atlas",BULLIET,1900,,eng
9780618300082,"Earth and its People, Volume 1, Second Edition with Atlas",BULLIET,1900,,eng
9780618300341,"Calculus, and Student Study Guide, and Learning CD-Rom",Ron Larson,1900,,eng
9780618300914,"Becoming a Master Student, Tenth Edition and Three By Five Index Cards Card and Portfolia Docutech",David B. Ellis,1900,,eng
9780618301003,Calculus and Student Solution Guide and Smarthinking,Ron Larson,1900,,eng
9780618301270,"Basic College Math, Seventh Edition and H M Cubed and Student Solutions Manual",Richard N. Aufmann,1900,,eng
9780618301409,Business and U S News and World Report and Audio and Enron,William M. Pride,1900,,eng
9780618302369,"Calculus Chapters Preface to 6, Seventh Edition and CD-Rom",Ron Larson,1900,,eng
9780618302376,"Writing with a Purpose, Thirteenth Edition and smarthinking",Joseph F. Trimmer,1900,,eng
9780618302390,"Hola Amigos and Student Audio CD, CD Program and CD-Rom and Smarthinking",Ana C. Jarvis,1900,,eng
9780618302628,"Calculus, Seventh Edition and Expanded Student Solutions Guide and CD-Rom",Ron Larson,1900,,eng
9780618302833,Introduction to Algebra and Smarthinking,Richard N. Aufmann,1900,,eng
9780618302888,Intermediate Algebra and H M Cubed and Smarthinking and Ed U Space,Richard N. Aufmann,1900,,eng
9780618302895,Introduction to Algebra and H M Cubed and Smarthinking and Ed U Space,Richard N. Aufmann,1900,,eng
9780618302918,College Algebra and CD-Rom and Smarthinking and Web and Internet,Ron Larson,1900,,eng
9780618303199,"Basic College Math, Seventh Edition and Eduspace and Smarthinking and H M Cubed",Richard N. Aufmann,1900,,eng
9780618303229,General Chemistry and Smarthinking and Technology Package,Darrell D. Ebbing,1900,,eng
9780618303519,"Chemistry, Fifth Edition and CD-Rom and Smarthinking",Steven S. Zumdahl,1900,,eng
9780618303700,Nakama 2 and Workbook and 3 Audio CDS,HATASA,1900,,eng
9780618304103,Keys for writers with Webcard and Digital Keys CD-Rom and Exercise Booklet,RAIMES,1900,,eng
9780618305452,"American Pageant, Volume 1",David M. Kennedy,1900,,eng
9780618305483,"Public Speaking, Second Edition and CD-Rom and Supplement",ANDREWS,1900,,eng
9780618305605,"Making America, Volume 1, Third Edition and Study Guide",BERKIN,1900,,eng
9780618306459,"Financial and Managerial Accounting and CD-Rom and Working Papers, Volume 1",Belverd E. Needles,1900,,eng
9780618306558,Functions and Change College Algebra and Smarthinking,EVANS,1900,,eng
9780618307128,College Algebra and Student Study Guide and Student Success Organizer and CD-Rom and Smart thinking,Ron Larson,1900,,eng
9780618307159,"Macroeconomics, Fifth Edition and CD-Rom",William J. Boyes,1900,,eng
9780618308231,"Principles Of Accounting, Volume one, Eighth Edition and Working Papers and CD-Rom",Belverd E. Needles,1900,,eng
9780618308248,"Principles Of Accounting, Volume 2, Eighth Edition , Working Papers Volume Two and CD-Rom",Belverd E. Needles,1900,,eng
9780618308767,Essential Mathematics and H M Cubed and Student Solutions Manual and smarthinking,BARKER,1900,,eng
9780618308774,"Reading For Research, Eighth Edition and Get Focused CD-Rom",Laraine E. Flemming,1900,,eng
9780618310715,"Becoming a Master Student, Tenth Edition and Keys",David B. Ellis,1900,,eng
9780618310722,Kaleidoscop Sixth Edition and CD-Rom and Workbook,MOELLER,1900,,eng
9780618310975,"Challenge of Democracy, Seventh Edition Essentials and Terror and CD-Rom",Kenneth Janda,1900,,eng
9780618313105,Spanish on Your Own Volume One and Volume Two,TURK,1900,,eng
9780618313686,"Business Communication, Fourth Edition with Case Simulation and Language Arts C D",OBER,1900,,eng
9780618315055,Public Public Speaking Paperback Sixth Edition and Workbook,OSBORN,1900,,eng
9780618315512,General Chemistry and Laboratory Manual and Partial Solutions Manual and Tech,Darrell D. Ebbing,1900,,eng
9780618315529,"Economics, Fifth Edition and Two Study Guides and CD-Rom and Fast Food Nation",William J. Boyes,1900,,eng
9780618318636,"Principles Of Accounting, Volume 1, chapters 1 to 12 , student C D rom, Excel C D, with Smarthinking",Belverd E. Needles,1900,,eng
9780618318667,"Principles Of Accounting, Volume 2, chapters 13 to 27 and Two CD's and Smarthinking",Belverd E. Needles,1900,,eng
9780618319022,"Becoming a Master Student, Tenth Edition and Myer Briggs Type Indicator",David B. Ellis,1900,,eng
9780618324774,"Calculus, Seventh Edition and Supplement and CD-Rom and Smarthinking",Ron Larson,1900,,eng
9780618325979,College Algebra A Graphing Approach with Guide and Smarthinking,Ron Larson,1900,,eng
9780618329717,"Precalculus, Fifth Edition and Smarthinking and CD-Rom",Ron Larson,1900,,eng
9780618331772,Practical College Study Skills and Planner,HOPPER,1900,,eng
9780618332656,"Discovering the Western Past, Volume 1",WIESNER,1900,,eng
9780618333301,Career and Keys for writers and CD Rom and Webcard,HICKMAN,1900,,eng
9780618334797,Business Sixth Edition and Real Deal C D,William M. Pride,1900,,eng
9780618336371,"Keys for Writers with Web, Third Edition and Digital CD-Rom",RAIMES,1900,,eng
9780618336388,Hola Amigos and Workbook Lab Manual and Audio CD-Rom,Ana C. Jarvis,1900,,eng
9780618337002,Business Communication Language Arts CD-Rom Fourth/Fifth Edition and Business Communication Writer CD-Rom and Business Communication Urban CD-ROM,OBER,1900,,eng
9780618337248,Challenge of Democracy and Ebook and Upgrade CD-Rom,Kenneth Janda,1900,,eng
9780618337477,"Hola Amigos, Fifth Edition and Cassette and Computerized Study Module and Workbook Lab Manual",Ana C. Jarvis,1900,,eng
9780618337484,Global History Study Guide Reader,OVERMAN,1900,,eng
9780618337965,"Western Civilization, Third Edition and Geoquest",Thomas F. X. Noble,1900,,eng
9780618338016,Fuentes Comb and Workbook and Audio,Debbie Rusch,1900,,eng
9780618338924,Prealgebra H M Cubed 3rd edition with Smarthinking and Eduspace,Richard N. Aufmann,1900,,eng
9780618341290,Earth and its People Volume 2 and Reader and Two CD's,BULLIET,1900,,eng
9780618341306,Becoming a Master Student Loose Leaf and College Survival Insert and Answers,David B. Ellis,1900,,eng
9780618341931,Psychology and Study Guide and CD-Rom and Activity Guide,BERNSTEIN,1900,,eng
9780618342181,"Mathematics and Student Solutions Manual, and Guide, and Smarthinking",Ronald J. Harshbarger,1900,,eng
9780618342839,Essential Mathematics Sixth Edition and Student Solutions Manual,BARKER,1900,,eng
9780618343225,"Nakama Two and Audio CD Program Part One and Part Two, with Student Audio CD and Audio CD Program",HATASA,1900,,eng
9780618343676,Elementary and Intermediate Algebra Discovery and Visualization,HUBBARD,1900,,eng
9780618344123,Elementary and Intermediate Algebra and H M Cubed and Smarthinking,HUBBARD,1900,,eng
9780618344154,"Reading For Research, Eighth Edition and CD-Rom",Laraine E. Flemming,1900,,eng
9780618344161,"Management, Seventh Edition and Enron and CD-Rom",Ricky W. Griffin,1900,,eng
9780618344338,Psychology looseleaf with Study Guide,BERNSTEIN,1900,,eng
9780618344352,"Chemistry, Fifth Edition and Student Study Guide and Web",Steven S. Zumdahl,1900,,eng
9780618344871,Introduction to Algebra and Smarthinking and H M Cubed and Eduspace,Richard N. Aufmann,1900,,eng
9780618344895,"Basic College Math, Seventh Edition and smarthinking and H M Cubed and Ed U Space Student",Richard N. Aufmann,1900,,eng
9780618344918,Psychology looseleaf Sixth Edition and CD-Rom,BERNSTEIN,1900,,eng
9780618346349,"American Government, Eighth Edition, Custom Publication",WILSON,1900,,eng
9780618346400,Kong American History One,Michael A. Bellesiles,1900,,eng
9780618346578,Kong American History Two,Michael A. Bellesiles,1900,,eng
9780618346813,"Chemistry, Fifth Edition and Study Guide and smarthinking",Steven S. Zumdahl,1900,,eng
9780618346844,Como Se Dice Dice and Audio and CD-ROM and Smarthinking and Program,Ana C. Jarvis,1900,,eng
9780618346868,Chemistry and CD-Rom and Study Guide and Smarthinking and Study Guide,Steven S. Zumdahl,1900,,eng
9780618349739,"Global History Reader, Volume 2",OVERMAN,1900,,eng
9780618349746,Beginning Algebra and Smarthinking and H M Cubed,Richard N. Aufmann,1900,,eng
9780618349999,"Precalculus, Fifth Edition and Smarthinking and Student Study Guide and CD-Rom",Ron Larson,1900,,eng
9780618350889,"Earth and its Peoples, and Geoquest and CD-Rom",BULLIET,1900,,eng
9780618353217,Civilization Study Guide,SCHELL,1900,,eng
9780618353583,"Becoming a Master Student Concise, Ninth Edition and Noel R M S Test Booklet",David B. Ellis,1900,,eng
9780618353590,"Calculus Chapters 5 to 9, Seventh Edition and CD-Rom",Ron Larson,1900,,eng
9780618354252,"Chemistry, Seventh Edition and Tech and Solutions Manual",Darrell D. Ebbing,1900,,eng
9780618354269,Becoming a Master Student and Critical Thinker and Supplement,David B. Ellis,1900,,eng
9780618354702,Business Communication and CD-Rom and Urban and Raimes,OBER,1900,,eng
9780618356621,"Calculus Concepts and Graphing Calculator Guide, Student Solutions Manual and Smarthinking",LATORRE,1900,,eng
9780618357444,Claro Que Si and CD-Rom and Workbook,Lucía Caycedo Garner,1900,,eng
9780618365029,"Management, Eighth Edition Loose Leaf and Study Guide and CD-Rom",KREITNER,1900,,eng
9780618369454,Scifres American History,Michael A. Bellesiles,1900,,eng
9780618372911,"Calculus, Seventh Edition and CD-Rom and Eduspace",Ron Larson,1900,,eng
9780618373628,Calculus and CD-Rom and smarthinking,Ron Larson,1900,,eng
9780618373680,Entre Amis and Workbook and CD-Rom and Audio CD,Michael Oates,1900,,eng
9780618373925,Jarvis American Womens History,Michael A. Bellesiles,1900,,eng
9780618375578,Macroeconomics and Microeconomics and CD-Rom,WILLIAMSON,1900,,eng
9780618375646,Calculus and Student Solutions Guide and CD-Rom and Smarthinking,Ron Larson,1900,,eng
9780618378043,"Principles Of Accounting chapters 14 to 27 with Smarthinking, CD-Rom and Working Papers Volume Two",Belverd E. Needles,1900,,eng
9780618378548,Precalculus and Student Study Guide and Smarthinking and CD-Rom,Ron Larson,1900,,eng
9780618378609,Fuentes and Workbook and Laboratory Manual and Cassette,Debbie Rusch,1900,,eng
9780618396535,Caminos Second Edition and CD-ROM 3.0,Joy Renjilian-Burgy,1900,,eng
9780618397600,Principles Of Accounting 1 to 13 and smarthinking,Belverd E. Needles,1900,,eng
9780618397617,Principles Of Accounting 14 to 27 and smarthinking,Belverd E. Needles,1900,,eng
9780618398041,"Portrait of America, Volume 1",Michael Oates,1900,,eng
9780618398058,Algebra Introduction and Intermediate Chapters 1 to 5,Richard N. Aufmann,1900,,eng
9780618399727,Algebra Introductory and Intermediate Chapters 1 to 5 with HM cubed CD and Smarthinking,Richard N. Aufmann,1900,,eng
9780618400942,Essentials of Psychology and Study Guide,BERNSTEIN,1900,,eng
9780618403462,"Chemistry, Fifth Edition and Student Study Guide",Steven S. Zumdahl,1900,,eng
9780618405749,Intermediate Course Guide 101,Steven S. Zumdahl,1900,,eng
9780618406005,"Management, Ninth Edition and Upgrade CD-Rom",Kreitner,1900,,eng
9780618406685,Challenge of Democracy Post Nine Eleven and Miroff Debating Democracy,Kenneth Janda,1900,,eng
9780618406975,College Algebra Sixth Edition and CD-ROM and Student,Ron Larson,1900,,eng
9780618407941,"American Government, Seventh Edition and Reader",GITELSON,1900,,eng
9780618407989,Mathematical Applications and CD-Rom and Smarthinking,Ronald J. Harshbarger,1900,,eng
9780618408153,"Business, Seventh Edition and U S News and World Report Guide and Student Audio C D and Garman Stock Simulation",William M. Pride,1900,,eng
9780618408603,"Making America, Volume One with Atlas, and Raimes",BERKIN,1900,,eng
9780618408610,"Making America, Volume Two, and Raimes",BERKIN,1900,,eng
9780618408887,"Calculus and Graphing Technical Guide, Password Cards, Student CD-Rom, Interactive Calculus Three Point Zero CD-Rom, Student Solutions Guiides for Volume One and Two",Ron Larson,1900,,eng
9780618409051,"Trigonometry Sixth Edition and CD-Rom, and Technology Guide",Ron Larson,1900,,eng
9780618409068,"Lifespan Development, Second Edition and Workbook",SEIFERT,1900,,eng
9780618410033,"Evergreen with Raimes Keys, and Evergreen CD and Grammar CD",Susan Fawcett,1900,,eng
9780618410743,"Reading For Results, Eighth Edition and CD-Rom",Laraine E. Flemming,1900,,eng
9780618410811,Intermediate Algebra and H M Cubed and Tech Guide,Richard N. Aufmann,1900,,eng
9780618411733,Como Se Dice Dice and Web and CD-ROM and Audio,Ana C. Jarvis,1900,,eng
9780618411979,Basic College Math with Workbook and H M Cubed and Tech Guide,Richard N. Aufmann,1900,,eng
9780618412228,"Single Variable Calculus and Student Solutions Manual Volume 1 and Volume 2, Second Edition and Mathspace",OSTEBEE,1900,,eng
9780618412761,Elementary Algebra and H M Cubed and Student Solutions Manual,HUBBARD,1900,,eng
9780618412785,"Calculus, Seventh Edition and smarthinking and CD-Rom",Ron Larson,1900,,eng
9780618413522,Calculus and Student Solutions Guide and Technology Guide and CD-Rom,Ron Larson,1900,,eng
9780618413843,College algebra sixth edition with CD-Rom and Student Study Guide Sixth Edition and mathspace tech guide and H M student survey,Ron Larson,1900,,eng
9780618414079,Public Speaking and Supplement and CD-Rom and Eduspace,ANDREWS,1900,,eng
9780618414086,Principles Of Accounting 14 to 27 and Working Papers and smarthinking,Belverd E. Needles,1900,,eng
9780618414208,Mathematics Applications and Tech Guide and CD-Rom,Ronald J. Harshbarger,1900,,eng
9780618414284,Intermediate Algebra and Math study skills workbook and mathspace Tech guide,Ron Larson,1900,,eng
9780618414628,Managerial Accounting and Study Guide and Smarthinking,Belverd E. Needles,1900,,eng
9780618416141,"College Algebra, Fourth Edition and Student CD-Rom",Ron Larson,1900,,eng
9780618416554,Precalculus with CD-Rom and Student Study Guide Sixth Edition with student survey and mathspace tech guide,Ron Larson,1900,,eng
9780618417360,Elementary and Intermediate Algebra,HUBBARD,1900,,eng
9780618417599,"A History of World Society, Volume 1 with Atlas",John P. McKay,1900,,eng
9780618417605,"A History of World Societies, Volume 2 with Atlas",John P. McKay,1900,,eng
9780618417681,"Beginning Algebra with H M Cubed, Student Solutions Manual Sixth Edition with Nolting Math Study Skills Workbook and Math Space Tech Guide",Richard N. Aufmann,1900,,eng
9780618418176,Chemistry Sixth Edition and CD-Rom and Student,Steven S. Zumdahl,1900,,eng
9780618419500,Caminos and Two CD's and DVD and Program,Joy Renjilian-Burgy,1900,,eng
9780618419524,Introduction to Algebra with Workbook and Tech Guide,Richard N. Aufmann,1900,,eng
9780618419791,Keys for Writers with MLA Guide and Web Card and Digital CD-Rom,RAIMES,1900,,eng
9780618419913,"Becoming a Master Student, Tenth Edition and Portfolio and Three By Five Index Cards",David B. Ellis,1900,,eng
9780618420070,"Readers Corner with Guide, Reading Space Webcard and Two Cd-Roms",Carol C. Kanar,1900,,eng
9780618420124,Chemistry Sixth Edition and Student Study Guide and Web,Steven S. Zumdahl,1900,,eng
9780618420193,Keys For Writers and Web Card and Digital CD-Rom,RAIMES,1900,,eng
9780618420735,General Chemistry and Solutions Manual and Technology Package,Darrell D. Ebbing,1900,,eng
9780618420742,Macroeconomics and Tutor CD-Rom and smarthinking,William J. Boyes,1900,,eng
9780618420872,"Becoming a Master Student, Tenth Edition and Planner",David B. Ellis,1900,,eng
9780618420964,Chemistry Sixth Edition and Tech,Steven S. Zumdahl,1900,,eng
9780618421466,Como Se Dice Dice and Audio and CD-Rom,Ana C. Jarvis,1900,,eng
9780618422845,General Organic and biological Chemistry and Mathematics for Science and CD-Rom,STOKER,1900,,eng
9780618423170,"Principles Of Accounting Chapters 13 to 27, Volume 2 and Working Papers, Volume 2",Belverd E. Needles,1900,,eng
9780618423521,"M L A Keys and Web Card, Third Edition and Digital CD-Rom",RAIMES,1900,,eng
9780618424702,General Organic and biological Chemistry Laboratory Manual and Study Guide and CD-Rom,STOKER,1900,,eng
9780618426034,"Financial Accounting, Eighth Edition and Working Papers and smarthinking",Belverd E. Needles,1900,,eng
9780618426935,Calculus Seventh Edition and Student Solution Guide Volume One and Student Solution Guide Volume Two,Ron Larson,1900,,eng
9780618427840,"Anthology American Literature, Volume 1",LAUTER,1900,,eng
9780618427857,"Anthology American Literature, Volume 2",LAUTER,1900,,eng
9780618428885,"Intermediate Algebra and Tech, Guide",Richard N. Aufmann,1900,,eng
9780618429226,Macroeconomics and Microeconomics Organizational and CD-Rom,WILLIAMSON,1900,,eng
9780618429349,Chemical Principles and CD-Rom,Steven S. Zumdahl,1900,,eng
9780618429363,"Hola Amigos, Fifth Edition and Computerized Study Module and Workbook Lab Manual",Ana C. Jarvis,1900,,eng
9780618430314,College Algebra Concepts and Models and CD-Rom and Statistics,Ron Larson,1900,,eng
9780618430369,Keys for Writers with Web and Digital CD-Rom Third Edition and Smarthinking and Survey,RAIMES,1900,,eng
9780618430703,Perry Western Civilization Brief Edition and Atlas,PERRT,1900,,eng
9780618430864,"Becoming a Master Student, Tenth Edition and Ruggiero Critical Thinker",David B. Ellis,1900,,eng
9780618431151,History Study Guide,WATSON,1900,,eng
9780618431717,"Caminos and Cassette and CD-Rom,and Activities Manual, and Smarthinking",Joy Renjilian-Burgy,1900,,eng
9780618432257,Reading for Results and Getting Focused CD and Grammar CD and Reading CD-ROM,Laraine E. Flemming,1900,,eng
9780618432264,Introduction to Algebra with Student Study Guide,Richard N. Aufmann,1900,,eng
9780618432271,Intermediate Algebra with Student Study Guide,Richard N. Aufmann,1900,,eng
9780618432486,History of World Societies,John P. McKay,1900,,eng
9780618433001,Calculus Applied and CD-Rom and Student Solution Guide and Smarthinking,Ron Larson,1900,,eng
9780618433766,Fundamentals of Management Loose Leaf edition,Ricky W. Griffin,1900,,eng
9780618434497,Fundamentals of Management and CD-Rom,Ricky W. Griffin,1900,,eng
9780618437788,Math Excursions with CD-ROM and Math Space Technology Guide,Richard N. Aufmann,1900,,eng
9780618437818,Claro Que Si workbook and lab manual,Lucía Caycedo Garner,1900,,eng
9780618438754,Math Excursions and CD-ROM and Math space tech guide,Richard N. Aufmann,1900,,eng
9780618438877,"Grassroots with readings seventh edition and testbank, answer key, sage C D, and smart thinkingpassword cards",Susan Fawcett,1900,,eng
9780618439324,"Caminos second edition with C D rom, audio C D, activity manual and smart thinking password cards",Joy Renjilian-Burgy,1900,,eng
9780618439409,"Deutsch Heute seventh edition with workbook, lab manual, audio and C D",MOELLER,1900,,eng
9780618439430,Precalculus sixth edition with interactive C D and Student C D rom,Ron Larson,1900,,eng
9780618439669,Paragraph and Essays,Lee E. Brandon,1900,,eng
9780618439959,Earth and People study guide,OVERMAN,1900,,eng
9780618440153,Earth and its People volume one with study guide and C D's,BULLIET,1900,,eng
9780618440283,"Financial and Managerial Accounting with study guide, and working papers volume one and two",Belverd E. Needles,1900,,eng
9780618440306,Algebra for the College Student with H M cubed and Smarthinking,Ron Larson,1900,,eng
9780618441655,Keys for Writers with webcard third edition with Digital Keys CD-ROM and Smarthinking and the Compact American Heritage Dictionary,RAIMES,1900,,eng
9780618443048,Intermediate Algebra Sixth Edition and Mathspace Tech Guide and Student Solutions Manual and H M Cubed Student C D,Richard N. Aufmann,1900,,eng
9780618443161,"Fuente combo text with workbook ,lab manual and solutions manual",Debbie Rusch,1900,,eng
9780618443239,Business seventh edition and study guide,William M. Pride,1900,,eng
9780618443321,Marketing Twelfth Edition and Study Guide,William M. Pride,1900,,eng
9780618443734,"Principles of Accounting Chapters one through 13, eighth edition, with working papers volume one",Belverd E. Needles,1900,,eng
9780618444090,Business with study guide loose leaf and Smith Manager Simulation,William M. Pride,1900,,eng
9780618444663,Chemistry volumes one and two 6th edition with tech package and web assign,Steven S. Zumdahl,1900,,eng
9780618445110,"Grassroots with Readings, grammar C D, Sage C D, web card, smart thinking, and American Heritage Compact Thesaurus and Dictionary",Susan Fawcett,1900,,eng
9780618445127,Genral Chemistry 7th edition with Study Guide,Darrell D. Ebbing,1900,,eng
9780618446247,earth and it's peoples volume 2 with upgrade cd-rom and study guide volume 2,BULLIET,1900,,eng
9780618447114,introductory algebra with HM cubed sixth edition and tech guide ;,Richard N. Aufmann,1900,,eng
9780618447121,intermediate algebra with H M cubed sixth edition and tech guide;,Richard N. Aufmann,1900,,eng
9780618447152,Chemistry volume one and volume 2 sixth edition custom publication with chemistry tech,Steven S. Zumdahl,1900,,eng
9780618448784,introduction to algebra sixth edition with H M cubed and smart thinking,Richard N. Aufmann,1900,,eng
9780618451968,College Algebra 6th Edition and CD-Rom,Ron Larson,1900,,eng
9780618452385,"Custom Aufmann Beginning Algebra 6th edition with student study manual, student hm3 cd, and MathSpace.",Richard N. Aufmann,1900,,eng
9780618459889,Begining Algebra Sixth Edition and Student Solution Manual,Richard N. Aufmann,1900,,eng
9780627022807,The Principles of Microeconomics,N. Haydam,1920,,eng
9780631027706,Principles of Morals and Legislation AND Fragment on Government.,Jeremy Bentham,1948,und,eng
9780631046707,Principles of World Citizenship.,L.Jonathan Cohen,1954,und,eng
9780631086901,"Gyldendal's English-Norwegian, Norwegian-English Dictionary.",Jan W. Dietrichson,1965,und,eng
9780647532515,Life of Washington,,1857,,eng
9780649416103,Famous Problems of Elementary Geometry,Wooster Woodruff Beman,1901,,eng
9780649484393,Outlines of the History of Education,Willard Daniel Johnson,1901,,eng
9780649525164,SOURCES OF THE ROMAN CIVIL LAW: AN INTRO,,1900,,eng
9780663590490,Practice Book and Language Arts Handbook Collection 3/2 (Literature Works),GINN & COMPANY,1901,,eng
9780668038386,Teachers Manual for C.s.course,GITLIN,1900,,eng
9780668044240,The Encyclopedia of Hand Tools,Percy W. Blandford,1912,,eng
9780669177985,Metabolites of the sea.,Ross Franco Nigrelli,1963,und,eng
9780669472097,History of Western World.,Shepard Bancroft Clough,1969,und,eng
9780670921423,Helgas Diary A Young Girlss Account Of Life In A Concentration Camp,Helga Weissov,1900,,eng
9780671207472,The Scientific American book of projects for the amateur scientist,Clair L. Stong,1960,und,eng
9780671434441,The Simon and Schuster Pocket Guides to Astrology Aquarius 1982,Julia Parker,1882,,eng
9780674082755,"British Monetary Policy and Balance of Payments, 1951-57.",Peter B. Kenen,1960,und,eng
9780674228009,Economic History of Sweden.,Eli F. Heckscher,1954,und,eng
9780674330887,The Achievement of Greece,William Chase Greene,1923,,eng
9780674408005,"Hospitals, Doctors and the Public Interest.",John H. Knowles,1966,und,eng
9780674733022,A Bibliography of Early English Law Books,Joseph Henry Beale,1926,,eng
9780677002958,"Homotopy, Theory and Duality.",Peter Hilton,1965,und,eng
9780677010205,Theory of money.,Jacob T. Schwartz,1965,und,eng
9780677204307,Photoproduction and Scattering of Pi-mesons.,N.F Nelipa,1961,und,eng
9780678003312,Treatise on the Principles and Practical Influence of Taxation and the Funding System.,John R. McCulloch,1969,und,eng
9780678004661,Introduction to Economic History.,N.S.B Gras,1969,und,eng
9780682478380,The Joy and the Cry of the Universe,Wilma Ray Cole,1873,,eng
9780685228203,"The Old English Andreas and Bishop Acca of Hexham (Connecticut Academy of Arts and Sciences Series, Vol 26)",Albert Stanburrough Cook,1924,,eng
9780685306031,"A Manual of the Writings in Middle English, 1050-1400",John E. Wells,1926,,eng
9780685436028,A History of Education,F. V. Painter,1886,,eng
9780685457085,The Heroes and Crises of Early Hebrew History,Charles F. Kent,1908,,eng
9780685698365,"Knowledge, Life and Reality",George T. Ladd,1918,,eng
9780685897355,The Book of the Yale Pageant,George H. Nettleton,1916,,eng
9780685897386,Captive Lion and Other Poems,W. H. Davies,1921,,eng
9780686119227,Old Babylonian Contracts (Publications of the Babylonian Section : Vol 8-2),"Edward Chiera; University of Pennsylvania, University Museum, Babylonian Section",1922,,eng
9780686119241,Lists of Personal Names from the Temple School of Nippur: Lists of Akkadian Personal Names (Publications of the Babylonian Section : Vol. 11-2),"Edward Chiera; University of Pennsylvania, University Museum, Babylonian Section",1916,,eng
9780686512981,Redemptioners and Indentured Servants in the Colony and Commonwealth of Pennsylvania,Karl F. Geiser,1901,,eng
9780686513926,Geography of Europe a Presentation of Some Aspects of European...,"Huntington, Ellsworth",1918,,eng
9780686835295,Dutch and English on the Hudson,Maud W. Goodwin,1919,,eng
9780687375530,The Sermon on the Mount,Frederick William Betts,1900,,eng
9780691067988,Hd and Turn of Century,Cassandra Laity,1911,,eng
9780691071176,John Hus' concept of the church,Matthew Spinka,1966,und,eng
9780692253830,Measure of a Life,LeRoy Hoffberger,1914,,eng
9780692923795,The Spirit of the Lord Is upon Us,Leslie Keegel,1917,,eng
9780700010318,Short History of Public Health.,C.Fraser Brockington,1966,und,eng
9780701105396,The world of reptiles,A. d'A Bellairs,1969,und,eng
9780701201074,"Psychoanalysis and Faith, The Letters of Sigmund Freud and Oskar Pfister.",Sigmund Freud,1963,und,eng
9780702001826,Clinical diagnosis of diseases of large animals,Walter J. Gibbons,1966,und,eng
9780702002540,Outline of infectious diseases of domestic animals,Ival Arthur Merchant,1964,und,eng
9780702100963,The South African law of trusts.,A. M. Honore,1966,und,eng
9780705402002,The Cooking of Scandinavia (Foods of the World),Time-Life Books,1920,,eng
9780705405652,Ferns (The Time-Life Encyclopaedia of Gardening),Time-Life Books,1920,,eng
9780705406277,The Whalers (The Seafarers),A. B. C. Whipple; Time-Life Books,1920,,eng
9780705407809,Paint and Wallpaper (Home Repair and Improvement),Time-Life Books,1920,,eng
9780705407915,Walls and Ceilings (Home Repair and Improvement),Time-Life Books,1920,,eng
9780705410038,The rulers of Britain.,Robert Cowley,1920,,eng
9780706340464,The tale of the shining princess,Naoko Matsubara,1966,und,eng
9780706502572,Planning and construction of the Volga hydro power plant near Kuibyshev,N. V. Razin,1964,und,eng
9780706504521,Radioactive isotopes in the atmosphere and their use in meteorology,Nuclear Meteorology Conference (1964 Obninsk),1967,und,eng
9780706504736,Biology of the Saiga,A. G. Bannikov,1967,und,eng
9780709700531,Joan of Arc and Bodicea (Junior Children`s Library),Watson Brown,1926,,eng
9780710010599,"West African Trade, A Study of Competition, Oligopoly and Monopoly in a Changing Economy.",P.T Bauer,1963,und,eng
9780710012470,European Literature and the Latin Middle Ages.,Ernst Robert Curtius,1953,und,eng
9780710030108,Character and the Unconscious,J.H.Van Der Hoop,1923,,eng
9780710030344,Mind and Its Place in Nature,C.D. Broad,1925,,eng
9780710031211,Principles of Gestalt Psychology.,Kurt Koffka,1935,und,eng
9780710050526,Niger Journal of Richard and John Lander.,Richard Lander,1965,und,eng
9780710051127,Whitehall and the Commonwealth,J. A. Cross,1967,und,eng
9780712113076,Manual of Secretarial Practice.,F.D Head,1965,und,eng
9780712306003,Catalogue of Manuscripts in European Languages Belonging to the Library of the India Office,S.C. Hill,1916,,eng
9780712306010,Catalogue of Manuscripts in European Languages Belonging to the Library of the India Office,Charles Otto Blagden,1916,,eng
9780712306058,Catalogue of the Bengali and Assamese Manuscripts in the India Office,J.F. Blumhardt,1924,,eng
9780712306072,Catalogue of the Oriya Manuscripts in the Library of the India Office,J.F. Blumhardt,1924,,eng
9780712333078,A Guide to additional sources of funding and revenue for libraries and archives,British Library,1905,,eng
9780712900690,History of Oxfordshire.,H. E. Salter,1965,und,eng
9780712902014,"Bantu: modern grammatical, phonetical and lexicographical studies since 1860.",Clement M. Doke,1967,und,eng
9780713120394,Biological Role of the Nucleic Acids.,David Cohen,1965,und,eng
9780713151336,History of Europe.,H. A. L. Fisher,1936,und,eng
9780713407525,European and American Musical Instruments.,"Baines, Anthony.",1966,und,eng
9780713515800,Vectors and Their Application to Geometry and Mechanics.,Alan James Francis,1968,und,eng
9780713606942,"PAUL AND HIS INTERPRETERS, A Critical History. Translated by W. Montgomery.",Albert. Schweitzer,1912,,eng
9780713703931,Treasury of English Church Music.,,1964,und,eng
9780713801873,My Life in the Russian Theatre.,V.N- Dantchenko,1968,und,eng
9780714110011,Carchemish - Report on the Excavations at Jerablus on Behalf of the British Museum,D.G. Hogarth,1914,,eng
9780714110028,Carchemish - Report on the Excavations at Jerablus on Behalf of the British Museum,C.L. Woolley,1921,,eng
9780714113043,"Catalogue of Silver Plate, Medieval and Later, Bequeathed by Sir A. Wollaston Franks.",Sir Hercules Read,1928,und,eng
9780714505305,Snapshots AND Towards a New Novel.,Alain Robbe-Grillet,1966,und,eng
9780714612638,"Industrial Development of Birmingham and the Black Country, 1860-1927.",George Cyril Allen,1966,und,eng
9780714618944,Navy and the Slave Trade.,Christopher Lloyd,1968,und,eng
9780714619743,"The Ottoman Empire and its successors, 1801-1927","Miller, William",1966,und,eng
9780714701219,History of Soviet Foreign Policy.,A. Beryozkin,1969,und,eng
9780715201466,Acts of the Apostles.,Jean Calvin,1965,und,eng
9780715502464,The dweller in the darkness,Reginald Berkeley,1926,,eng
9780715600016,"Acol and the New Point Count, Contract Bridge.",George Sturgis Coffin,1958,und,eng
9780715600610,"Christianity, Its Nature and Its Truth (Study in Theology)",Arthur S Peake,1908,,eng
9780715600900,Doctrine of the Atonement (Study in Theology),John Kenneth Mozley,1915,,eng
9780715804032,Junior Health and Hygiene Manual.,Dennis H. Geffen,1963,und,eng
9780716403241,History of English Clergy.,C.K.Francis- Brown,1953,und,eng
9780716709589,"Psychobiology, Biological Bases of Behaviour, Readings from "" Scientific American"" .",,1967,und,eng
9780717504497,Prophets of the Jews.,Norman J. Bull,1967,und,eng
9780718205324,Caves and the Marvellous World Beneath Us.,Robert Stenuit,1966,und,eng
9780718207106,Tales of the British People.,Barbara Leonie Picard,1967,und,eng
9780718602017,Porter and Fenton's public health law in questions and answers,James Greenwood Wilson,1952,und,eng
9780718602116,On being mindful of man.,Hubert Bonner,1965,und,eng
9780718700058,Union list of periodicals in mathematics and allied subjects in London libraries.,University of London. Library.,1968,und,eng
9780718800109,All the birds of Bible,Alice Parmelee,1960,und,eng
9780718802608,Joy of the Freedom,P. Verghese,1967,und,eng
9780718804756,John Venn and the Clapham Sect.,Michael Hennell,1958,und,eng
9780718920302,Chinese Bronzes in the Natanael Wessen Collection.,B. Karlgren,1969,und,eng
9780719000140,The coal industry of the eighteenth century,Thomas Southcliffe Ashton; Joseph Sykes,1964,und,eng
9780719000157,"Short Economic and Social History of Lake Counties, 1500-1830.",C.M.L Bouch,1962,und,eng
9780719002441,"A Short History of the Doctrine of the Atonement (Teological Series, No. IV)",Laurence William Grensted,1920,,eng
9780719501241,""" Birdie"" Bowers of the Antarctic.",George Seaver,1938,und,eng
9780719503153,The book of the atom,Leonard de Vries,1960,und,eng
9780719507564,Story of the Bible.,Sir Frederic G. Kenyon,1935,und,eng
9780719509841,Story of San Michele.,Axel Munthe,1960,und,eng
9780719509872,Story of Axel Munthe.,Gustaf Munthe,1953,und,eng
9780719511448,Middle School History of England.,Robert M. Rayner,1933,und,eng
9780719512704,Scott of the Antarctic.,George Seaver,1948,und,eng
9780719513862,"Flight of Swans, Poems.",Rabindranath Tagore,1955,und,eng
9780719517082,Five Thousand and the Power Tangle.,Charles Arnold- Baker,1967,und,eng
9780720000610,Bibliography and index of geology and allied sciences for Wales and Welsh borders.,Douglas A. Bassett,1963,und,eng
9780720000825,The eggs of British birds,Colin Matheson,1958,und,eng
9780720202175,Glimpses and Impression of Kierkegaard.,T.H Croxall,1959,und,eng
9780720202205,Parables of the Kingdom.,C.H Dodd,1955,und,eng
9780720483857,Casque and bill of Rhinoplax vigil (Forst.) in connection with the architecture of the skull.,Charlotte S. W. Manger Cats-Kuenen,1961,und,eng
9780720502046,The intruder and other poems,Winifred J. Mustoe,1966,und,eng
9780720620757,"Carson McCullers, Her Life and Work.",Oliver Evans,1968,und,eng
9780720688177,Theory of Communism.,"Hampsch, George H.",1965,und,eng
9780720701111,World Book of Hors-d'Oeuvre and Salads.,Nina Froud,1967,und,eng
9780721100968,Introductory Sketch of Irish Musical History,William Henry Grattan Flood,1922,,eng
9780721101835,History of Trumpet.,Werner Menke,1934,und,eng
9780721725109,Songs of the Ages.,Robert Dunstan,1962,und,eng
9780722005897,The Church and infallibility.,Basil Christopher Butler,1969,und,eng
9780722220542,Study of the Ethics of Spinoza,Harold Henry Joachim,1901,,eng
9780722224977,Ionia and the East,David G. Hogarth,1909,,eng
9780722225899,Rise of the Spanish-American Republics,William S. Robertson,1918,,eng
9780722229378,Baird's Manual of American College Fraternities,Jacqueline Baird,1879,,eng
9780722270592,A History of the American People Vol III The Founding of the Government,Woodrow Wilson,1906,,eng
9780722400517,On the  Four Quartets of T. S. Eliot.,Constance De Masirevich,1953,und,eng
9780722973943,Mirror of Life and Death.,Laurence John Bendit,1965,und,eng
9780723200062,Beetles of the British Isles.,E. F. Linssen,1959,und,eng
9780723202608,Complete Concordance to the Old and New Testament,Alexander Cruden,1901,,eng
9780723205746,The History of Tom Thumb,L. Leslie Brooke,1905,,eng
9780723507239,The Treasury of Hans Christian Andersen,Hans Christian Andersen,1900,,eng
9780739071939,Music Theory Songwriting And The Piano,Matt Donner,1900,,eng
9780739403532,Ghosts of the Highlands Cav Lrrps In,Kregg P. J. Jorgenson,1656,,eng
9780739489451,The Power of a Woman's Words,Sharon Jaynes,1830,,eng
9780739714324,Central African Republic Country Study Guide,USA International Business Publications,1900,,eng
9780739972007,"Honda TRX680FA FGA Fourtrax Rincon, 2006-2010, ATV Factory Service Manual (HONDA Factory Service Manual)",Honda,1910,,eng
9780740312540,Horizons Phonics and Reading 2 Student Reader 1,,1900,,eng
9780740324390,Alpha Omega History & Geography Lifepac Grade 3 Teacher's Guide,,1839,,eng
9780742632783,The Complete Works of Samuel Taylor Coleridge,Samuel Taylor Coleridge,1868,,eng
9780742633001,The Works of Edward Bulwer-Lytton (19 Volumes),"Edward Bulwer Lytton, Baron Lytton",1873,,eng
9780742633025,"Delmour; or, The Tale of Sylphid, and Other Poems (The Works of Edward Bulwer-Lytton (19 Volumes))","Edward Bulwer Lytton, Baron Lytton",1823,,eng
9780742633056,"O'Neill; or, The Rebel (The Works of Edward Bulwer-Lytton (19 Volumes))","Edward Bulwer Lytton, Baron Lytton",1827,,eng
9780742633155,A Letter to a Late Cabinet Minister on the Present Crisis (The Works of Edward Bulwer-Lytton (19 Volumes)),"Edward Bulwer Lytton, Baron Lytton",1834,,eng
9780742633292,"Eva, The Ill-Omened Marriage, and Other Poems (The Works of Edward Bulwer-Lytton (19 Volumes))","Edward Bulwer Lytton, Baron Lytton",1842,,eng
9780742633353,A Word to the Public (The Works of Edward Bulwer-Lytton (19 Volumes)),"Edward Bulwer Lytton, Baron Lytton",1847,,eng
9780742633391,Letters to John Bull Esquire (The Works of Edward Bulwer-Lytton (19 Volumes)),"Edward Bulwer Lytton, Baron Lytton",1851,,eng
9780742633421,"Address to the Associated Societies of the University of Edinburgh on His Installation as Their Honorary President and His Speech at the Public Dinner, January 20th 1854 (The Works of Edward Bulwer-Lytton (19 Volumes))","Edward Bulwer Lytton, Baron Lytton",1854,,eng
9780742633438,Speech Delivered at the Leeds Mechanics' Institution (The Works of Edward Bulwer-Lytton (19 Volumes)),"Edward Bulwer Lytton, Baron Lytton",1854,,eng
9780742633452,"Speech on the Representation of the People Bill, Delivered in the House of Commons, March 22nd 1859 (The Works of Edward Bulwer-Lytton (19 Volumes))","Edward Bulwer Lytton, Baron Lytton",1859,,eng
9780742633513,"The Boatman, by Pisistratus Caxton (The Works of Edward Bulwer-Lytton (19 Volumes))","Edward Bulwer Lytton, Baron Lytton",1864,,eng
9780742633544,Miscellaneous Prose Works (The Works of Edward Bulwer-Lytton (19 Volumes)),"Edward Bulwer Lytton, Baron Lytton",1868,,eng
9780742633599,Pamphlets and Sketches (The Works of Edward Bulwer-Lytton (19 Volumes)),"Edward Bulwer Lytton, Baron Lytton",1875,,eng
9780742633605,Quarterly Essays (The Works of Edward Bulwer-Lytton (19 Volumes)),"Edward Bulwer Lytton, Baron Lytton",1875,,eng
9780742633728,Tales and Novels (10 Volumes),Maria Edgeworth,1874,,eng
9780742633735,Moral Tales (Tales and Novels (10 Volumes) [Volume 1]),Maria Edgeworth,1874,,eng
9780742633742,Popular Tales (Tales and Novels (10 Volumes) [Volume 2]),Maria Edgeworth,1874,,eng
9780742633773,Castle Rackrent (Tales and Novels (10 Volumes) [Volume 4]),Maria Edgeworth,1874,,eng
9780742633797,The Science of Self-Justification (Tales and Novels (10 Volumes) [Volume 4]),Maria Edgeworth,1874,,eng
9780742633803,Ennui (Tales and Novels (10 Volumes) [Volume 4]),Maria Edgeworth,1874,,eng
9780742633810,The Dun (Tales and Novels (10 Volumes) [Volume 4]),Maria Edgeworth,1874,,eng
9780742633827,Manoeuvring (Tales and Novels (10 Volumes) [Volume 5]),Maria Edgeworth,1874,,eng
9780742633834,Almeria (Tales and Novels (10 Volumes) [Volume 5]),Maria Edgeworth,1874,,eng
9780742633841,Vivian (Tales and Novels (10 Volumes) [Volume 5]),Maria Edgeworth,1874,,eng
9780742633858,Tales of Fashionable Life (Tales and Novels (10 Volumes) [Volume 5]),Maria Edgeworth,1874,,eng
9780742633865,The Absentee (Tales and Novels (10 Volumes) [Volume 6]),Maria Edgeworth,1874,,eng
9780742633872,A Tale of Fashionable Life (Tales and Novels (10 Volumes) [Volume 6]),Maria Edgeworth,1874,,eng
9780742633889,Madame De Fleury (Tales and Novels (10 Volumes) [Volume 6]),Maria Edgeworth,1874,,eng
9780742633896,Emilie De Coulanges (Tales and Novels (10 Volumes) [Volume 6]),Maria Edgeworth,1874,,eng
9780742633902,The Modern Griselda (Tales and Novels (10 Volumes) [Volume 6]),Maria Edgeworth,1874,,eng
9780742633919,Patronage (Tales and Novels (10 Volumes) [Volume 7]),Maria Edgeworth,1874,,eng
9780742633926,"Patronage, Concluded (Tales and Novels (10 Volumes) [Volume 8])",Maria Edgeworth,1874,,eng
9780742633933,Comic Dramas (Tales and Novels (10 Volumes) [Volume 8]),Maria Edgeworth,1874,,eng
9780742633940,Leonora (Tales and Novels (10 Volumes) [Volume 8]),Maria Edgeworth,1874,,eng
9780742633957,Letters (Tales and Novels (10 Volumes) [Volume 8]),Maria Edgeworth,1874,,eng
9780742633964,Harrington (Tales and Novels (10 Volumes) [Volume 9]),Maria Edgeworth,1874,,eng
9780742633971,Thoughts on Bores (Tales and Novels (10 Volumes) [Volume 9]),Maria Edgeworth,1874,,eng
9780742633988,Ormond (Tales and Novels (10 Volumes) [Volume 9]),Maria Edgeworth,1874,,eng
9780742633995,Helen (Tales and Novels (10 Volumes) [Volume 10]),Maria Edgeworth,1874,,eng
9780742634015,"Euphranor, a Dialogue on Youth (Poetical and Prose Writings of Edward Fitzgerald (7 Volumes))",Edward FitzGerald,1905,,eng
9780742634039,"Six Dramas of Calderon, Freely Translated (Poetical and Prose Writings of Edward Fitzgerald (7 Volumes))",Edward FitzGerald,1853,,eng
9780742634046,Salaman and Absal. An Allegory. Translated from the Persian of Jami (Poetical and Prose Writings of Edward Fitzgerald (7 Volumes)),Edward FitzGerald,1871,,eng
9780742634053,"Rubaiyat of Omar Khayyam, the Astronomer-Poet of Persia. Translated into English Verse (Poetical and Prose Writings of Edward Fitzgerald (7 Volumes))",Edward FitzGerald,1879,,eng
9780742634060,The Mighty Magician and Such Stuff as Dreams Are Made Of,Edward FitzGerald,1865,,eng
9780742634091,The Downfall and Death of King Oedipus,Edward FitzGerald,1880,,eng
9780742634107,Occasional Verses (Poetical and Prose Writings of Edward Fitzgerald (7 Volumes)),Edward FitzGerald,1891,,eng
9780742634114,The Dramatic Works of Thomas Heywood Now First Collected with Illustrative Notes and a Memoir of the Author (6 Volumes),John Heywood,1874,,eng
9780742634275,The Proverbs of John Heywood,John Heywood,1874,,eng
9780742634299,"The Proverbs, Epigrams, and Miscellanies of John Heywood (The Dramatic Works of Thomas Heywood Now First Collected with Illustrative Notes and a Memoir of the Author (6 Volumes))",John Heywood,1906,,eng
9780742634305,A Dialogue of the Effectual Proverbs in the English Tongue Concerning Marriage (The Dramatic Works of Thomas Heywood Now First Collected with Illustrative Notes and a Memoir of the Author (6 Volumes)),John Heywood,1906,,eng
9780742634312,"The Spider and the Fly, Together with an Attributed Interlude Entitled Gentleness and Nobility (The Dramatic Works of Thomas Heywood Now First Collected with Illustrative Notes and a Memoir of the Author (6 Volumes))",John Heywood,1908,,eng
9780742634343,The Works of Thomas Hood (10 Volumes),Thomas Hood,1869,,eng
9780742634350,Odes and Addresses to Great People (The Works of Thomas Hood (10 Volumes)),Thomas Hood,1825,,eng
9780742634374,National Tales (The Works of Thomas Hood (10 Volumes)),Thomas Hood,1839,,eng
9780742634381,"The Plea of the Midsummer Fairies, Hero and Leander, Lycus the Centaur, and Other Poems (The Works of Thomas Hood (10 Volumes))",Thomas Hood,1827,,eng
9780742634404,The Epping Hunt (The Works of Thomas Hood (10 Volumes)),Thomas Hood,1829,,eng
9780742634411,The Dream of Eugene Aram (The Works of Thomas Hood (10 Volumes)),Thomas Hood,1831,,eng
9780742634428,Tylney Hall (The Works of Thomas Hood (10 Volumes)),Thomas Hood,1834,,eng
9780742634442,Up the Rhine (The Works of Thomas Hood (10 Volumes)),Thomas Hood,1840,,eng
9780742634602,Frivolous Cupid (The Works of Sir Anthony Hope Hawkins (13 Volumes)),Anthony Hope,1895,,eng
9780742634909,An Essay on the Principles of Human Action,William Hazlitt,1805,,eng
9780742634923,"An Abridgment of the Light of Nature Pursued, by Abraham Tucker, Esq. Originally published, in seven volumes, under the name of Edward Search, Esq. (The Complete Works of William Hazlitt (21 Volumes))",William Hazlitt,1807,,eng
9780742634947,A New and Improved Grammar of the English Tongue [sic],William Hazlitt,1810,,eng
9780742634954,"Memoirs of the Late Thomas Holcroft, Written by Himself, and continued to the Time of his Death, from his Diary, Notes, and other Papers (3 Volumes)",William Hazlitt,1816,,eng
9780742634985,"A View of the English Stage; or, a Series of Dramatic Criticisms (The Complete Works of William Hazlitt (21 Volumes))",William Hazlitt,1818,,eng
9780742635005,"A Letter to William Gifford, Esq. From William Hazlitt, Esq. (The Complete Works of William Hazlitt (21 Volumes))",William Hazlitt,1819,,eng
9780742635036,Lectures chiefly on the Dramatic Literature of the Age of Elizabeth. Delivered at the Surrey Institution (The Complete Works of William Hazlitt (21 Volumes)),William Hazlitt,1820,,eng
9780742635050,An Essay on the Spirit of Monarchy (The Complete Works of William Hazlitt (21 Volumes)),William Hazlitt,1822,,eng
9780742635111,Notes of a Journey through France and Italy (The Complete Works of William Hazlitt (21 Volumes)),William Hazlitt,1826,,eng
9780742635128,The Life of Napoleon Buonaparte (Vols. 13 & 14),William Hazlitt,1828,,eng
9780742635135,"Conversations of James Northcote, Esq., R.A. (The Complete Works of William Hazlitt (21 Volumes))",William Hazlitt,1830,,eng
9780742635159,"Painting, and the Fine Arts",William Hazlitt,1838,,eng
9780742635166,Sketches and Essays. By William Hazlitt. Now first collected by his son (The Complete Works of William Hazlitt (21 Volumes)),William Hazlitt,1839,,eng
9780742635180,"Criticisms on Art, second series (The Complete Works of William Hazlitt (21 Volumes))",William Hazlitt,1844,,eng
9780742635203,A Reply to Z (The Complete Works of William Hazlitt) (Volume 9),William Hazlitt,1923,,eng
9780742635210,"New Writings, first and second series (The Complete Works of William Hazlitt (21 Volumes))",William Hazlitt,1925,,eng
9780742635227,The Collected Works of W.H. Hudson (24 Volumes),W. H. Hudson,1922,,eng
9780742635234,A Crystal Age (The Collected Works of W.H. Hudson (24 Volumes)),W. H. Hudson,1906,,eng
9780742635241,Argentine Ornithology (The Collected Works of W.H. Hudson (24 Volumes)),W. H. Hudson,1888,,eng
9780742635258,Birds of La Plata (The Collected Works of W.H. Hudson (24 Volumes)),W. H. Hudson,1920,,eng
9780742635289,Idle Days in Patagonia (The Collected Works of W.H. Hudson (24 Volumes)),W. H. Hudson,1893,,eng
9780742635296,Birds in Town and Village (The Collected Works of W.H. Hudson ( Volume 19 ),W. H. Hudson,1919,,eng
9780742635302,Lost British Birds (The Collected Works of W.H. Hudson (24 Volumes)),W. H. Hudson,1894,,eng
9780742635326,British Birds (The Collected Works of W.H. Hudson (Volume 4 ),W. H. Hudson,1895,,eng
9780742635500,A Hind in Richmond Park (The Collected Works of W.H. Hudson (Vol. 23 ),W. H. Hudson,1922,,eng
9780742635517,Ralph Herne (The Collected Works of W.H. Hudson (24 Volumes)),W. H. Hudson,1924,,eng
9780742635814,The Works of Charles Kingsley (28 Volumes),Charles Kingsley,1885,,eng
9780742635838,Twenty-five Village Sermons (The Works of Charles Kingsley (28 Volumes)),Charles Kingsley,1849,,eng
9780742635845,"Introductory Lectures, Delivered at Queen's College, London (The Works of Charles Kingsley (28 Volumes))",Charles Kingsley,1849,,eng
9780742635852,Cheap Clothes and Nasty (The Works of Charles Kingsley (28 Volumes)),Charles Kingsley,1850,,eng
9780742635876,The Application of Associative Principles and Methods to Agriculture (The Works of Charles Kingsley (28 Volumes)),Charles Kingsley,1851,,eng
9780742635890,The Message of the Church to Labouring Men,Charles Kingsley,1852,,eng
9780742635906,Who Are the Friends of Order? (The Works of Charles Kingsley (28 Volumes)),Charles Kingsley,1852,,eng
9780742635913,"Phaeton; or, Loose Thoughts for Loose Thinkers (The Works of Charles Kingsley (28 Volumes))",Charles Kingsley,1852,,eng
9780742635920,Sermons on National Subjects (The Works of Charles Kingsley (28 Volumes)),Charles Kingsley,1872,,eng
9780742635937,"The King of the Earth, and Other Sermons Preached in a Village Church (The Works of Charles Kingsley (28 Volumes))",Charles Kingsley,1853,,eng
9780742635944,"Hypatia; or, New Foes with an Old Face (The Works of Charles Kingsley, volume 4 (28 Volumes))",Charles Kingsley,1854,,eng
9780742635951,Alexandria and Her Schools (The Works of Charles Kingsley (28 Volumes)),Charles Kingsley,1854,,eng
9780742635975,Who Causes Pestilence? (The Works of Charles Kingsley (28 Volumes)),Charles Kingsley,1854,,eng
9780742635982,Brave Words for Brave Soldiers and Sailors (The Works of Charles Kingsley (28 Volumes)),Charles Kingsley,1855,,eng
9780742636002,"Westward Ho! Or, The Voyages and Adventures of Sir Amyas Leigh, Knight, of Burrough, in the County of Devon, in the Reign of Her Most Glorious Majesty Queen Elizabeth (The Works of Charles Kingsley (28 Volumes))",Charles Kingsley,1855,,eng
9780742636019,"Glaucus; or, The Wonders of the Shore (The Works of Charles Kingsley (28 Volumes))",Charles Kingsley,1855,,eng
9780742636033,Sermons for Sailors (The Works of Charles Kingsley (28 Volumes)),Charles Kingsley,1855,,eng
9780742636040,Sea Sermons (The Works of Charles Kingsley (28 Volumes)),Charles Kingsley,1885,,eng
9780742636057,"The Heroes; or, Greek Fairy Tales for My Children (The Works of Charles Kingsley (28 Volumes))",Charles Kingsley,1856,,eng
9780742636088,Miscellanies (The Works of Charles Kingsley (28 Volumes)),Charles Kingsley,1859,,eng
9780742636101,The Massacre of the Innocents,Charles Kingsley,1859,,eng
9780742636125,The Example of the Early Navigators,Charles Kingsley,1860,,eng
9780742636132,Why Should We Pray for Fair Weather? A Sermon (The Works of Charles Kingsley (28 Volumes)),Charles Kingsley,1860,,eng
9780742636149,New Miscellanies (The Works of Charles Kingsley (28 Volumes)),Charles Kingsley,1860,,eng
9780742636156,"Ode Performed in the Senate-House Cambridge, Composed for the Installation of His Grace the Duke of Devonshire, Chancellor of the University (The Works of Charles Kingsley (28 Volumes))",Charles Kingsley,1862,,eng
9780742636163,Speech of Lord Dundreary in Section D on Friday Last. On the Great Hippocampus Question (The Works of Charles Kingsley (28 Volumes)),Charles Kingsley,1862,,eng
9780742636170,A Sermon on the Death of His Royal Highness the Prince Consort (The Works of Charles Kingsley (28 Volumes)),Charles Kingsley,1862,,eng
9780742636217,"""What, Then, Does Dr. Newman Mean?"" (The Works of Charles Kingsley (28 Volumes))",Charles Kingsley,1864,,eng
9780742636231,"The Irrationale of Speech, by a Minute Philosopher (The Works of Charles Kingsley (28 Volumes))",Charles Kingsley,1864,,eng
9780742636248,"Hints to Stammerers, by a Minute Philosopher (The Works of Charles Kingsley (28 Volumes))",Charles Kingsley,1864,,eng
9780742636279,The Temple of Wisdom,Charles Kingsley,1866,,eng
9780742636286,Three Lectures Delivered at the Royal Institution on the Ancien Regime before the French Revolution (The Works of Charles Kingsley (28 Volumes)),Charles Kingsley,1867,,eng
9780742636293,The Water of Life and Other Sermons (The Works of Charles Kingsley (28 Volumes)),Charles Kingsley,1867,,eng
9780742636309,The Hermits (The Works of Charles Kingsley (28 Volumes)),Charles Kingsley,1868,,eng
9780742636316,Discipline and Other Sermons (The Works of Charles Kingsley (28 Volumes)),Charles Kingsley,1868,,eng
9780742636323,Women and Politics (The Works of Charles Kingsley (28 Volumes)),Charles Kingsley,1869,,eng
9780742636347,"The Address on Education, Read before the National Association for the Promotion of Social Science (The Works of Charles Kingsley (28 Volumes))",Charles Kingsley,1870,,eng
9780742636354,"Madam How and Lady Why; or, First Lessons in Earth Love for Children (The Works of Charles Kingsley (28 Volumes))",Charles Kingsley,1870,,eng
9780742636378,"Letter to a Public School Boy, on Betting and Gambling (The Works of Charles Kingsley (28 Volumes))",Charles Kingsley,1871,,eng
9780742636385,Town Geology (The Works of Charles Kingsley (28 Volumes)),Charles Kingsley,1872,,eng
9780742636415,"Prose Idylls, New and Old (The Works of Charles Kingsley (28 Volumes))",Charles Kingsley,1873,,eng
9780742636439,Health and Education (The Works of Charles Kingsley (28 Volumes)),Charles Kingsley,1874,,eng
9780742636446,Westminister Sermons (The Works of Charles Kingsley (28 Volumes)),Charles Kingsley,1874,,eng
9780742636453,Lectures Delivered in America in 1874 (The Works of Charles Kingsley (28 Volumes)),Charles Kingsley,1875,,eng
9780742636460,Letters to Young Men on Betting and Gambling (The Works of Charles Kingsley (28 Volumes)),Charles Kingsley,1877,,eng
9780742636484,All Saints' Day and Other Sermons (The Works of Charles Kingsley (28 Volumes)),Charles Kingsley,1878,,eng
9780742636514,"Words of Advice to Schoolboys, Collected from Hitherto Unpublished Notes and Letters (The Works of Charles Kingsley (28 Volumes))",Charles Kingsley,1912,,eng
9780742636538,The Novels of Charles Lever (40 Volumes),Charles James Lever,1898,,eng
9780742636545,The Confessions of Harry Lorrequer (The Novels of Charles Lever (40 Volumes)),Charles James Lever,1839,,eng
9780742636569,"Our Mess; Volume I, Jack Hinton, the Guardsman (The Novels of Charles Lever (40 Volumes))",Charles James Lever,1843,,eng
9780742636576,"Our Mess; Volume II, Tom Burke of ""Ours"" (2 Volumes)",Charles James Lever,1844,,eng
9780742636590,Nuts and Nutcrackers (The Novels of Charles Lever (40 Volumes)),Charles James Lever,1845,,eng
9780742636606,"Tales of the Trains, Being Some Chapters of Railroad Romance by Tilbury Tramp, Queen's Messenger (The Novels of Charles Lever (40 Volumes))",Charles James Lever,1845,,eng
9780742636620,St. Patrick's Eve (The Novels of Charles Lever (40 Volumes)),Charles James Lever,1845,,eng
9780742636651,Roland Cashel (The Novels of Charles Lever (40 Volumes)),Charles James Lever,1849,,eng
9780742636668,"Confessions of Con Cregan, the Irish Gil Blas (The Novels of Charles Lever (40 Volumes))",Charles James Lever,1849,,eng
9780742636682,"Maurice Tiernay, the Soldier of Fortune (The Novels of Charles Lever",Charles James Lever,1855,,eng
9780742636699,The Dodd Family Abroad (The Novels of Charles Lever (40 Volumes)),Charles James Lever,1854,,eng
9780742636712,The Martins of Cro' Martin (The Novels of Charles Lever (2 Volumes in One)),Charles James Lever,1854,,eng
9780742636729,The Fortunes of Glencore (The Novels of Charles Lever,Charles James Lever,1857,,eng
9780742636743,One of Them (The Novels of Charles Lever,Charles James Lever,1861,,eng
9780742636767,Barrington (The Novels of Charles Lever,Charles James Lever,1876,,eng
9780742636774,Luttrell of Arran (The Novels of Charles Lever (2 Volumes in One),Charles James Lever,1865,,eng
9780742636781,Cornelius O' Dowd upon Men and Women and Other Things in General (3 Volumes),Charles James Lever,1864,,eng
9780742636798,Tony Butler (The Novels of Charles Lever (40 Volumes)),Charles James Lever,1865,,eng
9780742636804,A Rent in a Cloud (The Novels of Charles Lever (40 Volumes)),Charles James Lever,1865,,eng
9780742636811,Sir Brook Fossbrooke (The Novels of Charles Lever (40 Volumes)),Charles James Lever,1866,,eng
9780742636835,"Paul Goslett's Confessions in Love, Law, and the Civil Service (The Novels of Charles Lever (40 Volumes))",Charles James Lever,1868,,eng
9780742636873,The Collected Works of George Moore (21 Volumes),George Moore,1922,,eng
9780742636897,A Mummer's Wife (The Collected Works of George Moore (21 Volumes)),George Moore,1885,,eng
9780742636903,An Actor's Wife (The Collected Works of George Moore (21 Volumes)),George Moore,1889,,eng
9780742636934,Parnell and His Island (The Collected Works of George Moore (21 Volumes)),George Moore,1887,,eng
9780742636941,A Mere Accident (The Collected Works of George Moore (21 Volumes)),George Moore,1887,,eng
9780742636972,Impressions and Opinions (The Collected Works of George Moore (21 Volumes)),George Moore,1891,,eng
9780742636989,Modern Painting (The Collected Works of George Moore (21 Volumes)),George Moore,1893,,eng
9780742637009,Celibates (The Collected Works of George Moore (21 Volumes)),George Moore,1895,,eng
9780742637016,Evelyn Innes (The Collected Works of George Moore (21 Volumes)),George Moore,1898,,eng
9780742637023,Sister Teresa (The Collected Works of George Moore (21 Volumes)),George Moore,1901,,eng
9780742637030,An T-Ur-Gort (The Collected Works of George Moore (21 Volumes)),George Moore,1902,,eng
9780742637047,The Untilled Field (The Collected Works of George Moore (21 Volumes)),George Moore,1903,,eng
9780742637054,The Lake (The Collected Works of George Moore) (Volume 8),George Moore,1905,,eng
9780742637061,Memoirs of My Dead Life (The Collected Works of George Moore (21 Volumes)),George Moore,1906,,eng
9780742637078,Reminiscences of the Impressionist Painters (Vol. 3 of a 21 Vol. Set),George Moore,1906,,eng
9780742637115,Avowals (The Collected Works of George Moore (21 Volumes)),George Moore,1919,,eng
9780742637122,Heloise and Abelard (2 Volume),George Moore,1921,,eng
9780742637139,Complete Writings of Charles Reade (17 Volumes),Charles Reade,1895,,eng
9780742637146,Peregrine Pickle (Complete Writings of Charles Reade (17 Volumes)),Charles Reade,1851,,eng
9780742637184,Gold! A Drama in Five Acts (Complete Writings of Charles Reade (17 Volumes)),Charles Reade,1853,,eng
9780742637221,"Masks and Faces; or, Before and behind the Curtain",Charles Reade,1854,,eng
9780742637238,Two Loves and a Life,Charles Reade,1854,,eng
9780742637306,Cream (Complete Writings of Charles Reade (17 Volumes)),Charles Reade,1858,,eng
9780742637351,The Eighth Commandment (Complete Writings of Charles Reade (17 Volumes)),Charles Reade,1860,,eng
9780742637368,Monopoly versus Property (Complete Writings of Charles Reade (17 Volumes)),Charles Reade,1860,,eng
9780742637405,"Griffith Gaunt; or, Jealousy (Complete Writings of Charles Reade (17 Volumes))",Charles Reade,1866,,eng
9780742637436,Foul Play (Complete Writings of Charles Reade (17 Volumes)),Charles Reade,1868,,eng
9780742637443,Put Yourself in His Place (Complete Writings of Charles Reade (17 Volumes)),Charles Reade,1870,,eng
9780742637481,"To the Editor of the ""Daily Globe,"" Toronto",Charles Reade,1871,,eng
9780742637504,The Legal Vocabulary (Complete Writings of Charles Reade (17 Volumes)),Charles Reade,1872,,eng
9780742637559,Sad Calamity of James Lambert (Complete Writings of Charles Reade (17 Volumes)),Charles Reade,1874,,eng
9780742637597,A Woman-Hater (Complete Writings of Charles Reade (17 Volumes)),Charles Reade,1877,,eng
9780742637627,"Dora; or, The History of a Play (Complete Writings of Charles Reade (17 Volumes))",Charles Reade,1878,,eng
9780742637634,"The Well-Born Workman; or, A Man of the Day (Complete Writings of Charles Reade (17 Volumes))",Charles Reade,1878,,eng
9780742637658,"The Countess and the Dancer; or, High Life in Vienna",Charles Reade,1883,,eng
9780742637702,The Jilt and Other Stories (Complete Writings of Charles Reade (17 Volumes)),Charles Reade,1884,,eng
9780742637719,A Perilous Secret (Complete Writings of Charles Reade (17 Volumes)),Charles Reade,1884,,eng
9780742637726,The Picture (Complete Writings of Charles Reade (17 Volumes)),Charles Reade,1884,,eng
9780742637733,"Bible Characters (The Work of Charles Reade, Vol. 9)",Charles Reade,1888,,eng
9780742637740,The Works of Israel Zangwill (14 Volumes),Israel Zangwill,1925,,eng
9780742637757,Motza Kleis (The Works of Israel Zangwill (14 Volumes)),Israel Zangwill,1882,,eng
9780742637764,The Premier and the Painter (The Works of Israel Zangwill (14 Volumes)),Israel Zangwill,1888,,eng
9780742637771,The Bachelors' Club (The Works of Israel Zangwill (14 Volumes)),Israel Zangwill,1891,,eng
9780742637825,The Great Demonstration (The Works of Israel Zangwill (14 Volumes)),Israel Zangwill,1893,,eng
9780742637856,Joseph the Dreamer (The Works of Israel Zangwill (14 Volumes)),Israel Zangwill,1895,,eng
9780742637900,The People's Saviour (The Works of Israel Zangwill (14 Volumes)),Israel Zangwill,1898,,eng
9780742637931,Blind Children (The Works of Israel Zangwill (14 Volumes)),Israel Zangwill,1903,,eng
9780742638075,"The Cockpit, Romantic Drama in Three Acts (The Works of Israel Zangwill (14 Volumes))",Israel Zangwill,1921,,eng
9780742638464,Carnac (The Works of Gilbert Parker (23 Volumes)),Gilbert Parker,1922,,eng
9780742640160,"Dionysius of Halicarnassus. The three literary letters (Ep. Ad Ammaeum I, Ep. Ad Pompeium, Ep. Ad Ammaeun II). Ed. & tr. By W. Rhys Roberts.",Dionysius,1901,,eng
9780742640214,The Isthmian odes of Pindar. Ed. By J.B Bury,Pindar,1892,,eng
9780742640221,The Nemean Odes Of Pindar,Pindar,1890,,eng
9780742640276,The Characters of Theophrastus,Theophrastus,1909,,eng
9780742640450,"T. Macci Plauti Amphitruo, the Amphitruo of Plautus. Ed. By Arthur Palmer",Titus Maccius Plautus,1890,,eng
9780742640535,"The scientific study & teaching of languages; a review of the factors and problems connected with the learning and teaching of modern languages, with an analysis of the various methods which may be","Harold E., Palmer",1917,,eng
9780742640542,"On the study of Celtic literature and other essays,","Matthew, Arnold",1910,,eng
9780742640559,Gods and fighting men; the story of the Tuatha de Danaan and of the Flanna of Ireland,Isabella Augusta Gregory,1904,,eng
9780742640702,"On early English pronunciation, with special reference to Shakespeare and Chaucer, containing an investigation of the correspondence of writing with speech in England from the Anglosaxon period to t","Alexander John, Ellis",1869,,eng
9780742640771,"The musical basis of verse, a scientific study of the principles of poetic composition",Julia Parker Dabney,1901,,eng
9780742640870,"A glossary; or, Collection of words, phrases, names, and allusions to customs, proverbs, etc.,  A new ed.","Nares, Robert",1888,,eng
9780742641235,"The river of life, and other stories,",Александр Иванович Куприн,1916,,eng
9780742641259,"The old house, and other tales",Fedor Kuzmich Teternikov,1915,,eng
9780742641266,"The sweet-scented name, and other fairy tales, fables and stories",Fedor Kuzmich Teternikov,1915,,eng
9780742641280,Selected Polish tales /,"Else Cecilia Mendelssohn, Benecke",1921,,eng
9780742641341,"tr., Translations of Eastern poetry and prose",Reynold Alleyne Nicholson,1922,,eng
9780742641433,English. The book of good counsels,Hitopadesa,1861,,eng
9780742641440,A history of Japanese literature,W. G. Aston,1899,,eng
9780742641907,The drama and the stage /,Ludwig Lewisohn,1922,,eng
9780742641952,"The new movement in the theatre,","Cheney, Sheldon",1914,,eng
9780742641990,"An Aristotelian theory of comedy, with an adaptation of the Poetics, and a translation of the 'Tractatus Coislinianus,'","Lane, Cooper",1922,,eng
9780742642027,who in the theatre; a biographical record of the contemporary stage. 1st ed.,Who's,1912,,eng
9780742642072,"The art theatre; a discussion of its ideals, its organization, and its promise as a corrective for present evils in the commercial theatre,","Cheney, Sheldon",1917,,eng
9780742642164,History of the American theatre,George Oberkirsh Seilhamer,1891,,eng
9780742642249,Life and art of Richard Mansfield ,"William, Winter",1910,,eng
9780742642256,The English heroic play,Lewis Nathaniel Chase,1903,,eng
9780742642263,"""Their Majesties' servants."" Annals of the English stage, from Thomas Betterton to Edmund Kean,","John, Doran",1888,,eng
9780742642294,"Office of the Revels. The dramatic records of Sir Henry Herbert, master of the revels, 1623-1673. Ed. By Joseph Quincy Adams",Gt. Brit.,1917,,eng
9780742642379,My life and some letters,Beatrice Stella Campbell,1922,,eng
9780742642386,"Henry Irving, actor and manager, a critical study",William Archer,1883,,eng
9780742642430,Memories and impressions of Helena Modjeska; an autobiography.,"Helena, Modjeska",1910,,eng
9780742642454,Annals of the French stage from its origin to the death of Racine.,"Frederick William, Hawkins",1884,,eng
9780742642614,The Americanization of Edward Bok ,"Edward William, Bok",1921,,eng
9780742642676,"History of the New York Times, 1851-1921",Elmer H. Davis,1921,,eng
9780742642744,"The Manchester guardian; a century of history,",William Haslam Mills,1922,,eng
9780742642805,"A century of parody and imitation,","Walter, Jerrold",1913,,eng
9780742643550,"The Decameron, its sources and analogues",A. Collingwood Lee,1909,,eng
9780742643598,"Concordance of the Divina commedia,","Edward Allen, Fay",1888,,eng
9780742643604,"Dante and the mystics; a study of the mystical aspect of the Divina commedia and its relations with some of its mediaeval sources,",Edmund Garratt Gardner,1913,,eng
9780742643734,The tragedies of Vittorio Alfieri:,Vittorio Alfieri,1876,,eng
9780742643765,Tales of my native town. Tr. By Rafael Mantellini,Gabriele D'Annunzio,1920,,eng
9780742643772,The daughter of Jorio; a pastoral tragedy,Gabriele D'Annunzio,1907,,eng
9780742643857,"Ten Spanish farces of the 16th, 17th, and 18th centuries.",George Tyler Northup,1922,,eng
9780742644366,The German classics of the nineteenth and twentieth centuries,"Kuno, Francke",1913,,eng
9780742644533,The life & works of Goethe ,George Henry Lewes,1908,,eng
9780742644670,The Elder Edda and ancient Scandinavian drama,Dame Bertha Surtees Phillpotts,1920,,eng
9780742644731,"A commentary, critical and explanatory, on the Norwegian text of Henrik Ibsen's Peer Gynt",H. Logeman,1917,,eng
9780742644748,"Johan Bojer, the man and his works /","Carl, Gad",1920,,eng
9780743477116,The Tragedy of Romeo and Juliet,William Shakespeare,1595,,eng
9780749464035,Lowe's Transport Manager's and Operator's Handbook 2012,David Lowe,1832,,eng
9780753724699,The Complete Illustrated Works of Edgar Allan Poe,Edgar Allan Poe,1745,,eng
9780753732472,The Heroes of Tolkien,David Day,1900,,eng
9780758617996,Popular Commentary of the Bible Old Testament,Paul E Kretzmann,1924,,eng
9780758618009,Popular Commentary of the Bible New Testament,Paul E Kretzmann,1924,,eng
9780760703090,The elements of Zen,David Scott,1902,,eng
9780760793992,The Vampire Hunter's Handbook,Raphael Van Helsing,1700,,eng
9780760992241,Ready Mathematics Practice and Problem Solving Grade 3,,1856,,eng
9780766148659,Popular Romances of the West of England,Robert Hunt,1923,,eng
9780767090681,Decoding the Past Secrets of the Koran Format: DVD,,1900,,eng
9780769001937,"21981 RELEARNING TO TEACH ARITHMETIC, MULTIPLICATION AND DIVISION GUIDE (DALE SEYMOUR PRODUCTS)",Pearson Education,1901,,eng
9780773584358,The Canadian economy in the great depression,A. E. Safarian,1959,und,eng
9780781200189,"Life & Time Of Oliver Goldsmith, The",John Forster,1890,,eng
9780781200493,"Bibliography Of English Colonial Treaties With American Indians, A",Henry F. De Puy,1917,,eng
9780781200684,"History Of Biological Theories, The",Emanuel Rádl,1895,,eng
9780781200745,"Artist At The Piano, The",George Woodhouse,1925,,eng
9780781200820,Physical And Metaphysical Works Of Lord Bacon,Francis Bacon,1856,,eng
9780781201001,"Groundwork Of The Leschetizky Method, The",Malwine Bree,1920,,eng
9780781201100,Theory Of Poetry (The Works Of Lascell Abercrombie),Lascelles Abercrombie,1924,,eng
9780781201117,Idea Of Great Poetry (The Works Of Lascell Abercrombie),Lascelles Abercrombie,1925,,eng
9780781201209,Pali Reader With Notes And Glossary (2 Volumes),Dines Andersen,1901,,eng
9780781201544,Travels In Alaska (The Works Of John Muir),John Reid Muir,1915,,eng
9780781201704,Works Of Matthew Arnold (15 Volumes),Matthew Arnold,1903,,eng
9780781201773,Art Of Organ Accompaniment In The Church Services,Walter L. Twinning,1925,,eng
9780781202008,English Novel,Walter Raleigh,1895,,eng
9780781202138,Old English Instruments Of Music,Francis William Galpin,1910,,eng
9780781202466,History Of Hungarian Music,Cyula Kaldy,1902,,eng
9780781202473,"Science Of Musical Sounds, The",Dayton C. Miller,1926,,eng
9780781202855,Theory Of Social Revolution,Brooks Adams,1914,,eng
9780781202947,History Of The Formation Of The Constitution Of The United States - 2 Vols.,George Bancroft,1882,,eng
9780781203074,Novels And Poems Of Charles Kingsley,Charles Kingsley,1889,,eng
9780781203296,Sesame & Lilies (v18 Of Works Of Ruskin),John Ruskin,1905,,eng
9780781203968,Winning Of The West ( 4 Volumes ),Theodore Roosevelt,1900,,eng
9780781204712,Poems Of William Browne Of Tavistock (volumes 1 & 2),William G. Browne,1894,,eng
9780781205078,Significance Of The Fine Arts,Committee On Education,1923,,eng
9780781205214,Casuals Of The Sea,William Mcfee,1922,,eng
9780781205528,"Literary Study Of The Bible, The",Richard Green Moulton,1898,,eng
9780781205849,Haydn's Dictionary Of Dates And Universal Information - 2 Volumes,Benjamin Vincent,1911,,eng
9780781205948,Poetical Works Of Thomas Moore,Jno. Francis Waller,1883,,eng
9780781205962,"Last Days Of Pompeii, Harold; The Last Of The Saxon Kings, The Caxtons; A Family Picture (volume 1) (The Works Of Edward Bulwer Lytton)","Edward Bulwer Lytton, Baron Lytton",1834,,eng
9780781206075,List Of The Fellows 1913,American College Of Surgeons,1913,,eng
9780781206204,"Queens Of American Society, The",Elizabeth Fries Ellet,1873,,eng
9780781206211,"French Stage In The Eighteenth Century 1699-1750, The (volume I)",Frederick Hawkins,1888,,eng
9780781206228,"French Stage In The Eighteenth Century 1750-1799, The (volume Ii)",Frederick Hawkins,1888,,eng
9780781206389,Life Of Benjamin Franklin (volume I),John Bigelow,1875,,eng
9780781206471,"Century Of English Book Trade, A",Edward Gordon Duff,1905,,eng
9780781206525,Biographical Sketches Of The Delegates From Georgia,Charles C. Jones - undifferentiated,1891,,eng
9780781206532,Historical Register Of Officers Of The Continental Army,Francis Bernard Heitman,1914,,eng
9780781206563,"Biographical Chronicle Of The English Drama, (2 Volumes)",Frederick Gard Fleay,1891,,eng
9780781206600,Sacred And Legendary Art (volume 2),Mrs. Anna Jameson,1895,,eng
9780781206624,Art And Life; A Ruskin Anthology,Wm. Sloane Kennedy,1886,,eng
9780781206686,"Short Story, The",Brander Matthews,1907,,eng
9780781206754,"Music Lover's Handbook, The",John Herbert Clifford,1911,,eng
9780781206785,Annals Of The Catholic Hierarchy,William Maziere Brady,1883,,eng
9780781206877,Memoirs Of Missionary Priests,Richard Challower,1924,,eng
9780781207027,Slavery In The State Of North Carolina (2 Vol In 1),John Bassett,1899,,eng
9780781207034,"Dictionary Of English Church History, A",S.l. Ollard,1912,,eng
9780781207058,Biographical Cyclopaedia Of Homoeopathic Physicians And Surgeons,Egbert Cleave,1873,,eng
9780781207072,"Micro-cofmographie, Or, A Peece Of The World Discovered",Edward Blount,1628,,eng
9780781207102,Science-history Of The Universe Geology - Volume Ii,Francis Rolt-wheeler,1909,,eng
9780781207119,Science-history Of The Universe Physics - Volume Iii,Francis Rolt-wheeler,1909,,eng
9780781207133,Science-history Of The Universe Biology - Volume V,Francis Rolt-wheeler,1909,,eng
9780781207140,Science-history Of The Universe Zoology - Volume Vi,Francis Rolt-wheeler,1909,,eng
9780781207157,Science-history Of The Universe Anthropology - Volume Vii,Francis Rolt-wheeler,1909,,eng
9780781207171,Science-history Of The Universe Art & Letters - Volume Ix,Francis Rolt-wheeler,1909,,eng
9780781207317,Works Of Sir Francis Bacon (15 Volumes),Francis Bacon,1887,,eng
9780781207348,Pre-historic Nations (The Works Of John D. Baldwin),John Baldwin,1869,,eng
9780781207379,"Conductor, The Theory Of His Art (The Works Of Hector Berlioz)",Hector Berlioz,1902,,eng
9780781207539,"Music In The History Of The Western Church, With An Introduction In Religious Music",Edward Dickinson,1903,,eng
9780781207607,"Homophonic Forms Of Musical Compositions, An Exhaustive Treatise On The Structure..",Percy Goetschius,1898,,eng
9780781207645,"Handbook Of American Music And Musicians, A",F. Jones,1886,,eng
9780781207713,Our National Parks (The Works Of John Muir),John Reid Muir,1901,,eng
9780781207737,"Story Of An Orchestra, The",Boyd Neel,1900,,eng
9780781207812,"Orchestra, The - 2 Volumes (The Works Of Ebenezer Prout)",Ebenezer Prout,1899,,eng
9780781208048,Circus Day (The Works Of George Ade),George Ade,1903,,eng
9780781208123,Jared Sparks And Alexis De Tocqueville (The Works Of Herbert B. Adams),Herbert Baxter Adams,1898,,eng
9780781208130,Church Of Popular Education (The Works Of Herbert B. Adams),Herbert Baxter Adams,1900,,eng
9780781208161,Memoir Of The Honorable George Keith Elphinstone,Alexander Allardyce,1882,,eng
9780781208178,"Poems And Prose Of Ernest Dowson, The",Ernest Dowson,1919,,eng
9780781208215,Seminary Libraries & University Extension (The Works Of Herbert B. Adams),Herbert Baxter Adams,1887,,eng
9780781208239,Charles Francis Adams (The Works Of Charles Francis Adams),Charles Adams,1900,,eng
9780781208260,Free-holder Or Political Essays (The Works Of Joseph Addison),Joseph Addison,1716,,eng
9780781208307,Norman Constables In America (The Works Of Herbert B. Adams),Herbert Baxter Adams,1883,,eng
9780781208314,Notes On The Literature Of Charities (The Works Of Herbert B. Adams),Herbert Baxter Adams,1887,,eng
9780781208376,Lives Of James Madison & James Monroe (The Works Of John Q. Adams),John Adams - undifferentiated,1850,,eng
9780781208390,"Letters Of John Adams, To His Wife (2 Volumes)",John Adams - undifferentiated,1841,,eng
9780781208437,Through Afro-America (The Works Of William Archer),William Archer,1910,,eng
9780781208529,On The Rate Of Mortality At Early Periods Of Life,Charles Ansell,1874,,eng
9780781208536,Journey In Brazil (The Works Of Louis Agassiz),Jean Louis Rodolphe Agassiz,1868,,eng
9780781208550,Geological Sketches (The Works Of L. Agassiz),Jean Louis Rodolphe Agassiz,1866,,eng
9780781208574,"Evidence Of The Authenticity, Inspiration And Canonical  (Authority Of The Holy Scriptures)",Archibald Alexander,1836,,eng
9780781208598,Clinical Study Of The Skull,Allen Marrison,1890,,eng
9780781208628,Mechanics Of The Earth's Atmosphere,Cleveland Abbe,1910,,eng
9780781208635,"Lives Of The Presidents Of The U.s.a., From Washington To The Present",John S.,1881,,eng
9780781208697,Festal Letters Of Athanasius,"Athanasius Saint, Patriarch of Alexandria",1848,,eng
9780781208796,School-house Architecture (The Works Of Henry Barnard),Henry Barnard,1842,,eng
9780781208819,People You Know (The Works Of George Ade),George Ade,1903,,eng
9780781208840,Early England And The Saxon-english,William Barnes,1869,,eng
9780781208871,Handbook Of Painting (part 1),Joseph Crowe,1898,,eng
9780781208932,Literary Studies (The Works Of Walter Bagehot),Walter Bagehot,1903,,eng
9780781208949,Economic Studies (The Works Of Walter Bagehot),Walter Bagehot,1895,,eng
9780781208970,Normal Schools... (2 Volumes) (The Works Of Henry Barnard),Henry Barnard,1851,,eng
9780781209007,Patriotic Addresses In America And England From 1850 To 1885 (The Works Of Henry Ward Beecher),Henry Ward Beecher,1891,,eng
9780781209021,Ancient America In Notes On American Archaeology (The Works Of John D. Baldwin),John Baldwin,1872,,eng
9780781209083,"Sacred City Of The Ethiopians, The",James T. Bent,1896,,eng
9780781209120,"Dictionary Of The Otchipwe Language, Explained In English",Friedrich Baraga,1878,,eng
9780781209151,"Jean Francois Millot, Life And Letters",Julia Ady,1910,,eng
9780781209229,"Introduction To Languages, Literary And Philosophical",Anselm Bayly,1758,,eng
9780781209250,"Plea For The West, A (The Works Of Lyman Beecher)","Beecher, Lyman",1835,,eng
9780781209281,Equality (The Works Of Edward Bellamy),Edward Bellamy,1897,,eng
9780781209298,Life And Correspondence Of Samuel Johnson,Eban E. Beardsley,1874,,eng
9780781209304,"Christina Rosetti, Biographical And Critical Study",Mackenzie Bell,1898,,eng
9780781209311,"Theory Of Language, The (The Works Of James Beattie)",James Beattie,1788,,eng
9780781209434,"Dissertations, Moral And Critical (The Works Of James Beattie)",James Beattie,1783,,eng
9780781209465,The American Builder's Companion (The Works Of Asher Benjamin) (# X0946),Asher Benjamin,1827,,eng
9780781209472,Star Papers Of Experience Of Art And Nature (The Works Of Henry Ward Beecher),Henry Ward Beecher,1855,,eng
9780781209519,Essays On Poetry & Music (The Works Of James Beattie),James Beattie,1798,,eng
9780781209557,"Rudiments Of Architecture, The (The Works Of Asher Benjamin)",Asher Benjamin,1814,,eng
9780781209564,"Practical House Carpenter, The (The Works Of Asher Benjamin)",Asher Benjamin,1830,,eng
9780781209571,Practice Of Architecture (The Works Of Asher Benjamin),Asher Benjamin,1833,,eng
9780781209588,The Builders Guide (The Works Of Asher Benjamin),Asher Benjamin,1839,,eng
9780781209595,Elements Of Architecture (The Works Of Asher Benjamin),Asher Benjamin,1843,,eng
9780781209649,Glossary Of The Dorset Dialect,William Barnes undifferentiated,1886,,eng
9780781209670,Dr. Heidenhoff's Process (The Works Of Edward Bellamy),Edward Bellamy,1880,,eng
9780781209854,Evidences Of The Christian Religion Briefly & Plainly Stated (The Works Of James Beattie),James Beattie,1787,,eng
9780781211321,Old Creole Days (The Works of George W. Cable),George Washington Cable,1883,,eng
9780781211345,Madame Delphine (The Works Of George W. Cable - 19 Volumes),George Washington Cable,1881,,eng
9780781211376,Silent South (The Works Of George W. Cable - 19 Volumes),George Washington Cable,1907,,eng
9780781211444,Bylow Hill (The Works Of George W. Cable - 19 Volumes),George Washington Cable,1902,,eng
9780781211482,Amateur Garden (The Works Of George W. Cable - 19 Volumes),George Washington Cable,1881,,eng
9780781211574,Seacliff (The Works Of John W. De Forest - 17 Volumes),John William De Forest,1859,,eng
9780781211581,Kate Beaumont (The Works Of John W. De Forest - 17 Volumes),John William De Forest,1872,,eng
9780781211598,Wetherel Affair (The Works Of John W. De Forest - 17 Volumes),John William De Forest,1878,,eng
9780781211628,Justine's Lovers (The Works Of John W. De Forest - 17 Volumes),John William De Forest,1878,,eng
9780781211635,Irene The Missionary (The Works Of John W. De Forest - 17 Volumes),John William De Forest,1879,,eng
9780781211666,Deforests Of Avesnes (The Works Of John W. De Forest - 17 Volumes),John William De Forest,1900,,eng
9780781211925,Damnation Of Theron Ware (The Works Of Harold Frederic - 14 Volumes),Harold Frederic,1896,,eng
9780781212069,Under The Skylights (The Works Of Henry B. Fuller - 15 Volumes),Henry B. Fuller,1901,,eng
9780781212083,Lines Long And Short (The Works Of Henry B. Fuller - 15 Volumes),Henry B. Fuller,1917,,eng
9780781212090,On The Stairs (The Works Of Henry B. Fuller - 15 Volumes),Henry B. Fuller,1918,,eng
9780781212281,Boy Life On The Prairie,Hamlin Garland,1899,,eng
9780781212632,Lobe's Dilemmas (The Works Of Robert Herrick - 25 Volumes),Robert Herrick,1898,,eng
9780781212663,Their Child (The Works Of Robert Herrick - 25 Volumes),Robert Herrick,1903,,eng
9780781212670,Common Lot (The Works Of Robert Herrick - 25 Volumes),Robert Herrick,1904,,eng
9780781212700,Together (The Works Of Robert Herrick - 25 Volumes),Robert Herrick,1908,,eng
9780781212717,Life For A Life (The Works Of Robert Herrick - 25 Volumes),Robert Herrick,1910,,eng
9780781212724,Healer (The Works Of Robert Herrick - 25 Volumes),Robert Herrick,1911,,eng
9780781212731,His Great Adventure (The Works Of Robert Herrick),Robert Herrick,1913,,eng
9780781212748,One Woman's Life (The Works Of Robert Herrick - 25 Volumes),Robert Herrick,1913,,eng
9780781212762,Conscript's Mother (The Works Of Robert Herrick - 25 Volumes),Robert Herrick,1916,,eng
9780781212786,Homely Lilla (The Works Of Robert Herrick - 25 Volumes),Robert Herrick,1923,,eng
9780781212793,Waste (The Works Of Robert Herrick - 25 Volumes),Robert Herrick,1924,,eng
9780781212946,"Travel Letters From New Zealand, Australia, And Africa (The Works Of E. W. Howe - 15 Volumes)",E. W. Howe,1913,,eng
9780781213042,Country By-ways (The Works Of Sarah O. Jewett),Sarah Orne Jewett,1881,,eng
9780781213073,Marsh Island (The Works Of Sarah O. Jewett - 14 Volumes),Sarah Orne Jewett,1885,,eng
9780781213127,Life Of Nancy (The Works Of Sarah O. Jewett - 14 Volumes),Sarah Orne Jewett,1895,,eng
9780781213158,Tory Lover (The Works Of Sarah O. Jewett - 14 Volumes),Sarah Orne Jewett,1901,,eng
9780781213394,Husband's Story (The Works Of David G. Phillips - 26 Volumes),David G. Phillips - undifferentiated,1910,,eng
9780781213417,Conflict (The Works Of David G. Phillips - 26 Volumes),David G. Phillips - undifferentiated,1911,,eng
9780781213486,Twice Told Tales (Volume 1 ) (The Works Of Nathaniel Hawthorne  (12 Volumes),Nathaniel Hawthorne,1882,,eng
9780781213608,Complete Works Of Oliver Wendell Holmes 13 Volumes),"Oliver Wendell Holmes, Sr.",1892,,eng
9780781214018,Letters Of Mrs. Adams,Abigail Adams,1840,,eng
9780781214025,Familar Letters Of John Adams And His Wife During The Revolution,Abigail Adams,1876,,eng
9780781214094,History Of Braintree,Charles Adams,1891,,eng
9780781214117,Columbus and  His Discovery Of America,Charles Adams,1892,,eng
9780781214407,History Of The United States Of America 9 Volumes),Henry Adams,1891,,eng
9780781214452,Degradation of the Democratic Dogma,Henry Adams - undifferentiated,1919,,eng
9780781215077,"New England In The Republic, 1776-1850 (Notable American Authors Series - Part I)",James Adams,1926,,eng
9780781215831,Revision Of The Echini,Alexander Agassiz,1872,,eng
9780781216630,Poems - Volume 1,Thomas Aldrich,1861,,eng
9780781216647,Poems - Volume 2,Thomas Aldrich,1874,,eng
9780781216715,Life Of Thomas Bailey Aldrich,Thomas Aldrich,1873,,eng
9780781217668,American Biographical And Historical Dictionary,William Allen,1809,,eng
9780781217712,"Memoir Of John Codman, D.d.",William Allen,1853,,eng
9780781217743,Poems Of Nazareth And The Cross,William Allen,1866,,eng
9780781219211,"Plain And Pleasant Talks About Fruits, Flowers And Farming",Henry Ward Beecher,1859,,eng
9780781219921,Nick Of The Woods,Robert Montgomery Bird,1837,,eng
9780781219938,Adventures Of Robin Day (Notable American Authors Series - Part I),Robert Montgomery Bird,1839,,eng
9780781220118,Historical Introduction To The Philippine Islands,Edward Gaylord Bourne,1907,,eng
9780781220286,History Of The Late War,H. M. Brackenridge,1816,,eng
9780781221054,"New Views Of Christianity, Society, And The Church",Orestes Augustus Brownson,1836,,eng
9780781221085,Essays And Reviews,Orestes Augustus Brownson,1852,,eng
9780781221122,Conversation On Liberalism And The Church,Orestes Augustus Brownson,1870,,eng
9780781222334,"Westover Manuscripts (history Of The Dividing Line Between Virginia And North Corolina, A Journey To The Land Of Eden, A Progress To The Mines)",William Byrd,1841,,eng
9780781222389,Address To The People Of The South,"Calhoun, John C.",1849,,eng
9780781222631,Woodman And Other Poems,William Ellery Channing,1849,,eng
9780781223041,Works Of Henry Clay (10 Volumes),Henry Clay,1857,,eng
9780781223072,History Of The Five Indian Nations,Cadwallader Colden,1727,,eng
9780781223096,Letters On Smith's History Of New York - 9 Vols,Cadwallader Colden,1768,,eng
9780781223102,Letters And Papers Of Cadwallader Colden (new York Historical Society),Cadwallader Colden,1918,,eng
9780781223164,Keyes Of The Kingdom Of Heaven,John Cotton,1644,,eng
9780781223201,Bk Ii Of Survey Of The Summe Of Church- Discipline,John Cotton,1648,,eng
9780781223355,Wandering Jew And The Pound Of Flesh,Moncure Daniel Conway,1881,,eng
9780781223393,Omitted Chapters Of History,Moncure Daniel Conway,1888,,eng
9780781223430,Life Of Thomas Paine (2 Vols. ),Moncure Daniel Conway,1892,,eng
9780781223447,Centenary History Of South Place Chapel,Moncure Daniel Conway,1895,,eng
9780781224536,Letters From An American Farmer,Michel-guillaume Jean De Crevecoeur,1782,,eng
9780781224727,Essays From The Easy Chair,George William Curtis,1892,,eng
9780781224987,Myths And Folklore Of Ireland,Jeremiah Curtin,1890,,eng
9780781226103,Buccaneer And Other Poems,Richard Henry Dana,1827,,eng
9780781226219,Education Of The Greek People And Its Influence On Civilization,Thomas Davidson,1897,,eng
9780781226233,A History Of Education,Thomas Davidson,1900,,eng
9780781226240,Education Of The Wage Earner,Thomas Davidson,1905,,eng
9780781226257,Selected Works,Voltairine de Cleyre,1913,,eng
9780781226721,Cipher In The Plays And On The Tombstone,Ignatius Donnelly,1899,,eng
9780781226783,Practical History Of A New Epidemical Eruptive Military Fever... In Boston New England In The Years 1735 And 1736,William Douglass,1736,,eng
9780781226868,Life Of Tecumseh And His Brother... With An Historical Sketch Of The Shawanoe Indians,Benjamin Drake,1841,,eng
9780781226882,Dictionary Of American Biography Containing Nearly Ten Thousand Notices,Francis S. Drake,1872,,eng
9780781226899,Life And Correspondence Of Henry Knox (Notable American Authors),Francis S. Drake,1873,,eng
9780781226905,Town Of Roxbury (Notable American Authors),Francis S. Drake,1878,,eng
9780781226981,Treatise On Natural History,John William Draper,1849,,eng
9780781227179,Memoir Of George Fred Cooke,William Dunlap,1813,,eng
9780781227193,History Of The American Theater (3 Volumes),William Dunlap,1832,,eng
9780781227292,Dictionary Of Roots And Drivations,Theodore Dwight,1837,,eng
9780781227421,Discourse On The Character Of George Washington,Timothy Dwight,1800,,eng
9780781227575,Manual Of The Mother Church,Mary Baker Eddy,1895,,eng
9780781227612,God Glorified In The Work Of Redemption (Notable American Authors),Jonathan Edwards,1731,,eng
9780781227872,Passages From The History Of Liberty,Samuel Eliot,1847,,eng
9780781227933,Physical Geography Of The Mississippi Valley,"Ellet, Charles",1849,,eng
9780781227988,"Debates, Resolutions, And Other Proceedings In Con- Vention On The Adoption Of The Federal Constitution  (5 Volumes)",Jonathan Elliot,1827,,eng
9780781228015,Funding System Of The United States And Great Britain,Jonathan Elliot,1845,,eng
9780781228121,Conduct Of Life - Vol. 6,Ralph Waldo Emerson,1883,,eng
9780781228138,Lectures And Biographical Sketches - Vol. 10,Ralph Waldo Emerson,1883,,eng
9780781228152,Letters And Social Aims - Vol. 8,Ralph Waldo Emerson,1883,,eng
9780781228664,Historical Documentary History Of The Revolution (6 Volumes),Peter Force,1843,,eng
9780781228855,Articles Of Belief And Acts Of Religion Vol.2,Benjamin Franklin,1728,,eng
9780781228916,Cool Thoughts On The Present Situation Of Our Public Affairs,Benjamin Franklin,1764,,eng
9780781228978,Report Of The Exploring Expedition To The Rocky Mountains,John C. Frémont,1843,,eng
9780781229005,Daring Adventures Of Kit Carson And Fremont,John C. Frémont,1887,,eng
9780781229326,Pictorial And Descriptive View Of All Religions,Charles Augustus Goodrich,1829,,eng
9780781229357,A Child's History Of The United States,Charles Augustus Goodrich,1846,,eng
9780781229548,Essays On Art (in Memoir By H. T. Tuckerman),Horatio Greenough,1853,,eng
9780781229555,Letters Of Horatio Greenough To His Brother Henry Greenough,Horatio Greenough,1887,,eng
9780781229562,"Commerce Of The Prairies; Or, Journal Of A Santa Fe Trader (2 Volumes)",Josiah Gregg,1844,,eng
9780781229814,Poems And Fancies (Notable American Authors),Edward Everett Hale,1901,,eng
9780781229838,Letters From The West,James Hall,1828,,eng
9780781229951,Lyrics Of The Letter H,Charles Graham Halpine,1854,,eng
9780781229968,"Life And Adventures, Songs, Services And Speeches Of Private Miles O'reilly",Charles Graham Halpine,1864,,eng
9780781230094,Birds Of The Bible,Henry Harbaugh,1854,,eng
9780781230100,Life Of Michael Schlatter,Henry Harbaugh,1857,,eng
9780781230117,Fathers Of The German Reformed Church In Europe And America (2 Volumes),Henry Harbaugh,1857,,eng
9780781230278,Contributions To The Ecclesiastical History Of The U. S.,Francis Lister Hawks,1836,,eng
9780781230285,History Of The Protestant Episcopal Church (2 Volumes),Francis Lister Hawks,1863,,eng
9780781230292,Early History Of The Southern States,Francis Lister Hawks,1832,,eng
9780781230865,Young Pilot Of The Belle Creole,Caroline Lee Whiting Hentz,1850,,eng
9780781231060,Life Of Francis Higginson,Thomas Wentworth Higginson,1891,,eng
9780781231145,Larger History Of The United States,Thomas Wentworth Higginson,1885,,eng
9780781231152,A Reader's History Of American Literature,Thomas Wentworth Higginson,1903,,eng
9780781231237,History Of Banks,Richard Hildreth,1837,,eng
9780781231268,Theory Of Morals,Richard Hildreth,1844,,eng
9780781231275,History Of The United States (6 Volumes),Richard Hildreth,1849,,eng
9780781231343,Vigil Of Faith And Other Poems,Charles Fenno Hoffman,1842,,eng
9780781231367,"Love's Calendar, Lays Of The Hudson, And Other Poems",Charles Fenno Hoffman,1847,,eng
9780781231640,Iron Gate And Other Poems,"Oliver Wendell Holmes, Sr.",1880,,eng
9780781231749,Life Of Young Sir Henry Vane,James Kendall Hosmer,1888,,eng
9780781231756,Life Of Thomas Hutchinson,James Kendall Hosmer,1896,,eng
9780781231770,Story Of The Jews,James Kendall Hosmer,1885,,eng
9780781231794,A Short History Of The Mississippi Valley,James Kendall Hosmer,1901,,eng
9780781231954,To The End Of The Trail,Richard Hovey,1908,,eng
9780781231985,Collections Of The State Of New York (with J.w. Barber),Henry Howe,1841,,eng
9780781232005,Historical Collections Of The State Of New Jersey,Henry Howe,1844,,eng
9780781232036,Historical Collections Of The Great West,Henry Howe,1851,,eng
9780781232043,Travels And Adventures Of Celebrated Travelers,Henry Howe,1853,,eng
9780781232050,Life And Death On The Ocean,Henry Howe,1855,,eng
9780781232081,All The Western States And Territories,Henry Howe,1867,,eng
9780781232098,Times Of The Rebellion In The West,Henry Howe,1867,,eng
9780781232241,Sketches Of Representative New England Women,Julia Howe,1905,,eng
9780781232869,Northern Dawn And Other Poems,Jedediah Vincent Huntington,1843,,eng
9780781232913,St. Vincent De Paul And The Fruits Of His Life,Jedediah Vincent Huntington,1852,,eng
9780781233088,Opening Addresses Of The American Stage (with William Carey),Laurence Hutton,1887,,eng
9780781233316,"Devil, The (Notable American Authors)",Robert Ingersoll,1899,,eng
9780781233637,Story Of A Year,Henry James,1865,,eng
9780781233699,Madonna Of The Future (volume 13),Henry James,1908,,eng
9780781233804,Point Of View (volume 14),Henry James,1908,,eng
9780781233828,Tales Of Three Cities,Henry James,1884,,eng
9780781233910,A London Life  (volume 10),Henry James,1908,,eng
9780781233927,"Liar, The (volume 12)",Henry James,1908,,eng
9780781233965,Lessons Of The Master And Other Stories (volume 15),Henry James,1909,,eng
9780781234030,Private Life (volume 17),Henry James,1909,,eng
9780781234061,Death Of The Lion (volume 15),Henry James,1908,,eng
9780781234115,Figure In The Carpet (volume 15),Henry James,1909,,eng
9780781234122,Friends Of The Friends (volume 17),Henry James,1909,,eng
9780781234139,Spoils Of Poynton (volume 10),Henry James,1908,,eng
9780781234153,In The Cage  (volume 11),Henry James,1908,,eng
9780781234214,Tree Of Knowledge (volume 16),Henry James,1909,,eng
9780781234269,Miss Gunton Of Poughkeepsie (volume 16),Henry James,1909,,eng
9780781234375,Story In It (volume 18),Henry James,1909,,eng
9780781234443,The Sense Of The Past (unfinished),Henry James,1917,,eng
9780781234603,Picture And Text,Henry James,1893,,eng
9780781234627,William Wetmore Story And His Friends,Henry James,1894,,eng
9780781234634,The Lesson Of Balzac,Henry James,1905,,eng
9780781234764,The Varieties Of Religious Experience,William James,1902,,eng
9780781234863,A Study Of Primitive Christianity,Lewis George Janes,1886,,eng
9780781234917,Introduction To The Study Of Philosophy,Samuel Johnson,1731,,eng
9780781234948,English And Hebrew Grammar,Samuel Johnson,1767,,eng
9780781234993,"Lectures, Essays, Sermons",Samuel Johnson,1883,,eng
9780781235037,A History Of The United States For Schools (Notable American Authors),Alexander Johnston,1885,,eng
9780781235167,The Spanglers And Tingles (the Rival Belles),John Beauchamp Jones,1852,,eng
9780781235914,"Phil, The Fiddler; Story Of A Young Street Musician","Horatio Alger, Jr.",1903,,eng
9780781235945,Randy Of The River; Adventures Of A Young Deckhand,"Horatio Alger, Jr.",1906,,eng
9780781236058,Strive And Succeed; Progress Of Walter Conrad,"Horatio Alger, Jr.",1872,,eng
9780781236065,"Strong And Steady, Story Of A Successful Boy","Horatio Alger, Jr.",1907,,eng
9780781236164,"Tony, The Hero; Brave Boy's Adventures With A Tramp","Horatio Alger, Jr.",1890,,eng
9780781236195,Wait And Win; Story Of Jack Drummond's Pluck,"Horatio Alger, Jr.",1908,,eng
9780781236317,"In Ole Virginia (volume 1 Of The Novel, Stories, Sketches, And Poems Of Thomas Nelson Page)",Thomas Nelson Page,1906,,eng
9780781236324,"Burial Of The Guns, The (BCL1-PS American Literature)",Thomas Nelson Page,1912,,eng
9780781236386,"Old Gentleman Of The Black Stock, The (BCL1-PS American Literature)",Thomas Nelson Page,1912,,eng
9780781236409,"Pastime Stories; Poems (BCL1-PS American Literature) The Novels, Stories,Sketches and Poems of Thomas Nelson Page Vol 10",Thomas Nelson Page,1908,,eng
9780781236447,"The Novels, Stories, Sketches, Poems of Thomas Nelson Page Vol. 14",Thomas Nelson Page,1910,,eng
9780781236461,"The Novels, Stories, Sketches and Poems of Thomas Nelson Page Volume 16",Thomas Nelson Page,1910,,eng
9780781236478,"The novels, stories, sketches & poems of Thmos Nelson Page",Thomas Nelson Page,1912,,eng
9780781236522,Tangentail Views (volume 9) (Notable American Authors Series - Part I),Ambrose Bierce,1911,,eng
9780781236539,"In Motley, King Of Beasts, Two Administrations, Miscellaneous (volume 12) (Notable American Authors Series - Part I)",Ambrose Bierce,1912,,eng
9780781236553,Antepenultimata  (volume 11)(Notable American Authors Series - Part I),Ambrose Bierce,1912,,eng
9780781236676,Rob of the Bowl,John Pendleton Kennedy,1838,,eng
9780781236690,Memoirs of the Life of Wissliam Wirt,John Pendleton Kennedy,1842,,eng
9780781236720,Narrative of and Expedition of Five Americans Into a Land of Wild Animals,John Pendleton Kennedy,1854,,eng
9780781236751,The Power of Literature and Its Connection With Religion,Francis Scott Key,1834,,eng
9780781236768,Poems of the Late Francis Scott Key,Francis Scott Key,1857,,eng
9780781236775,"Vol. 1, Report of the Geological Exploration of the Fortieth Parrell",Clarence King,1870,,eng
9780781236799,The Poems of Arouet,Joseph Brown Ladd,1786,,eng
9780781236850,The Higher Life in Art,John LA Farge,1908,,eng
9780781236874,Reminiscences of the South Seas,John LA Farge,1912,,eng
9780781236881,The Gospel Story in Art,John LA Farge,1913,,eng
9780781236928,Complete Works of Artemus Ward,Melville D. Landon,1879,,eng
9780781236935,Wit and Humor of the Age,"Mark Twain; Burdette, Robert J.; Billings, Josh; Alex Sweet; Eli Perkins; Melville D. Landon",1883,,eng
9780781236942,"Wise, Witty, Eloquent Kings of the Platform and Pulpit",Melville D. Landon,1890,,eng
9780781237017,"Voices Of The Night, Poems On Slavery, The Belfry Of Bruges, Etc. -  (volume I - The Works Of Henry Wadsworth Longfellow)",Henry Wadsworth Longfellow,1904,,eng
9780781237031,"Birds Of Passage, The Masque Of Pandora, Keramos, Etc. - (volume Iii- The Works Of Henry Wadsworth Longfellow)",Henry Wadsworth Longfellow,1904,,eng
9780781237048,Tales Of A Wayside Inn - (volume Iv - The Works Of Henry Wadsworth Longfellow),Henry Wadsworth Longfellow,1904,,eng
9780781237062,"Judas Maccabaeus, Michael Angelo And Translations (volume Vi - The Works Of Henry Wadsworth Longfellow)",Henry Wadsworth Longfellow,1904,,eng
9780781237079,Outre-mer And Drift-wood -  (volume Vii - The Works Of Henry Wadsworth Longfellow),Henry Wadsworth Longfellow,1904,,eng
9780781237215,The English Novel and the Prindiple of Its Development,Sidney Lanier,1883,,eng
9780781237444,The Sunbeam and other Stories,Lucy Larcom,1860,,eng
9780781237581,Riverside Edition of Hawthorne's Works,George Parsons Lathrop,1883,,eng
9780781237659,"Stories-Tales and Sketches, by a Cosmopolite",James Lawson,1830,,eng
9780781237666,Poems and Translations,Emma Lazarus,1867,,eng
9780781237673,Admetus and other Poems,Emma Lazarus,1871,,eng
9780781237710,Songs of a Semite(including The Dance to Death),Emma Lazarus,1882,,eng
9780781237789,A History of the Inquistion in the Middle Ages,Henry Charles Lea,1888,,eng
9780781237819,The Moroscos of Spain,Henry Charles Lea,1901,,eng
9780781237864,The Campaign of 1781 in the Carolinas,Henry Lee,1824,,eng
9780781237888,The Life of the Emperor Napoleon,Henry Lee,1835,,eng
9780781237963,Trials and Troubles of the Bowser Family,M. Quad,1889,,eng
9780781238076,Life and letters of George Cabot,Henry Cabot Lodge,1877,,eng
9780781238113,Studies in History,Henry Cabot Lodge,1886,,eng
9780781238137,Historical and Political Essays,Henry Cabot Lodge,1892,,eng
9780781238151,The Story of the Revolution,Henry Cabot Lodge,1898,,eng
9780781238168,Story of the Spanish War,Henry Cabot Lodge,1899,,eng
9780781238175,A Frontier Town and Other Essays,Henry Cabot Lodge,1906,,eng
9780781238373,The New England Tragedy,Henry Wadsworth Longfellow,1860,,eng
9780781238397,The Divine Comedy of Miles Standish and Other Poems,Henry Wadsworth Longfellow,1865,,eng
9780781238441,Keramos and other Poems,Henry Wadsworth Longfellow,1878,,eng
9780781238496,A Book of Hymns and Tunes,Samuel Longfellow,1860,,eng
9780781238502,Hymns of the Spirit,Samuel Longfellow,1864,,eng
9780781238540,Letters on the Epistle of Paul to Philemon,Augustus Baldwin Longstreet,1845,,eng
9780781238564,Letters From President Longstreet to the Know-Nothing Preachers of the Methodist Church South,Augustus Baldwin Longstreet,1855,,eng
9780781238588,Pictorial Field Book of the Revolution,Benson J. Lossing,1850,,eng
9780781238601,Pictorial Field Book of the War of 1812,Benson J. Lossing,1868,,eng
9780781238779,A Legend of Brittany and Other Miscellaneous Poems and Sonnets,James Russell Lowell,1844,,eng
9780781238922,Prose-Conversations on Some of the Old Poets,James Russell Lowell,1845,,eng
9780781239103,The English Consitution,Jesse Macy,1897,,eng
9780781239165,The Influence of Sea Power Upon the French Revolution and Empire,Alfred Thayer Mahan,1892,,eng
9780781239189,The Interest of America in Sea Power,Alfred Thayer Mahan,1897,,eng
9780781239202,The Life of Nelson,Alfred Thayer Mahan,1897,,eng
9780781239219,Lesson of the Spanish War,Alfred Thayer Mahan,1899,,eng
9780781239226,The Problem of Asia,Alfred Thayer Mahan,1900,,eng
9780781239387,Powers and Duties of Women,Horace Mann,1853,,eng
9780781239455,The Select work of Tertullian,Francis Andrew March,1875,,eng
9780781239486,The Life of George Washington ,John Marshall,1807,,eng
9780781239493,The Writing of John Marshall Upon the Federal Constitution,John Marshall,1839,,eng
9780781239509,A Poem to the Memory of Mr. Urian Oakes,Cotton Mather,1682,,eng
9780781239554,Pietas in Patrian (Life of Sir William Phips),Cotton Mather,1697,,eng
9780781239660,Sentiments of the Small Pox Inoculated,Cotton Mather,1721,,eng
9780781239691,Parentator (Life of Increase Mather),Cotton Mather,1724,,eng
9780781239752,A Discourse Concerning Baptism and the Consecration of Churches,Increase Mather,1675,,eng
9780781239769,A Brief History of the War With the Indians,Increase Mather,1676,,eng
9780781239790,Essay for the Recording of Illustrius Providences,Increase Mather,1684,,eng
9780781239806,Several Papers Relating to the State of New England,Increase Mather,1690,,eng
9780781239820,"The Great Blessing, of the Primitive Counsellours",Increase Mather,1693,,eng
9780781239837,The Surest Way to the Greates Honour,Increase Mather,1699,,eng
9780781239875,Poems on Man in His Various Aspects Under the American Republic,Cornelius Mathews,1843,,eng
9780781240048,Work In Mound Exploration Of The Bureau Of Ethonology,Cyrus Thomas,1887,,eng
9780781240109,"Circular, Square, And Octagonal Earthworks Of Ohio",Cyrus Thomas,1889,,eng
9780781240116,Omaha And Ponka Letters,James Owen Dorsey,1891,,eng
9780781240154,"Bibliography Of The Chinookan Languages, Including The Chinook Jargon",James Constantine Pilling,1893,,eng
9780781240246,List Of The Publications Of The Bureau Of Ethnology,Frederick Webb Hodge,1894,,eng
9780781240321,"Antiquities Of The Jemez Plateau, New Mexico",Edgar Hewett,1906,,eng
9780781240345,Physiological And Medical Observations Among The Indians Of Southwestern United States And Northern Mexico,Aleš Hrdlička,1908,,eng
9780781240413,Antiquities Of The Mesa Verde National Park; Spruce-tree House,Jesse Walter Fewkes,1909,,eng
9780781240437,Indian Tribes Of The Lower Mississippi Valley And Adjacent Coast Of The Gulf Of Mexico,John Reed Swanton,1911,,eng
9780781240475,Dictionary of the Biloxi and Ofo Languages,Swanton Dorsey,1912,,eng
9780781240550,Ethnobotany Of The Tewa Indians,"Robbins, Wilfred William",1916,,eng
9780781240574,Introduction To The Study Of Maya Hieroglyphs,Sylvanus Griswold Morley,1915,,eng
9780781240697,Native Villages And Village Sites East Of The Mississippi,David I. Bushnell,1919,,eng
9780781240789,Handbook Of The Indians Of California,A. L. Kroeber,1925,,eng
9780781242363,"The red, brown, and black men of America and Australia, and their white supplanters.",George Thomas Bettany,1890,,eng
9780781242448,The Indian races of North and South America.,Charles De Wolf Brownell,1864,,eng
9780781242462,Life amongst the Indians. A book for youth.,George Catlin,1867,,eng
9780781242479,North and South American Indians.,George Catlin,1871,,eng
9780781242509,The treatment of the Indians by the colonists.,Ellery Bicknell Crane,1905,,eng
9780781242554,Lives of celebrated American Indians.,Samuel Griswold Goodrich,1856,,eng
9780781242646,Israelite and Indian; a parallel in planes of culture.,Garrick Mallery,1889,,eng
9780781242677,"American Indian life, by several of its students.",Mrs. Elsie Worthington Parsons,1922,,eng
9780781242806,Catalogue of an exhibition of objects of indigenous American art.,London. Burlington fine arts club,1920,,eng
9780781242875,"A study of the houses of the American aborigines; with suggestions for the exploration of the ruins in New Mexico, Arizona, the valley of the San Juan, and in Yucatan and Central America, under the auspices of the Archaeological institute.",Lewis Henry Morgan,1880,,eng
9780781242899,The literary faculty of the native races of America.,John Reade,1884,,eng
9780781242974,"The worship and traditions of the aborigines of America; or, Their testimony to the religion of the Bible",Myron Eells,1885,,eng
9780781243001,"The serpent symbol, and the worship of the reciprocal principles of nature in America",Ephraim George Squier,1851,,eng
9780781243032,Ishmael. or. The origin of the red man,A. V. Atkins,1917,,eng
9780781243056,"American antiquities, being the entire section devoted to the subject in the author's series on the native races",Hubert Howe Bancroft,1921,,eng
9780781243070,Cosmic theory of primes,William Sully Beebe,1894,,eng
9780781243094,"Researches into the lost histories of America; or, The zodiac shown to be an old terrestrial map in which the Atlantic isle is dejineated; so that light can be thrown upon the obscure histories of the earthworks and ruined cities of America",William Stephens Blacket,1883,,eng
9780781243124,On various supposed relations between the American and Asian races,Daniel Garrison Brinton,1893,,eng
9780781243131,"The origin of the Guyanian Indians ascertained: or The aborigines of America, especially of the Guyanas, and the East Indian coolie immigrants compared",H. Bronkhurst,1881,,eng
9780781243148,"The psychic history of the Cliff dwellers, their origin and destruction",Mrs. Emma Frances Jay Bullene,1905,,eng
9780781243155,The American continent and its inhabitants before its discovery by Columbus; a unique history,Annie Cole Cady,1893,,eng
9780781243179,"The geologic relations of the human relics of Lansing, Kansas, with an editorial on the antiquity of man in America and a review on Kakabikansing (LC History-America-E)",Thomas Chrowder Chamberlin,1902,,eng
9780781243209,"The pre-historic races of America and other lands as disclosed thru Indian traditions, comprehending also the origin of matter and the formation of the world.",Erastus S. Curry,1903,,eng
9780781243278,"Indian migrations, as evidenced by language: comprising the Huron- Cherokee stock: the Dakota stock: the Algonkins: the Chahta-Muskoki stock: the moundbuilders",Horatio Emmons Hale,1883,,eng
9780781243292,"American antiquities; or, the New world the old, and the Old world the new",John T. C. Heaviside,1868,,eng
9780781243315,Government supervision of historic and prehistoric ruins,Edgar Lee Hewett,1904,,eng
9780781243339,The groundwork of American archaeology,Edgar Lee Hewett,1908,,eng
9780781243353,"A short work on the Popol and the traditional history of the ancient Americans, by Ixt-lil-xochitl",Louis Edward Hills,1918,,eng
9780781243391,Accounts of the ten tribes of Israel being in America originally published by R. Manasseh ben Israel.,Robert Ingram,1792,,eng
9780781243407,"The ten tribes of Israel; or, The true history of the North American Indians, showing that they are the descendants of these ten tribes",Timothy R. Jenkins,1883,,eng
9780781243445,"The first discovery of America, and its early civilization",Franz Jacob Kruger,1863,,eng
9780781243469,"The great mystery explained, or The Indians of America proved to be the ten tribes of Israel",Daniel H. Lawrence,1851,,eng
9780781243483,Researches on America; being an attempt to settle some points relative to the aborigines of America,James Haines McCulloh,1817,,eng
9780781243995,Remarks of Mr. Fr. Peale on a collection of Indian remains,Franklin Peale,1860,,eng
9780781244015,American antiquities and discoveries in the West being an exhibition of the evidence that an ancient population of partially civilized nations differing entirely from those of the present Indians.,"Priest, Josiah",1838,,eng
9780781244039,Archaeological and ethnological research in the United States,Frederic Ward Putnam,1902,,eng
9780781244046,"The American Nations; or, Outlines of their general history, ancient and modern including the whole history of the earth and mankind in the western hemisphere.",Constantine Samuel Rafinesque,1836,,eng
9780781244053,The ancient monuments of North and South America,Constantine Samuel Rafinesque,1838,,eng
9780781244084,"Cumorah revisited or, The book of Mormon and the claims of the Mormons re-examined from the viewpoint of American archaeology and ethnology",Charles Augustus Shook,1910,,eng
9780781244091,The Ten tribes of Israel historically identified with the aborigines of the western hemisphere,Barbara Allen Simon,1836,,eng
9780781244121,Pre-historic man; the first settlers on the western continent oriental free masons,Henry Samuel Tanner,1908,,eng
9780781244138,"View of the Hebrews; or, The tribes of Israel in America",Ethan Smith,1825,,eng
9780781244152,"Iewes in America, or, Probabilities that the Americans are of that race. With the removall of some contrary reasonings, and earnest desires for effectuall endeavours to make them Christian",Thomas Thorowgood,1650,,eng
9780781244183,"Hearings before the Committee on the public lands, January 11, 1905, for preservation of prehistoric ruins on the public lands.",U.S. Congress. House. Committee on public lands,1905,,eng
9780781244190,On the evidences of the antiquity of man in the United States,Charles Whittlesey,1869,,eng
9780781244220,"Observations on the climate in different parts of America, compared with the climate in corresponding parts of the other continent.",Hugh Williamson,1811,,eng
9780781244237,The antiquity of the red race in America,Thomas Wilson,1895,,eng
9780781244244,"A view of the American Indians, their general character, customs, language, public festivals, religious rites, and traditions",Israel Worsley,1828,,eng
9780781244251,Origin of American aborigines,Herbert Francis Wright,1917,,eng
9780781244268,"Memoir on the European colonizations of America, in ante-historic times",August Christian Adolf Zestermann,1851,,eng
9780781244305,Tribes of the extreme northwest,William Healey Dall,1877,,eng
9780781244312,Tribes of western Washington and northwestern Oregon,George Gibbs,1877,,eng
9780781244343,Houses and house-life of the American aboriginee,Lewis Henry Morgan,1881,,eng
9780781244350,Observations on cup-shaped and other lapidarian sculptures in the Old world and in America,Charles Rau,1881,,eng
9780781244381,The Cegiha language [the speech of the Omaha and Ponka tribes of the Siouan linguistic family of North American Indians],James Owen Dorsey,1890,,eng
9780781244459,Illustrated catalogue of a portion of the collections made by the Bureau of ethnology during the field season of 1881,William Henry Holmes,1881,,eng
9780781244466,How and by whom were the copper implements made? Who built the mounds?,Philo R. Hoy,1886,,eng
9780781244480,Sheet-copper from the mounds is not necessarily of European origin,Clarence B. Moore,1903,,eng
9780781244497,The field diary of an archaeological collector,Warren King Moorehead,1904,,eng
9780781244503,"The stone age in North America; an archaeological encyclopedia of the implements, ornaments, weapons, utensils, etc. of the prehistoric tribes of North America.",Warren King Moorehead,1910,,eng
9780781244572,"Articles on archeological subjects. Reprinted from the Handbook of american Indians, Bulletin 30 of the Bureau of American ethnology",Smithsonian Institution. Bureau of American Ethnology,1916,,eng
9780781244589,Results of an inquiry as to the existence of man in North America during the paleolithic period of the stone age,Thomas Wilson,1890,,eng
9780781244596,The writings of Caleb Atwater,Caleb Atwater,1833,,eng
9780781244602,Observations on some parts of natural history,Benjamin Smith Barton,1787,,eng
9780781244619,The origin of the mount builders,Alfred Oscar Coffin,1889,,eng
9780781244626,"A brief account of the wonderful discovery of prehistoric relics, consisting of caskets, tablets, and altars, with written records of the mound builders",M. Cornell,1893,,eng
9780781244633,Artisans and artifacts of vanished races,Theophilus L. Dickerson,1915,,eng
9780781244640,"Ancient man in America. Including works in western New York, and portions of other states, together with structures in Central America",Frederick Larkin,1880,,eng
9780781244657,"The mound builders; being an account of a remarkable people that once inhabited the valleys of the Ohio and Mississippi, together with an investigation into the archaeology of Butler County, O.",J. P. MacLean,1904,,eng
9780781244664,Conjectures respecting the ancient inhabitants of North America,Moses Fiske,1820,,eng
9780781244688,"Scraps, osteologic and archaiological. Read before the council of the Historical society of Pennsylvania",John Penington,1841,,eng
9780781244701,The testimony of the mounds,Thomas Edward Pickett,1875,,eng
9780781244718,"Traditions of De-coo-dah. And antiquarian researches comprising extensive explorations, surveys, and excavations of the wonderful and mysterious earthen remains of the mound-builders in America.",William Pidgeon,1853,,eng
9780781244725,The monumental tortoise mounds of De-coo-dah.,Theodore Hayes Lewis,1886,,eng
9780781244763,Iron from the Ohio mounds; a review of the state- ments and misconceptions of two writers of over sixty years ago,Frederic Ward Putnam,1883,,eng
9780781244794,"The moundbuilders; were they Egyptians, and did they ever occupy the state of New York",William L. Stone,1878,,eng
9780781244817,Catalogue of prehistoric works east of the Rocky mountains,Cyrus Thomas,1891,,eng
9780781244831,Report on the mound explorations of the Burearu of ethnology,Cyrus Thomas,1894,,eng
9780781244848,Work in mound exploration of the Bureau of ethnology,Cyrus Thomas,1887,,eng
9780781244855,The problem of the mounds,Duren James Henderson Ward,1905,,eng
9780781244886,On the weapons and military character of the race of the mounds,Charles Whittlesey,1868,,eng
9780781244909,Certain aboriginal remains of the Black Warrior River. Certain aboriginal remains of the Lower Tombigbee River. Certain aboriginal remains of Mobile Bay and Mississippi Sound. Miscellaneous investigation in Florida,Clarence B. Moore,1905,,eng
9780781244930,"Certain mounds of Arkansas and of Mississippi. Part I. Mounds and cemeteries of the lower Arkansas River. Part II. Mounds of the lower Yazoo and lower Sunflower rivers, Mississippi. Part III. The Blum mounds, Mississippi",Clarence B. Moore,1908,,eng
9780781244947,"Crania from the mounds of the St. John's River, Florida. A study made in connection with crania from other parts of North America",Harrison Allen,1896,,eng
9780781244954,The mound-builders of central Florida,Thomas Featherstonhaugh,1899,,eng
9780781244961,Gold and silver ornaments from mounds of Florida,George Frederick Kunz,1887,,eng
9780781244978,The mounds of Florida,Frederick Divoux Lente,1877,,eng
9780781244985,"Certain shell heaps of the St. John's river, Florida, hitherto unexplored",Clarence B. Moore,1892,,eng
9780781245104,The mounds of Florida and their builders,John Francis Richmond,1907,,eng
9780781245142,"The story of a mound; or, The Shawnees in pre- Columbian times",Cyrus Thomas,1891,,eng
9780781245180,The Cahokia and surrounding mound groups,David I. Bushnell,1904,,eng
9780781245234,Archaeological notes. Mounds at Merom and Hutsonville on the Wabash,Frederic Ward Putnam,1872,,eng
9780781245265,The mounds of Louisiana,George Eugene Beyer,1896,,eng
9780781245319,"Prehistoric man at the headwater basin of the Mississippi, and references concerning the succeeding races of humanity descriptive narration, illustrating the results of three distinct expeditions.",Jacob Vradenberg Brower,1895,,eng
9780781245333,"The mounds of the Mississippi Valley, historically considered",Lucien Carr,1883,,eng
9780781245357,"Records of ancient races in the Mississippi valley; being an account of some of the pictographs, sculptured hieroglyphs, symbolic devices, emblems and traditions of the prehistoric races of America, with some suggestions as to their origin",William McAdams,1887,,eng
9780781245371,"Report on an additional collection of skeletal remains, from Arkansas and Louisiana (made, and presented to the naional museum in 1909, by Mr. Clarence B. Moore) by Dr. Ales Hrdlicka",Aleš Hrdlička,1909,,eng
9780781245418,"Observations on the aboriginal monuments of the Mississippi Valley; the character of the ancient earth-works, and the structure, contents, and purposes of the mounds; with notices of the minor remains of ancient art",Ephraim George Squier,1847,,eng
9780781245425,Notes on the archaeology of Missouri. A paper read before the Missouri historical society,Frank Frederick Hilder,1881,,eng
9780781245524,John Marr and Other Sailers (poems),Herman Melville,1888,,eng
9780781245531,Timoleon and Other Poems,Herman Melville,1891,,eng
9780781245739,Songs and Ballads of American Revolution,Frank Moore,1856,,eng
9780781245784,Songs of the Soldiers,Frank Moore,1864,,eng
9780781245838,Women of the War,Frank Moore,1866,,eng
9780781245845,Record of the Year,Frank Moore,1876,,eng
9780781245869,Laws of Consanguinity and Descent of the Iroquois,Lewis Henry Morgan,1858,,eng
9780781245906,Houses and Houselife of the American Aboriginies,Lewis Henry Morgan,1881,,eng
9780781245913,In the Tennessee Mountains (Notable American Authors),Mary Noailles Murfree,1884,,eng
9780781246071,The Frontiersmen (Notable American Authors),Mary Noailles Murfree,1904,,eng
9780781246156,Researches on the Motions of the Moon,Simon Newcomb,1876,,eng
9780781246170,The ABC of Finance,Simon Newcomb,1877,,eng
9780781246354,Man-of-War Life,Charles Nordhoff,1855,,eng
9780781246408,The Freedom of South Carolina,Charles Nordhoff,1863,,eng
9780781246453,God and the Future Life,Charles Nordhoff,1863,,eng
9780781246576,Nye and Riley's Railway Guide (with J. W. Riley),Bill Nye,1888,,eng
9780781246606,Bill Nye's History of the United States,Bill Nye,1894,,eng
9780781246613,Bill Nye's History of England From the Druids to the Reign of Henry VIII,Bill Nye,1896,,eng
9780781246781,Political-The Policy of Emanicipatiuon,Robert Dale Owen,1863,,eng
9780781246804,An Outline of the System of Education at New lanark,Robert Dale Owen,1824,,eng
9780781246873,Novel-Beyond the Breakers,Robert Dale Owen,1870,,eng
9780781246941,The Burieal of the Guns,Thomas Nelson Page,1894,,eng
9780781247115,The Old Dominion-Her Making and her Manners,Thomas Nelson Page,1908,,eng
9780781247139,The Land of the Sprirt,Thomas Nelson Page,1913,,eng
9780781247146,Italy and the World War,Thomas Nelson Page,1913,,eng
9780781247238,The Age of Reason,Thomas Paine,1794,,eng
9780781247283,History of the Conspiracy of Pontiac and the Indian War of Conquest in Canada,Francis Parkman,1851,,eng
9780781247405,The United States and England,"Paulding, James Kirke",1815,,eng
9780781247412,Letters From the South,"Paulding, James Kirke",1822,,eng
9780781247436,A Sketch of Old England,"Paulding, James Kirke",1822,,eng
9780781247481,Tales of the Good Woman,"Paulding, James Kirke",1829,,eng
9780781247900,"Romance Of The Amerrican Theatre, The",Mary Caroline Crawford,1913,,eng
9780781248037,Manor Houses And Historic Homes Of The Hudson Valley,H. D. Eberlein,1924,,eng
9780781250047,History Of California - 7 Vols.,Hubert Howe Bancroft,1884,,eng
9780781250115,"Story Of Inyo, The",Willie A. Chalfant,1922,,eng
9780781250306,History Of California (5 Volumes),Zoeth Skinner Eldredge,1915,,eng
9780781250313,"Missions And Missionaries Of California, The (4 Volumes)",Fr. Zephyrin Englehardt,1908,,eng
9780781250351,Story Of The Guard,Mrs. Jessie Benton Fremont,1863,,eng
9780781250481,History Of California (4 Volumes),Theodore Henry Hittell,1885,,eng
9780781250610,"Book Of Jack London, The (2 Volumes)",Mrs. Charmian London,1921,,eng
9780781250672,"Mountains Of California, The",John Reid Muir,1911,,eng
9780781250818,Life In California Before The Conquest,Alfred Robinson,1846,,eng
9780781250832,California From The Conquest In 1846 To The Second Vigilance Committee In San Francisco (1856),Josiah Royce,1886,,eng
9780781250870,Mining-camps; A Study In American Frontier Government,Charles Howard Shinn,1885,,eng
9780781250993,"On Land And Sea; Or, California In The Years 1843, '44 And '45",William H. Thomas,1892,,eng
9780781251051,History Of San Francisco (2 Volumes),John P. Young,1913,,eng
9780781251112,Gazetteer Of The State Of New York,F. B. Hough,1872,,eng
9780781251129,Pictorial Field Book Of The Revolution (2 Volumes),Benson J. Lossing,1859,,eng
9780781251136,Pictorial Field Book Of The War Of 1812,Benson J. Lossing,1869,,eng
9780781251488,Ferns And Flowering Plants Of New York State,Homer D. House,1924,,eng
9780781251501,Mineral Resources Of The State Of New York,David H. Newland,1921,,eng
9780781251655,Political History Of The State Of New York (3 Volumes),D.s. Alexander,1906,,eng
9780781251778,Decline Of The Aristocracy In The Politics Of New York,Dixon Ryan Fox,1918,,eng
9780781251822,History Of Political Parties In The State Of New York To 1840 (3 Volumes),J.d. Hammond,1852,,eng
9780781251846,Life And Work Of Susan B. Anthony (3 Volumes)),Ida H. Harper,1898,,eng
9780781251891,Constitutional History Of New York (5 Volumes)),C.z. Lincoln,1906,,eng
9780781251907,Sea Power In The Relation To The War Of 1812 (2 Volumes),Alfred Thayer Mahan,1905,,eng
9780781251914,"Hoosac Valley, Its Legend And Its History",Grace G. Niles,1912,,eng
9780781252096,"History Of American Manufactures, 1608-1860",J. L. Bishop,1861,,eng
9780781252188,"Origin, Progress And Vicissitudes Of The Mohawk And Hudson Railroad",Joel Munsell,1875,,eng
9780781252232,Sloops Of The Hudson,William Verplanck,1908,,eng
9780781252263,History Of Canal System Of State Of New York (2 Volumes)),Noble Whitford,1905,,eng
9780781252270,History Of The New York Barge Canal Of State Of New York,Noble Whitford,1922,,eng
9780781252461,Poor Laws Of Massachusetts And New York,John Cummings,1895,,eng
9780781252850,Life Of Edwin Forrest With Reminiscences And Personal Recollections,James Rees,1874,,eng
9780781252973,Early American Inns And Taverns,Elsie Lathrop,1926,,eng
9780781252997,Domestic Architecture Of The Early American Republic,Howard Major,1926,,eng
9780781253093,Ecclesiastical Records Of The State Of New York (6 Volumes),Hugh Hastings,1901,,eng
9780781253116,Story Of Mormonism,W. A. Linn,1902,,eng
9780781253161,History Of The Society Of Friends,A.c. Thomas,1894,,eng
9780781253178,History Of The Protestant Episcopal Church In The United States Of America,C.c. Tiffany,1895,,eng
9780781253215,University Of The State Of New York,Sidney Sherwood,1900,,eng
9780781253543,Life Of Harrison,Moses Dawson,1824,,eng
9780781253642,Notes Of A Busy Life (2 Volume),Joseph B. Foraker,1917,,eng
9780781253673,History Of Ohio (5 Volumes),Charles Burleigh Galbreath,1925,,eng
9780781253734,Contributions To The Early History Of The Northwest,Samuel P. Hildreth,1864,,eng
9780781253840,Ohio; First Fruits Of The Ordinance Of 1787,Rufus King,1888,,eng
9780781253963,History Of The Zoar Society,Emilius Oviatt Randall,1899,,eng
9780781253970,History Of Ohio (5 Volumes),Emilius Oviatt Randall,1912,,eng
9780781254182,Life Of Rutherford Birchard Hayes (2 Volumes),"Williams, Charles Richard",1914,,eng
9780781254250,"Observations On The Inhabitants, Climate, Soil, River Productions, Animals And Other Matters Worthy Of Notice",John Bartram,1751,,eng
9780781254458,"History Of Allegheny County, Pennsylvania 2 Vols.",Dr. Thomas Cushing,1889,,eng
9780781254496,History Of The Susquehanna & Juniata Valleys,Franklin Ellis,1886,,eng
9780781254595,Complete Works (10 Volumes),Benjamin Franklin,1887,,eng
9780781254762,History Of Old Germantown,Naaman Henry Keyser,1907,,eng
9780781254809,Life of Francis Daniel Pastorius,Marion Dexter Learned,1908,,eng
9780781254984,"Jay Cooke, Financier Of The Civil War (2 Volumes)",Ellis Paxson Oberholtzer,1907,,eng
9780781254991,"Philadelphia, A History Of The City And Its People (4 Volumes)",Ellis Paxson Oberholtzer,1912,,eng
9780781258210,Memoirs Of The Life And Character Of Philip Syng Physick,Jacob Randolph,1839,,eng
9780781258227,Life Of David Rittenhouse,James Renwick,1856,,eng
9780781258289,"History Of Philadelphia, 1609-1884 (3 Volumes)",J. Thomas Scharf,1884,,eng
9780781258357,"Life Of Nicholas Lewis, Count Zinzendorf",A. G. Spangenberg,1838,,eng
9780781258388,"Life And Times Of John Dickerson, 1732-1808",Charles Janeway Stille,1891,,eng
9780781258548,"Life Of (john) Conrad Weiser, The German Pioneer",Clement Zwingli Weiser,1899,,eng
9780781258579,Quaker Partisans; A Story Of The Revolution,Edward Williamson,1869,,eng
9780781258623,History Of Texas And The North Mexican States (2 Volumes),Hubert Howe Bancroft,1890,,eng
9780781258647,Source Book Relative To The History Of The University Of Texas,H. Y. Benedict,1917,,eng
9780781258692,"History Of Texas, 1685-1892 (2 Volumes)","Brown, John Henry",1892,,eng
9780781258708,"Indian Wars And Pioneers Of Texas, 1685-1892","Brown, John Henry",1896,,eng
9780781258791,Texas And The Texans (2 Volumes),Henry Stuart Foote,1841,,eng
9780781258814,Journal Of The Texian Expedition Against Mier,Thomas Jefferson Green,1845,,eng
9780781258838,"Observations, In A Series Of Letters Written During A Visit To Austin's Colony In 1831",Mary Austin Holley,1831,,eng
9780781258845,History Of Texas And Texans (5 Volumes),Frank Johnson,1916,,eng
9780781258876,"Texas; Rise, Progress And Prospects Of The Republic Of Texas",William Kennedy,1841,,eng
9780781259002,History Of The Catholic Missions Among The Indian Tribes Of The U.s.,John Gilmary Shea,1855,,eng
9780781259088,Pictorial History Of Texas,Homer S. Thrall,1879,,eng
9780781259118,Comprehensive History Of Texas (2 Volumes),Dudley Wooten,1898,,eng
9780781259125,History Of Texas (2 Volumes),Henderson Yoakum,1856,,eng
9780781259156,Tales Of The Old-timers,Frederick R. Bechdolt,1924,,eng
9780781259316,Voices Of The Southwest (verse),Hilton Ross Greer,1923,,eng
9780781259354,Spanish Missions Of The Old Southwest,Cleve Hellenbeck,1926,,eng
9780781260022,"Basis Of American History, 1500-1900",Livingston Farrand,1904,,eng
9780781260244,Life Of Francis Parkman,Charles Haight Farnham,1901,,eng
9780781260275,Power Of Ideals In American History,Ephraim Adams,1913,,eng
9780781260367,"Study Of American History; Being The Inaugural Lecture Of Literature, And Institutions; With A Appendix Relating To The Foundation.","James Bryce, Viscount Bryce",1922,,eng
9780781260374,The History Of The United States Of America (6 Volumes),Richard Hildreth,1856,,eng
9780781260398,History Of The United States From The Compromise Of 1850 To The End Of The Roosevelt Administration 7 Volumes.( 7 Volumes),James Ford Rhodes,1906,,eng
9780781260442,"Statistical And Chronological History Of The United States Navy, 1775-1907 (2 Volumes)",Robert Wilden Neeser,1909,,eng
9780781260824,The Freedmen's Bureau; A Chapter In The History Of Reconstruction.,Paul Skeels Peirce,1904,,eng
9780781260985,"Preliminaries Of The Revolution, 1763-1775",George Elliott Howard,1905,,eng
9780781261159,Conquest Of The Illinois,George Rogers Clark,1920,,eng
9780781261227,History Of The United States Of America Under The Constitution (7 Volumes)),James Schouler,1908,,eng
9780781261371,Washington And His Collegues; A Chronicle Of The Rise And Fall Of Federalism.,Henry Jones Ford,1921,,eng
9780781261562,"American Slave-trade; An Account Of Its Origin, Growth, & Suppression","Spears, John Randolph",1900,,eng
9780781261951,My Quarter Century Of American Politics (2 Volumes),Champ Clark,1920,,eng
9780781262071,Life Of Rutherford Birchard Hayes (2 Volumes),"Williams, Charles Richard",1914,,eng
9780781262095,Cleveland Era; Chronicle Of The New Order In Politics,Henry Jones Ford,1921,,eng
9780781262248,Woodrow Wilson And The World War,Charles Seymour,1921,,eng
9780781262880,"Frederick Law Olmsted, A Critic Of The Old South.",Broadus Mitchell,1924,,eng
9780781262897,"The New South, And Other Addresses",Henry Woodfin Grady,1904,,eng
9780781263030,Mississippi Valley Beginnings; An Outline Of The Early History Of The Earlier West.,Henry Edward Chambers,1922,,eng
9780781263054,"The Westward Movement. The Colonies And The Republic West Of The Alleghanies, 1763-1798.",Justin Winsor,1897,,eng
9780781263405,Historical Memoirs Of New California (4 Volumes),Francisco Palóu,1926,,eng
9780781263498,Canada And Its Provinces; History Of The Canadian People And Their Institutions. (23 Volumes),Adam And Doughty Shortt,1914,,eng
9780781263610,"Sir George Etienne Cartier, Bart.; His Life And Times. A Political History Of Canada From 1814 Until 1873.",John Boyd,1914,,eng
9780781263641,Memoirs Of The Right Honourable Sir John Alexander Macdonald (2 Volumes),Sir Joseph Pope,1894,,eng
9780781265621,The Winning Of The West; An Account Of The Exploration And Settlement Of Our Country From The Alleghanies To The Pacific. (6 Volumes),Theodore Roosevelt,1920,,eng
9780781266031,"History Of American Literature, A (BCL1-PS American Literature)",Percy Holmes Boynton,1919,,eng
9780781266048,"Spirit Of American Literature, The (BCL1-PS American Literature)",John Albert Macy,1913,,eng
9780781266116,Short Studies Of American Authors,Thomas Wentworth Higginson,1888,,eng
9780781266369,"Satirical Element In The American Novel, The (BCL1-PS American Literature)",Ernest Jackson Hall,1922,,eng
9780781266406,"Lamplighter, The (BCL1-PS American Literature)",Maria Susanna Cummins,1912,,eng
9780781266468,"Library Of American Literature From The Earliest Settlement To The Present Time, A (11 Volumes )",Ellen Mackay  And Cortissoz,1889,,eng
9780781266925,Works of James Fenimore Cooper (36 Volumes),James Fenimore Cooper,1891,,eng
9780781267175,"Poetical Writings Of Fitz-greene Halleck, With Extracts From Those Of Joseph Rodman Drake",Fitz-greene Halleck,1869,,eng
9780781267212,"Letters Of Bret Harte, Assembled & Ed. By Geoffrey Bret Harte, The (BCL1-PS American Literature)",Bret Harte,1926,,eng
9780781267335,Complete Poetical Works,John Hay,1916,,eng
9780781267342,"Bread-winners; A Social Study, The (BCL1-PS American Literature)",John Hay,1899,,eng
9780781267618,"Novels And Tales Of Henry James, The (26 Volumes)",Henry James,1876,,eng
9780781267632,"Ivory Tower, The (BCL1-PS American Literature)",Henry James,1917,,eng
9780781267663,"Sense Of The Past, The (BCL1-PS American Literature)",Henry James,1917,,eng
9780781267687,"Letters Of Henry James, The (2 Volumes)",Henry James,1920,,eng
9780781267816,"Life Of Henry Wadsworth Longfellow, With Extracts From His Journals And Correspondence - (volumes Xii-xiv - The Works Of Henry Wadsworth Longfellow) (3 Volumes) (BCL1-PS American Literature);",Samuel Longfellow,1891,,eng
9780781267991,Complete Poems,Silas Weir Mitchell,1914,,eng
9780781268042,"Prophet Of The Great Smoky Mountains, The (BCL1-PS American Literature)",Mary Noailles Murfree,1896,,eng
9780781268110,Responsibilities Of The Novelist And Joyous Miracle,Frank Norris,1898,,eng
9780781268172,"Love-letters Of Margaret Fuller, 1845-1846",Sarah Margaret Ossoli,1903,,eng
9780781268288,"Brutus; Or, The Fall Of Tarquin",John Howard Payne,1818,,eng
9780781268363,"Life Of Edgar Allan Poe, Personal And Literary, The ( 2 Volumes )",George Edward Woodberry,1909,,eng
9780781268547,"Preacher Of Cedar Mountain; A Tale Of The Open Country, The (BCL1-PS American Literature)",Ernest Thompson Seton,1917,,eng
9780781268585,"Forayers; Or, The Raid Of The Dog-days, The (BCL1-PS American Literature)",William Gilmore Simms,1855,,eng
9780781268608,"Partisan; A Romance Of The Revolution, The (BCL1-PS American Literature)",William Gilmore Simms,1885,,eng
9780781268806,On The Duty Of Civil Disobedience (volume 4),Henry David Thoreau,1906,,eng
9780781268899,"Poems Of Henry Van Dyke, The (BCL1-PS American Literature)",Henry van Dyke,1911,,eng
9780781268905,"Fashions In Literature, And Other Literary And Social Essays & Addresses",Charles Dudley Warner,1902,,eng
9780781268967,Complete Writings (10 Volume),Walt Whitman,1902,,eng
9780781269032,Life And Letters Of John Greenleaf Whittier,Samuel Thomas Pickard,1907,,eng
9780781269186,"Gardens Of Aphrodite, The (BCL1-PS American Literature)",Edgar Evertson Saltus,1920,,eng
9780781269278,"Siege Of London, The (BCL1-PS American Literature)",Henry James,1883,,eng
9780781269285,"Spoils Of Poynton, The (BCL1-PS American Literature)",Henry James,1897,,eng
9780781270038,"Literary History Of The English People, A (3 Volumes))",Jean Adrien Antoine Jules Jusserand,1906,,eng
9780781270076,"Collected Essays & Addresses Of Teh Rt. Hon. Augustine Birrell, 1880-1920, The (3 Volumes)",Augustine Burrell,1922,,eng
9780781270168,"Chaucer's Nuns, And Other Essays",Sister Mary Madeleva,1925,,eng
9780781270212,Studies Of A Biographer (4 Volumes),Sir Leslie Stephen,1898,,eng
9780781270229,Studies Of A Litterateur,George Edward Woodberry,1921,,eng
9780781270373,"Literary Profeccion In The Elizabethan Age, The (BCL1-PR English Literature)","Phoebe, Anne Beale Sheavyn",1909,,eng
9780781270557,Men Of Letters,Dixon Scott,1923,,eng
9780781270755,Old Drama And The New,William Archer,1923,,eng
9780781270847,From Shakespeare To Pope; An Inquiry Into The Causes And Phenomena Of The Rise Of Classical Poetry In England,Edmund Gosse,1885,,eng
9780781270922,Poets Of The Younger Generation,William Archer,1902,,eng
9780781271004,English Miracle Plays And Moralities,E. Hamilton Moore,1907,,eng
9780781271059,"English Drama And Stage Under The Tudor And Stuart Princes, 1543-1664, The (BCL1-PR English Literature)",William Carew Hazlitt,1869,,eng
9780781271103,"British And American Drama Of To-day; Outlines For Their Study, The (BCL1-PR English Literature)",Barrett Harper Clark,1921,,eng
9780781271189,Some Great English Novels; Studies In The Art Of Fiction (BCL1-PR English Literature),Orlo Williams,1926,,eng
9780781271196,"English Novel In The Time Of Shakespeare, The (BCL1-PR English Literature)",Jean Adrien Antoine Jules Jusserand,1901,,eng
9780781271264,"English Comic Characters, The (BCL1-PR English Literature)",J. B. Priestley,1925,,eng
9780781271295,"Works Of English Poets, From Chaucer To Cowper, The (21 Volumes)",Alexander Chalmers,1810,,eng
9780781271301,"Collection Of Poems, A (6 Volumes)",Robert Dodsley,1755,,eng
9780781271325,Reliques Of Ancient English Poetry; ( 3 Volumes ),Thomas Percy,1906,,eng
9780781271387,Minor Poets Of The Caroline Period ( 3 Volumes ),"Saintsbury, George",1905,,eng
9780781271394,Poems On Several Occasions Written In The Eighteenth Century,Kathleen Campbell,1926,,eng
9780781271400,"Shorter Poems Of The Eighteenth Century; An Anthology, The (BCL1-PR English Literature)",Iolo Aneurin Williams,1923,,eng
9780781271493,"Select Collection Of Old Plays, A (12 Volumes)",Robert Dodsley,1825,,eng
9780781271547,Selected English Short Stories (xix And Xx Centuries) - Second Series (BCL1-PR English Literature),Mary Ann Lamb; Ambrose Bierce,1921,,eng
9780781271622,"Finn Episode In Beowulf, An Essay In Interpretation, The (BCL1-PR English Literature)",Robert Allan Williams,1924,,eng
9780781271646,"Christ Of Cynewulf, The (BCL1-PR English Literature)",Cynewulf,1900,,eng
9780781271714,"Chaucer Tradition, The (BCL1-PR English Literature)",Aage Brusendorff,1925,,eng
9780781271813,"Cleaness; An Alliterative Tripartite Poem On The Deluge, The Destruction Of Sodom, And The Death Of Belshazzar (2 Volumes)",Poet Of Pearl,1921,,eng
9780781271820,Complete Works (4 Volumes),John Gower,1899,,eng
9780781271912,"Some Minor Works Of Richard Rolle, With The Privity Of The Passion By S Bonaventura",Richard Rolle,1923,,eng
9780781271936,Works In Verse And Prose (2 Volumes),"Breton, Nicholas",1879,,eng
9780781271950,Works In Verse And Prose Complete (4 Volumes),Fulke Greville Brooke,1870,,eng
9780781271998,"Gull's Hornbook, The (BCL1-PR English Literature)",Thomas Dekker,1907,,eng
9780781272087,Giles And Phineas Fletcher - Poetical Works (2 Volumes),Giles Fletcher,1908,,eng
9780781272094,"Complete Works, ( 2 Vols. )",George Gascoigne,1907,,eng
9780781272117,"Poems, English And Latin",Edward Herbert Herbert,1923,,eng
9780781272193,Complete Works (4 Volumes),Sir Philip Sidney,1912,,eng
9780781272292,Observations On The Fairy Queen Of Spenser (2 Volumes),"Warton, Thomas",1762,,eng
9780781272469,"Jonson Allusion-book; A Collection Of Allusions To Ben Jonson From 1597 To 1700, The (BCL1-PR English Literature)",Jesse Franklin Bradley,1922,,eng
9780781272483,"Study Of Ben Jonson, A (BCL1-PR English Literature)",Algernon Charles Swinburne,1889,,eng
9780781272551,"English Lyric, The (BCL1-PR English Literature)",Felix Emmanuel Schelling,1913,,eng
9780781272575,"Jonson Allusion-book, The (BCL1-PR English Literature)",Jesse Franklin Bradley,1922,,eng
9780781272674,"Study Of Ben Jonson, A (BCL1-PR English Literature)",Algernon Charles Swinburne,1889,,eng
9780781272766,Spurious And Doubtful Works,William Shakespeare,1908,,eng
9780781272803,New Facts Regarding The Life Of Shakespeare,John Payne Collier,1835,,eng
9780781273053,"Fairy Mythology Of Shakespeare, The (BCL1-PR English Literature)",Alfred Trubner Nutt,1900,,eng
9780781273374,"Correspondence Of William Cowper, The; (4 Volumes)",William Cowper,1904,,eng
9780781273404,"Concordance To The Poetical Works Of William Cowper, A (BCL1-PR English Literature)",John Neve,1887,,eng
9780781273503,The Complete Works Of Henry Fielding 16 Volumes,Henry Fielding,1902,,eng
9780781273510,"Covent-garden Journal, The (volume 14 Of The Works Of Henry Fielding)",Henry Fielding,1915,,eng
9780781273558,"Good-natur'd Man, The (BCL1-PR English Literature)",Oliver Goldsmith,1921,,eng
9780781273596,"Life Of Oliver Goldsmith, The (BCL1-PR English Literature)",John Forster,1903,,eng
9780781273633,Gray And His Friends; Letters And Relics,Duncan Crookes Tovey,1898,,eng
9780781273657,Hurd's Letters On Chivalry And Romance,Richard Hurd,1911,,eng
9780781273718,"Life And Letters Of James Macpherson, The (BCL1-PR English Literature)",Thomas Bailey Saunders,1894,,eng
9780781273756,"Poems In English, With Ilustrations By William Blake",John Milton,1926,,eng
9780781273916,Letters From The Right Honourable Lady Mary Wortley Montagu 1709-1762,Lady Mary Montagu,1906,,eng
9780781273961,The Novels of Mr. Samuel Richardson - Pamela or Virtue Rewarded (Vol 1-Part 1),Samuel Richardson,1901,,eng
9780781274029,"Shakespeare Head Edition Of Smollett's Novels, The; (11 Volumes)",Tobias Smollett,1925,,eng
9780781274067,"Life And Letters Of Edward Young, The (BCL1-PR English Literature)",Henry Charles Shelley,1914,,eng
9780781274128,"Life Of Jonathan Swift, Dean Of St. Patrick's Dublin, The (2 Vols.)",Sir Henry Craik,1894,,eng
9780781274210,"Hound Of Heaven, The (BCL1-PR English Literature)",Francis Thompson,1922,,eng
9780781274241,Letters Of Matthew Arnold 1848-1888 (2 Volumes),Matthew Arnold,1895,,eng
9780781274296,"Life Of William Barnes, Poet And Philologist",Mrs. Lucy E. Baxter,1887,,eng
9780781274531,"Persons And Places Of The Bronte Novels, The (BCL1-PR English Literature)",Herbert E. Wroot,1906,,eng
9780781274845,"Works Of Thomas Carlyle, The (30 Volumes))",Thomas Carlyle,1896,,eng
9780781274999,"Poems And Prose Remains Of Arthur Hugh Clough, The (2 Volumes)",Arthur Hugh Clough,1869,,eng
9780781275040,"Life Of Francis Thompson, The (BCL1-PR English Literature)",Everard Meynell,1913,,eng
9780781275064,Complete Poetical Works,George Darley,1908,,eng
9780781275132,"Dickens Encyclopaedia, The (BCL1-PR English Literature)",Arthur Lawrence Hayward,1924,,eng
9780781275347,"Nether World, A Novel, The (3 Volumes)",George Gissing,1889,,eng
9780781275422,Works Of H. G. Wells (28 Volumes ),H. G. Wells,1924,,eng
9780781275484,"Return Of The Native, The (BCL1-PR English Literature)",Thomas Hardy,1922,,eng
9780781275675,Selected Poems,Laurence Housman,1908,,eng
9780781275712,"Early Life Of Mark Rutherford, The (BCL1-PR English Literature)",William Hale White,1913,,eng
9780781275835,"Dictionary Of The Characters And Scenes In The Stories And Poems Of Rudyard Kipling, 1886-1911, A (BCL1-PR English Literature)",W. Arthur Young,1911,,eng
9780781275866,"Life Of Charles Lamb, The",E. V. Lucas,1921,,eng
9780781276139,"Life Of Walter Pater, The (2 Volumes)",Thomas Wright,1907,,eng
9780781276146,"Idea Of Coventry Patmore, The (BCL1-PR English Literature)",Osbert Burdett,1921,,eng
9780781276245,"Family Letters Of Christina Georgina Rosseti, The (BCL1-PR English Literature)",Christina Georgina Rosetti,1908,,eng
9780781276368,Mary Wollstonecraft; A Study In Economics And Romance,George Robert Stirling Taylor,1911,,eng
9780781276382,"Life Of John Ruskin, The ( 2 Volumes )( Vol. 1, Only )",Sir Edward Tyas Cook,1911,,eng
9780781276412,"Fortunes Of Nigel, The ( 2 Volumes )",Sir Walter Scott,1893,,eng
9780781276481,Complete Works ( 10 Volumes ),Percy Bysshe Shelley,1926,,eng
9780781276603,Letters Of Robert Southey,Robert Southey,1912,,eng
9780781276740,Complete Works; [20 Volumes)),Algernon Charles Swinburne,1925,,eng
9780781276818,"Study Of Swinburne, A (BCL1-PR English Literature)",Thomas Earle Welby,1926,,eng
9780781277044,Complete Poetical Works,Thomas Hood,1911,,eng
9780781277181,The Isthmian Odes Of Pindar,Pindar,1892,,eng
9780781277549,Shakespeare's England (Notable American Authors),William Winter,1892,,eng
9780781278034,The Native Races - Part 3 Myths and Languages,George Meredith,1886,,eng
9780781278058,The Native Races - Part 5 Primative History,George Bancroft,1886,,eng
9780781278065,History of Central American - Volume 1 1501-1530`,George Meredith,1886,,eng
9780781278072,History of Central America - Part 2 1530-1800,George Meredith,1886,,eng
9780781278089,History of Central America - Part 3 1801-1887,George Bancroft,1887,,eng
9780781278096,The History of Mexico - Part 1 1516-1521,George Bancroft,1883,,eng
9780781278102,The History of Mexico - Part 2 1521-1600,George Meredith,1883,,eng
9780781278119,The History of Mexico - Part 3 1600-1803,George Meredith,1883,,eng
9780781278126,The History of Mexico - Part 4 1804-1824,George Bancroft,1886,,eng
9780781278140,The History of Mexico - Part 6 1861-1887,George Bancroft,1888,,eng
9780781278171,History of Arizona and New Mexico,George Meredith,1889,,eng
9780781278188,"The History of Nevada, Colorado and Wyoming - Part 1 1540-1888",George Meredith,1890,,eng
9780781278195,The History of Utah 1540-1886,George Meredith,1889,,eng
9780781278201,The History of the Northwest Coast - Part 1 1543-1800,George Bancroft,1884,,eng
9780781278218,History of the Northwest Coast - Part 2 1800-1846,George Meredith,1884,,eng
9780781278225,History of Oregon - Part 1 1834-1848,George Bancroft,1886,,eng
9780781278232,History of Oregon - Part 2 1848-1883,George Meredith,1888,,eng
9780781278249,"Histroy of Washington, Idaho, and Montana",George Bancroft,1890,,eng
9780781278256,History of British Columbia 1792-1887,George Bancroft,1887,,eng
9780781278317,Essays and Miscellany,Henry Fielding,1890,,eng
9780781278348,The Waif of the Plains,Henry Fielding,1896,,eng
9780781278362,Trents Trust & Crusade of the Excelsior,Henry Fielding,1896,,eng
9780781278386,Barkers Luck & In A Hollow of the Hills,Henry Fielding,1896,,eng
9780781278393,The Luck of Roaring Camp,Henry Fielding,1896,,eng
9780781278409,Complete Poetical Works,Henry Fielding,1896,,eng
9780781278461,Tales of the Trail and Town,Henry Fielding,1896,,eng
9780781278515,The Bell ringer of Angels,Alfred Lord Tennyson,1896,,eng
9780781278591,The Princess And Maud,Alfred Lord Tennyson,1907,,eng
9780781278621,"Works Of George Peele, The ( 2 Volumes )",George Peele,1888,,eng
9780781280105,Hilltop on the Marne - Letters,Mildred Aldrich,1915,,eng
9780781280211,Lady's Life in the Rocky Mountains,Isabella Lucy Bishop,1880,,eng
9780781280310,"Memoirs of Anne C.L. Botta, Written by her friends.",Anne C. Lynch Botta,1894,,eng
9780781280396,The Little Grandmother of the Russian Revolution,Ekaterina Breshko-Breshkovskaia,1917,,eng
9780781280518,Story of a Labor Agitator,Joseph Ray Buchanan,1903,,eng
9780781280549,Memoirs of Aaron Burr (2 Volumes),Aaron Burr,1836,,eng
9780781280631,Life of Dr. William F. Carver of California,William F. Carver,1878,,eng
9780781280679,Diary and Correspondence of Salmon P. Chase,Salmon P. Chase,1903,,eng
9780781280723,The Life of Cassius Marcellus Clay,Caroline Cowles Clarke,1912,,eng
9780781280730,The Life of Cassius Marcellus Clay,Cassius Marcellus Clay,1886,,eng
9780781280860,Memoirs of Mrs. Coghlan,Margaret Coghlan,1794,,eng
9780781280921,Letters and Papers of John Singleton Copley and Henry Pelham 1739-1776,John Singleton Copley,1923,,eng
9780781280976,Journal and Letters of the Late Samuel Curwen,Samuel Curwen,1842,,eng
9780781280990,"Messages and Papers of Jefferson Davis and the Confederacy, The (2 Volumes))",Jefferson Davis,1905,,eng
9780781281096,"Life of Silas Doty, 1800-1876",Silas Doty,1880,,eng
9780781281317,"Autobiography of Charles G. Finney, The",Charles Grandison Finney,1876,,eng
9780781281324,"Narrative of Ebenezer Fletcher, A Soldier of the Revolution",Ebenezer Fletcher,1827,,eng
9780781281362,"The Confidential Correspondence of Gustavus Vasa Fox, Assistant Secretary of the Navy, 1861-1865 (2 Volumes)",Gustavus Vasa Fox,1920,,eng
9780781281515,Sunlight and Shadow; Or Gleanings From Life Work.,John Bartholomew Gough,1882,,eng
9780781281539,"One Woman's Life, The Steppings of Faith",Edna Gray,1898,,eng
9780781281560,"Letters of Horatio Greenough to His Brother, Henry Greenough",Horatio Greenough,1887,,eng
9780781281614,Letters of Susan Hale,Susan Hale,1919,,eng
9780781281676,A Narrative of the Sufferings of Massy,Massy Harbison,1825,,eng
9780781281744,"Narrative of William Hayden, containing a faithful account of his travels for a number of years, whilst a slave, in the South.",William Hayden,1846,,eng
9780781281812,"Journal of the Life and Religious Labours of Elias Hicks, late of Newtown, Bucks County, Pennsylvania",Elias Hicks,1851,,eng
9780781282246,"Life of Rear-Admiral John Paul Jones, Chevalier of the Military Order of Merit...Compiled from his original journals and correspondence.",John Paul Jones,1845,,eng
9780781282468,Haps and Mishaps of a Tour in Europe,Grace Greenwood,1854,,eng
9780781282529,"The Life and Adventures of Nat Love, Better known in the cattle country as Deadwood Dick, by himself.",Nat Love,1907,,eng
9780781282659,"Thirty Years of Army Life on the Border. Comprising descriptions of the Indian nomads of the plains, explorations...",Randolph Barnes Marcy,1866,,eng
9780781282680,Life and History of the Rev. Elijah P. Marrs,Elijah P. Marrs,1885,,eng
9780781282697,"The Remains of the Rev. James Marsh, D.D., Late president, and professor of moral and intellectual philosophy, in the University of Vermont; with a memoir of his life.",James Marsh,1843,,eng
9780781282796,"The Memoirs of Father Samuel Mazzuchelli, O.P.",Samuel Mazzuchelli,1844,,eng
9780781282871,Diary of a Journey from the Mississippi to the Coasts of the Pacific,Baldwin Mollhausen,1858,,eng
9780781283021,A Journey Through Texas; or a saddle-trip on the southwestern frontier. (American Biography Series),"Frederick Law Olmsted, Sr.",1857,,eng
9780781283113,"Letters of Capt. Geo. Hamilton Perkins, U.S.N.",George Hamilton Perkins,1886,,eng
9780781283144,Scout and Ranger; Being the personal adventures of James Pike of the Texas Rangers in 1859-60.,James Pike,1865,,eng
9780781283151,The Journals of Zebulon Montgomery Pike,Aebulon Montgomery Pike,1810,,eng
9780781283199,"Memoir of the Life of Josiah Quincy, Jr.","Josiah, Jr. Quincy",1825,,eng
9780781283229,"Memoirs, with Special Reference to Secession and the Civil War",John Henninger Regan,1906,,eng
9780781283281,"Over Periscope Pond; Letters from 2 American girls in Paris, Oct. 1916-Jan. 1918.",Esther Sayles Root,1918,,eng
9780781283335,Tales of a Western Mountaineer,Claude Ewing Rusk,1924,,eng
9780781283427,"Narrative Journals of Travels from Detroit Northwest Through the Great Chain of American Lakes to the Sources of the Mississippi River, in the Year 1820",Henry Rowe Schoolcraft,1821,,eng
9780781283489,"Memoirs of Lieut. General Scott, LL.D ( 2 Volumes )",Winfield Scott,1864,,eng
9780781283595,Eighty Years and More (1815-1897); Reminiscences of Elizabeth Cady Stanton,Elizabeth Stanton,1898,,eng
9780781283632,Tell It All: The story of a life's experience in Mormonism,Fanny Stenhouse,1874,,eng
9780781283786,The Diary of Edward Taylor,Edward Taylor,1880,,eng
9780781283816,Reminiscences of the Last Sixty-Five Years,Ebenezer Smith Thomas,1840,,eng
9780781283915,"Memoir of Lieut. Co. Tench Tilghman, Secretary and aide to Washington.",Tench Tilghman,1876,,eng
9780781283922,The Memoirs of Lt. Henry Timberlake,Henry Timberlake,1765,,eng
9780781283953,Letters and Diary of Laura M. Towne,Laura Matilda Towne,1912,,eng
9780781284066,The Life of Thurlow Weed (2 Volumes in 1),Thurlow Weed,1883,,eng
9780781284073,"Valley Forge Orderly Book of General George Weedon of the Continental Army under command of General George Washington, in the campaign of 1777-8.",George Weedon,1902,,eng
9780781284097,"War Diary and Letters of Stephen Minot Weld, 1861-1865","Stephen Minot, Jr. Weld",1912,,eng
9780781284103,The Diary of Gideon Welles,Gideon Welles,1911,,eng
9780781284189,Memoirs of My Own Times (3 Volumes),James Wilkinson,1816,,eng
9780781284301,"Letters of Chauncey Wright; with some account of his life, by James Bradley Thayer",Chauncey Wright,1878,,eng
9780781287036,Life of Washington,"Paulding, James Kirke",1835,,eng
9780781287050,The Book of St. Nicholas,"Paulding, James Kirke",1837,,eng
9780781287142,Adventures of One Terence McGrant,George Wilbur Peck,1871,,eng
9780781287159,The Semitic Theory of Creation (Notable American Authors),"Peck, Harry Thurston",1886,,eng
9780781287173,The Adventures of Mabel (Notable American Authors),"Peck, Harry Thurston",1896,,eng
9780781287180,The Personal Equation (Notable American Authors),"Peck, Harry Thurston",1897,,eng
9780781287203,What Is Good English? and Other Essays (Notable American Authors),"Peck, Harry Thurston",1899,,eng
9780781287234,Hilda and the Wishes (Notable American Authors),"Peck, Harry Thurston",1907,,eng
9780781287265,The New Baedeker (Notable American Authors),"Peck, Harry Thurston",1910,,eng
9780781287401,English Literature of the Eighteenth Centujry,Thomas Sergeant Perry,1883,,eng
9780781288620,What Is Church History? A Vindication of the Idea of Historical Development,Philip Schaff,1846,,eng
9780781290029,"Psychology Of A Musical Prodigy, The",Geza Revesz,1925,,eng
9780781290128,Music Of The Past.,Wanda Landowska,1924,,eng
9780781290142,Critical And Historical Essays; Lectures Delivered At Columbia Univ.,Edward Alexander. Macdowell,1912,,eng
9780781290340,"History Of Russian Music, Being An Account Of The Rise And Progress Of The Russian School Of Composers, With A Survey Of Their Lives And A Description Of Their Works, A",M. Montagu-Nathan,1918,,eng
9780781290531,"Life Of Johannes Brahms, The )2 Volumes))",Florence May,1901,,eng
9780781290708,Letters Of Franz Liszt. (2 Volumes),Franz Liszt,1894,,eng
9780781290784,"Giovanni Pierluigi Da Palestrina, His Life And Times",Zoe Kendrick Pyne,1922,,eng
9780781290876,Early Letters Of Robert Schumann,Robert Alexander Schumann,1888,,eng
9780781291118,"Sources Of Keyboard Music In England, The",Charles Van Den Borren,1914,,eng
9780781291194,Early History Of Singing,William James Henderson,1921,,eng
9780781291217,History Of Church Music,Karl Weinmann,1910,,eng
9780781291316,"Common Sense Of Music, The",Sigmund Gottfried Spaeth,1924,,eng
9780781291484,Transposition; A Practical And Authoritative Guide For All Instruments...,Henri Kling,1910,,eng
9780781291521,"Musical Interpretation, Its Laws And Principles, And Their Application In Teaching And Performing",Tobias Augustus Matthay,1913,,eng
9780781291989,Dictionary Of Music And Musicians (9 Volumes)),Sir George Grove,1922,,eng
9780781293211,Handbook To The Vocal Works Of Johannes Brahms Volume 1,Edwin Evans - undifferentiated,1912,,eng
9780781293242,Handbook to the Chamber & Orchestral Music of Johannes Brahms (volume 3 & 4),Edwin Evans - undifferentiated,1912,,eng
9780781293433,"Dictionary Of Musicians, A ( Volume 1 Only )",John S. Sainsbury,1825,,eng
9780781293679,The History Of Music,Waldo Selden Pratt,1907,,eng
9780781297080,"Dictionary Of Modern Music And Musicians, A",P. Allen Hull,1924,,eng
9780781298629,The Yankey in London,Royall Tyler,1809,,eng
9780783552996,"Elementary Algebra Outline (Based upon college entrance requirements and examination papers, 1st prinitng)",Harry B. Marsh,1922,,eng
9780785269878,Prosperity and the Coming Apocalyspe,Jim Bakker,1900,,eng
9780785470397,Prentice Hall Algebra 2 Practice and Problem Solving Workbook (Florida),"Prentice-Hall, inc.",1839,,eng
9780785910893,Dictionary of the Siamese Language (completely in Siamese),D. B. Bradley,1920,,eng
9780785998235,Comparative Grammar of the Gaudian Languages,A. F. Hoernele,1920,,eng
9780785998273,Dictionary of the Car Nicobarese Languages,C. Whitehead,1925,,eng
9780788400988,"The Narragansett Historical Register, Volume 3",James N. Arnold,1884,,eng
9780788405822,"History of Athens County, Ohio, and Incidentally of the Ohio Land Company and the First Settlement of the State at Marietta, With Personal and Biographical Sketches of the Early Settlers, Narratives of Pioneer Adventures,",Charles M. Walker,1869,,eng
9780788406843,Scottish Monuments and Tombstones Volume 1,Charles Rodgers; Charles Rogers; LL.D Charles Rogers,1871,,eng
9780788413407,"Tracts And Other Papers, Relating Principally To The Origin, Settlement, And Progress Of The Colonies [Virginia] In North America Volume III",Peter Force,1844,,eng
9780788413414,"A Volume Of Records Relating To The Early History Of Boston, Containing Boston Marriages From 1752-1809",Record Commissioners of Boston; Massachusetts Record Commissioners of Boston,1903,,eng
9780788414404,The New England Historical and Genealogical Register Vol. 66,New England Historic Genealogical Society,1912,,eng
9780788415869,"First Congregational Church of Preston, Connecticut 1698-1898 Together With Statistics Of The Church Taken From The Church Records",Rev. R. H. Gidman,1900,,eng
9780788426001,"Philadelphia, the Place and the People",Agnes Repplier,1898,,eng
9780788448133,The Great Events of the Great War,"Charles F. Horne,Walter F. Austin",1920,,eng
9780788803321,Farther Of the Bride Part II (VHS 6695),,1900,,eng
9780790534244,"The Gospel by Moses in the book of Genesis, or, The Old Testament unveiled",,1854,,eng
9780795007439,Life and Times of Samuel Bowles,George S. Merriam,1885,,eng
9780798131476,Namaqualand - Garden of the Gods,Freeman Patterson,1900,,eng
9780800706029,Understanding the Gospel of John,Matthew Henry,1850,,eng
9780801050664,THE EAGLE LIFE,J.H. Jowett,1922,,eng
9780801400155,Ancient Plants and the World They Lived in,Henry N. Andrews,1947,und,eng
9780801803031,Major insect pests of the rice plant,International Rice Research Institute,1967,und,eng
9780801803819,"Nations in Alliance, The Limits of Interdependence.",George Liska,1969,und,eng
9780801806513,Mammals of the World.,"Walker, Ernest P.",1968,und,eng
9780801810411,Virus diseases of the rice plant,International Rice Research Institute,1969,und,eng
9780802467300,Practical and Perplexing Questions Answered,R. A. Torrey,1909,,eng
9780804179898,"The Job (Fox and O'Hare) Hardcover - November 18, 2014",Janet Evanovich Lee Goldberg,1605,,eng
9780804601054,The negroes of Africa,Maurice Delafosse,1968,und,eng
9780804688086,The Making of the Mahatma,Chandran Devanesen,1911,,eng
9780804703802,Handbook of Classical Drama.,P.W Harsh,1944,und,eng
9780804704939,Selected papers in statistics and probability,Abraham Wald,1957,und,eng
9780805232998,"Yiddish Proverbs, In Yiddish and English.",,1949,und,eng
9780806105505,"Bernal Diaz, Historian of the Conquest.",Herbert Cerwin,1963,und,eng
9780806108315,"Land That Our Fathers Plowed, Settlement of Our Country as Told by the Pioneers Themselves.","Greenberg, David",1969,und,eng
9780806302683,"An Abstract of North Carolina Wills from About 1760 to About 1800, Supplementing Grimes' Abstract of North Carolina Wills 1663 to 1760",Fred A. Olds,1925,,eng
9780806349268,"The Records of Holy Trinity (Old Swedes) Church, Wilmington, Del., From 1697 to 1773, With an Abstract of the English Records From 1773 to 1810 and Catalogue and Errata of the Records of Holy Trinity (Old Swedes) Church",Horace Burr,1919,,eng
9780807810385,Socratic paradoxes and the Greek mind.,Michael John O'Brien,1967,und,eng
9780808554585,The Witch of Blackbird Pond,Elizabeth George Speare,1855,,eng
9780808905356,Psychotherapy and the behavioural sciences.,Lewis Robert Wolberg,1966,und,eng
9780808924005,"Guyton and Hall Textbook of Medical Physiology,with Student Consult Online Access, 12th Edition",,1732,,eng
9780808924289,Andreoli and Carpenter's Cecil Essentials of Medicine,"ANDREOLI,T.E.",1900,,eng
9780809423125,The End and the Myth (The Old West),Paul O'Neil; Time-Life Books,1905,,eng
9780810802391,A critical bibliography of German literature in English translation.,Bayard Quincy Morgan,1965,und,eng
9780810925984,Master Paintings From the Butler Institute of American Art,,1843,,eng
9780811503341,"A Geographical Account of Countries Round the Bay of Bengal, 1669-1679",Bowrey Temple,1903,,eng
9780811508490,The Story of Lucca,"Ross, Janet, Erichsen, Nelly",1912,,eng
9780811512633,Relations Between Arabs and Israelis Prior to the Rise of Islam,D. S. Margoliouth,1921,,eng
9780811512664,Kings of the Hittites,D. G. Hogarth,1924,,eng
9780813608211,"READY READERS, STAGE 3, BOOK 28, HOW THE CHICK TRICKED THE FOX, SINGLE COPY",MODERN CURRICULUM PRESS,1901,,eng
9780813608495,Case of the Furry Thing,Pearson Education,1901,,eng
9780813611969,"THE DAY THE CLASS CHAMELEON DISAPPEARED, TECHER GUIDE, DISCOVERY PHONICS 2",Pearson Education,1901,,eng
9780814702185,The defense sector and the American economy.,Jacob Koppel Javits,1968,und,eng
9780816878123,"Racing Planes and Air Races, Complete History.",Reed Kinert,1968,und,eng
9780818302121,Thailand and the United States,Frank Darling,1911,,eng
9780820301198,List of the Early Settlers,Cliffs Notes Staff,1920,,eng
9780824400590,"Coins of the Ancients, 700 BC-AD 1, A Guide to the Principal Gold and Silver Coins of the Ancients in theBritish Museum.",Barclay V. Head,1968,und,eng
9780825552762,"Cock, the Mouse and the Little Red Hen",Lefevre                      F,1917,,eng
9780825800160,"Mazas: 75 Melodious and Progressive Studies for Violin, Op. 36",Saenger,1901,,eng
9780825801938,Complete Method for the Flute - Part I  (Engish and German Text),H. Soussmann,1911,,eng
9780825801945,Complete Method for the Flute (German and English Text) - Part II,H. Soussmann,1911,,eng
9780825801952,Complete Method for the Flute,H. Soussmann,1911,,eng
9780825803642,"Graded Course of Violin Playing, Book 2",Leopold Auer,1926,,eng
9780825807756,"Violincello Method, Vol. I  (English & German Text)",C. Schroder,1922,,eng
9780825807763,"Violincello Method, Vol. II  (English & German Text)",C. Schroder,1922,,eng
9780825807770,"Violincello Method, Vol. III  (English & German Text)",C. Schroder,1922,,eng
9780825809026,25 Melodious and Progressive Studies for Guitar Op. 60,Vadah Olcott-Bickford,1920,,eng
9780826036650,"Business Policy, Selected Readings and Editorial Commentaries.",Alfred Gross,1967,und,eng
9780826067258,HISTORY OF CHRISTIANITY 1650 - 1950 Secularization of the West,James Hastings Nichols,1900,,eng
9780826076700,A history of Western political theory,Gerald Runkle,1968,und,eng
9780826165138,Multiple Sclerosis a Guide for the Newly Diagnosed 3pk,Dr T Jock Murray MD MS,1900,,eng
9780827419223,Twenty Five Being a Young Mans Candid Recollections of Elders and Betters,Beverly and Richard Nichols,1926,,eng
9780827423923,Gathering of the Forces,Walt Whitman,1920,,eng
9780827424036,German Influence in the English Romantic Period,F. W. Stokoe,1926,,eng
9780827425132,History of English Literature,H. A. Taine,1871,,eng
9780827426733,"Margaret of Angouleme, Queen of Navarre",A. Mary Robinson,1887,,eng
9780827427587,The Modern Use of the Bible,Harry E. Fosdick,1925,,eng
9780827428829,The Life of Count Lyof N. Tolstoi,Nathan Haskell Dole,1911,,eng
9780827428966,The Life of Oscar Wilde,Robert H. Sherard,1906,,eng
9780827429284,The Life of Francis Lord Bacon,Joseph Sortain,1924,,eng
9780827429642,The Literature of American and Our Favorite Authors,"William Filfred Birdsall,Rufus M. Jones",1897,,eng
9780827433571,Selections from His Historie of the World,Raleigh,1917,,eng
9780827434981,Stage History of Shakespeare's King Richard the Third,Alice I. Wood,1909,,eng
9780827435186,The Story of Language,Charles Hutson,1897,,eng
9780827437678,The Works of Washington Irving,Richard H. Stoddard,1885,,eng
9780827437975,Aristotle on the Art of Poetry,Lane Cooper,1913,,eng
9780827438835,The Tragedies of Sophocles,E. H. Plumptre,1882,,eng
9780827439535,The Life of the Greeks and Romans Described from Antique Monuments,"E. Guhl,W. Koner",1889,,eng
9780827442559,Life of Pasteur,Rene V. Radot,1923,,eng
9780829500646,The collected poems of Dilys Laing,Dilys Laing,1967,und,eng
9780832865800,"A short History of the Slocum, Slocumb and Slocomb Family, 1882-1908 (Slocum, Slocumb and Slocomb Family 1882-1908, 1-2)",M. D. PH. D Charles Elihu Slocum,1882,,eng
9780832872334,Geneaology of the Allen Family,Daniel Gould Allen,1898,,eng
9780833708762,"Life of Nathaniel MacOn, 1757-1837",W. Dodd,1911,,eng
9780833724526,Two Select Bibliographies of Medieval Historical Study,Margaret F. Moore,1912,,eng
9780833738004,First and Early American Editions of the Works of Charles Dickens,William C. Wilkins,1910,,eng
9780836901924,Short Talks With the Dead and Other Essays,Hilaire Belloc,1926,,eng
9780836906387,Blue Lion and Other Essays,Robert Wilson Lynd,1923,,eng
9780836906622,"Genius of Spain, and Other Essays on Spanish Contemporary Literature (Essay Index Reprint)",Salvador de Madariaga,1923,,eng
9780836909807,Temper of the Seventeenth Century in English Literature,Barrett Wendell,1904,,eng
9780836909968,Founders of America in the Days of the Revolution,Edwin Wildman,1924,,eng
9780836913187,"At the Sign of the Lion, and Other Essays",Hilaire Belloc,1916,,eng
9780836936865,Father Sergius and Other Stories and Plays,Лев Толстой,1912,,eng
9780836999884,Celebrated Comedians of Light Opera and Musical Comedy,Lewis Strang,1911,,eng
9780837002194,An answer to the difficulties in Bishop Colenso's book on the Pentateuch,J. B. Turner,1863,,eng
9780837002576,Biblical and literary essays,"Davidson, A. B.",1903,,eng
9780837027746,The tree of life [microform] ,Alfred Ernest Crawley,1905,,eng
9780837104836,Father of the Brontes.,Annette Brown Hopkins,1968,und,eng
9780837106267,Folk Beliefs of the Southern Negro,Nervbell Niles Puckett,1926,,eng
9780837161020,"Other Americans the Cities, the Countries, and Espec",A. B. Ruhl,1912,,eng
9780840160133,Theology of the Epistles,Harry A. Kennedy,1919,,eng
9780841405295,Outline of the Literature of English Renaissance,Edwin Greenlaw,1916,,eng
9780841408258,The Philosophy of St. Thomas Aquinas:,Étienne Gilson,1924,,eng
9780841424432,Shorter Lyrics of the 20th Century 1900-1922,W. H. Davies,1922,,eng
9780841437555,Elizabethan and Modern Romanticism in the 18th Century,Harko G. De Mar,1924,,eng
9780841466104,The States of Aggregation,Robert F. Mehl,1925,,eng
9780841466876,Essays and Studies,Gilbert Murray,1921,,eng
9780841467798,The symbolism of the Rubáiyát of Omar Khayyám,J. S. Pattinson,1921,,eng
9780841499201,Study of Shakespear's Versification,M.A. Bayfield,1920,,eng
9780842377423,One Year Gift Collection Three Titles (GIFT COLLECTION),Varios,1900,,eng
9780844606767,"History of the English People, 1905-1914",Élie Halévy,1911,,eng
9780844613291,The Jewish Background of the Christian Liturgy,W. O. E. Oesterley,1925,,eng
9780844614649,The Encyclopedia of Food,Arterums Ward,1923,,eng
9780844615943,Political Thought of Plato and Aristotle,Ernest Barker,1911,,eng
9780844616377,Life Histories of North American Gulls and Terns,Arthur Cleveland Bent,1921,,eng
9780844647142,Etching and Engraving Techniques and the Modern Trend,John Buckland Wright,1911,,eng
9780844652214,Maskelyne on the Performance of Music,Maskelyne,1916,,eng
9780846600602,Indian Tribes of Alaska and Canada,John Reed Swanton,1911,,eng
9780846660064,Materials Used to Write upon Before the Invention of Printing,Albert Maire,1904,,eng
9780848201357,The Americanization of Edward Bok,Bok,1920,,eng
9780848235727,Introduction to the Study of Social Evolution,F. Stuart Chapin III,1917,,eng
9780848244705,"The Journals of Major-Gen. C. G. Gordon, C. B., at Kartoum",A. Egmont Hake,1885,,eng
9780848262280,Lives of the Hunted,Ernest Seton,1901,,eng
9780848299507,The Sir Roger De Coverley Papers from the Spectator,Mary E. Litchfield,1901,,eng
9780848299637,Letters of Hannah More,R. Brimley Johnson,1925,,eng
9780848800369,Tools Targets and Troopers the History of the Frankford Arsenal,James Zupan,1911,,eng
9780849506413,"The Mauve Decade, American Life at the End of the Nineteenth Century",Thomas BEER,1926,,eng
9780849508752,Essays Old and New,Elsie Chamberlain,1926,,eng
9780849513190,Study of Bristish Genius,Havelock Ellis,1926,,eng
9780849533365,The Continent of Europe,Lionel W. Lyde,1924,,eng
9780849548857,Ancient Documents and the Modern Bible,Paterson J. Smuth,1920,,eng
9780849562679,The Story of My Life,Sir Harry H. Johnston,1923,,eng
9780849912306,Out of the Blue,O. Hershiser,1920,,eng
9780849912467,Disciplines of the Home,A. Ortlund,1920,,eng
9780849946875,6 Love Letters Discover The Larger Story Of The Bible One Book At A Time,Larry Crabb,1900,,eng
9780850760064,"Summary of the Self-propelled Weapons of the German Army, 1939-45.",Peter Chamberlain,1968,und,eng
9780851350349,Studies on the biology and population dynamics of British grasshoppers,O. W. Richards,1954,und,eng
9780851393896,Miniature History of the English House.,James Maude Richards,1960,und,eng
9780851528151,Reference Atlas of Greater London.,,1968,und,eng
9780851530369,History of Tin Mining and Smelting in Cornwall.,D.Bradford Barton,1967,und,eng
9780851625096,Concert Collection For Clarinet 15 Orginal Pieces For Clarinet And Piano With Playalong Cd,Christopher Norton,1900,,eng
9780852071090,An Introduction to Medical Radiesthesia and Radionics,Vernon D. Wethered,1957,und,eng
9780852241523,"Short History of the University of Edinburgh, 1556-1889.",David Bayne Horn,1967,und,eng
9780852311325,Seasons of the Word,Denis McBride,1885,,eng
9780852380376,Farming the edge of the sea,E.S Iversen,1968,und,eng
9780852642924,The Metallurgy of Gold,Sir T.K. Rose; W.A.C. Newman,1921,,eng
9780852720967,"Tertiary and Post-Tertiary Geology of Mull, Loch Aline and Oban (Sheet Memoirs & Sheet Explanations)",et al,1924,,eng
9780852831144,Practice and precepts of Jesus.,"Kumarappa, Joseph Cornelius.",1945,und,eng
9780853061878,The English countryside,J.A Brooks,1965,und,eng
9780853063070,The best of the Cotswolds,Peter Alan Titchmarsh,1969,und,eng
9780853065234,The heart of England,A.N Court,1967,und,eng
9780853171003,"Art and Life of William James Muller, 1812-45.",Cyril G.E Bunt,1948,und,eng
9780853175001,"Two Centuries of English Chintz, 1750-1950.",Cyril G.E Bunt,1957,und,eng
9780853230632,Shorter poems and translations,"Fanshawe, Richard Sir.",1964,und,eng
9780853617389,The East of Fife Central Railway,,1800,,eng
9780853620495,Charles and the Fifteen.,E. Burn,1968,und,eng
9780853630135,Captives of the Mighty.,Dorothy Pape,1959,und,eng
9780853880752,Mezzotints and Aquatints of Sir Frank Short (Other Than Liber Studiorum).,Martin Hardie,1939,und,eng
9780853890065,Pericles and the plumber.,William Twining,1967,und,eng
9780853890072,Chance and Design in the World of Polymers.,K. J. Ivin,1967,und,eng
9780853974208,Leishman's Lions - The Roaring Success Story,Robert Fraser,1900,,eng
9780854093892,"Geography of children, or, a short and easy method of teaching or learning geography",N.L.Du Fresnoy,1969,und,eng
9780854270101,History of Manchester to 1852.,Wilfrid Harry Thomson,1968,und,eng
9780854310708,The Emperor Maximilian's gift of armour to King Henry VIII and the silvered and engraved armour at the Tower of London,Claude Blair,1965,und,eng
9780854565757,The why of Albert Schweitzer,Joseph Franklin Montague,1967,und,eng
9780854588183,Lecture on the relationship between painting and architecture in Renaissance and modern times.,A.C Sewter,1952,und,eng
9780855940805,"Richthofen, Red Knight of the Air.",Claud W. Sykes,1969,und,eng
9780855942205,Time and the Business.,Jack Jones,1967,und,eng
9780855942380,Madonna of the Seven Moons.,Margery Lawrence,1967,und,eng
9780855945008,Pride of the Valley.,Ian Macpherson,1965,und,eng
9780856720291,The Old English Bede.,Dorothy Whitelock,1962,und,eng
9780857364333,"Cello Scales, Arpeggios & Studies Initial-Grade 8 from 2016 by Trinity College London",,1746,,eng
9780860132585,Dialogues of the Buddha,Caroline Augusta Foley Rhys Davids,1921,,eng
9780860226673,"Handover, O and M Manuals and Project Feedback",Paddy Hastings; K. Pennycook; R. Bunn,1867,,eng
9780866099691,Geometry for enjoyment and challenge tests and quizzes,MCDOUGAL LITTEL,1900,,eng
9780866532884,Young Scientist Explore the World of Water Book 9 Intermediate Level (Good Apple Activity Book for Intermediate Grades),Jerry Debruin,1911,,eng
9780866988162,The Devourer of Gods,Thomas Benjamin De Mayo,1905,,eng
9780866989022,ASMv1 Books of Prayers and Healing,A. N. Doane,1905,,eng
9780866989404,"ASMv14 Manuscripts of Durham, Ripon, and York",A. N. Doane,1905,,eng
9780866989435,ASMv15 Grammar and Handlist of Manuscripts,A. N. Doane,1905,,eng
9780867270037,The Euglenoidea of Ohio (Ohio Biological Survey),L. B. Walton,1915,,eng
9780867270082,The Grasses of Ohio (Ohio Biological Survey),John H. Schaffner,1917,,eng
9780867270112,The Fimentariales of Ohio (Part III of the Ascomycetes of Ohio),Robert Stratton,1921,,eng
9780867270129,The Crayfishes of Ohio (Ohio Biological Survey Series),Clarence L. Turner,1926,,eng
9780870832994,The Tree of Life,Horton,1791,,eng
9780873066709,From the Wisdom of Mishle,Samson Raphael Hirsch,1901,,eng
9780875090610,The Book of Daniel,W. C. Stevens,1915,,eng
9780875117041,"Commentaries on American Law, Volume III",James Kent,1826,,eng
9780875117058,"Commentaries on American Law, Volume IV",James Kent,1826,,eng
9780875270258,The health and education of the economically deprived child.,Sol Adler,1968,und,eng
9780876519981,Battle of the Crater,J. Featherstone,1906,,eng
9780877434139,Light of the World,Abdul-Bahaa,1905,,eng
9780877476979,History of the Church,E. Keith Howick,1878,,eng
9780878195411,Handbook of Food Additives.,Thomas E. Furia,1968,und,eng
9780879079482,Ladder of Monks and Twelve Meditations,Edmund Colledge; James Walsh,1911,,eng
9780880822855,The Great Migration Begins Immigrants to New England 1620-1633 Volume III,"Anderson,Robert Charles",1912,,eng
9780881241686,California Durable Power of Attorney Handbook,Pamela J. Jester,1911,,eng
9780883890110,History of Maritime Connecticut During the American Revolution 1775-1783,Louis F. Middlebrook,1925,,eng
9780884826866,Students Hebrew and Chaldee Dictionary to the Old Testament,Alexander Harkavy,1914,,eng
9780890290910,Reminiscences of the Civil War,James B. Brown,1904,,eng
9780893010157,River of Green and Gold,Fred Rabe,1920,,eng
9780895266262,Unions and the Economy,Morgan Reynolds,1912,,eng
9780900015175,Life of Lord Mount Stephen.,Heather Gilbert,1965,und,eng
9780900019098,Mains Castle and the Grahams of Fintry.,"Mudie, Francis Sir",1964,und,eng
9780900090318,The Composition of Greek Coins,Colin M. Kraay,1962,und,eng
9780900180422,Principles of Fingering and Laws of Pedalling,Tobias Matthay,1908,,eng
9780900180651,The Rudiments and Theory of Music,F. Wickins,1910,,eng
9780900264047,History of Fire Fighting.,J.L Kirk,1960,und,eng
9780900285189,"Three Years, Life of Christ Between Baptism and Ascension.",Emil Bock,1955,und,eng
9780900298042,Practical Weaving Course.,P.R Jarvis,1952,und,eng
9780900658082,Story of Noah.,Erich Lessing,1969,und,eng
9780900658129,The Cooking of Provincl France (Foods World),M. F. K. Fisher,1920,,eng
9780900658150,The World of Giotto,Time-Life Books,1920,,eng
9780900658174,"The World of Cezanne, 1839-1906 (Time-Life Library of Art)",Time-Life Books,1920,,eng
9780900658228,The Cooking of Italy (Foods World),Waverley Lewis Root,1920,,eng
9780900658358,Age of Progress (Great Ages of Man),Time-Life Books,1920,,eng
9780900658389,Age of Kings (Great Ages of Man),Time-Life Books,1920,,eng
9780900658396,The Birth of Europe (Great Ages of Man),Time-Life Books,1920,,eng
9780900658556,The World of Picasso 1881-1973 (Time-Life Library of Art),Time-Life Books,1920,,eng
9780900658631,The World of Titian,Time-Life Books,1920,,eng
9780900658648,The World of Manet,"Schneider, Pierre",1968,und,eng
9780900658679,The World of Van Gogh,Time-Life Books,1920,,eng
9780900658693,The World of Matisse,Time-Life Books,1920,,eng
9780900658730,"The World of Rodin, 1840-1917 (Time-Life Library of Art)",Time-Life Books,1920,,eng
9780900664144,A Synthesis of the Teachings of St.Paul,The Shrine of Wisdom,1926,,eng
9780900674075,What is the History of Adult Education? .,Henry Percival Smith,1966,und,eng
9780900728068,Cutters' Practical Guide.,Frederick Robert Morris,1965,und,eng
9780900834516,Archaeology AND Types of Greek Coins.,Percy Gardner,1965,und,eng
9780900966477,Palaeoecology of Africa and of the surrounding islands and Antarctica,E. M. Van Zinderen Bakker,1969,und,eng
9780901000071,Behaviour of clay-bonded sands in the foundry.,W. B. Parkes,1961,und,eng
9780901096029,Industrial locomotives and railways of Spain and Portugal,R.S. Fraser,1968,und,eng
9780901100061,Guide to Marks of Origin of British and Irish Silver Plate.,Frederick Bradbury,1964,und,eng
9780901208217,Erosion of sewers and drains,J.A Vickers,1968,und,eng
9780901314055,Steamers of British Railways and Associate Companies.,W. Paul Clegg,1962,und,eng
9780901350718,The calibration of trip distribution m.,G. Hyman,1969,und,eng
9780901482112,"Ladies of Terror, 23 Gripping Tales.",,1967,und,eng
9780901532534,"The British and International Federation of Festival for Music, Dance and Speech 2014",,1700,,eng
9780901541086,The problem of homosexuality,Edward Glover,1957,und,eng
9780901571038,History of Kingswood Forest Including All the Ancient Manors and Villages in the Neighbourhood.,A. Braine,1969,und,eng
9780901571069,Practical rules for management of a locomotive engine,C.H Gregory,1969,und,eng
9780901863010,"Leeds, the heart of Yorkshire",John Waddington- Feather,1967,und,eng
9780901877307,Technology and the Developing Countries.,Lord Jackson of Burnley,1966,und,eng
9780902307032,"In the Light of Truth, The Grail Message.",Abd-Ru-Shin.,1954,und,eng
9780902550032,A Revised and enlarged guide to Sark,G. Latrobe,1964,und,eng
9780903090315,"A gazetteer of the water, wind and tide mills of Hampshire.",Monica Ellis,1968,und,eng
9780903090551,Watermills and the Landscape.,Kenneth C. Reid,1960,und,eng
9780903501033,Duplication and conversion of colour transparencies,,1968,und,eng
9780904357349,Structure of Metals and Alloys.,William Hume- Rothery,1969,und,eng
9780904361018,"Book of Truth, or the Voice of Osiris.",Hugh C.Randall- Stevens,1956,und,eng
9780904889192,Introduction to the Survey of English Place-Names and Chief Elements,"Allen Mawer,Frank M. Stenton",1924,,eng
9780906707005,On the Measure of the Resemblance of First Cousins,E M Elderton; Karl Pearson - undifferentiated,1907,,eng
9780907132868,Studies in Byzantine manuscript illumination and iconography,Ioannis Spatharakis,1966,und,eng
9780910278171,The Lady of Belmont,St. John Greer Ervine,1923,,eng
9780910386036,Evolution in the Arts and Other Theories of Culture History.,Thomas Munro,1963,und,eng
9780911500578,Fundamentals of the Esoteric Philosophy.,G.De Purucker,1934,und,eng
9780915196012,Warships of the Imperial Russian Navy.,V.M Tomitch,1969,und,eng
9780915947140,Complete Guide to Drinking Games,Eleazer Wentworth,1911,,eng
9780917976025,In the Time of Surveys and Other Stories of Americans Abroad,Albert Drake,1911,,eng
9780919634121,The mink in health and disease.,A. H. Kennedy,1951,und,eng
9780929442808,The Principles of Health Care Administration  by Joseph E. Townsend,Joseph E. Townsend;Winborn E. Davis,1880,,eng
9780933421127,Ethnobotany of the Ramah Navaho,Paul Vestal,1911,,eng
9780934718066,Stone Artifacts at and Near the Finley Site Near Eden Wyoming,Linton Satterthwaite,1911,,eng
9780940907058,Maryland Calendar of Wills Volume 2,Jane Baldwin Cotton,1906,,eng
9780941026048,Camp Bird and the Revenue,Jack Benham,1911,,eng
9780941620284,Guide to Treasure in Montana and Wyoming,Thomas Penfield,1911,,eng
9780943763002,Complete Guide to Buying Gems,Antoinette Matlins,1911,,eng
9780947214197,Jackie French's Guide to Companion Planting in Australia and New Zealand,Jackie French,1907,,eng
9780947870737,"The Cauldron, the Spit and the Fire",Robert Deeley,1726,,eng
9780947898229,"The records and badges of every regiment and corps in the British army, 1900",Henry Manners Chichester; G.Burges- Short; George Burges-Short,1920,,eng
9780950044675,"Free Church in Her Several Courts, Practice of the.",,1964,und,eng
9780950072548,James Hargreaves and the Spinning Jenny.,Chris Aspin,1964,und,eng
9780950107950,Catalogue of corporation plate of England and Wales.,Worshipful Company of Goldsmiths,1952,und,eng
9780950177953,"Back of the Wight, Yarns of Wrecks and Smuggling.",Fred Mew,1934,und,eng
9780950210667,At the Sign of the Clenched Fist.,Fionn MacColla,1968,und,eng
9780950351117,Come and Dine AND Tadnol.,Theodore Francis Powys,1967,und,eng
9780950354200,"A history of Archbishop Holgate's Grammar School, York, 1546-1946.",E. N. Jewels,1963,und,eng
9780955937217,Silly Story Laboratory by The Happy Puzzle Company,,1821,,eng
9780956364913,The Shopaholics Guide to 1970s Sheffield,"Anderson, Neil",1891,,eng
9780966707113,"The Deliberate Dumbing Down of America, Revised and Abridged Edition by Charlotte Thomson Iserbyt",Charlotte Thomson Iserbyt,1788,,eng
9780978573393,The High Priests of War,,1656,,eng
9780978829407,The Echo of God,Fr. Lance W. Harlow,1809,,eng
9780979107221,Life of Fred--Pre-Algebra 1 with Biology,Stanley F. Schmidt,1895,,eng
9780981835662,"VB-MAPP Verbal Behavior Milestones Assessment and Placement Program, 2nd Ed A Language and Social Skills Assessment Program for Children with Autism or Other Intellectual Disabilities",Mark Sundberg,1656,,eng
9780982111727,"Confessing the Hebrew Scriptures (Adonai - Jehovah Rof-e-cha ""The Lord Your Healer"", King James Version)",,1706,,eng
9780983746119,The Worlds of Philip Jose Farmer 3,Philip José Farmer; Michael Croteau,1900,,eng
9780987893666,Timeline of European History,,1666,,eng
9780993273506,Reading and Understanding at Key Stage 3 English,Janet Marsh,1868,,eng
9780993383908,Night Zookeeper and the Spying Giraffes,,1785,,eng
9781016199551,The life of Frederick the Great,"Young, Norwood",1919,,eng
9781086060126,The Practical Home & School Educator : Containing Courses of Reading and Study with Outlines and Questions Arranged to Accompany the New Practical Reference Library,Dixon Hanson,1908,,eng
9781107559936,Tides and tidal streams : a manual compiled for the use of seamen - 1. edición,H. D. Warburg,1922,,eng
9781111111854,The new Nazis of Germany.,Wellington Long,1492,,eng
9781111127602,Complete History of the Lives & Robberie,Alexander Smith - undifferentiated,1714,,eng
9781111142698,The illustrated Bible story book,Seymour Loveland,1925,,eng
9781111165789,Trans Mississippi West (1803 - 1853) a History of its Acquisition and Settlement,Cardinal Goodwin,1922,,eng
9781111531096,Principles of Information Systems,,1912,,eng
9781111682149,Mineral Resources of the United States,David T. (David Talbot) Day,1907,,eng
9781111772031,American Goverment and Politics IE,Bessette Pitney,1912,,eng
9781111840242,Ie Writing in the Works 3e,Blau Burak,1913,,eng
9781111949167,Life of Napoleon Bonaparte 2 Volumes,John S. C. Abbott,1883,,eng
9781111970758,COMPLETE COURSE OF JAPANESE CONVERSATION GRAMMAR. A New And Practical Method of,,1913,,eng
9781112316593,Master Spirits of the World & the Americ,J W Goodspeed,1872,,eng
9781112856297,Spell of the Yukon,Robert W. Service,1907,,eng
9781114384668,Elements of Geometry and Trigonometry From the Works of A M Legendre Adapted to the Course of Mathematical Instruction in the United States,Charles Davies,1890,,eng
9781114679870,"Psychology of early childhood up to the sixth year of age,",William Stern,1924,,eng
9781117035246,The practical book of chinaware,Harold Donaldson Eberlein,1925,,eng
9781117093543,American History & Encyclopedia of Music 10 Volumes,W. L. Hubbard,1908,,eng
9781117099002,"Annual Report of the Board of Regents of the Smithsonian Institution Showing the Operations, Expenditures, and Condition of the Institution For the Year Ending June 30 1920",Smithsonian Institution,1922,,eng
9781117161051,Count Frontenac and New France under Louis XIV. France and England in North America.,Francis Parkman,1878,,eng
9781117289861,Messages & Papers of the Presidents 20V,James D Richardson,1897,,eng
9781117493183,Mrs Wiggs of the Cabbage Patch,Alice Caldwel Hegan,1906,,eng
9781118512371,Annotated Instructor's Edition of Mas alla de las palabras,Olga Gallego,1657,,eng
9781121114852,How To Know the Ferns a Guide To the Names,Frances The Parsons,1909,,eng
9781121155015,Harpers Encyclopedia of United States History 10,Benson J. Lossing,1901,,eng
9781121178649,"The Diary of John Evelyn, in Two Volumes (Memoirs and Chronicles of the Courts of Europe, Illustrated with Photogravures on Japan Vellum)",John Evelyn,1901,,eng
9781121180185,History & Literature of Christianity Fro,Pierre De Labriolle,1925,,eng
9781122088268,Messages & Papers of the President 10 Volumes,James Richardson,1902,,eng
9781122232449,"Maclise portrait gallery of illustrious literary character, with memories biographical, critical bioliographical, and anecdotal, illustrative of the literature of the former half of the present centur",William Bates,1898,,eng
9781125119211,A Practical Book For Practical People,Varios,1896,,eng
9781125121801,"Latin manuscripts; an elementary introduction to the use of critical editions for high school and college classes,",Harold W Johnston,1897,,eng
9781125187692,The Great Texts of the Bible. Isaiah,James Ed. HASTINGS,1910,,eng
9781125187777,The Frontier Spirit in American Christianity,Peter G. Mode,1923,,eng
9781125362617,Early English portrait miniatures in the collection of the Duke of Buccleuch; ed. by Charles Holme; text by H. A. Kennedy,H. A. Kennedy,1917,,eng
9781125365588,"El sí de las niñas; comedia en tres actos, por Don Leandro Fernández de Moratín, with notes, vocabulary and exercises, by Percy Bentley Burnet (Spanish Edition)",Leandro Fernández de Moratín,1918,,eng
9781125571187,"The manufacture of organic dyestuffs; authorized tr. with additions, from the French of André Wahl, by F. W. Atack. With a preface to the English ed. by Edmund Knecht",André Wahl,1914,,eng
9781125597552,Caravan the Assembled Tales,John Galsworthy,1925,,eng
9781125759431,"The Melancholy Tale of Me; My Remembrances, by Edward H. Sothern",E. H. Sothern,1916,,eng
9781125901120,Collected Works of Henrik Ibsen Volume 6,William Archer undifferentiated,1910,,eng
9781125967324,"The Middle Period, 1817-1858, etc (American History Series.)",John W. Burgess,1897,,eng
9781131071718,The life of Benjamin Franklin : written by himself,Benjamin Franklin,1855,,eng
9781131135465,Prayers of the social awakening,Walter Rauschenbusch,1925,,eng
9781131154817,Where Strange Gods Call Pages Out of The,Harry Hervey,1924,,eng
9781131209579,"In the beauty of meadow and mountain,",,1913,,eng
9781133109334,An Introduction to Physical Science (Instructor's 13th Edition),James Shipman,1913,,eng
9781133111856,College Algebra with Applications for Business and Life Sciences (Instructors Edition),,1913,,eng
9781133273448,Essentials of Marketing Research Fifth Edition (Instructor's Edition),Barry J. Babin William G. Zikmund,1913,,eng
9781133307556,Assessment in Special and Inclusive Education Instructor's Edition,Salvia Ysseldyke Bolt,1913,,eng
9781133315971,IE Criminal Evidence Principles and Cases,Terry M Anderson Thomas J Gardner,1913,,eng
9781133436201,Ie the Craft of Rev Ann ed,Murray,1913,,eng
9781133692898,Dosage Calculations 9th Edition Instructor's Edition,Pickar & Abernethy,1913,,eng
9781135218492,World of William Clissold Volume 2,H. G. Wells,1926,,eng
9781135391195,Land of the Hills & the Glens Wild Life,S. D. Gordon,1920,,eng
9781135486211,"SKETCHES Of The RISE, PROGRESS, And DECLINE Of SECESSION; With a Narrative of Personal Adventures Among the Rebels.",W. G. Brownlow,1862,,eng
9781135545307,The Tomb of Siphtah; The Monkey Tomb and the Gold Tomb; The Discovery of the Tombs 1st Edition,Theodore M. Davis,1908,,eng
9781135574734,The Scottish Tongue. A Series Of Lectures On The Vernacular Language Of Lowland Scotland.,W. A. Craigie,1924,,eng
9781135807481,Notes on the Art of Rembrandt,C. J Holmes,1911,,eng
9781135826529,"The Historian's History of the World, Volume XXI : Scotland and Ireland; England Since 1792 and Volume XXII",Henry Smith Williams,1926,,eng
9781142563615,"The Poetical Works of John and Charles Wesley: Hymns and Sacred Poems, 1739, and 1740",George Osborn,1868,,eng
9781177687706,"Naval Wars In The Baltic During The Sailing-ship Epoch, 1522-1850",R C. B. 1883 Anderson,1900,,eng
9781177763073,The religious consciousness a psychological study,,1921,,eng
9781199072214,The Romance of Design,Garnet Warren,1926,,eng
9781199321312,Surprising Adventures and Sufferings of John Rhodes a Seaman of Workington,Anonymous,1799,,eng
9781199575678,What is back of the War ... Illustrated with photographs,Albert Jeremiah Beveridge,1915,,eng
9781199593641,Genthe Collection of 1917,Anderson Auction ;  Catalogue,1917,,eng
9781199641410,Erasmus a Study of His Life Ideals & Pla,Preserved Smith,1923,,eng
9781199709929,"Hand-List of English Books In the Library of Emmanuel College, Cambridge Printed Before 1641",Bibliographical ;  Society,1915,,eng
9781199784513,In the Footprints of Charles Lamb / by Benjamin Ellis Martin ; Illustrated by Herbert Railton and John Fulleylove ; with a Bibliography by E. D. North,Benjamin Ellis Martin,1890,,eng
9781199865946,Clansman an Historical Romance of the Ku,Thomas Dixon,1905,,eng
9781240121892,Procedure and practice before the United States Board of Tax Appeals,,1925,,eng
9781256674559,"Fundamentals of General, Organic, and Biological Chemistry, Volume 1 (Fourth Custom Edition for Montgomery County Community College)","John McMurry, David S. Ballantine, Carl A. Hoeger, and Virginia E. Peterson",1769,,eng
9781259252204,Organizational Behavior Improving Performance and Commitment in the Workplace,Colquitt,1799,,eng
9781259277733,Loose Leaf of Punto y aparte and Connect  Access Card,Sharon W. Foerster,1707,,eng
9781275130524,Industrial education. its problems. methods and dangers. by Albe,Leake. Albert H.,1913,,eng
9781285116990,Essentials of Modern Business Statistics (Essentials of Modern Business Statistics With Microsoft Office Excel) by David R. Anderson (2012-08-02),David Ray Anderson; Dennis J. Sweeney; Thomas Arthur Williams,1662,,eng
9781285559667,Managers and The Legal Environment (Strayer University),BAGLEY,1718,,eng
9781289615376,New Testament of Our Lord and Saviour Jesus Christ,,1875,,eng
9781292061153,"Strategic Management and Business Policy with MyManagementLab, Global Edition",Thomas L. Wheelen,1742,,eng
9781299377127,Venetian Painters of the Renaissance,Bernard Berenson,1903,,eng
9781299583184,Bureau of American Ethnology Bulletin 74,Alfred M. Tozzer,1921,,eng
9781299589063,Navy/Series I/V.05 Operations on the Potomac and Rappanhannock Rivers,1005,1897,,eng
9781299589100,Navy/Series I/V.02 the Operations of the Cruisers,1002,1895,,eng
9781299613720,Report of the Legislative Committee from the State of New York to the Alaska-Yukon-Pacific Expositi,B. M. Wilcox; Frank S. Burzynski ; James S. Parker; J. M. Wainwright,1910,,eng
9781387891283,"Story of Walnut Grove, Minnesota 1873-2022",Daniel D. Peterson,1922,,eng
9781399058964,Best Plays of 1925-26 and the Year Book of the Drama In America,Burns Mantle,1926,,eng
9781399121200,"Catalogue of the Indian Collections In Museum of Fine Arts, Boston",Ananda Coomaraswamy,1924,,eng
9781399221740,History of the Theatre In America (V.2) ,Arthur Hornblower,1919,,eng
9781399359313,Best Plays of 1919-20 and the Year Book of the Drama In America,Burns Mantle,1920,,eng
9781399749282,Essay on the History of Civil Society,Adam Ferguson,1793,,eng
9781399788458,Life of Frances E. Willard,Anna Adams Gordon,1912,,eng
9781399804844,History of India (Vol. 1-8),Abraham Valentine Williams Jackson,1903,,eng
9781399809023,"Official Correspondence of James S. Calhoun, While Indian Agent At Santa Fe and Superintendent of I",Annie Heloise Abel,1915,,eng
9781399855273,"Problems and methods of literary history, with special reference to modern French literature; a guide for graduate students",AndrGe Morize,1922,,eng
9781399867504,"Elementary Treatise on the Differential Calculus, Containing the Theory of Plane Curves with Numero","Williamson, Benjamin",1893,,eng
9781399869225,Natural Laws of Sexual Life,Anton Nystrom;  Translator  Carl Sandzen,1923,,eng
9781399891226,Motocycle Chums In New England or the Mount Hoylyoke Adventure,Andrew Carey Lincoln,1912,,eng
9781399929462,Conpendious History of American Methodism,Abel Stevens,1867,,eng
9781399931694,Works of Bjornson,Bjørnstjerne Bjørnson,1882,,eng
9781399957489,A B C of Bee Culture: A Cyclopaedia of Everything Pertaining to the Card of the Honey Bee,A.I. Root,1881,,eng
9781399972338,"Travels In Central Asia, Being the Account of a Journey from Teheran Across the Turkoman Desert on",Arminius Vambery,1864,,eng
9781399974578,Graven Palm Manual of the Science of Palmistry,A. Robinson,1911,,eng
9781399997577,"For the Luncheon Interval, Cricket and Other Verses",A. A. Milne,1925,,eng
9781399999267,"Towns of New England and Old (V.2) England, Ireland and Scotland, Part Ii",Allan Forbes,1921,,eng
9781404705074,Significance of the Fine Arts,,1923,,eng
9781404705746,History of English Literature,Reuben Halleck,1900,,eng
9781404705852,Study of Prose Fiction,Bliss Perry,1902,,eng
9781404737860,The Campaign of 1781 in the Carolinas,Henry Lee,1824,,eng
9781404738157,The Story of the Revolution,Henry Cabot Lodge,1898,,eng
9781404751651,Political History of the State of New York,D. S. Alexander,1906,,eng
9781404752016,History of Long Island,Benjamin F. Thompson,1918,,eng
9781404754041,Life and Letters of James Abram Garfield,Theodore Clarke Smith,1925,,eng
9781404754188,Life of Rutherford Birchard Hayes,Charles Richard Williams,1914,,eng
9781404762220,The Intimate Papers of Colonel House,Edward Mandell House,1926,,eng
9781404762633,Fathers of New England,Charles Andrews,1921,,eng
9781404763005,Georgia and the Union in 1850,Richard Harrison Shryock,1926,,eng
9781404763043,The Opening of the Mississippi,Frederic Austin Ogg,1904,,eng
9781404763401,Historical Memoirs of New California,Francisco Palou,1926,,eng
9781404771079,Shakespeare's Predecessors in the English Drama,John Addington Symonds,1900,,eng
9781404771093,The Social Mode of Restoration Comedy,Kathleen Martha Lynch,1926,,eng
9781404771222,The Political Novel,Morris Edmund Speare,1924,,eng
9781404772953,The Influence of Beaumont and Fletcher on Shakespere,Ashley Horace Thorndike,1901,,eng
9781404774704,An Historical and Critical Review of Samuel Butler's Literary Works,Willem Gerard Bekker,1925,,eng
9781404774773,The Pilgrim of Eternity,John Drinkwater,1925,,eng
9781404776470,"Letters of the Wordsworth Family from, 1787-1855",William Wordsworth,1907,,eng
9781404781702,The Letters of Bret Harte,Bret Harte,1926,,eng
9781404787711,History of Conquest of Peru,William Hickling Prescott,1898,,eng
9781404790094,The New Encyclopedia of Music and Musicians,Waldo Selden Pratt,1924,,eng
9781404790254,The Listener's History of Music,Percy Alfred Scholes,1925,,eng
9781404791305,Complete Book of the Great Musicians,Percy Alfred Scholes,1923,,eng
9781407207698,The Elements of Organic Gardening,,1900,,eng
9781407577210,Princess and the Frog,,1750,,eng
9781408313053,Shakespeare 16 Books Childrens Story Collection Set By Tony Ross,Andrew Matthews,1600,,eng
9781409129219,Pushing the Limits The Controversial and Explosive Autobiography of the Two-Time World Moto Gp Champion,Casey Stoner,1899,,eng
9781409147817,Horrid Henry and the Bogey Babysitter,,1841,,eng
9781409369035,DK Eyewitness Pocket Map and Guide,OL3115455A,1859,,eng
9781411500358,"Paul the peddler, or, The triumphs of a young merchant","Horatio Alger, Jr.",1902,,eng
9781412092197,"The Self-Regulation Model of the Offense and Relapse Process, Volume 2",Tony Ward;Pamela Yates;Carmen Long,1762,,eng
9781417335794,A History of the Family of Sherborn,Charles Davies Sherborn,1901,,eng
9781417388318,Historic Genealogy of the Kirk Family As Established by Roger Kirk,Charles Stubbs,1872,,eng
9781418122287,"The Life and letters of Lord Macaulay, by his nephew George Otto Trevelyan",Sir Trevelyan George Otto,1899,,eng
9781418165550,"An introduction to the modern theory of equations, by Florian Cajori.",Florian Cajori,1904,,eng
9781418167035,"An Introduction to the Theory of Multiply Periodic Functions, by H.F. Baker.",Henry Frederick Baker; H. F. (Henry Frederick) Baker,1907,,eng
9781418167646,"The Algebra of invariants, by J. H. Grace and A. Young",John Hilton Grace,1903,,eng
9781421265704,"The Philocalia of Origen. The Text Revised with a Critical Introduction and Indices, by J. Armitage Robinson",Origen,1893,,eng
9781422443811,"Arizona Criminal and Traffic Law Manual, 2007-2008 Edition with CD-ROM",,1905,,eng
9781424333905,A Guide to California Community Pharmacy Law Seventh Edition 2009-2011,Fred G. Weissman Pharm.D. J.D.,1600,,eng
9781429237390,Preview Book for What Is Life? Guide to Biology,,1910,,eng
9781429237451,Preview Book and Supplements Sampler What is Life,,1910,,eng
9781429243292,The Development of Children,,1913,,eng
9781429280020,Basic Practice of Statistics Statsportal,David S. Moore; William I Notz; MICHAEL FLIGNER,1802,,eng
9781429706216,"A Defence for fugitive slaves, against the acts of Congress of February 12, 1793, and September 18, 1850",Lysander Spooner,1850,,eng
9781429707459,A Report of the case of the Jeune Eugenie,Jeune Eugenie,1822,,eng
9781429708395,"Account of the slave trade on the coast of Africa, An",Alexander Falconbridge,1788,,eng
9781429709774,"An Address, delivered before the free people of color",William Lloyd Garrison,1831,,eng
9781429709941,"An Appeal to the professors of Christianity, in the southern states and elsewhere, on the subject of slavery",New England Yearly Meeting of Friends.,1842,,eng
9781429710817,"Argument of Roger S. Baldwin, of New Haven, before the Supreme Court of the United States",Roger S. (Roger Sherman) Baldwin,1841,,eng
9781429711852,Complete instructions for the recruit in the light infantry drill,E. E. (Ephraim Elmer) Ellsworth,1861,,eng
9781429713245,"Examination of the decision of the Supreme Court of the United States, in the case of Strader, Gorman and Armstrong vs. Christopher Graham",James Gillespie Birney,1852,,eng
9781429713290,"Exposition of the proceedings of John P. Darg, Henry W. Merritt, and others",Isaac T. (Isaac Tatem) Hopper,1840,,eng
9781429714075,Fugitive slave law : the religious duty of obedience to law,Ichabod S. (Ichabod Smith) Spencer,1850,,eng
9781429718035,Notice of the Rev. John B. Adger's article on the slave trade,Edward B Bryan,1858,,eng
9781429720328,"Race problem in the South, The",Joseph LeConte,1892,,eng
9781429720427,"Reclamation of fugitives from service : an argument for the defendant, submitted to the Supreme Court of the United States, at the December term, 1846",Salmon P. Chase,1847,,eng
9781429721370,"Report of the Committee of Merchants for the Relief of Colored People, Suffering from the Late Riots in the City of New York.",Suffering from the Late Riots in the City of New York Committee of Me,1863,,eng
9781429723619,"Slavery and the domestic slave trade, in the United States",Philadelphia Yearly Meeting of the Religious Society of Friends.,1841,,eng
9781429723626,"Slavery and the rebellion, one and inseparable. Speech of Hon. Charles Sumner, before the New York Young men's Republican union, at Cooper institute, New York, on the afternoon of November 5, 1864.",Charles Sumner,1864,,eng
9781429724333,"Speech of Cassius M. Clay, before the Law Department of the University of Albany, N. Y., February 3, 1863.",Cassius Marcellus Clay,1863,,eng
9781429724807,"Speech of Salmon P. Chase, in the case of the colored woman, Matilda, who was brought before the Court of Common Pleas of Hamilton County, Ohio, by writ of habeas corpus; March 11, 1837.",Salmon P. Chase,1837,,eng
9781429725408,"Substance of an argument of Samuel F. Vinton, for the defendants in the case of the commonwealth of Virginia vs. Peter M. Garner and others, for an alleged abduction of certain slaves.",Samuel Finley Vinton,1846,,eng
9781429725453,"Sufferings of the Rev. T. G. Campbell and his Family, in Georgia",,1877,,eng
9781429726214,"The Appeal of the Religious Society of Friends in Pennsylvania, New Jersey, Delaware, etc., to their fellow-citizens of the United States on behalf of the coloured races",Philadelphia Yearly Meeting of Friends (Orthodox : 1827-1955),1858,,eng
9781429726801,"The Claims of the Negro, ethnologically considered",Frederick Douglass,1854,,eng
9781429728911,"The Landmark of freedom : speech of Hon. Charles Sumner, against the repeal of the Missouri prohibition of slavery north of 36 30'",Charles Sumner,1854,,eng
9781429729406,The Narrative of Amos Dresser : with Stone's letters from Natchez,Amos Dresser,1836,,eng
9781429729437,"The Natick resolution, or, Resistance to slaveholders the right and duty of southern slaves and northern freemen",Henry Clarke Wright,1859,,eng
9781429731539,"The Trial of Amos Broad and his wife, on three several indictments for assaulting and beating Betty, a slave, and her little female child Sarah, aged three years",Amos Broad,1809,,eng
9781429739948,The Annals of Clonmacnoise,Denis Murphy,1896,,eng
9781429740302,Lectures on the rise and development of mediaeval architecture delivered at the Royal Academy,"Scott, George Gilbert Sir",1879,,eng
9781429745345,An Address to the anti-slavery Christians of the United States,American and Foreign Anti-Slavery Society,1850,,eng
9781429748483,Second report of a committee of the representatives of New York Yearly Meeting of Friends upon the condition and wants of the colored refugees.,New York Yearly Meeting of the Religious Society of Friends.,1863,,eng
9781429750929,"Reply to the letter of Bishop Hopkins, addressed to Dr. Howe, in the print called ""The age,"" of December 8th, 1863, A",Bishop Mark Antony DeWolfe Howe,1864,,eng
9781429751322,Moral significance of the contrasts between slavery and freedom,Nathaniel Hall,1864,,eng
9781429753425,A Discourse on slavery and the annexation of Texas,Orville Dewey,1844,,eng
9781429755054,Relation of slavery to a republican form of government,Theodore Parker,1858,,eng
9781429755764,"Address delivered before the Union League of Philadelphia, October 31, 1864",Charles D. Meigs,1864,,eng
9781429756884,Principles of flower arrangement,Edward Albert White,1923,,eng
9781429759397,Official and tentative methods of analysis of the Association of Official Agricultural Chemists,,1919,,eng
9781430266464,Samsung Galaxys Application Sketch Book For The S4 S3 And Sii Androidenabled Smartphones,Dean Kaplan,1900,,eng
9781430266792,Using Windows 81 Return Of The Start Buttom,Kevin Wilson,1900,,eng
9781432805524,The Decisive Conflicts Of The Late Civil War Or Slaveholders' Rebellion,John Watts De Peyster,1868,,eng
9781435111134,Essentials of American History,Thomas Bonaventure Lawler,1902,,eng
9781436599313,The english works of Thomas Hobbes of Malmesbury,,1839,,eng
9781437519150,The Myths and Legends of Ancient Greece and Rome,,1880,,eng
9781439536353,100 Hispanic-americans Who Shaped American History,Rick Laezman,1631,,eng
9781442006607,The Three Little Wolves and the Big Bad Pig,,1735,,eng
9781447262428,The Complete Hitchhiker's Guide to the Galaxy,,1800,,eng
9781450807340,First Look and Find Disney Winnie the Pooh,John Kurtz; Disney Storybook Artists,1861,,eng
9781455728534,Medical-Surgical Nursing - Two Volume Text and Simulation Learning System Package,Donna D. Ignatavicius MS  RN  ANEF,1913,,eng
9781457302220,SpringBoard English Language Arts Grade 10 Consumable Student Edition 2014 CollegeBoard,,1656,,eng
9781462886999,Glimpses of the Divine,Susan Long Quainton,1900,,eng
9781463764753,"The German Allied Troops in The North American War of Independence, 1776-1783",J.G. Rosengarten,1893,,eng
9781467531610,Will I Ever See Another Butterfly? (Children of the Holocaust) by Benjamin A. Cohen (2012-05-04),Benjamin A. Cohen,1861,,eng
9781468096811,"Men of Mark : Eminent, Progressive and Rising",Rev William J. Simmons D.D.,1887,,eng
9781469921877,Reminiscences of the Civil War,General John Brown Gordon; General Stephen D. Lee; Frances Gordon Smith,1903,,eng
9781471118067,Cut the Rope Search and Find Book,Simon & Schuster Childrens Books,1750,,eng
9781471161209,An Illustrated History of Notable Shadowhunters and Denizens of Downworld,Cassandra Clare,1760,,eng
9781472327130,DORA THE EXPLORER STORYBOOK COLLECTION,Nickelodeon,1777,,eng
9781473319776,Jokes and Their Relation to the Unconscious,,1905,,eng
9781474840781,Disney Movie Collection : The Jungle Book,Disney,1747,,eng
9781481938723,Media Planning & Buying in the 21st Century : Second Edition --by Sr. Ronald D. Geskey [2013 Edition] ISBN,Ronald Geskey,1672,,eng
9781497321939,Work among the Freedmen : Address of Rev. Samuel J. Fisher,Rev. Samuel J. Fisher D.D,1902,,eng
9781499010671,Voyage to Madagascar and the East Indies,Abbe Rochon,1792,,eng
9781499025446,"Essays Upon Educational Subjects Read At the Educational Conference of June, 1857;",Alfred Hill,1857,,eng
9781499026443,"Great Novels of Anatole France Penguin Island, the Crime of Sylvestre Bonnard and the Revolt of the",Anatole France,1909,,eng
9781499027761,"Letters of Archie Butt, Personal Aide to President Roosevelt",Archie Butt;  Editor And A Biographical Sketch Of The Author  Lawrence F.,1924,,eng
9781499030174,Village Tales and Jungle Tragedies,B.M. Croker,1895,,eng
9781499031256,Account of the Proceedings Incidental to the Opening for Public Worship of the Bloomingdale Reforme,Bloomingdale Reformed Church,1886,,eng
9781499032109,Life of Alexander Hamilton,Allan  Hamilton;  McLane,1910,,eng
9781500336561,Revision of the Treaty,John Maynard Keynes,1922,,eng
9781507861431,The Fall of a Nation,Mr Thomas Dixon,1916,,eng
9781508441014,The Romance of Leonardo Da Vinci,Dimitri Merejkowski,1904,,eng
9781508610700,Essays Of Michel de Montaigne,"Montaigne, Michel de",1877,,eng
9781508913122,A Compilation of the Messages and Papers of the Presidents,Mr James D Richardson,1897,,eng
9781508913658,Cremation of the Dead,Mr William Eassie,1875,,eng
9781508931942,The Life of William Ewart Gladstone,Mr John Morley,1903,,eng
9781511494946,The Motor Boys over the Ocean,Mr Clarence Young,1911,,eng
9781517487027,The Error of Modern Missouri,"Schmidt, Friedrich A, Stellhorn, Frederick W",1897,,eng
9781523307210,Sirens of the Northern Seas,Kathryn Le Veque; Anna Markland; Violetta Rand; Emma Prince; Elizabeth Rose,1752,,eng
9781533471147,The Nests And Eggs Of Indian Birds,Mr Allan Octavian Hume,1889,,eng
9781533649539,A Prisoner of the Khaleefa : ,Mr Charles Neufeld,1899,,eng
9781535800174,A Continuation of the memoirs of a working man,T. Carter,1850,,eng
9781535800686,An Outline of the System of Education at New Lanark,Robert Dale Owen,1824,,eng
9781535801034,"The bangwell boys, being the sequel to Hardiboy James. No. 15-17",Various,1890,,eng
9781535801287,The Boys of Bircham School,George Emmett,1869,,eng
9781535802024,A Brief Account of the Religion & Civil Institutions of the Burmans,Henry Vansittart,1798,,eng
9781535802055,"The British Millennial Harbinger, Devoted to the Spread of Primitive Christianity",Various,1850,,eng
9781535802697,"Children's World in Works of Dostoyevsky, in Connection with His Judgments about Education, etc.",Various,1891,,eng
9781535803366,"Dialogue on Dr. Temple's Essay [""The Education of the World""",John Nelson Darby,1870,,eng
9781535803779,Eastern Persia an Account of the Journeys of the Persian Boundary Commission,W. T. Blanford,1876,,eng
9781535803922,"Ela, the outcast : or, The gipsy of Rosemary Dell",Various,1850,,eng
9781535804677,"Family secrets : or, A page from life's volume",Various,1846,,eng
9781535804837,Fragments on Ethical Subjects : by the Late George Grote F. R. S.; Being a Selection from His Posthumous Papers,George Grote,1876,,eng
9781535804936,Garden of romance. No. 1-10 : containing the following tales and romances,Various,1843,,eng
9781535805261,Hard battles for life and usefulness,James I. (James Inches) Hillocks,1889,,eng
9781535805674,"Intellectual Development of Children, from First Expression of Consciousness to Age Eight. A Manual for Educators. Included in the Book Are Drawings ... of Songs for Children",Elizaveta Nikolaevna Vodovozova,1876,,eng
9781535805896,Jack Harkaway and the secret of wealth,Various,1900,,eng
9781535806350,"The King of the Beggars; Or, the Surprising Adventures of Bamfylde Moore Carew",Bampfylde Moore Carew,1840,,eng
9781535806442,The Land Question : An Enquiry into the Ownership and Transfer of Land and Reform Proposals Applicable to Scotland,John Notary Erskine,1895,,eng
9781535806633,Letters on the Importance of the Female Sex : With Observations on Their Manners and on Education,S. Miss Hatfield,1803,,eng
9781535806787,"Life of Jack Sheppard, the housebreaker",Joseph Blake,1840,,eng
9781535806855,Lionel of the sea,Various,1880,,eng
9781535806992,"Mabel : or, The child of the battle field",Various,1851,,eng
9781535807050,Manuscripts from the diary of a physician,Various,1847,,eng
9781535807180,"Memoirs of Charles Campbell, at present prisoner in the jail of Glasgow","Campbell, Charles",1828,,eng
9781535807197,Memoir on the Western or Edoor Tribes Inhabiting the Somali Coast of N. E. Africa;,Charles J. Cruttenden,1848,,eng
9781535807210,Memoirs of a social atom,W. E. (William E.) Adams,1903,,eng
9781535807241,"Memoirs of Andrew Winpenny, count de Deux Sous",Francis Glasse,1841,,eng
9781535807302,Memoirs of the late Thomas Holcroft,William Hazlitt,1816,,eng
9781535807432,"Miranda : or, The Heiress of the grange",Various,1850,,eng
9781535807746,"Narratives of the Mission of George Bogle to Tibet, and of the Journey of Thomas Manning to Lhasa",Sir Clements R. Markham,1876,,eng
9781535808002,"Notes on the Bedouins and Wahábys, Collected during His Travels in the East, by the Late John Lewis Burckhardt",William Sir Ouseley,1830,,eng
9781535808163,Official Papers on the Medical Statistics and Topography of Malacca and Prince of Wales' Island and on the Prevailing Diseases of the Tenasserim Coast,J. P. Grant; T. M. Ward,1830,,eng
9781535808224,On the Deformation Resulting from the Method of Constructing the International Atlas of the World on the Scale of One to One Million,Lieut. J. Waterhouse,1912,,eng
9781535808453,"Pedlar's acre : or, The wife of seven husbands",Various,1848,,eng
9781535808651,"Popular Education : Or, the Normal School Manual",Henry Dunn,1837,,eng
9781535808774,Proceedings of the Oxford Union Society,Various,1841,,eng
9781535808804,"Persecution of the Lutheran Church in Prussia : From the Year 1831, to the Present Time",J. D. Loewenberg,1840,,eng
9781535809085,Reminiscences of long life,Peter Rev Featherston,1905,,eng
9781535809122,"Report on the Cartographic Applications of Photography as Used in the Topographical Departments of the Principal States in Central Europe, with Notes on the European and Indian Surveys",Lieut. J. Waterhouse,1870,,eng
9781535810845,"Seistan a Memoir on the History, Topography, Ruins, and People of the Country",G. P. Tate,1910,,eng
9781535811279,"St. Jame's Hall. Seventeenth Season. Saturday Popular Concerts. Programme and Analytical Remarks. Four Hundred and Ninety-Fifth Concert, Saturday, December 12th, 1874",Various,1874,,eng
9781535811590,"Templaria : Papers Relative to the History, Privileges, and Possessions of the Scotish Knights Templar, and Their Successors the Knights of Saint John of Jerusalem",James Maidment,1828,,eng
9781535811620,The adventures of Robinson Crusoe,Daniel Defoe,1872,,eng
9781535811729,The autobiography of an English gamekeeper,John gamekeeper Wilkins,1892,,eng
9781535811804,"The autobiography of the ""Sark"" M. P.",William Moffitt,1910,,eng
9781535811941,"The blue dwarf : a tale of love, mystery, and crime",Percy B.(Percy Bolingbroke) St. John,1885,,eng
9781535811972,"The Botany of the Voyage of H. M. S. Sulphur, under the Command of Captain Sir Edward Belcher",George Bentham,1844,,eng
9781535812153,The brigands of the sea,Various,1885,,eng
9781535812214,"The Child of two fathers : or, The mysteries of the days of old",Various,1848,,eng
9781535812245,"The Child's First Book, and Sunday School Primer",Various,1838,,eng
9781535812306,The Christian Observer : Conducted by Members of the Established Church,Various,1826,,eng
9781535812337,The confessions of a Dancing girl,Various,1913,,eng
9781535812672,The Female Reader,Mary Wollstonecraft,1789,,eng
9781535812726,"The Focus of Philosophy, Science, and Art",Various,1821,,eng
9781535812894,"The History and Description of the Shetland Islands, etc.",James Rev. Catton,1838,,eng
9781535813006,"The Kaisarnámah I Hind, or Lay of the Empress",Edward Backhouse Eastwick,1877,,eng
9781535813167,The life and adventures of Jack Sheppard,Lincoln Fortescue,1845,,eng
9781535813259,The Life of Jack Rann,Various,1825,,eng
9781535813334,"The life of William Hutton, F. A. S. S.",Catherine Hutton,1816,,eng
9781535813389,"The Lives of notorious and daring highwaymen, and robbers",G Thompson,1843,,eng
9781535813495,The merry wives of London,Various,1850,,eng
9781535814058,The outlaws of Epping Forest,Various,1873,,eng
9781535814133,The People's Primer of Church Principles,Alexander King,1876,,eng
9781535814157,The pilgrims of the Thames in search of the national! : by Pierce Egan,Pierce Egan,1838,,eng
9781535814256,The Proper Limits of the State's Interference in Education,Harry Chester,1861,,eng
9781535814553,The Schools of the Scottish Episcopal Church,Hugh Scott,1870,,eng
9781535814645,The skeleton at the plough,George Mitchell,1875,,eng
9781535814775,"The string of pearls : or, The Barber of Fleet Street",James Malcolm Rymer,1850,,eng
9781535814904,"The True Solution of the Present Religious Difficulties as Shown in an Address to His Holiness Pope Pius IX., and the Pere Hyacinthe",Mrs. Laird,1875,,eng
9781535814973,The war cruise of the Mosca,George Emmett,1880,,eng
9781535815048,The Wild boys of London,Various,1866,,eng
9781535815154,"The wreck of the heart : or, The story of Agnes Primrose : a domestic tale",George Dibdin Pitt,1842,,eng
9781535815277,This is the book of the lamentations of the Poet Macgonagall,William McGonagall,1905,,eng
9781535816250,"Your Child's Doctor as an Educator. A Practical Guide for Parents, Doctors and Teachers",Various,1909,,eng
9781553193395,The Sign of the Beaver LITERATURE KIT,Nat Reed,1900,,eng
9781554751112,"Reverse Diabetes Forever ""The Ultimate Guide to Controlling Your Blood Sugar""",Reader's Digest Association,1602,,eng
9781554782741,History of the conspiracy of Pontiac v.1,Francis Parkman,1851,,eng
9781561379620,One and Only Ivan - Student Packet by Novel Units,Novel Units,1613,,eng
9781565852969,The Lives and Works of the English Romantic Poets,Willard Spiegelman,1902,,eng
9781567330991,Georgia CRCT Test Prep 6th Grade Social Studies teaching the georgia performance standards,Emmett Reid Mullins;Glen Blankenship,1787,,eng
9781569392096,"At the Seashore (Composers In Focus, Volume 2)",Bruce Berr,1900,,eng
9781571572189,"House of Churchill, the",Don Masters,1900,,eng
9781580014038,"2006 International Building Code Structural/Seismic Design Manual, Volume 2",International Code Council,1803,,eng
9781582010106,The Life and Letters of Dr. Samuel Butler (Vol. I0) Part1,Samuel Butler,1923,,eng
9781582010113,The Life and Letters of Dr. Samuel Butler (Vol. II),Samuel Butler,1923,,eng
9781582010151,The Odyssey Vol. 15(Rendered into English Prose),Samuel Butler,1923,,eng
9781582010205,"Note-Books of Samuel Butler, The",Samuel Butler,1923,,eng
9781582010212,Works of Wilkie Collins - 30 Volumes,Wilkie Collins,1900,,eng
9781582010281,"Moonstone, The (Part Two) & The New Magdalen",Wilkie Collins,1900,,eng
9781582010519,"Rogue's Life: From His Birth to His Marriage, The; Little Novels",Wilkie Collins,1900,,eng
9781582010670,The Writings of George Eliot - 25 Volumes (The Writings of George Eliot),George Eliot,1919,,eng
9781582010793,"Middlemarch, a study of provincial life - Part 1",George Eliot,1919,,eng
9781582010809,"Middlemarch, a study of provincial life - Part 2",George Eliot,1919,,eng
9781582010816,"Middlemarch, a study of provincial life - Part 3",George Eliot,1919,,eng
9781582010885,Essays and leaves from a note-book,George Eliot,1919,,eng
9781582010892,Essays and uncollected papers,George Eliot,1919,,eng
9781582010939,The Complete Works of Henry Fielding - 16 Volumes (The Complete Works of Henry Fielding),Henry Fielding,1919,,eng
9781582010953,"History of the Life of the late Mr. Jonathan Wild and A Journey from This World to the Next, &c., The",Henry Fielding,1919,,eng
9781582010960,"History of Tom Jones, a Foundling, The - Part 1",Henry Fielding,1919,,eng
9781582010977,"History of Tom Jones, a Foundling, The - Part 2",Henry Fielding,1919,,eng
9781582010984,"History of Tom Jones, a Foundling, The - Part 3",Henry Fielding,1919,,eng
9781582011011,Plays and Poems - Part 1,Henry Fielding,1919,,eng
9781582011028,Plays and Poems - Part 2,Henry Fielding,1919,,eng
9781582011035,Plays and Poems - Part 3,Henry Fielding,1919,,eng
9781582011042,The Complete Works of Henry Fielding - Volume 11,Henry Fielding,1919,,eng
9781582011059,Plays and Poems - Part 5,Henry Fielding,1919,,eng
9781582011264,The Complete Novels of Mr. Samuel Richardson - 19 Volumes,Samuel Richardson,1919,,eng
9781582011318,The History of Clarrisa Harlowe - Part 1,Samuel Richardson,1919,,eng
9781582011325,The History of Clarrisa Harlowe - Part 2,Samuel Richardson,1919,,eng
9781582011332,The History of Clarrisa Harlowe - Part 3,Samuel Richardson,1919,,eng
9781582011349,The History of Clarrisa Harlowe - Part 4,Samuel Richardson,1919,,eng
9781582011356,The History of Clarrisa Harlowe Part 5,Samuel Richardson,1919,,eng
9781582011363,The History of Clarrisa Harlowe- Part 6,Samuel Richardson,1919,,eng
9781582011370,The History of Clarrisa Harlowe - Part 7,Samuel Richardson,1919,,eng
9781582011387,The History of Clarrisa Harlowe - Part 8,Samuel Richardson,1919,,eng
9781582011394,The History of Sir Charles Gradison - Part 1,Samuel Richardson,1919,,eng
9781582011400,The History of Sir Charles Gradison - Part 2,Samuel Richardson,1919,,eng
9781582011417,The History of Sir Charles Gradison - Part 3,Samuel Richardson,1919,,eng
9781582011424,The History of Sir Charles Gradison - Part 4,Samuel Richardson,1919,,eng
9781582011431,The History of Sir Charles Gradison - Part 5,Samuel Richardson,1919,,eng
9781582011448,The History of Sir Charles Gradison - Part 6,Samuel Richardson,1919,,eng
9781582011455,The History of Sir Charles Gradison - Part 7,Samuel Richardson,1919,,eng
9781582012155,The Complete Works of Samuel Johnson,Samuel Johnson,1919,,eng
9781582012216,The Idler; Poems,Samuel Johnson,1919,,eng
9781582012230,"The Works of Samuel Johnson, Volume 8 (Lives of the Poets: Part 1)",Samuel Johnson,1919,,eng
9781582012261,Lives of the Poets and Other Pieces,Samuel Johnson,1919,,eng
9781582013510,The Stones of Venice - Part 3,John Ruskin,1919,,eng
9781582013633,"Val D'Arno, The Schools of Florence, Mornings in Florence, The Shepherd's Tower",John Ruskin,1919,,eng
9781582013718,"Bibliotheca Pastorum, The Economist of Xenophon, Rock Honeycomb",John Ruskin,1919,,eng
9781582013749,"The Storm-Cloud of the Nineteenth Centruy, On the Old Road, Arrows of the Chace, Ruskiniana",John Ruskin,1918,,eng
9781582013763,The Leters of John Ruskin 1827-1869 Part 1,John Ruskin,1918,,eng
9781582013770,The Letters of John Ruskin 1870-1889 Part 2,John Ruskin,1918,,eng
9781582015118,"Arrow-Maker, The (The Collected Works of Mary Hunter Austin)",Mary Austin,1919,,eng
9781582015149,Christ in Italy (The Collected Works of Mary Hunter Austin),Mary Austin,1919,,eng
9781582015163,"Flock, The (The Collected Works of Mary Hunter Austin)",Mary Austin,1919,,eng
9781582015521,Chivalry (The Collected Works of James Branch Cabell - 46 Volumes),James Branch Cabell,1919,,eng
9781582015798,Back Home; Being the Narrative of Judge Priest and His People (The Collected Works of Irvin S. Cobb - 61 Volumes),Irvin S. Cobb,1919,,eng
9781582016290,"Ancient Law, The (The Collected Works of Ellen Glasgow - 24 Volumes)",Ellen Glasgow,1919,,eng
9781582016344,The Deliverance (The Collected Works of Ellen Glasgow),Ellen Glasgow,1919,,eng
9781582016405,"Romance of a Plain Man, The (The Collected Works of Ellen Glasgow - 24 Volumes)",Ellen Glasgow,1919,,eng
9781582016443,"Wheel of Life, The (The Collected Works of Ellen Glasgow - 24 Volumes)",Ellen Glasgow,1919,,eng
9781582016658,Summer of Love (The Collected Works of Joyce Kilmer),Joyce Kilmer,1919,,eng
9781582016764,"Broken Snare, The (The Collected Works of Ludwig Lewisohn - 41 Volumes)",Ludwig Lewisohn,1919,,eng
9781582017808,"Bundle of Myrrh, A (The Collected Works of John G. Neihardt - 27 Volumes)",John Gneisenau Neihardt,1919,,eng
9781582017815,"Dawn-Builder, The (The Collected Works of John G. Neihardt - 27 Volumes)",John Gneisenau Neihardt,1919,,eng
9781582017846,"Lonesome Trail, The (The Collected Works of John G. Neihardt - 27 Volumes)",John Gneisenau Neihardt,1919,,eng
9781582017860,"River and I, The (The Collected Works of John G. Neihardt - 27 Volumes)",John Gneisenau Neihardt,1919,,eng
9781582017907,"Stranger at the Gate, The (The Collected Works of John G. Neihardt - 27 Volumes)",John Gneisenau Neihardt,1919,,eng
9781582018133,"Spirit of Romance, The (The Collected Works of Ezra Pound - 74 Volumes)",Ezra Pound,1919,,eng
9781582018751,The Boss of Little Arcady (The Collected Works of Harry Leon Wilson),Harry Leon Wilson,1919,,eng
9781582018775,Ewing's Lady (The Collected Works of Harry Leon Wilson),Harry Leon Wilson,1919,,eng
9781582018959,Their Yesterdays (The Collected Works of Harold Bell Wright - 18 Volumes),Harold Bell Wright,1919,,eng
9781582019680,Gallantry (The Collected Works of James Branch Cabell - 46 Volumes),James Branch Cabell,1919,,eng
9781586058258,Quantum Pad Learning System Scholastic's The Magic School Bus Lost in the Solar System,,1825,,eng
9781594420924,Memoirs of William Nelson Pendelton,"Lee, Susan (Pendleton) Mrs",1893,,eng
9781595305657,Posey and the Purrfect Song,Katherine Stano,1861,,eng
9781599594712,Mancomm Essentials of Safety General Industry Training and Reference Guide Vol. II,,1767,,eng
9781602006515,Family Life Resurrection Eggs - 12-Piece Easter Egg Set with Booklet and Religious Figurines Inside - Tells The Full Story of Easter,Familylife,1900,,eng
9781602402713,Freak the Mighty Student Discussion Guide,,1871,,eng
9781603280822,"Core Connections Course 2 Volume One by Dietiker, Sallee, Hamada, Hoey Kysh","Sallee, Hamada, Hoey Kysh Dietiker",1882,,eng
9781603863469,The analysis of mind	,,1921,,eng
9781604142587,Risen from the Ashes - The History of the West Baden Springs Hotel,Patrick J. O'Brian,1684,,eng
9781606411261,"Doctrines of Salvation, Sermons and Writings of Joseph Fielding Smith",,1857,,eng
9781606822173,Science Student Activity Manual Grade 6 4th Edition,,1905,,eng
9781616287900,The Wonder of Sharks,,1724,,eng
9781617939136,"The Kingdom (Graveyard Queen) (The Graveyard Queen Series, Book 2)",Amanda Stevens,1605,,eng
9781620325452,Wasted Evangelism Social Action And The Churchs Task Of Evangelism A Journey In The Gospel Of Mark,Chip M. Anderson,1900,,eng
9781628453614,AFOQT Study Guide 2016,,1870,,eng
9781628453669,Series 7 Exam Prep Study Guide,,1714,,eng
9781628762815,The Maid and the Grenadier,Percy Hall,1900,,eng
9781629532806,The Girl in the Woods,Gregc Olsen,1587,,eng
9781638872047,Song of the Birds for Treble Instrument Solo and Piano,Pablo Casals,1900,,eng
9781640322127,"St. Teresa of Avila Three Book Treasury - Interior Castle, The Way of Perfection, and The Book of Her Life","Teresa of Avila; Emmanuël DeWeg; Benedictines of Stanbrook,",1921,,eng
9781640322615,The Confessions of St. Augustine,Edward Bouverie Pusey,1909,,eng
9781640322738,"R. A. Torrey Five Book Set - How To Pray, The Person and Work of The Holy Spirit, How to Bring Men to Christ,",Reuben Archer Torrey,1901,,eng
9781640323032,How to Live the Victorious Life,"Unknown Christian,Albert Richardson",1921,,eng
9781645350309,The Compliance Officer's Handbook,Robert A Wade,1920,,eng
9781646794898,The Last Days of John Brown,Henry David Thoreau,1860,,eng
9781646795642,Explanation of an Optical Deception in the Appearance of the Spokes of a Wheel when seen through Vertical Apertures,Peter Mark Roget,1824,,eng
9781741856811,Aromatherapy Massage Box Set (64 page full color book & 66 minute DVD on the art of massage),Varios,1678,,eng
9781742481166,The Seven Continents of the World.,Five Mile Press,1816,,eng
9781742610467,The Good Life,Adrian Richardson,1900,,eng
9781770842991,"The Paw Paw Program A Christopher Columbus Approach To Cancer.....The World IS Round And Cancer CAN Be Treated Naturally - 2nd Edition by MHH, CHC, BEd Lorene Benoit","CHC, BEd Lorene Benoit MHH",1899,,eng
9781780371092,The Brindled Cat And The Nightingales Tongue Selected Poems,Louis De Paor,1900,,eng
9781780486987,The Saga of Larten Crepsley,Darren Shan,1905,,eng
9781780894959,The Outlandish Companion Volume 2,Diana Gabaldon,1656,,eng
9781781061824,Ultimate Guide to the Samsung Galaxy,,1846,,eng
9781782446408,The Ugly Duckling - Sticker Book And Play Scene,Tide Mill Media,1925,,eng
9781782532453,"Imperial Knights A Tale of Honour, Courage and Solitude [hardcover] Games Workshop [Jan 01, 1712]",Games Workshop,1712,,eng
9781784152178,F9 Financial Management - Complete Text,,1723,,eng
9781789870084,A Voice of Warning and Key to the Science of Theology,Parley P. Pratt,1855,,eng
9781789870671,"The Life and Miracles of Saint Philomena, Virgin and Martyr",,1863,,eng
9781789871586,On the Shores of the Great Sea,Margaret Bertha Synge,1909,,eng
9781789871760,Spiritual Exercises to Serve for the Annual Retreat of a Carmelite,Ecclesiastical Superior,1919,,eng
9781792482038,The Dark Side of Persuasion,Shari Hoppin,1753,,eng
9781792489624,Anti-Fragility and a Critique of Identity Politics,Abraham-Smith,1753,,eng
9781792490231,Who Am I? the Journey Into Self-Discovery from a Biblical Point of View,Morais Gary; Sorian-Morais Susan,1753,,eng
9781840236705,Star Wars : The Clone Wars-Victories and Sacrifices,W. Haden Blackman; John Ostrander; Tomas Giorello; Jan Duursema,1857,,eng
9781841148595,Images of Industrial and Narrow Gauge Railways - Cornwall,Maurice Dart,1811,,eng
9781841148656,Images of Hampshire and Isle of Wight Railways,Maurice Dart,1724,,eng
9781841149929,Last Days of Steam on the Midland Region,Roger Malone,1632,,eng
9781844448845,Ali Baba and the Forty Thieves in English,,1800,,eng
9781844741960,Commentary on the New Testament Use of the Old Testament,G K Beale,1787,,eng
9781846561245,Childrens Book of Verse and,,1766,,eng
9781846681127,Vermeers Hat The Seventeenth Century & the Dawn of the Global World - 2008 publication,Timothy Brook,1725,,eng
9781847157300,Holly Webb - Series 3 - Puppy and Kitten 10 Books Collection Set,,1801,,eng
9781847451903,Champion of the Chalet School,Adrianne Fitzpatrick,1800,,eng
9781847629128,KS2 English SATs Practice Papers - Set 1,,1600,,eng
9781847924032,And the Weak Suffer What They Must?,Yanis Varoufakis,1874,,eng
9781848563292,"""The Sandman"" by Jack Kirby and Joe Simon",,1829,,eng
9781849383592,Play Drums With... The Best Of The Beatles,Beatles,1894,,eng
9781849495769,A Portrait Artist of the Year : A Little Book of Portraits,,1600,,eng
9781850771463,"Sung to Shahryar, Poems from the Arabian Nights",E.P. Mathers,1925,,eng
9781851706662,Chintz Collection-Address and Telephone Book,,1900,,eng
9781853981715,The Secret Library of Georges Armoulian,Anthony Frewin,1801,,eng
9781856131940,Where are the Pontipines? (In the Night Garden),British Broadcasting Corporation,1600,,eng
9781856268424,Little Book of Pasta and Noodles,Paul Gayler,1822,,eng
9781856276368,The Macmillan field guide to British wildflowers,Franklyn and Max Walters Perring,1919,,eng
9781859585214,The Light of Asia the Life and Teaching of Gautama,Edwin Arnold,1909,,eng
9781862009127,The Complete Digital Photo Manual,,1900,,eng
9781868255146,Seashore Life of Southern Africa (Struik Pocket Guides),C.R. Griffiths,1920,,eng
9781868722266,The 3 Am Handbook,Sister Lilian,1920,,eng
9781868725113,Wonders of the Ocean (Questions & Answers),Mike Bruton; Susan Mathews,1920,,eng
9781870166249,The Pursuit of Gruaidh,Cecile Orahilly,1924,,eng
9781873606124,Mastering the Laws of Relationships,"Patel; ""Savitri""",1900,,eng
9781874280088,Calendar of Papal Letters,Haren,1900,,eng
9781881987192,Collected Studies on the Pathology of War Gas Poisoning,M. C. Winternitz,1920,,eng
9781902269016,London Plaques - 5 Fascinating Walks : Viewing the Homes of the Great and Good,,1614,,eng
9781904627586,Practice Papers for the Mrcgp Written E,,1758,,eng
9781904627968,Concise Practice Essays Mrcog 2,S. Ngwenya,1896,,eng
9781906419813,Industrial Railways of Southern England in Colour,,1600,,eng
9781906761899,Landmarks of the World Colouring,,1745,,eng
9781906796952,The Most Famous Ice Rink in the World,,1895,,eng
9781906980160,The Progressions Of Classical Ballet Technique,,1816,,eng
9781907123221,The Cradle of Quakerism,Arthur Kincaid,1625,,eng
9781908489258,The Little Book of Garden Bird Songs,"Pinnington, Andrea, Buckingham, Caz",1825,,eng
9781910771020,DC Tree of Life Adult Colourin,,1900,,eng
9781926199238,The Palms of British India and Ceylon / by Ethelbert Blatter,Ethelbert (1877-1934) Blatter,1926,,eng
9781937702489,"Mini Modern Essentials Usage Guide, 8th Edition",Aroma Tools,1738,,eng
9781976137730,"A Book about Bees - Their History, Habits, and Instincts",Rev F G Jenyns,1886,,eng
9781986847933,Boy Scouts of America Official Handbook,Ernest Thompson Seton; Sir Robert S.S. Baden-Powell,1910,,eng
9782382261255,The Way of All Flesh by Samuel Butler,Samuel Butler,1903,,eng
9782382261798,The Red Badge of Courage by Stephen Crane Paperback,Stephen Crane,1895,,eng
9782382262221,The Box Car Children The Original 1924 edition,Gertrude Chandler Warner,1924,,eng
9782382265901,The writing of fiction by Edith Wharton (Annotated),Edith Wharton,1925,,eng
9782382267127,Other People's Money and How the Bankers Use it (Annotated),Louis D Brandeis,1914,,eng
9782491704308,Hans Christian Andersen Complete Fairy Tales illustrated,Hans Christian Andersen,1899,,eng
9782755808087,History of France,Jules Michelet,1869,,eng
9782825400449,Faith and Order Studies.,World Council of Churches.,1968,und,eng
9782877475631,History of France,lucien-bely,1900,,eng
9782894290194,The Great Fairy Tales Treasure Chest - Book 4,[author not identified],1888,,eng
9783112336076,Introduction to Theoretical Physics Introduction to Theoretical Physics,No Contributor,1924,,eng
9783112505519,Some Additional Fragments of the London Medical Papyrus,Frederic George Kenyon,1901,,eng
9783112567234,Text and Sign-Lift,No Contributor,1899,,eng
9783112601532,The Book of the New York International Chess Tournament 1924,No Contributor,1925,,eng
9783112603017,Vollers' 10 Figure-System compiled with the 2 letters minimum difference,R Vollers,1907,,eng
9783332228892,History of the Westgate,Francis Bennett-Goldney F.S.A M.P. (the late),1920,,eng
9783642889653,"Biochemisches Handlexikon: III. Band Fette, Wachse, Phosphatide, Protagon, Cerebroside, Sterine, Gallensäuren (Volume 3) (German Edition)",H. Altenburg; I. Bang; K. Bartelt; Fr. Baum; C. Brahm; W. Cramer; K. Dieterich; R. Ditmar; M. Dohrn; H. Einbeck; H. Euler; E.S. Faust; C. Funk; O. v. Fürth; O. Gerngroß,1911,,eng
9783662229897,The German people’s Property in the great war,Ignaz Jastrow,1919,,eng
9783662244050,Comparison of Principal Points of Standards for Electrical Machinery,Freidrich Nettel,1923,,eng
9783762511717,Dictionary of Cement Manufacture and Technology.,,1967,und,eng
9783908800019,The highlands of Ethiopia,William Cornwallis; S. T. A. Harris,1844,,eng
9784401344444,Album of favorite compositions for the pianoforte,Hans F Engelmann,1909,,eng
9784758051095,Saiyuki Reload Gunlock Official Guide (Saiyuki Reload Gunlock Official Guide) (in Japanese),Kazuya Minekura,1656,,eng
9784849961661,Masterpieces of the World's Literature (The Great Authors of the World with Their Master Productions) Vol. XV. {MEL-MUR},Harry Thurston Peck,1899,,eng
9785553662233,Call of the Wild and Others,Jack London,1920,,eng
9785553664343,Across the River and Into Th,Ernest Hemingway,1920,,eng
9785553666354,Ford the Men and the Mach-V2,Robert Lacey,1920,,eng
9785553666361,Ford the Men and the Mach-V1,Robert Lacey,1920,,eng
9785553675325,Age of Fighting Sail the,C. S. Forester,1920,,eng
9785553763985,Power and the Money-22.50,Francis X. Dealy,1920,,eng
9786000809164,Laboratory Guide for the Dissection of Cat,Frederic P. Gorham,1901,,eng
9786001147654,Memoirs of the National Academy of Volume 4,Naos,1888,,eng
9786001466694,Geometrical Researches On the Theory Of,N Lobachevski,1914,,eng
9786052812907,Evaluation of the distance learning systems in Turkey,Yakup Çelikbilek,1905,,eng
9787849961624,Masterpieces of the World's Literature (The Great Authors of the World with Their Master Productions) Vol. X. {GAY-HAM},Harry Thurston Peck,1899,,eng
9788124500415,Modern Abc Of Physics Class Xii Set Of 2 Parts With Cd,by Satish K. Gupta (Author),1899,,eng
9788125918677,"Irrigation Theory And Practice - 2Nd Edn [Paperback] [Jan 01, 2008] A M Michael",A MMichael,1857,,eng
9788130400174,Best Of Tenali Raman The Jester,,1899,,eng
9788131903209,The 12 Tissue Remedies of Schussler,William Boericke; W.A. Dewey,1914,,eng
9788170588405,Towards Perfect Health - Selections From the Writings of Mother and Sri Aurobindo,Sri Aurobindo Sri Aurobindo,1899,,eng
9788173811555,Principles of Machine Tools,"SEN,BHATTACHARYA",1855,,eng
9788175735965,Best Of 136 Grandpas Tales,,1900,,eng
9788177221428,The Complete Guide To C# Programming,V K Jain,1899,,eng
9788178086705,Data Structures & Algorithm Analysis in C++ Second Edition/Low Price Edition,Mark Allen Weiss,1750,,eng
9788180062018,Tales Of Tenali Raman,,1899,,eng
9788183391467,The Islamization of Kashmir,Dr. Altaf Hussain Yatoo,1905,,eng
9788187138563,The Treasury of Hinduism (Selected Book of Quotations),H.C.L.Singh,1899,,eng
9788200060277,A colpophotographic study of the vascular patterns of the uterine cervix,Oddmund Koller,1963,und,eng
9788416447824,Tales Of The Royal Alcazar Of Seville,"SAMUEL,MERVYN",1900,,eng
9788437815374,All the Principality of Monaco,Editorial S.A. Escudo de Oro,1901,,eng
9788470683374,The life of Saint Teresa,P. Crisógono; Kevin of the Cross,1900,,eng
9788472905559,Breve historia de la civilizacion china / Brief history of Chinese civilization,Conrad Schirokauer; Miranda Brown,1900,,eng
9788490945469,The mystery of the missing cheese level 1,AA.VV,1900,,eng
9788490945490,Mysteries of the new school year,AA.VV,1900,,eng
9788496013490,El rayo verde en el ocaso/ The Green Beam in the Twilight,Sergio Mars,1900,,eng
9788496046320,STRANGE CASE OF DR JEKYLL AND MR HYDE ART ENTERPRIS,Robert Louis Stevenson,1900,,eng
9788496046337,ADVENTURES OF SHERLOCK HOLMES 2,Arthur Conan Doyle,1900,,eng
9788496660649,La batalla de las Navas de Tolosa y el nacimiento de Andalucia/ The Battle of Las Navas de Tolosa and the birth of Andalusia,Gloria Lora,1866,,eng
