isbn13,title,author,year,language,edition_count,score,status,custody,custody_physical,holdings,status_basis,gb_status,pg_id,gallica_ark
9780198115113,"The Elizabethan Stage,",Edmund Kerchever Chambers,1923,und,1,8,NT,open,unheld-nt,,full digital exists (ht allow); artifact may still be scarce,,,
9780198145561,Xenophontis Opera Omnia: Tomus V,Xenophon,1900,gre,1,8,NT,open,multi,"loc,ndl",full digital exists (ht allow); artifact may still be scarce,,,
9780245567445,La maison,Henry Bordeaux,1924,fre,1,8,NT,open,unheld-nt,,full digital exists (pg hit); artifact may still be scarce,none,12646,
9780320064234,Servitude Et Grandeur Militaires,Alfred de Vigny,1926,fre,1,8,NT,open,unheld-nt,,full digital exists (pg hit); artifact may still be scarce,none,18211,
9780371558140,Medicinsk Plantelaere for studerende Laeger og Pharmaceutiker,Christian Friedrich Schumacher,1825,dan,1,8,NT,open,unheld-nt,,full digital exists (ht allow); artifact may still be scarce,,,
9780387062945,Vorlesungen über neuere Geometrie,Moritz Pasch,1926,ger,1,8,NT,open,multi,"dnb,loc,ndl",full digital exists (ht allow); artifact may still be scarce,,,
9780404069070,Verdi; Roman der Oper.,Franz Werfel,1926,ger,1,8,NT,open,single,loc,full digital exists (ht allow); artifact may still be scarce,,,
9780404566111,Parzival und der Gral in der Dichtung des Mittelalters und der Neuzeit.,Wolfgang Golther,1925,ger,1,8,NT,open,multi,"loc,ndl",full digital exists (ht allow); artifact may still be scarce,,,
9780524000038,Histoire critique des doctrines religieuses de la philosophie moderne,Christian Bartholmèss,1855,fre,1,8,NT,open,unheld-nt,,full digital exists (ht allow); artifact may still be scarce,,,
9780524000069,"Die freie Theologie, oder, Philosophie und Christenthum in Streit und Frieden",Alois Emanuel Biedermann,1844,ger,1,8,NT,open,unheld-nt,,full digital exists (ht allow); artifact may still be scarce,,,
9780524000144,Giordano Bruno und Nicolaus von Cusa,F. J. Clemens,1847,ger,1,8,NT,open,unheld-nt,,full digital exists (ht allow); artifact may still be scarce,,,
9780524000236,Die Prädestinationsfrage aufs neue betrachtet,Johannes Heinrich August Ebrard,1840,ger,1,8,NT,open,unheld-nt,,full digital exists (ht allow); artifact may still be scarce,,,
9780524000717,Theologische Abhandlungen,Wilhelm Nowack,1902,ger,1,8,NT,open,unheld-nt,,full digital exists (ht allow); artifact may still be scarce,,,
9780524000892,"Søren Kierkegaard, hans liv, hans personlighed og hans forfatterskab",Peter Andreas Plum Rosenberg,1898,dan,1,8,NT,open,unheld-nt,,full digital exists (ht allow); artifact may still be scarce,,,
9780524000915,Zur Dogmatik,Richard Rothe,1863,ger,1,8,NT,open,unheld-nt,,full digital exists (ht allow); artifact may still be scarce,,,
9780524000960,Vorlesungen über Schleiermacher,Julius Schaller,1844,ger,1,8,NT,open,unheld-nt,,full digital exists (ht allow); artifact may still be scarce,,,
9780524000991,Geschichte der synkretistischen Streitigkeiten in der Zeit des Georg Calixt,Heinrich Schmid,1846,ger,1,8,NT,open,unheld-nt,,full digital exists (ht allow); artifact may still be scarce,,,
9780524001004,Vergleichende Darstellung des lutherischen und reformirten Lehrbegriffs,M. Schneckenburger,1855,ger,1,8,NT,open,unheld-nt,,full digital exists (ht allow); artifact may still be scarce,,,
9780524001080,Zwingli-Studien,Hermann Spörri,1866,ger,1,8,NT,open,unheld-nt,,full digital exists (ht allow); artifact may still be scarce,,,
9780524001288,Die Metaphysik und Ethik des Pseudo-Dionysius Areopagita,Otto Siebert,1894,ger,1,8,NT,open,unheld-nt,,full digital exists (ht allow); artifact may still be scarce,,,
9780524001370,Kierkegaard und Nietzsche,G. Sodeur,1914,ger,1,8,NT,open,unheld-nt,,full digital exists (ht allow); artifact may still be scarce,,,
9780524001479,Johannes Scotus Erigena und die Wissenschraft seiner Zeit,Franz Anton Staudenmaier,1834,ger,1,8,NT,open,unheld-nt,,full digital exists (ht allow); artifact may still be scarce,,,
9780524001875,La science et la conscience,"Vacherot, E.",1870,fre,1,8,NT,open,unheld-nt,,full digital exists (ht allow); artifact may still be scarce,,,
9780524002070,Hegels Offenbarungsbegriff,"Werner, Johannes",1887,ger,1,8,NT,open,unheld-nt,,full digital exists (ht allow); artifact may still be scarce,,,
9780524002148,I mensklighetens lifsfrågor,Pontus Wikner,1889,swe,1,8,NT,open,unheld-nt,,full digital exists (ht allow); artifact may still be scarce,,,
9780524002247,Miscellanea philosophica,John Wycliffe,1902,lat,1,8,NT,open,unheld-nt,,full digital exists (ht allow); artifact may still be scarce,,,
9780524002353,Der Primat des Willens vor dem Intellekt bei Augustin,Otto Zänker,1907,ger,1,8,NT,open,unheld-nt,,full digital exists (ht allow); artifact may still be scarce,,,
9780524002384,Johannes Huber,Eberhard Zirngiebl,1881,ger,1,8,NT,open,unheld-nt,,full digital exists (ht allow); artifact may still be scarce,,,
9780524002414,Lexicon Bonaventurianum,Antonio of Vicenza,1880,lat,1,8,NT,open,unheld-nt,,full digital exists (ht allow); artifact may still be scarce,,,
9780524002476,Die Erkenntnislehre des Wilhelm von Auvergne,Matthias Baumgartner,1893,ger,1,8,NT,open,unheld-nt,,full digital exists (ht allow); artifact may still be scarce,,,
9780524003152,Christliche Apologetik,Karl Heinrich Sack,1829,ger,1,8,NT,open,unheld-nt,,full digital exists (ht allow); artifact may still be scarce,,,
9780524003312,Die christliche Sitte,Friedrich Schleiermacher,1884,ger,1,8,NT,open,unheld-nt,,full digital exists (ht allow); artifact may still be scarce,,,
9780524003343,"Ideen, Reflexionen und Betrachtungen aus Schleiermachers Werken",Friedrich Schleiermacher,1854,ger,1,8,NT,open,unheld-nt,,full digital exists (ht allow); artifact may still be scarce,,,
9780524003350,Schleiermacher's Handschriftliche Anmerkungen zum ersten Theil der Glaubenslehre,Friedrich Schleiermacher,1873,ger,1,8,NT,open,unheld-nt,,full digital exists (ht allow); artifact may still be scarce,,,
9780524003442,Schopenhauers philosophisches System,Rudolf Seydel,1857,ger,1,8,NT,open,unheld-nt,,full digital exists (ht allow); artifact may still be scarce,,,
9780524003565,"De rationis auctoritate tum in se, tum secundum Sanctum Anselmum considerata","Vacherot, E.",1836,lat,1,8,NT,open,unheld-nt,,full digital exists (ht allow); artifact may still be scarce,,,
9780524003572,Die Idee der Gottheit,Christian Hermann Weisse,1833,ger,1,8,NT,open,unheld-nt,,full digital exists (ht allow); artifact may still be scarce,,,
9780524003589,Logik und Metaphysik,Georg Weissenborn,1850,ger,1,8,NT,open,unheld-nt,,full digital exists (ht allow); artifact may still be scarce,,,
9780524003619,"Le Cartésianisme, ou, La véritable rénovation des sciences",Jean Baptiste Bordas-Demoulin,1843,fre,1,8,NT,open,unheld-nt,,full digital exists (ht allow); artifact may still be scarce,,,
9780524003664,Deutliche und möglichst vollständige Uebersicht über das theologische System Dr. Friedrich Schleiermachers,Friedrich Wilhelm Gess,1837,ger,1,8,NT,open,unheld-nt,,full digital exists (ht allow); artifact may still be scarce,,,
9780524003718,Le règne social du christianisme,François Huet,1853,fre,1,8,NT,open,unheld-nt,,full digital exists (ht allow); artifact may still be scarce,,,
9780524003909,Friedrich Schleiermachers Grundriss der philosophischen Ethik,Friedrich Schleiermacher,1841,ger,1,8,NT,open,unheld-nt,,full digital exists (ht allow); artifact may still be scarce,,,
9780524003916,Über Schleiermacher's Glaubenslehre mit Beziehung auf die Reden über die Religion,Heinrich Schmid,1835,ger,1,8,NT,open,unheld-nt,,full digital exists (ht allow); artifact may still be scarce,,,
9780524003947,Kort indlaeg i sagen mellem S. Kierkegaard og H.L. Martensen,N. Teisen,1884,dan,1,8,NT,open,unheld-nt,,full digital exists (ht allow); artifact may still be scarce,,,
9780524003954,Om Søren Kierkegaard's betydning som kristelig taenker,N. Teisen,1903,dan,1,8,NT,open,unheld-nt,,full digital exists (ht allow); artifact may still be scarce,,,
9780524004043,Das Historische in Kants Religionsphilosophie,Ernst Troeltsch,1904,ger,1,8,NT,open,unheld-nt,,full digital exists (ht allow); artifact may still be scarce,,,
9780524004135,Histoire critique de l'école d'Alexandrie,"Vacherot, E.",1846,fre,1,8,NT,open,unheld-nt,,full digital exists (ht allow); artifact may still be scarce,,,
9780524004166,Vorlesungen über Pantheismus und Theismus,Georg Weissenborn,1859,ger,1,8,NT,open,unheld-nt,,full digital exists (ht allow); artifact may still be scarce,,,
9780524004173,Herder als Theologe,August Werner,1871,ger,1,8,NT,open,unheld-nt,,full digital exists (ht allow); artifact may still be scarce,,,
9780524004326,Über David Friedrich Strauss,Kuno Fischer,1908,ger,1,8,NT,open,unheld-nt,,full digital exists (ht allow); artifact may still be scarce,,,
9780524004418,"Søren Kierkegaard, som filosof",Harald Høffding,1892,dan,1,8,NT,open,unheld-nt,,full digital exists (ht allow); artifact may still be scarce,,,
9780524004449,Søren Kierkegaard,Carl Frederik Koch,1898,dan,1,8,NT,open,unheld-nt,,full digital exists (ht allow); artifact may still be scarce,,,
9780524004463,S. Kierkegaard mod det bestaaende,Hans Peter Kofoed-Hansen,1857,dan,1,8,NT,open,unheld-nt,,full digital exists (ht allow); artifact may still be scarce,,,
9780524004517,Har S. Kierkegaard fremstillet de christelige idealer--er dette sandhed?,C. L. N. Mynster,1884,dan,1,8,NT,open,unheld-nt,,full digital exists (ht allow); artifact may still be scarce,,,
9780524004562,Mag. S. Kierkegaards Johannes Climacus og Dr. H. Martensens Christelige dogmatik,"Nielsen, Rasmus",1849,dan,1,8,NT,open,unheld-nt,,full digital exists (ht allow); artifact may still be scarce,,,
9780524004593,"Om S. Kierkegaards ""mentale tilstand""","Nielsen, Rasmus",1858,dan,1,8,NT,open,unheld-nt,,full digital exists (ht allow); artifact may still be scarce,,,
9780524004616,Om forholdet imellem Søren Kierkegaard og Luther,J. C. M. Ørum,1858,dan,1,8,NT,open,unheld-nt,,full digital exists (ht allow); artifact may still be scarce,,,
9780524004630,Om de dialektische grundbegreber hos Søren Kierkegaard,A. F. Schiødte,1874,dan,1,8,NT,open,unheld-nt,,full digital exists (ht allow); artifact may still be scarce,,,
9780524004647,Der christliche Glaube nach den Grundsäzen der evangelischen Kirche im Zusammenhange dargestellt,Friedrich Schleiermacher,1830,ger,1,8,NT,open,unheld-nt,,full digital exists (ht allow); artifact may still be scarce,,,
9780524005354,Die Reformation,Johann Joseph Ignaz von Döllinger,1846,ger,1,8,NT,open,unheld-nt,,full digital exists (ht allow); artifact may still be scarce,,,
9780524005385,Das religiöse Apriori und die Geschichte,Karl Dunkmann,1910,ger,1,8,NT,open,unheld-nt,,full digital exists (ht allow); artifact may still be scarce,,,
9780524005460,La librairie des papes d'Avignon,Maurice Faucon,1886,fre,1,8,NT,open,unheld-nt,,full digital exists (ht allow); artifact may still be scarce,,,
9780524005651,Beiträge zur Geschichte August Hermann Francke's,Gustav Kramer,1861,ger,1,8,NT,open,unheld-nt,,full digital exists (ht allow); artifact may still be scarce,,,
9780524005774,Andreas Osiander,Wilhelm Moeller,1870,ger,1,8,NT,open,unheld-nt,,full digital exists (ht allow); artifact may still be scarce,,,
9780524005804,"Pierre Jurieu, historien apologiste de la Réformation",C. van Oordt,1879,fre,1,8,NT,open,unheld-nt,,full digital exists (ht allow); artifact may still be scarce,,,
9780524005842,Caspar Cruciger,Theodor Pressel,1862,ger,1,8,NT,open,unheld-nt,,full digital exists (ht allow); artifact may still be scarce,,,
9780524005866,Justus Jonas,Theodor Pressel,1862,ger,1,8,NT,open,unheld-nt,,full digital exists (ht allow); artifact may still be scarce,,,
9780524005873,Lazarus Spengler,Theodor Pressel,1862,ger,1,8,NT,open,unheld-nt,,full digital exists (ht allow); artifact may still be scarce,,,
9780524005903,Paul Eber,Theodor Pressel,1862,ger,1,8,NT,open,unheld-nt,,full digital exists (ht allow); artifact may still be scarce,,,
9780524005958,Albrecht Ritschls Leben,"Ritschl, Otto",1892,ger,1,8,NT,open,unheld-nt,,full digital exists (ht allow); artifact may still be scarce,,,
9780524006009,Recht und Schuld in der Geschichte,Adolf Schlatter,1915,ger,1,8,NT,open,unheld-nt,,full digital exists (ht allow); artifact may still be scarce,,,
9780524006016,Peter Martyr Vermigli,"Schmidt, Charles",1858,ger,1,8,NT,open,unheld-nt,,full digital exists (ht allow); artifact may still be scarce,,,
9780524006092,C. Olevianus und Z. Ursinus,Karl Jakob Sudhoff,1857,ger,1,8,NT,open,unheld-nt,,full digital exists (ht allow); artifact may still be scarce,,,
9780524006412,Die Rechtfertigungslehre in der Apologie,"Kunze, Johannes",1908,ger,1,8,NT,open,unheld-nt,,full digital exists (ht allow); artifact may still be scarce,,,
9780524006429,Das Gotteserlebnis der Reformation,Hermann Johann Mandel,1916,ger,1,8,NT,open,unheld-nt,,full digital exists (ht allow); artifact may still be scarce,,,
9780524006559,Thomas Carlyle's Anschauung vom Fortschritt in der Geschichte,Albrecht Ströle,1909,ger,1,8,NT,open,unheld-nt,,full digital exists (ht allow); artifact may still be scarce,,,
9780524006566,Histoire des sources du droit canonique,Adolphe Tardif,1887,fre,1,8,NT,open,unheld-nt,,full digital exists (ht allow); artifact may still be scarce,,,
9780524006702,Einfluss der englischen Philosophen seit Bacon auf die deutsche Philosophie des 18. Jahrhunderts,Gustav Zart,1881,ger,1,8,NT,open,unheld-nt,,full digital exists (ht allow); artifact may still be scarce,,,
9780524006832,Le Béyân arabe,ʻAlī Muḥammad Shīrāzī Bāb,1905,fre,1,8,NT,open,unheld-nt,,full digital exists (ht allow); artifact may still be scarce,,,
9780524007075,Die Religion in den assyrisch-babylonischen Busspsalmen,Wilhelm Caspari,1903,ger,1,8,NT,open,unheld-nt,,full digital exists (ht allow); artifact may still be scarce,,,
9780524007419,Geschichte der deutschen Reformation,"Bezold, Friedrich von",1890,ger,1,8,NT,open,unheld-nt,,full digital exists (ht allow); artifact may still be scarce,,,
9780524007426,Die evangelisch-lutherische Kirche Ungarns in ihrer geschichtlichen Entwicklung,J. R. Borbis,1861,ger,1,8,NT,open,unheld-nt,,full digital exists (ht allow); artifact may still be scarce,,,
9780524007495,Meister Eckhart und seine Jünger,Meister Eckhart,1895,ger,1,8,NT,open,unheld-nt,,full digital exists (ht allow); artifact may still be scarce,,,
9780524007570,Der Gedanke der päpstlichen Weltherrschaft bis auf Bonifaz VIII,Albert Hauck,1904,ger,1,8,NT,open,unheld-nt,,full digital exists (ht allow); artifact may still be scarce,,,
9780524007600,Reformation und Ketzerprozess,Walther Köhler,1901,ger,1,8,NT,open,unheld-nt,,full digital exists (ht allow); artifact may still be scarce,,,
9780524008638,Die cartesianische Scholastik,Josef Bohatec,1912,ger,1,8,NT,open,unheld-nt,,full digital exists (ht allow); artifact may still be scarce,,,
9780524008669,David Friedrich Strauss,"Hettinger, Franz",1875,ger,1,8,NT,open,unheld-nt,,full digital exists (ht allow); artifact may still be scarce,,,
9780524008850,Die allgemeine vergleichende Religionswissenschaft im akademischen Studium unserer Zeit,Edmund Hardy,1887,ger,1,8,NT,open,unheld-nt,,full digital exists (ht allow); artifact may still be scarce,,,
9780524009291,Griechen und Semiten auf dem Isthmus von Korinth,Ernst Maass,1903,ger,1,8,NT,open,unheld-nt,,full digital exists (ht allow); artifact may still be scarce,,,
9780524009598,De lanae in antiquorum ritibus usu,Jakob Pley,1911,lat,1,8,NT,open,unheld-nt,,full digital exists (ht allow); artifact may still be scarce,,,
9780524010105,La papauté au Moyen Âge,Félix Rocquain,1881,fre,1,8,NT,open,unheld-nt,,full digital exists (ht allow); artifact may still be scarce,,,
9780524010211,Herder in Bückeburg und seine Bedeutung für die Kirchengeschichte,Horst Stephan,1905,ger,1,8,NT,open,unheld-nt,,full digital exists (ht allow); artifact may still be scarce,,,
9780524010341,Geschichte der Reformation in Polen,Theodor Wotschke,1911,ger,1,8,NT,open,unheld-nt,,full digital exists (ht allow); artifact may still be scarce,,,
9780524010617,Das Leben und die Lehre des Muhammed,Ludolf Krehl,1884,ger,1,8,NT,open,unheld-nt,,full digital exists (ht allow); artifact may still be scarce,,,
9780524010709,"Le bouddhisme, son fondateur et ses écritures",Félix Nève,1853,fre,1,8,NT,open,unheld-nt,,full digital exists (ht allow); artifact may still be scarce,,,
9780524011072,Rechtfertigung und Wiedergeburt,Ernst Cremer,1907,ger,1,8,NT,open,unheld-nt,,full digital exists (ht allow); artifact may still be scarce,,,
9780524011126,Loci e libro veritatum,Thomas Gascoigne,1881,lat,1,8,NT,open,unheld-nt,,full digital exists (ht allow); artifact may still be scarce,,,
9780524011157,"Geschiedenis van het protestantisme van den Munsterschen vrede tot de Fransche revolutie, 1648-1789",J. H. Maronier,1901,dut,1,8,NT,open,unheld-nt,,full digital exists (ht allow); artifact may still be scarce,,,
9780524011195,Il sangue cristiano nei riti ebraici della moderna sinagoga,Neofito ex rabbino,1883,ita,1,8,NT,open,unheld-nt,,full digital exists (ht allow); artifact may still be scarce,,,
9780524011515,La morale égyptienne quinze siècles avant notre ère,E. Amélineau,1892,fre,1,8,NT,open,unheld-nt,,full digital exists (ht allow); artifact may still be scarce,,,
9780524011539,Der Höhencultus,"Andrian-Werburg, Klaus Freiherr von",1891,ger,1,8,NT,open,unheld-nt,,full digital exists (ht allow); artifact may still be scarce,,,
9780524011614,Der Buddhismus in seiner Psychologie,Adolf Bastian,1882,ger,1,8,NT,open,unheld-nt,,full digital exists (ht allow); artifact may still be scarce,,,
9780524011638,Über Religionen und Religion,Julius Baumann,1905,ger,1,8,NT,open,unheld-nt,,full digital exists (ht allow); artifact may still be scarce,,,
9780524011669,De l'origine des cultes arcadiens,Victor Bérard,1894,fre,1,8,NT,open,unheld-nt,,full digital exists (ht allow); artifact may still be scarce,,,
9780524011744,Theosophie und Theologie,Wilhelm Bruhn,1907,ger,1,8,NT,open,unheld-nt,,full digital exists (ht allow); artifact may still be scarce,,,
9780524012369,Jean de Lasco,George Pascal,1894,fre,1,8,NT,open,unheld-nt,,full digital exists (ht allow); artifact may still be scarce,,,
9780524012413,Matthias Flacius Illyricus und seine Zeit,Wilhelm Preger,1859,ger,1,8,NT,open,unheld-nt,,full digital exists (ht allow); artifact may still be scarce,,,
9780524012451,"Johannes Bugenhagen, Pomeranus",Karl August Traugott Vogt,1867,ger,1,8,NT,open,unheld-nt,,full digital exists (ht allow); artifact may still be scarce,,,
9780524012475,Über Mythologie und Cultus von Hawaii,Thomas Achelis,1895,ger,1,8,NT,open,unheld-nt,,full digital exists (ht allow); artifact may still be scarce,,,
9780524012536,Buddhismus und Christentum,Alfred Bertholet,1909,ger,1,8,NT,open,unheld-nt,,full digital exists (ht allow); artifact may still be scarce,,,
9780524012611,Les prêtres danseurs de Rome,René Cirilli,1913,fre,1,8,NT,open,unheld-nt,,full digital exists (ht allow); artifact may still be scarce,,,
9780524012703,Die Hauptprobleme der Philosophie und Religion,H. K. Hugo Delff,1886,ger,1,8,NT,open,unheld-nt,,full digital exists (ht allow); artifact may still be scarce,,,
9780524012710,La science des religions et l'islamisme,Hartwig Derenbourg,1886,fre,1,8,NT,open,unheld-nt,,full digital exists (ht allow); artifact may still be scarce,,,
9780524012758,L'islâm algérien en l'an 1900,Edmond Doutté,1900,fre,1,8,NT,open,unheld-nt,,full digital exists (ht allow); artifact may still be scarce,,,
9780524013069,Histoire du Bouddha Sakya-Mouni depuis sa naissance jusqu'à sa mort,Mary Summer,1874,fre,1,8,NT,open,unheld-nt,,full digital exists (ht allow); artifact may still be scarce,,,
9780524013076,Les religieuses bouddhistes depuis Sakya-Mouni jusqu'à nos jours,Mary Summer,1873,fre,1,8,NT,open,unheld-nt,,full digital exists (ht allow); artifact may still be scarce,,,
9780524013243,Magie und Zauberei im alten Ägypten,Alfred Wiedemann,1905,ger,1,8,NT,open,unheld-nt,,full digital exists (ht allow); artifact may still be scarce,,,
9780524013434,Palladius und Rufinus,Erwin Preuschen,1897,ger,1,8,NT,open,unheld-nt,,full digital exists (ht allow); artifact may still be scarce,,,
9780524013571,Confucius und seine Lehre,"Gabelentz, Georg von der",1888,ger,1,8,NT,open,unheld-nt,,full digital exists (ht allow); artifact may still be scarce,,,
9780524013595,Mémoire sur les particularités de la religion musulmane dans l'Inde d'après les ouvrages hindoustanis,Garcin de Tassy M.,1869,fre,1,8,NT,open,unheld-nt,,full digital exists (ht allow); artifact may still be scarce,,,
9780524013632,Mohammed,Hubert Grimme,1892,ger,1,8,NT,open,unheld-nt,,full digital exists (ht allow); artifact may still be scarce,,,
9780524013656,Der Islam im Lichte der byzantinischen Polemik,Karl Güterbock,1912,ger,1,8,NT,open,unheld-nt,,full digital exists (ht allow); artifact may still be scarce,,,
9780524013663,Die altchinesische Reichsreligion,Julius Happel,1882,ger,1,8,NT,open,unheld-nt,,full digital exists (ht allow); artifact may still be scarce,,,
9780524013724,Beiträge zur Erklärung des Ḳorân,Hartwig Hirschfeld,1886,ger,1,8,NT,open,unheld-nt,,full digital exists (ht allow); artifact may still be scarce,,,
9780524013878,Die Religion der Batak,Johannes Warneck,1909,ger,1,8,NT,open,unheld-nt,,full digital exists (ht allow); artifact may still be scarce,,,
9780524013908,Zoroastrische Studien,Friedrich Windischmann,1863,ger,1,8,NT,open,unheld-nt,,full digital exists (ht allow); artifact may still be scarce,,,
9780524014240,Buddha,"Dahlmann, Joseph",1898,ger,1,8,NT,open,unheld-nt,,full digital exists (ht allow); artifact may still be scarce,,,
9780524014264,Nirvāṇa,"Dahlmann, Joseph",1896,ger,1,8,NT,open,unheld-nt,,full digital exists (ht allow); artifact may still be scarce,,,
9780524014417,Recherches sur l'origine de l'idée de Dieu d'après le Rig-Véda,Armand Albert Guérinot,1900,fre,1,8,NT,open,unheld-nt,,full digital exists (ht allow); artifact may still be scarce,,,
9780524014455,Der Buddhismus nach ältern Pâli-werken,Edmund Hardy,1890,ger,1,8,NT,open,unheld-nt,,full digital exists (ht allow); artifact may still be scarce,,,
9780524014486,Le Parsisme,Victor Henry,1905,fre,1,8,NT,open,unheld-nt,,full digital exists (ht allow); artifact may still be scarce,,,
9780524014509,Varuṇa und Mitra,Alfred Hillebrandt,1877,ger,1,8,NT,open,unheld-nt,,full digital exists (ht allow); artifact may still be scarce,,,
9780524014523,Mélanges d'histoire des religions,Henri Hubert,1909,fre,1,8,NT,open,unheld-nt,,full digital exists (ht allow); artifact may still be scarce,,,
9780524014660,Katechese und Predigt,Ferdinand Probst,1884,ger,1,8,NT,open,unheld-nt,,full digital exists (ht allow); artifact may still be scarce,,,
9780524014837,Über Lessings Lehre von der Seelenwanderung,Wilhelm Friedrich,1890,ger,1,8,NT,open,unheld-nt,,full digital exists (ht allow); artifact may still be scarce,,,
9780524014967,Das Christentum und die heutige vergleichende Religionsgeschichte,Julius Happel,1882,ger,1,8,NT,open,unheld-nt,,full digital exists (ht allow); artifact may still be scarce,,,
9780524014974,Die vedisch-brahmanische Periode der Religion des alten Indiens,Edmund Hardy,1893,ger,1,8,NT,open,unheld-nt,,full digital exists (ht allow); artifact may still be scarce,,,
9780524015001,Die Insel der Seligen in Mythus und Sage der Vorzeit,Fritz Hommel,1901,ger,1,8,NT,open,unheld-nt,,full digital exists (ht allow); artifact may still be scarce,,,
9780524015025,Die religiöse Gedankenwelt der gebildeten Muslime im heutigen Islam,M. Horten,1916,ger,1,8,NT,open,unheld-nt,,full digital exists (ht allow); artifact may still be scarce,,,
9780524015056,Actes du IVe Congrès international d'histoire des religions,Netherlands) International Congress for the History of Religions (4th 1912 Leiden,1913,fre,1,8,NT,open,unheld-nt,,full digital exists (ht allow); artifact may still be scarce,,,
9780524015070,"Balder, Mythus und Sage","Kauffmann, Friedrich",1902,ger,1,8,NT,open,unheld-nt,,full digital exists (ht allow); artifact may still be scarce,,,
9780524015131,Das Jenseits im Mythos der Hellenen,Ludwig Radermacher,1903,ger,1,8,NT,open,unheld-nt,,full digital exists (ht allow); artifact may still be scarce,,,
9780524015148,Principes de la critique historique,Carolo de Smedt,1883,fre,1,8,NT,open,unheld-nt,,full digital exists (ht allow); artifact may still be scarce,,,
9780524015308,Bessarion,R. Rocholl,1904,ger,1,8,NT,open,unheld-nt,,full digital exists (ht allow); artifact may still be scarce,,,
9780524015421,Ein Beitrag zur Frage über die Fremdwörter im Korân,Rudolf Dvořák,1884,ger,1,8,NT,open,unheld-nt,,full digital exists (ht allow); artifact may still be scarce,,,
9780524015483,Religion und Kultus der Chinesen,Wilhelm Grube,1910,ger,1,8,NT,open,unheld-nt,,full digital exists (ht allow); artifact may still be scarce,,,
9780524015520,Das Jenseits,Otto Henne am Rhyn,1881,ger,1,8,NT,open,unheld-nt,,full digital exists (ht allow); artifact may still be scarce,,,
9780524015568,Die philosophischen Probleme der spekulativen Theologie im Islam,M. Horten,1910,ger,1,8,NT,open,unheld-nt,,full digital exists (ht allow); artifact may still be scarce,,,
9780524015575,Mémoire composé à l'époque de la grande dynastie T'ang sur les religieux éminents qui allèrent chercher la loi dans les pays d'Occident,Yijing,1894,fre,1,8,NT,open,unheld-nt,,full digital exists (ht allow); artifact may still be scarce,,,
9780524015582,"Verhandlungen des II. Internationalen Kongresses für allgemeine Religionsgeschichte in Basel, 30. August bis 2. September 1904",Switzerland) International Congress for the History of Religions (2nd 1904 Basel,1905,ger,1,8,NT,open,unheld-nt,,full digital exists (ht allow); artifact may still be scarce,,,
9780524015629,Der Geisteskampf des Christentums gegen den Islam bis zur Zeit der Kreuzzüge,"Keller, Adolf",1896,ger,1,8,NT,open,unheld-nt,,full digital exists (ht allow); artifact may still be scarce,,,
9780524015704,La doctrine du sacrifice dans les Brâhmanas,Sylvain Lévi,1898,fre,1,8,NT,open,unheld-nt,,full digital exists (ht allow); artifact may still be scarce,,,
9780524015735,Exposé de la réforme de l'islamisme commencée au IIIème siècle de l'Hégire par Abou-ʼl-Hasan Ali el-Ashʻari et continuée par son école,A. F. Mehren,1878,fre,1,8,NT,open,unheld-nt,,full digital exists (ht allow); artifact may still be scarce,,,
9780524015858,Die Trinitätslehre des hl. Basilius des Grossen,Franz Nager,1912,ger,1,8,NT,open,unheld-nt,,full digital exists (ht allow); artifact may still be scarce,,,
9780524015865,Der Augustinermönch Johannes Hoffmeister,Nikolaus Paulus,1891,ger,1,8,NT,open,unheld-nt,,full digital exists (ht allow); artifact may still be scarce,,,
9780524015889,Luthers Frühentwicklung (bis 1517/9),Hans von Schubert,1916,ger,1,8,NT,open,unheld-nt,,full digital exists (ht allow); artifact may still be scarce,,,
9780524015896,Die Macht der römischen Päpste,Joh. Friedrich von Schulte,1896,ger,1,8,NT,open,unheld-nt,,full digital exists (ht allow); artifact may still be scarce,,,
9780524015964,Philosophie und Theologie,Averroës,1859,ara,1,8,NT,open,unheld-nt,,full digital exists (ht allow); artifact may still be scarce,,,
9780524015988,Aberglaube und Volksmedizin im Lande der Bibel,Tawfīq Kanʻān,1914,ger,1,8,NT,open,unheld-nt,,full digital exists (ht allow); artifact may still be scarce,,,
9780524016008,Textbuch zur Religionsgeschichte,Edvard Lehmann,1912,ger,1,8,NT,open,unheld-nt,,full digital exists (ht allow); artifact may still be scarce,,,
9780524016022,Buddha,Edmund Hardy,1903,ger,1,8,NT,open,unheld-nt,,full digital exists (ht allow); artifact may still be scarce,,,
9780524016039,Brahma und die Brahmanen,"Haug, Martin",1871,ger,1,8,NT,open,unheld-nt,,full digital exists (ht allow); artifact may still be scarce,,,
9780524016121,Volksglaube und religiöser Brauch der Südslaven,"Krauss, Friedrich S.",1890,ger,1,8,NT,open,unheld-nt,,full digital exists (ht allow); artifact may still be scarce,,,
9780524016138,Culturgeschichtliche Streifzüge auf dem Gebiete des Islams,Alfred von Kremer,1873,ger,1,8,NT,open,unheld-nt,,full digital exists (ht allow); artifact may still be scarce,,,
9780524016169,Religion und Hexenprozess,Georg Längin,1888,ger,1,8,NT,open,unheld-nt,,full digital exists (ht allow); artifact may still be scarce,,,
9780524016183,Die Grundbegriffe in den Kosmogonien der alten Völker,Franz Lukas,1893,ger,1,8,NT,open,unheld-nt,,full digital exists (ht allow); artifact may still be scarce,,,
9780524016244,Les Yézidiz,Joachim Menant,1892,fre,1,8,NT,open,unheld-nt,,full digital exists (ht allow); artifact may still be scarce,,,
9780524016329,Wunderglaube im Heidentum und in der alten Kirche,Th Trede,1901,ger,1,8,NT,open,unheld-nt,,full digital exists (ht allow); artifact may still be scarce,,,
9780524016336,Le culte et les fêtes d'Adônis-Thammouz dans l'Orient antique,Charles Vellay,1904,fre,1,8,NT,open,unheld-nt,,full digital exists (ht allow); artifact may still be scarce,,,
9780524016428,"Histoire du Synode général de l'Eglise réformée de France, Paris, juin-juillet 1872",Eugène Bersier,1872,fre,1,8,NT,open,unheld-nt,,full digital exists (ht allow); artifact may still be scarce,,,
9780524016824,Le culte des morts dans le Céleste Empire et l'Annam comparé au culte des ancêtres dans l'antiquité occidentale,A. Bouinais,1893,fre,1,8,NT,open,unheld-nt,,full digital exists (ht allow); artifact may still be scarce,,,
9780524016831,Curiosités théologiques,Gustave Brunet,1861,fre,1,8,NT,open,unheld-nt,,full digital exists (ht allow); artifact may still be scarce,,,
9780524016992,"Mani, seine Lehre und seine Schriften",Gustav Flügel,1862,ger,1,8,NT,open,unheld-nt,,full digital exists (ht allow); artifact may still be scarce,,,
9780524017135,Den norsk lutherske kirkes historie i Amerika,J. A. Bergh,1914,nor,1,8,NT,open,unheld-nt,,full digital exists (ht allow); artifact may still be scarce,,,
9780524017265,"Festskrift til den Norske synodes jubilaeum, 1853-1903",H. Halvorsen,1903,nor,1,8,NT,open,unheld-nt,,full digital exists (ht allow); artifact may still be scarce,,,
9780524017623,Das Kirchenrecht der morgenländischen Kirche,Nikodim Bishop of Dalmatia and Istria,1905,ger,1,8,NT,open,unheld-nt,,full digital exists (ht allow); artifact may still be scarce,,,
9780524017630,Vorträge über die deutsche und schweizerische Reformation,Friedrich August Pischon,1846,ger,1,8,NT,open,unheld-nt,,full digital exists (ht allow); artifact may still be scarce,,,
9780524017685,La Bordah du cheikh el Bouṣiri,Sharaf al-Dīn Muḥammad ibn Saʻīd Būṣīrī,1894,fre,1,8,NT,open,unheld-nt,,full digital exists (ht allow); artifact may still be scarce,,,
9780524017784,Fāṭima et les filles de Mahomet,Henri Lammens,1912,fre,1,8,NT,open,unheld-nt,,full digital exists (ht allow); artifact may still be scarce,,,
9780524017791,Die biblischen Vorstellungen vom Teufel und ihr religiöser Werth,Georg Längin,1890,ger,1,8,NT,open,unheld-nt,,full digital exists (ht allow); artifact may still be scarce,,,
9780524017951,Recherches sur le bouddhisme,I. P. Minaev,1894,fre,1,8,NT,open,unheld-nt,,full digital exists (ht allow); artifact may still be scarce,,,
9780524017982,Du caractère religieux de la royauté pharaonique,Alexandre Moret,1902,fre,1,8,NT,open,unheld-nt,,full digital exists (ht allow); artifact may still be scarce,,,
9780524018088,La religion à Rome sous les Sévères,Jean Réville,1886,fre,1,8,NT,open,unheld-nt,,full digital exists (ht allow); artifact may still be scarce,,,
9780524018316,"Buddha, sein Evangelium und seine Auslegung",Hans Ludwig Held,1912,ger,1,8,NT,open,unheld-nt,,full digital exists (ht allow); artifact may still be scarce,,,
9780524018361,Der Opfertanz des ägyptischen Königs,Hermann Kees,1912,ger,1,8,NT,open,unheld-nt,,full digital exists (ht allow); artifact may still be scarce,,,
9780524018644,Die Literatur des alten Indien,Hermann Oldenberg,1903,ger,1,8,NT,open,unheld-nt,,full digital exists (ht allow); artifact may still be scarce,,,
9780524018712,La force magique,P. Saintyves,1914,fre,1,8,NT,open,unheld-nt,,full digital exists (ht allow); artifact may still be scarce,,,
9780524018743,Hérodote et la religion de l'Egypte,Camille Sourdille,1910,fre,1,8,NT,open,unheld-nt,,full digital exists (ht allow); artifact may still be scarce,,,
9780524018774,Etudes de mythologie et d'histoire des religions antiques,J. Toutain,1909,fre,1,8,NT,open,unheld-nt,,full digital exists (ht allow); artifact may still be scarce,,,
9780524018811,Huldreich Zwingli,Raget Christoffel,1857,ger,1,8,NT,open,unheld-nt,,full digital exists (ht allow); artifact may still be scarce,,,
9780524018880,Heinrich Bullinger,Carl Pestalozzi,1858,ger,1,8,NT,open,unheld-nt,,full digital exists (ht allow); artifact may still be scarce,,,
9780524018934,Philipp Melanchthon,Carl Schmidt,1861,ger,1,8,NT,open,unheld-nt,,full digital exists (ht allow); artifact may still be scarce,,,
9780524018972,Geschichte und Literatur der Kirchengeschichte,Carl Friedrich Stäudlin,1827,ger,1,8,NT,open,unheld-nt,,full digital exists (ht allow); artifact may still be scarce,,,
9780524019047,Les fêtes annuellement célébrées à Emoui (Amoy),J. J. M. de Groot,1886,fre,1,8,NT,open,unheld-nt,,full digital exists (ht allow); artifact may still be scarce,,,
9780524019078,Le berceau de l'Islam,Henri Lammens,1914,fre,1,8,NT,open,unheld-nt,,full digital exists (ht allow); artifact may still be scarce,,,
9780524019122,Croyances et légendes de l'antiquité,L.-F.-Alfred Maury,1863,fre,1,8,NT,open,unheld-nt,,full digital exists (ht allow); artifact may still be scarce,,,
9780524019153,Mandäische Grammatik,Theodor Nöldeke,1875,ger,1,8,NT,open,unheld-nt,,full digital exists (ht allow); artifact may still be scarce,,,
9780524019177,Zur Götterlehre in den altbabylonischen Königsinschriften,Tharsicius Paffrath,1913,ger,1,8,NT,open,unheld-nt,,full digital exists (ht allow); artifact may still be scarce,,,
9780524019207,Die Ethik der alten Griechen,"Schmidt, Leopold",1882,ger,1,8,NT,open,unheld-nt,,full digital exists (ht allow); artifact may still be scarce,,,
9780524019214,Zwei Aufsätze zur Religionsgeschichte Vorderasiens,"Schneider, Hermann",1909,ger,1,8,NT,open,unheld-nt,,full digital exists (ht allow); artifact may still be scarce,,,
9780524019306,Essays zur allgemeinen Religionswissenschaft,Victor von Strauss und Torney,1879,ger,1,8,NT,open,unheld-nt,,full digital exists (ht allow); artifact may still be scarce,,,
9780524019658,Främmande religionsurkunder,Karl Ferdinand Johansson; Nathan Söderblom,1908,swe,1,8,NT,open,unheld-nt,,full digital exists (ht allow); artifact may still be scarce,,,
9780524019740,Die volkstümlichen Feste des Jahres,"Nilsson, Martin P.",1914,ger,1,8,NT,open,unheld-nt,,full digital exists (ht allow); artifact may still be scarce,,,
9780524019757,"Religion und Zauberei auf dem mittleren Neu-Mecklenburg, Bismarck-Archipel, Südsee",Gerhard Peekel,1910,ger,1,8,NT,open,unheld-nt,,full digital exists (ht allow); artifact may still be scarce,,,
9780524019764,Das Zwölfgöttersystem der Griechen und Römer,Christian Petersen,1870,ger,1,8,NT,open,unheld-nt,,full digital exists (ht allow); artifact may still be scarce,,,
9780524019795,"Die Einfluss des Islâm auf das häusliche, sociale und politische Leben seiner Bekenner",Carl Nathanael Pischon,1881,ger,1,8,NT,open,unheld-nt,,full digital exists (ht allow); artifact may still be scarce,,,
9780524019832,Neue Omphalosstudien,Wilhelm Heinrich Roscher,1915,ger,1,8,NT,open,unheld-nt,,full digital exists (ht allow); artifact may still be scarce,,,
9780524019849,Das Religionswesen der rohesten Naturvölker,Gustav Roskoff,1880,ger,1,8,NT,open,unheld-nt,,full digital exists (ht allow); artifact may still be scarce,,,
9780524019900,Confucius,R. Stübe,1913,ger,1,8,NT,open,unheld-nt,,full digital exists (ht allow); artifact may still be scarce,,,
9780524020029,Geschichte der reformirten Kirche in Russland,Hermann Dalton,1865,ger,1,8,NT,open,unheld-nt,,full digital exists (ht allow); artifact may still be scarce,,,
9780524020036,L'Eglise sous la croix pendant la domination espagnole,Ch. L. Frossard,1857,fre,1,8,NT,open,unheld-nt,,full digital exists (ht allow); artifact may still be scarce,,,
9780524020050,Die Kanones der wichtigsten altkirchlichen Concilien,Friedrich Lauchert,1896,grc,1,8,NT,open,unheld-nt,,full digital exists (ht allow); artifact may still be scarce,,,
9780524020142,La critique des traditions religieuses chez les Grecs,"Decharme, Paul",1904,fre,1,8,NT,open,unheld-nt,,full digital exists (ht allow); artifact may still be scarce,,,
9780524020227,De verborum 'religio' atque 'religiosus' usu apud Romanos,Maximilian Kobbert,1910,lat,1,8,NT,open,unheld-nt,,full digital exists (ht allow); artifact may still be scarce,,,
9780524020234,L'Inde avant le Bouddha,Lamairesse,1891,fre,1,8,NT,open,unheld-nt,,full digital exists (ht allow); artifact may still be scarce,,,
9780524020258,L'évolution religieuse dans les diverses races humaines,Charles Jean Marie Letourneau,1898,fre,1,8,NT,open,unheld-nt,,full digital exists (ht allow); artifact may still be scarce,,,
9780524020289,Studien zum antiken Sternglauben,Erwin Pfeiffer,1916,ger,1,8,NT,open,unheld-nt,,full digital exists (ht allow); artifact may still be scarce,,,
9780524020395,Die Entstehung der Speisesakramente,Edgar Hans Casimir Reuterskiöld,1912,ger,1,8,NT,open,unheld-nt,,full digital exists (ht allow); artifact may still be scarce,,,
9780524020494,Beiträge zur Eschatologie des Islams,J. B. Rüling,1895,ger,1,8,NT,open,unheld-nt,,full digital exists (ht allow); artifact may still be scarce,,,
9780524020807,Vorlesungen über den Islam,Ignác Goldziher,1910,ger,1,8,NT,open,unheld-nt,,full digital exists (ht allow); artifact may still be scarce,,,
9780524020814,Die christliche Legende des Abendlandes,Heinrich Günter,1910,ger,1,8,NT,open,unheld-nt,,full digital exists (ht allow); artifact may still be scarce,,,
9780524020845,Urgeschichte und Mythologie der Philistäer,Ferdinand Hitzig,1845,ger,1,8,NT,open,unheld-nt,,full digital exists (ht allow); artifact may still be scarce,,,
9780524020999,Die Lehre der Upanishaden und die Anfänge des Buddhismus,Hermann Oldenberg,1915,ger,1,8,NT,open,unheld-nt,,full digital exists (ht allow); artifact may still be scarce,,,
9780524021880,Das System des Boethius,Friedrich Nitzsch,1860,ger,1,8,NT,open,unheld-nt,,full digital exists (ht allow); artifact may still be scarce,,,
9780524021972,Ou en est l'histoire des religions?,Joseph Bricout,1911,fre,1,8,NT,open,unheld-nt,,full digital exists (ht allow); artifact may still be scarce,,,
9780524021996,Die Aegyptologie,Heinrich Brugsch,1891,ger,1,8,NT,open,unheld-nt,,full digital exists (ht allow); artifact may still be scarce,,,
9780524022092,Hexenwesen und Zauberei in Pommern,Ulrich Jahn,1886,ger,1,8,NT,open,unheld-nt,,full digital exists (ht allow); artifact may still be scarce,,,
9780524022238,Carl Friedrich von Nägelsbach's Homerische Theologie,Carl Friedrich Nägelsbach,1884,ger,1,8,NT,open,unheld-nt,,full digital exists (ht allow); artifact may still be scarce,,,
9780524022290,Das Schamanenthum und sein Kultus,V. V. Radlov,1885,ger,1,8,NT,open,unheld-nt,,full digital exists (ht allow); artifact may still be scarce,,,
9780524022320,Die Ṛbhu's im Ṛgveda,Arthur W. Ryder,1901,ger,1,8,NT,open,unheld-nt,,full digital exists (ht allow); artifact may still be scarce,,,
9780524022771,Geschichte der Reformation und Gegenreformation in der ehemaligen freien Reichstadt Dinkelsbühl (1524-1648),Christian Bürckstümmer,1914,ger,1,8,NT,open,unheld-nt,,full digital exists (ht allow); artifact may still be scarce,,,
9780524022832,Tertullians ethik,Fredrik Kristian Nielsen,1879,dan,1,8,NT,open,unheld-nt,,full digital exists (ht allow); artifact may still be scarce,,,
9780524022955,Gazali,Bernard Carra de Vaux,1902,fre,1,8,NT,open,unheld-nt,,full digital exists (ht allow); artifact may still be scarce,,,
9780524023129,Die Religionen der europäischen Culturvölker,"Lippert, Julius",1881,ger,1,8,NT,open,unheld-nt,,full digital exists (ht allow); artifact may still be scarce,,,
9780524023198,Les religions des peuples non-civilisés,Albert Réville,1883,fre,1,8,NT,open,unheld-nt,,full digital exists (ht allow); artifact may still be scarce,,,
9780524023235,Handbuch der deutschen Mythologie,Karl Joseph Simrock,1887,ger,1,8,NT,open,unheld-nt,,full digital exists (ht allow); artifact may still be scarce,,,
9780524023242,Zu Bibel und Religionsphilosophie,"Steinthal, Heymann",1890,ger,1,8,NT,open,unheld-nt,,full digital exists (ht allow); artifact may still be scarce,,,
9780524023280,Mohammed der Prophet,Gustav Weil,1843,ger,1,8,NT,open,unheld-nt,,full digital exists (ht allow); artifact may still be scarce,,,
9780524023297,Antike Heilungswunder,"Weinreich, Otto",1909,ger,1,8,NT,open,unheld-nt,,full digital exists (ht allow); artifact may still be scarce,,,
9780524023310,Die Tierkult der alten Ägypter,Alfred Wiedemann,1912,ger,1,8,NT,open,unheld-nt,,full digital exists (ht allow); artifact may still be scarce,,,
9780524023761,Die religiöse Unsterblichkeitsglaube,Th Steinmann,1912,ger,1,8,NT,open,unheld-nt,,full digital exists (ht allow); artifact may still be scarce,,,
9780524023983,Zur Erinnerung an Carl Weizsäcker,Alfred Hegler,1900,ger,1,8,NT,open,unheld-nt,,full digital exists (ht allow); artifact may still be scarce,,,
9780524024126,Die heutigen Auffassungen vom Neuprotestantismus,Horst Stephan,1911,ger,1,8,NT,open,unheld-nt,,full digital exists (ht allow); artifact may still be scarce,,,
9780524024171,Die Entstehung des Gottesgedankens und der Heilbringer,"Breysig, Kurt",1905,ger,1,8,NT,open,unheld-nt,,full digital exists (ht allow); artifact may still be scarce,,,
9780524024195,Abriss der vergleichenden Religionswissenschaft,Thomas Achelis,1908,ger,1,8,NT,open,unheld-nt,,full digital exists (ht allow); artifact may still be scarce,,,
9780524024218,Erstlinge und Zehnten im Alten Testament,Otto Eissfeldt,1917,ger,1,8,NT,open,unheld-nt,,full digital exists (ht allow); artifact may still be scarce,,,
9780524024294,Die Tagesgötter in Rom und den Provinzen,Ernst Maass,1902,ger,1,8,NT,open,unheld-nt,,full digital exists (ht allow); artifact may still be scarce,,,
9780524024300,Das Princip des Bösen nach den Begriffen der Griechen,F. A. Maercker,1842,ger,1,8,NT,open,unheld-nt,,full digital exists (ht allow); artifact may still be scarce,,,
9780524024331,Griechische Mythologie,"Preller, Ludwig",1860,ger,1,8,NT,open,unheld-nt,,full digital exists (ht allow); artifact may still be scarce,,,
9780524024355,Logos spermaticós,Edmund Spiess,1871,ger,1,8,NT,open,unheld-nt,,full digital exists (ht allow); artifact may still be scarce,,,
9780524024416,Den evangelisk-lutherske kirkes historie i Amerika,R. Andersen,1889,dan,1,8,NT,open,unheld-nt,,full digital exists (ht allow); artifact may still be scarce,,,
9780524024737,Die Geschichte der Evangelisch-lutherischen Missouri-Synode in Nord-Amerika,Chr Hochstetter,1885,ger,1,8,NT,open,unheld-nt,,full digital exists (ht allow); artifact may still be scarce,,,
9780524024942,Die Kirche von Schottland,Karl Heinrich Sack,1844,ger,1,8,NT,open,unheld-nt,,full digital exists (ht allow); artifact may still be scarce,,,
9780524025307,Le sabbat des sorciers,Désiré Magloire Bourneville,1882,fre,1,8,NT,open,unheld-nt,,full digital exists (pg hit); artifact may still be scarce,none,49878,
9780524025338,Histoire des oracles,Bernard Le Bovier de Fontenelle,1908,fre,1,8,NT,open,unheld-nt,,full digital exists (ht allow); artifact may still be scarce,,,
9780524025369,Die Psychologie des Unsterblichkeitsglaubens und der Unsterblichkeitsleugnung,Georg Runze,1894,ger,1,8,NT,open,unheld-nt,,full digital exists (ht allow); artifact may still be scarce,,,
9780524025406,Babylonische Sühnriten,Walther Schrank,1908,ger,1,8,NT,open,unheld-nt,,full digital exists (ht allow); artifact may still be scarce,,,
9780524025420,Die Geschichte der Dalailamas,Günther Schulemann,1911,ger,1,8,NT,open,unheld-nt,,full digital exists (ht allow); artifact may still be scarce,,,
9780524025475,"Die Religion der alten Deutschen und ihr Fortbestand in Volksagen, Aufzügen und Festbräuchen bis zur Gegenwart","Sepp, Johann Nepomuk",1890,ger,1,8,NT,open,unheld-nt,,full digital exists (ht allow); artifact may still be scarce,,,
9780524025567,Die Religion der Sikhs,Ernst Trumpp,1881,ger,1,8,NT,open,unheld-nt,,full digital exists (ht allow); artifact may still be scarce,,,
9780524025635,Die Lehre von der Anfangslosigkeit der Welt bei den mittelalterlichen arabischen Philosophen des Orients und ihre Bekämpfung durch die arabischen Theologen (Mutakallimûn),Moses Worms,1900,ger,1,8,NT,open,unheld-nt,,full digital exists (ht allow); artifact may still be scarce,,,
9780524025772,Figures et récits de Carthage chrétienne,Abel Alcais,1908,fre,1,8,NT,open,unheld-nt,,full digital exists (ht allow); artifact may still be scarce,,,
9780524026052,Studien zur Theorie und Praxis der Taufe in der christlichen Kirche der ersten zwei Jahrhunderte,"Stromberg, Adalbert Freiherr von",1913,ger,1,8,NT,open,unheld-nt,,full digital exists (ht allow); artifact may still be scarce,,,
9780524026212,Der ältere Vedānta,"Walleser, Max",1910,ger,1,8,NT,open,unheld-nt,,full digital exists (ht allow); artifact may still be scarce,,,
9780524026427,Der Begriff der Offenbarung,"Herrmann, Wilhelm",1887,ger,1,8,NT,open,unheld-nt,,full digital exists (ht allow); artifact may still be scarce,,,
9780524026434,Das Judenchristentum im ersten und zweiten Jahrhundert,Gustav Hoennicke,1908,ger,1,8,NT,open,unheld-nt,,full digital exists (ht allow); artifact may still be scarce,,,
9780524026441,Die Anfänge des Christenthums,Heinrich Julius Holtzmann,1877,ger,1,8,NT,open,unheld-nt,,full digital exists (ht allow); artifact may still be scarce,,,
9780524026465,Wie Luther den Deutschen das Leben Jesu erzählt hat,Martin Luther,1917,ger,1,8,NT,open,unheld-nt,,full digital exists (ht allow); artifact may still be scarce,,,
9780524026588,Die Religionen des Orients und die altgermanische Religion,Edvard Lehmann,1913,ger,1,8,NT,open,unheld-nt,,full digital exists (ht allow); artifact may still be scarce,,,
9780524026625,Le Raskol,,1859,fre,1,8,NT,open,unheld-nt,,full digital exists (ht allow); artifact may still be scarce,,,
9780524026694,Der T'ai-schan und seine Kultstätten,Albert Tschepe,1906,ger,1,8,NT,open,unheld-nt,,full digital exists (ht allow); artifact may still be scarce,,,
9780524026731,Kitâb al qadr,A. de Vlieger,1903,fre,1,8,NT,open,unheld-nt,,full digital exists (ht allow); artifact may still be scarce,,,
9780524026809,Volksglaube und religiöser Brauch der Zigeuner,Heinrich von Wlislocki,1891,ger,1,8,NT,open,unheld-nt,,full digital exists (ht allow); artifact may still be scarce,,,
9780524026816,Volksglaube und religiöser Brauch der Magyaren,Heinrich von Wlislocki,1893,ger,1,8,NT,open,unheld-nt,,full digital exists (ht allow); artifact may still be scarce,,,
9780524026830,Sethianische Verfluchungstafeln aus Rom,Richard Wünsch,1898,ger,1,8,NT,open,unheld-nt,,full digital exists (ht allow); artifact may still be scarce,,,
9780524027158,Die Grundzüge der israelitischen Religionsgeschichte,Friedrich Giesebrecht,1904,ger,1,8,NT,open,unheld-nt,,full digital exists (ht allow); artifact may still be scarce,,,
9780524027240,"Übersicht über die heidnischen Gebräuche, Aberglauben und Religion der Wotjaken in den Gouvernements Wjatka und Kasan",Johann Wasiljev,1902,ger,1,8,NT,open,unheld-nt,,full digital exists (ht allow); artifact may still be scarce,,,
9780524027271,Zur Entwicklung der rationalistischen Mythendeutung bei den Griechen,F. Wipprecht,1902,ger,1,8,NT,open,unheld-nt,,full digital exists (ht allow); artifact may still be scarce,,,
9780524027288,Die Bedeutung der allgemeinen Sittenlehre des Buddhismus,Minori Yasuda,1893,ger,1,8,NT,open,unheld-nt,,full digital exists (ht allow); artifact may still be scarce,,,
9780524027745,Kritischer Versuch über die Glaubwürdigkeit der Bücher der Chronik mit Hinsicht auf die Geschichte der Mosaischen Bücher und Gesetzgebung,Wilhelm Martin Leberecht De Wette,1806,ger,1,8,NT,open,unheld-nt,,full digital exists (ht allow); artifact may still be scarce,,,
9780524027769,Bilderatlas zur Bibelkunde,Ludwig Johannes Frohnmeyer; I. Benzinger,1905,ger,1,8,NT,open,unheld-nt,,full digital exists (ht allow); artifact may still be scarce,,,
9780524027820,Flavii Iosephi opera,Flavius Josephus,1885,grc,1,8,NT,open,unheld-nt,,full digital exists (ht allow); artifact may still be scarce,,,
9780524027875,Aus der Schule des Wulfila,Friedrich Kauffmann,1899,ger,1,8,NT,open,unheld-nt,,full digital exists (ht allow); artifact may still be scarce,,,
9780524027929,"Die ersten Jahre der Kirche Calvins, 1541-1546",Carl Adolf Cornelius,1895,ger,1,8,NT,open,unheld-nt,,full digital exists (ht allow); artifact may still be scarce,,,
9780524028308,Auswanderung der sächsischen Lutheraner im Jahre 1838,J. F. Köstering,1867,ger,1,8,NT,open,unheld-nt,,full digital exists (ht allow); artifact may still be scarce,,,
9780524028582,Moderne Irrtümer im Spiegel der Geschichte,Wilhelm Laible,1912,ger,1,8,NT,open,unheld-nt,,full digital exists (ht allow); artifact may still be scarce,,,
9780524028803,Geschichte der katholischen Kirche in Irland von der Einführung des Christenthums bis auf die Gegenwart,Alfons Bellesheim,1890,ger,1,8,NT,open,unheld-nt,,full digital exists (ht allow); artifact may still be scarce,,,
9780524028995,Der Index der verbotenen Bücher,F. H. Reusch,1883,ger,1,8,NT,open,unheld-nt,,full digital exists (ht allow); artifact may still be scarce,,,
9780524029541,Die Entstehung der preussischen Landeskirche unter der Regierung König Friedrich Wilhelms des Dritten,Erich Foerster,1905,ger,1,8,NT,open,unheld-nt,,full digital exists (ht allow); artifact may still be scarce,,,
9780524029596,Libro de culto de la Iglesia Metodista Episcopal en Mexico,Methodist Episcopal Church,1875,spa,1,8,NT,open,unheld-nt,,full digital exists (ht allow); artifact may still be scarce,,,
9780524030301,Les idées morales chez les hétérodoxes latins au début du XIIIe siècle,P. Alphandéry,1903,fre,1,8,NT,open,unheld-nt,,full digital exists (ht allow); artifact may still be scarce,,,
9780524030363,Vor der Bartholomäusnacht,Hermann Baumgarten,1882,ger,1,8,NT,open,unheld-nt,,full digital exists (ht allow); artifact may still be scarce,,,
9780524030370,"Johann Konrad Dippel, der Freigeist aus dem Pietismus",Wilhelm Bender,1882,ger,1,8,NT,open,unheld-nt,,full digital exists (ht allow); artifact may still be scarce,,,
9780524030929,Der evangelische Sinn unserer Kirchenverfassung,Erich Foerster,1904,ger,1,8,NT,open,unheld-nt,,full digital exists (ht allow); artifact may still be scarce,,,
9780524031100,Politische Ethik und Christentum,Ernst Troeltsch,1904,ger,1,8,NT,open,unheld-nt,,full digital exists (ht allow); artifact may still be scarce,,,
9780524031124,Afgoderye der Oost-Indische heydenen,Philippus Baldaeus,1917,dut,1,8,NT,open,unheld-nt,,full digital exists (ht allow); artifact may still be scarce,,,
9780524031131,Religionsgeschichtliches Lesebuch,Alfred Bertholet; Wilhelm Grube,1908,ger,1,8,NT,open,unheld-nt,,full digital exists (ht allow); artifact may still be scarce,,,
9780524031162,Religion und Mythus der Germanen,Wolfgang Golther,1909,ger,1,8,NT,open,unheld-nt,,full digital exists (ht allow); artifact may still be scarce,,,
9780524031254,Die Messias-Sagen des Morgenlandes,Carl Scholl,1852,ger,1,8,NT,open,unheld-nt,,full digital exists (ht allow); artifact may still be scarce,,,
9780524031261,Babylonisch-assyrische Geschichte,"Tiele, C. P.",1886,ger,1,8,NT,open,unheld-nt,,full digital exists (ht allow); artifact may still be scarce,,,
9780524031278,Muhammed in Medina,Muḥammad ibn ʻUmar Wāqidī,1882,ger,1,8,NT,open,unheld-nt,,full digital exists (ht allow); artifact may still be scarce,,,
9780524031650,Die Deutschen im Staate New York während des achtzehnten Jahrhunderts,Friedrich Kapp,1884,ger,1,8,NT,open,unheld-nt,,full digital exists (ht allow); artifact may still be scarce,,,
9780524031780,Das Papsttum und Byzanz,Walter Norden,1903,ger,1,8,NT,open,unheld-nt,,full digital exists (ht allow); artifact may still be scarce,,,
9780524032107,"L'Eglise évangélique réformée de Florence, depuis son origine jusqu'à nos jours",L. E. Tony André,1899,fre,1,8,NT,open,unheld-nt,,full digital exists (ht allow); artifact may still be scarce,,,
9780524032220,Papst Julius II. und die Gründung des Kirchenstaates,Moritz Brosch,1878,ger,1,8,NT,open,unheld-nt,,full digital exists (ht allow); artifact may still be scarce,,,
9780524032435,Amerikanische Kirchengeschichte seit der Unabhängigkeitserklärung der Vereinigten Staaten,"Nippold, Friedrich",1892,ger,1,8,NT,open,unheld-nt,,full digital exists (ht allow); artifact may still be scarce,,,
9780524032770,Le bienheureux frà Giovanni Angelico de Fiesole (1387-1455),Henry Cochin,1906,fre,1,8,NT,open,unheld-nt,,full digital exists (ht allow); artifact may still be scarce,,,
9780524033081,La formule bouddhique des douze causes,Paul Oltramare,1909,fre,1,8,NT,open,unheld-nt,,full digital exists (ht allow); artifact may still be scarce,,,
9780524033449,Kirchengeschichte,Karl von Hase,1877,ger,1,8,NT,open,unheld-nt,,full digital exists (ht allow); artifact may still be scarce,,,
9780524033906,Die christliche Lehre von der Dreieinigkeit und Menschwerdung Gottes in ihrer geschichtlichen Entwicklung,Ferdinand Christian Baur,1841,ger,1,8,NT,open,unheld-nt,,full digital exists (ht allow); artifact may still be scarce,,,
9780524033982,Origène,Charles Freppel,1888,fre,1,8,NT,open,unheld-nt,,full digital exists (ht allow); artifact may still be scarce,,,
9780524034033,Martin Luther,Julius Köstlin,1875,ger,1,8,NT,open,unheld-nt,,full digital exists (ht allow); artifact may still be scarce,,,
9780524034088,Vita di Lorenzo Valla,Girolamo Mancini,1891,ita,1,8,NT,open,unheld-nt,,full digital exists (ht allow); artifact may still be scarce,,,
9780524034095,Histoire de l'école d'Alexandrie comparée aux principales écoles contemporaines,Jacques Matter,1840,fre,1,8,NT,open,unheld-nt,,full digital exists (ht allow); artifact may still be scarce,,,
9780524034118,Urkundliche Beiträge zur Geschichte des Hussitenkrieges vom Jahre 1419 an,František Palacký,1873,ger,1,8,NT,open,unheld-nt,,full digital exists (ht allow); artifact may still be scarce,,,
9780524034200,Essais de critique religieuse,Albert Réville,1860,fre,1,8,NT,open,unheld-nt,,full digital exists (ht allow); artifact may still be scarce,,,
9780524034316,Johannes Calvin,Ernst Stähelin,1863,ger,1,8,NT,open,unheld-nt,,full digital exists (ht allow); artifact may still be scarce,,,
9780524034354,"Kirchliche Statistik, oder, Darstellung der gesammten christlichen Kirche",Julius Wiggers,1842,ger,1,8,NT,open,unheld-nt,,full digital exists (ht allow); artifact may still be scarce,,,
9780524034408,Der jüdische Gottesdienst in seiner geschichtlichen Entwicklung,Ismar Elbogen,1913,ger,1,8,NT,open,unheld-nt,,full digital exists (ht allow); artifact may still be scarce,,,
9780524034835,Die gottesdienstlichen Gebräuche der Griechen und Römer,Otto Seemann,1888,ger,1,8,NT,open,unheld-nt,,full digital exists (ht allow); artifact may still be scarce,,,
9780524034927,"Annales ecclésiastiques de 1846 à 1860, ou, Histoire résumée de l'Eglise catholique pendant les dernières années",J. Chantrel,1861,fre,1,8,NT,open,unheld-nt,,full digital exists (ht allow); artifact may still be scarce,,,
9780524035214,Studien und Skizzen zur Geschichte der Reformationszeit,Wilhelm Maurenbrecher,1874,ger,1,8,NT,open,unheld-nt,,full digital exists (ht allow); artifact may still be scarce,,,
9780524035429,Clementis XIV Pont. Max. Epistolae et brevia,Clement XIV Pope,1852,lat,1,8,NT,open,unheld-nt,,full digital exists (ht allow); artifact may still be scarce,,,
9780524035733,Zur Geschichte des Augsburger Reichstages von 1530,Theodor Brieger,1903,ger,1,8,NT,open,unheld-nt,,full digital exists (ht allow); artifact may still be scarce,,,
9780524035740,Die theologischen Promotionen auf der Universität Leipzig 1428-1539,Theodor Brieger,1890,lat,1,8,NT,open,unheld-nt,,full digital exists (ht allow); artifact may still be scarce,,,
9780524035771,Geschichtliche Studien,Ernst von Dobschütz,1916,ger,1,8,NT,open,unheld-nt,,full digital exists (ht allow); artifact may still be scarce,,,
9780524035825,Quelques préliminaires de la révocation de l'Edit de Nantes en Languedoc (1661-1685),Paul Jean Louis Gachon,1899,fre,1,8,NT,open,unheld-nt,,full digital exists (ht allow); artifact may still be scarce,,,
9780524035832,L'église chrétienne au temps de saint Ignace d'Antioche,Henri de Genouillac,1907,fre,1,8,NT,open,unheld-nt,,full digital exists (ht allow); artifact may still be scarce,,,
9780524036365,De Hervormde kerk in Noord-Amerika (1624-1664),A. Eekhof,1913,dut,1,8,NT,open,unheld-nt,,full digital exists (ht allow); artifact may still be scarce,,,
9780524036433,Kirchengeschichte der reformierten Schweiz,W. Hadorn,1907,ger,1,8,NT,open,unheld-nt,,full digital exists (ht allow); artifact may still be scarce,,,
9780524036693,Les catacombes de Rome,Théophile Roller,1881,fre,1,8,NT,open,unheld-nt,,full digital exists (ht allow); artifact may still be scarce,,,
9780524036792,Über vorhellenische Götterculte,Wolfgang Reichel,1897,ger,1,8,NT,open,unheld-nt,,full digital exists (ht allow); artifact may still be scarce,,,
9780524036822,Fakire und Fakirtum im alten und modernen Indien,Richard Schmidt,1908,ger,1,8,NT,open,unheld-nt,,full digital exists (ht allow); artifact may still be scarce,,,
9780524037515,Saint Athanase (295-373),"Athanasius Saint, Patriarch of Alexandria",1908,fre,1,8,NT,open,unheld-nt,,full digital exists (ht allow); artifact may still be scarce,,,
9780524037676,Per crucem ad lucem,Désiré Mercier,1917,fre,1,8,NT,open,unheld-nt,,full digital exists (ht allow); artifact may still be scarce,,,
9780524038154,Verhandeling over de broederschap van G. Groote en over den invloed der fraterhuizen,G. H. M. Delprat,1856,dut,1,8,NT,open,unheld-nt,,full digital exists (ht allow); artifact may still be scarce,,,
9780524038307,Philosophie et religion,Adolphe Franck,1869,fre,1,8,NT,open,unheld-nt,,full digital exists (ht allow); artifact may still be scarce,,,
9780524038413,Kleiner Unitarier-Spiegel,József Ferencz,1879,ger,1,8,NT,open,unheld-nt,,full digital exists (ht allow); artifact may still be scarce,,,
9780524038512,L'église catholique et la liberté aux Etats-Unis,"Meaux, Marie Camille Alfred vicomte de",1893,fre,1,8,NT,open,unheld-nt,,full digital exists (ht allow); artifact may still be scarce,,,
9780524038703,"Die Bibel, oder, die Schriften des Alten and Neuen Bundes","Bunsen, Christian Karl Josias Freiherr von; Adolf Kamphausen; Heinrich Julius Holtzmann",1858,ger,1,8,NT,open,unheld-nt,,full digital exists (ht allow); artifact may still be scarce,,,
9780524038802,Hebräisch-deutsches Handwörterbuch über die Schriften des Alten Testaments,Wilhelm Gesenius,1810,ger,1,8,NT,open,unheld-nt,,full digital exists (ht allow); artifact may still be scarce,,,
9780524038895,Das Wesen des Ablasses am Ausgange des Mittelalters,Theodor Brieger,1897,ger,1,8,NT,open,unheld-nt,,full digital exists (ht allow); artifact may still be scarce,,,
9780524038918,Hē peri tōn scheseōn tōn autokephalōn orthodoxōn ekklēsiōn kai peri allōn genikōn zētēmatōn patriarchikē kai synodikē egkyklios tou 1902,Constantinople (Ecumenical patriarchate). Patriarch (1901-1912 : Ioakeim III),1904,gre,1,8,NT,open,unheld-nt,,full digital exists (ht allow); artifact may still be scarce,,,
9780524039021,De Clementis Romani epistola ad Corinthios priore disquisitio,Richard Adelbert Lipsius,1855,lat,1,8,NT,open,unheld-nt,,full digital exists (ht allow); artifact may still be scarce,,,
9780524039137,Der Augustinismus,Odilo Rottmanner,1892,ger,1,8,NT,open,unheld-nt,,full digital exists (ht allow); artifact may still be scarce,,,
9780524039779,Paulus,Rudolf Knopf,1909,ger,1,8,NT,open,unheld-nt,,full digital exists (ht allow); artifact may still be scarce,,,
9780524040249,Selections from the Ṣaḥīḥ of al-Buḫārī,Muhammad ibn Ismail Bukhari,1906,ara,1,8,NT,open,unheld-nt,,full digital exists (ht allow); artifact may still be scarce,,,
9780524040256,"La kabbale, ou, La philosophie religieuse des Hébreux",Adolphe Franck,1843,fre,1,8,NT,open,unheld-nt,,full digital exists (ht allow); artifact may still be scarce,,,
9780524040362,Liturgia romana e liturgia dell'esarcato,Anton Baumstark,1904,ita,1,8,NT,open,unheld-nt,,full digital exists (ht allow); artifact may still be scarce,,,
9780524040454,"Lettre à Monseigneur l'archevèque de Rheims, sur le droit de la liturgie",Prosper Guéranger,1843,fre,1,8,NT,open,unheld-nt,,full digital exists (ht allow); artifact may still be scarce,,,
9780524040720,Christkatholische Dogmatik,"Hermes, Georg",1834,ger,1,8,NT,open,unheld-nt,,full digital exists (ht allow); artifact may still be scarce,,,
9780524041017,Die Bibel und die südarabische Altertumsforschung,Simon Konrad Landersdorfer,1910,ger,1,8,NT,open,unheld-nt,,full digital exists (ht allow); artifact may still be scarce,,,
9780524041147,Ausgewählte Psalmen,G. Stöckhardt,1915,ger,1,8,NT,open,unheld-nt,,full digital exists (ht allow); artifact may still be scarce,,,
9780524041161,In wie weit ist der Bibel Irrthumslosigkeit zuzuschreiben?,Wilhelm Volck,1884,ger,1,8,NT,open,unheld-nt,,full digital exists (ht allow); artifact may still be scarce,,,
9780524041284,Die Vitae Vergilianae und ihre antiken Quellen,Ernst Diehl,1911,lat,1,8,NT,open,unheld-nt,,full digital exists (ht allow); artifact may still be scarce,,,
9780524041321,Martin Luther in seiner Bedeutung für die Geschichte der Wissenschaft und der Bildung,Adolf von Harnack,1883,ger,1,8,NT,open,unheld-nt,,full digital exists (ht allow); artifact may still be scarce,,,
9780524041369,Geschiedenis en kritiek der hedendaagsche Oud-Katholieke beweging in Duitschland van juli 1870 tot mei 1877,Willem Pieter Cornelis Knuttel,1877,dut,1,8,NT,open,unheld-nt,,full digital exists (ht allow); artifact may still be scarce,,,
9780524041376,Idee und Persönlichkeit in der Kirchengeschichte,Walther Köhler,1910,ger,1,8,NT,open,unheld-nt,,full digital exists (ht allow); artifact may still be scarce,,,
9780524041482,Geschichte der Reaction Kaiser Julians gegen die christliche Kirche,Friedrich Rode,1877,ger,1,8,NT,open,unheld-nt,,full digital exists (ht allow); artifact may still be scarce,,,
9780524041581,Pompeianische Wandinschriften und Verwandtes,Ernst Diehl,1910,lat,1,8,NT,open,unheld-nt,,full digital exists (ht allow); artifact may still be scarce,,,
9780524041611,Histoire des religions et méthode comparative,George Foucart,1912,fre,1,8,NT,open,unheld-nt,,full digital exists (ht allow); artifact may still be scarce,,,
9780524041628,Die griechischen Culte und Mythen in ihren Beziehungen zu den orientalischen Religionen,Otto Gruppe,1887,ger,1,8,NT,open,unheld-nt,,full digital exists (ht allow); artifact may still be scarce,,,
9780524041659,Allgemeine Religionsgeschichte,C. v. Orelli,1911,ger,1,8,NT,open,unheld-nt,,full digital exists (ht allow); artifact may still be scarce,,,
9780524041666,Lateinische Sacralinschriften,Franz Richter,1911,lat,1,8,NT,open,unheld-nt,,full digital exists (ht allow); artifact may still be scarce,,,
9780524041673,Arische Religion,Leopold von Schroeder,1914,ger,1,8,NT,open,unheld-nt,,full digital exists (ht allow); artifact may still be scarce,,,
9780524041734,Tractatus canonicus de sacra ordinatione,Pietro Gasparri,1893,lat,1,8,NT,open,unheld-nt,,full digital exists (ht allow); artifact may still be scarce,,,
9780524041888,Calvinstudien,Josef Bohatec,1909,ger,1,8,NT,open,unheld-nt,,full digital exists (ht allow); artifact may still be scarce,,,
9780524041918,"L'Eglise de Genève, 1555-1909",Henri Heyer,1909,fre,1,8,NT,open,unheld-nt,,full digital exists (ht allow); artifact may still be scarce,,,
9780524041925,Die Evangelischen Kirchenordnungen des sechszehnten Jahrhunderts,Aemilius Ludwig Richter,1846,ger,1,8,NT,open,unheld-nt,,full digital exists (ht allow); artifact may still be scarce,,,
9780524041949,Histoire du culte des divinités d'Alexandrie,Georges Lafaye,1884,fre,1,8,NT,open,unheld-nt,,full digital exists (ht allow); artifact may still be scarce,,,
9780524042182,Die ursprüngliche Gottesdienst-Ordnung in den deutschen Kirchen lutherischen Bekenntnisses,Th Kliefoth,1858,ger,1,8,NT,open,unheld-nt,,full digital exists (ht allow); artifact may still be scarce,,,
9780524043165,"De Celsi, adversari Christianorum, philosophandi genere",Friedrich Adolph Philippi,1836,lat,1,8,NT,open,unheld-nt,,full digital exists (ht allow); artifact may still be scarce,,,
9780524043172,Geschichte des ersten Kreuzzuges,Reinhold Röhricht,1901,ger,1,8,NT,open,unheld-nt,,full digital exists (ht allow); artifact may still be scarce,,,
9780524043219,Aus der antiken Schule,Erich Ziebarth,1910,ger,1,8,NT,open,unheld-nt,,full digital exists (ht allow); artifact may still be scarce,,,
9780524043233,Histoire de la divination dans l'antiquité,Auguste Bouché-Leclercq,1879,fre,1,8,NT,open,unheld-nt,,full digital exists (ht allow); artifact may still be scarce,,,
9780524043288,Die Anthropologie der Araber im zehnten Jahrhundert n. Chr,Ikhwān al-Ṣafāʼ,1871,ger,1,8,NT,open,unheld-nt,,full digital exists (ht allow); artifact may still be scarce,,,
9780524043295,Die Lehre von der Weltseele bei den Arabern im X. Jahrhundert,Ikhwān al-Ṣafāʼ; Friedrich Dieterici,1872,ger,1,8,NT,open,unheld-nt,,full digital exists (ht allow); artifact may still be scarce,,,
9780524043318,Die Naturanschauung und Naturphilosophie der Araber im X. Jahrhundert,Ikhwān al-Ṣafāʼ,1876,ger,1,8,NT,open,unheld-nt,,full digital exists (ht allow); artifact may still be scarce,,,
9780524043325,Die Propaedeutik der Araber im zehnten Jahrhundert,Ikhwān al-Ṣafāʼ,1865,ger,1,8,NT,open,unheld-nt,,full digital exists (ht allow); artifact may still be scarce,,,
9780524043349,Das Judentum von Jesus bis zur Gegenwart,Paul Fiebig,1916,ger,1,8,NT,open,unheld-nt,,full digital exists (ht allow); artifact may still be scarce,,,
9780524043462,"Orientation, Studien zur Geschichte der Religion","Nissen, Heinrich",1906,ger,1,8,NT,open,unheld-nt,,full digital exists (ht allow); artifact may still be scarce,,,
9780524043585,Geschichte des vatikanischen Konzils,J. Friedrich,1877,ger,1,8,NT,open,unheld-nt,,full digital exists (ht allow); artifact may still be scarce,,,
9780524043998,Esther,Hermann Gunkel,1916,ger,1,8,NT,open,unheld-nt,,full digital exists (ht allow); artifact may still be scarce,,,
9780524044063,Die Entstehung des Neuen Testaments,"Krüger, Gustav",1896,ger,1,8,NT,open,unheld-nt,,full digital exists (ht allow); artifact may still be scarce,,,
9780524044476,Histoire du psautier,Félix Bovet,1872,fre,1,8,NT,open,unheld-nt,,full digital exists (ht allow); artifact may still be scarce,,,
9780524044643,Die Dämonen und ihre Abwehr im Alten Testament,Anton Jirku,1912,ger,1,8,NT,open,unheld-nt,,full digital exists (ht allow); artifact may still be scarce,,,
9780524044650,Materialien zur Volksreligion Israels,Anton Jirku,1914,ger,1,8,NT,open,unheld-nt,,full digital exists (ht allow); artifact may still be scarce,,,
9780524044742,Histoire de la doctrine de l'inspiration des Saintes Ecritures dans les pays de langue française,Edouard Rabaud,1883,fre,1,8,NT,open,unheld-nt,,full digital exists (ht allow); artifact may still be scarce,,,
9780524044766,Studien zu den Königsbüchern,Alfred Rahlfs,1904,ger,1,8,NT,open,unheld-nt,,full digital exists (ht allow); artifact may still be scarce,,,
9780524044773,Der Text des Septuaginta-Psalters,Alfred Rahlfs,1907,ger,1,8,NT,open,unheld-nt,,full digital exists (ht allow); artifact may still be scarce,,,
9780524044865,Kirchenhistorische Anecdota,C. P. Caspari,1883,lat,1,8,NT,open,unheld-nt,,full digital exists (ht allow); artifact may still be scarce,,,
9780524044872,Die Münsterischen Humanisten und ihr Verhältniss zur Reformation,Carl Adolf Cornelius,1851,ger,1,8,NT,open,unheld-nt,,full digital exists (ht allow); artifact may still be scarce,,,
9780524044889,Geschichte der Kölnischen Minoriten-Ordensprovinz,Konrad Eubel,1906,ger,1,8,NT,open,unheld-nt,,full digital exists (ht allow); artifact may still be scarce,,,
9780524044964,Symbole der alten Kirche,Hans Lietzmann,1906,grc,1,8,NT,open,unheld-nt,,full digital exists (ht allow); artifact may still be scarce,,,
9780524045015,Wittenberger Ordiniertenbuch,Universität Wittenberg,1894,lat,1,8,NT,open,unheld-nt,,full digital exists (ht allow); artifact may still be scarce,,,
9780524045046,La religion védique d'après les hymnes du Rig-Veda,Abel Bergaigne,1878,fre,1,8,NT,open,unheld-nt,,full digital exists (ht allow); artifact may still be scarce,,,
9780524045114,Sāṃkhya und Yoga,Richard Garbe,1896,ger,1,8,NT,open,unheld-nt,,full digital exists (ht allow); artifact may still be scarce,,,
9780524045152,Die Religion der Römer,J. A. Hartung,1836,ger,1,8,NT,open,unheld-nt,,full digital exists (ht allow); artifact may still be scarce,,,
9780524045299,"La magie et l'astrologie dans l'antiquité et au Moyen Âge, ou, Etude sur les superstitions païennes qui se sont perpétuées jusqu'à nos jours",L.-F.-Alfred Maury,1864,fre,1,8,NT,open,unheld-nt,,full digital exists (ht allow); artifact may still be scarce,,,
9780524045305,Die vorchristliche Unsterblichkeitslehre,Wolfgang Menzel,1870,ger,1,8,NT,open,unheld-nt,,full digital exists (ht allow); artifact may still be scarce,,,
9780524045312,La sorcière,Jules Michelet,1865,fre,1,8,NT,open,unheld-nt,,full digital exists (pg hit); artifact may still be scarce,none,41486,
9780524045329,Die altarabische Mondreligion und die mosaische Ueberlieferung,Ditlef Nielsen,1904,ger,1,8,NT,open,unheld-nt,,full digital exists (ht allow); artifact may still be scarce,,,
9780524045350,Kultur und Denken der Babylonier und Juden,"Schneider, Hermann",1910,ger,1,8,NT,open,unheld-nt,,full digital exists (ht allow); artifact may still be scarce,,,
9780524045756,Der Prophet Esra (IV Esra),Hermann Gunkel,1900,ger,1,8,NT,open,unheld-nt,,full digital exists (ht allow); artifact may still be scarce,,,
9780524045909,Die Geschichte der Menschheit,"Rohrbach, Paul",1914,ger,1,8,NT,open,unheld-nt,,full digital exists (ht allow); artifact may still be scarce,,,
9780524046180,Kleinere geistliche Gedichte des XII. Jahrhunderts,Albert Leitzmann,1910,gmh,1,8,NT,open,unheld-nt,,full digital exists (ht allow); artifact may still be scarce,,,
9780524046197,Fasti consulares Imperii romani von 30 v. Chr. bis 565 n. Chr,W. (Wilhelm) Liebenam,1909,ger,1,8,NT,open,unheld-nt,,full digital exists (ht allow); artifact may still be scarce,,,
9780524046210,Deutsche Lyrik des siebzehnten Jahrhunderts,Paul Merker,1913,ger,1,8,NT,open,unheld-nt,,full digital exists (ht allow); artifact may still be scarce,,,
9780524046333,La géographie de l'Egypte à l'époque copte,E. Amélineau,1893,fre,1,8,NT,open,unheld-nt,,full digital exists (ht allow); artifact may still be scarce,,,
9780524046357,Griechische Inschriften zur griechischen Staatenkunde,F. Bleckmann,1913,grc,1,8,NT,open,unheld-nt,,full digital exists (ht allow); artifact may still be scarce,,,
9780524046425,Le sentiment religieux en Grèce,Jules Augustin Girard,1869,fre,1,8,NT,open,unheld-nt,,full digital exists (ht allow); artifact may still be scarce,,,
9780524046432,Oratorum et rhetorum Graecorum fragmenta nuper reperta,Konrad Jander,1913,grc,1,8,NT,open,unheld-nt,,full digital exists (ht allow); artifact may still be scarce,,,
9780524046463,Cambodge,Adhémard Leclère,1916,fre,1,8,NT,open,unheld-nt,,full digital exists (ht allow); artifact may still be scarce,,,
9780524046531,Novae comoediae fragmenta in papyris reperta,Otto Schroeder,1915,lat,1,8,NT,open,unheld-nt,,full digital exists (ht allow); artifact may still be scarce,,,
9780524046555,Commentar über das Avesta,Friedrich von Spiegel,1864,ger,1,8,NT,open,unheld-nt,,full digital exists (ht allow); artifact may still be scarce,,,
9780524046678,Fünf Festpredigten Augustins in gereimter Prosa,Augustine of Hippo,1905,lat,1,8,NT,open,unheld-nt,,full digital exists (ht allow); artifact may still be scarce,,,
9780524046692,Die Konstantinopolitanische Messliturgie vor dem IX Jahrhundert,Anton Baumstark,1909,grc,1,8,NT,open,unheld-nt,,full digital exists (ht allow); artifact may still be scarce,,,
9780524046777,Die Geltenden Papstwahlgesetze,"Giese, Friedrich",1912,lat,1,8,NT,open,unheld-nt,,full digital exists (ht allow); artifact may still be scarce,,,
9780524046791,Die drei ältesten Martyrologien,Hans Lietzmann,1903,ger,1,8,NT,open,unheld-nt,,full digital exists (ht allow); artifact may still be scarce,,,
9780524046807,Lateinische altkirchliche Poesie,Hans Lietzmann,1910,lat,1,8,NT,open,unheld-nt,,full digital exists (ht allow); artifact may still be scarce,,,
9780524046838,Martin Luthers geistliche Lieder,Martin Luther,1907,ger,1,8,NT,open,unheld-nt,,full digital exists (ht allow+pg hit); artifact may still be scarce,,47861,
9780524046852,"Der Unterricht der Visitatoren, 1528",Philipp Melanchthon,1912,ger,1,8,NT,open,unheld-nt,,full digital exists (ht allow); artifact may still be scarce,,,
9780524046906,Edward Youngs Gedanken über die Originalwerke,Edward Young,1910,ger,1,8,NT,open,unheld-nt,,full digital exists (ht allow); artifact may still be scarce,,,
9780524046913,"De pronominibus, pars generalis",Apollonius Dyscolus,1911,grc,1,8,NT,open,unheld-nt,,full digital exists (ht allow); artifact may still be scarce,,,
9780524046920,Die Frösche des Aristophanes,Aristophanes,1911,grc,1,8,NT,open,unheld-nt,,full digital exists (ht allow); artifact may still be scarce,,,
9780524046982,Cratippi Hellenicorum fragmenta Oxyrhynchia,Cratippus of Athens; Justus Hermann Lipsius,1916,grc,1,8,NT,open,unheld-nt,,full digital exists (ht allow); artifact may still be scarce,,,
9780524047019,Menandri reliquiae nuper repertae,Menander of Athens,1909,grc,1,8,NT,open,unheld-nt,,full digital exists (ht allow); artifact may still be scarce,,,
9780524047026,Der Mišnatraktat Berakhoth in vokalisiertem Text,Willy Staerk,1910,heb,1,8,NT,open,unheld-nt,,full digital exists (ht allow); artifact may still be scarce,,,
9780524047033,Historische griechische Inschriften bis auf Alexander den Grossen,"Nachmanson, Ernst",1913,grc,1,8,NT,open,unheld-nt,,full digital exists (ht allow); artifact may still be scarce,,,
9780524047064,Türkische Nachrichten,Arthur Ungnad,1916,tur,1,8,NT,open,unheld-nt,,full digital exists (ht allow); artifact may still be scarce,,,
9780524047088,Vitae Homeri et Hesiodi,Ulrich von Wilamowitz-Moellendorff,1916,grc,1,8,NT,open,unheld-nt,,full digital exists (ht allow); artifact may still be scarce,,,
9780524047132,"Die Kirchengemeinde- und Synodalordnung für die Provinzen Preussen, Brandenburg, Pommern, Posen, Schlesien und Sachsen",Alfred Uckeley,1912,ger,1,8,NT,open,unheld-nt,,full digital exists (ht allow); artifact may still be scarce,,,
9780524047217,Der Tosephtatraktat Roš haššana,Paul Fiebig,1914,heb,1,8,NT,open,unheld-nt,,full digital exists (ht allow); artifact may still be scarce,,,
9780524047477,Die Himmelfahrt des Mose,Carl Clemen,1904,lat,1,8,NT,open,unheld-nt,,full digital exists (ht allow); artifact may still be scarce,,,
9780524047491,"Der Prophet Amos, hebräisch und griechisch",Johannes Meinhold; Hans Lietzmann,1905,heb,1,8,NT,open,unheld-nt,,full digital exists (ht allow); artifact may still be scarce,,,
9780524047590,Brief an die Flora,Ptolemy the Gnostic,1904,grc,1,8,NT,open,unheld-nt,,full digital exists (ht allow); artifact may still be scarce,,,
9780524047866,La Genèse,François Lenormant,1883,fre,1,8,NT,open,unheld-nt,,full digital exists (ht allow); artifact may still be scarce,,,
9780524047989,The weak and geminative verbs in Hebrew,Judah ben David Ḥayyuj,1897,heb,1,8,NT,open,unheld-nt,,full digital exists (ht allow); artifact may still be scarce,,,
9780524048153,Die Gleichnisse Jesu,Heinrich Weinel,1904,ger,1,8,NT,open,unheld-nt,,full digital exists (ht allow); artifact may still be scarce,,,
9780524048313,De polemiek der eerste christenen tegen de heidensche mythologie,Johannes Jacob Bleeker,1897,dut,1,8,NT,open,unheld-nt,,full digital exists (ht allow); artifact may still be scarce,,,
9780524048580,"Gallus, oder, Römische Scenen aus der Zeit Augusts","Becker, W. A.",1880,ger,1,8,NT,open,unheld-nt,,full digital exists (ht allow); artifact may still be scarce,,,
9780524048603,Die Religion und Kultur Chinas,Ferdinand Heigl,1900,ger,1,8,NT,open,unheld-nt,,full digital exists (ht allow); artifact may still be scarce,,,
9780524048641,Hestia-Vesta,August Preuner,1864,ger,1,8,NT,open,unheld-nt,,full digital exists (ht allow); artifact may still be scarce,,,
9780524048665,La religion chinoise,Albert Réville,1889,fre,1,8,NT,open,unheld-nt,,full digital exists (ht allow); artifact may still be scarce,,,
9780524048689,Le bouddhisme contemporain,Alfred Roussel,1916,fre,1,8,NT,open,unheld-nt,,full digital exists (ht allow); artifact may still be scarce,,,
9780524048726,Le totémisme chez les Fâṅ,H. Trilles,1912,fre,1,8,NT,open,unheld-nt,,full digital exists (ht allow); artifact may still be scarce,,,
9780524048740,Literaturgeschichte der synagogalen Poesie,Leopold Zunz,1865,ger,1,8,NT,open,unheld-nt,,full digital exists (ht allow); artifact may still be scarce,,,
9780524048962,Zur Geschichte der alttestamentlichen Religion in ihrer universalen Bedeutung,"Baudissin, Wolf Wilhelm Graf von",1914,ger,1,8,NT,open,unheld-nt,,full digital exists (ht allow); artifact may still be scarce,,,
9780524049099,Weltschöpfung und Weltuntergang,Oswald Köhler,1895,ger,1,8,NT,open,unheld-nt,,full digital exists (ht allow); artifact may still be scarce,,,
9780524049594,Das Christenthum Justins des Märtyrers,Moritz von Engelhardt,1878,ger,1,8,NT,open,unheld-nt,,full digital exists (ht allow); artifact may still be scarce,,,
9780524049617,"La satire en France, ou, La littérature militante au XVIe siècle",C. Lenient,1866,fre,1,8,NT,open,unheld-nt,,full digital exists (ht allow); artifact may still be scarce,,,
9780524049792,Les confréries religieuses musulmanes,Octave Depont,1897,fre,1,8,NT,open,unheld-nt,,full digital exists (ht allow); artifact may still be scarce,,,
9780524049921,"Die religiösen, politischen und socialen Ideen der asiatischen Culturvölker und der Aegypter in ihrer historischen Entwickelung",Carl Twesten,1872,ger,1,8,NT,open,unheld-nt,,full digital exists (ht allow); artifact may still be scarce,,,
9780524049952,Zur Geschichte und Literatur,Leopold Zunz,1845,ger,1,8,NT,open,unheld-nt,,full digital exists (ht allow); artifact may still be scarce,,,
9780524050507,Die Bedeutung des Hieronymus für die alttestamentliche Textkritik,Wilhelm Nowack,1875,ger,1,8,NT,open,unheld-nt,,full digital exists (ht allow); artifact may still be scarce,,,
9780524050651,Die Briefe Pauli an Timotheus und Titus,"Weiss, Bernhard",1902,ger,1,8,NT,open,unheld-nt,,full digital exists (ht allow); artifact may still be scarce,,,
9780524051306,Missionswissenschaftliche Studien,Karl Axenfeld,1904,ger,1,8,NT,open,unheld-nt,,full digital exists (ht allow); artifact may still be scarce,,,
9780524051320,Magistrat und Reformation in Strassburg bis 1529,Adolf Baum,1887,ger,1,8,NT,open,unheld-nt,,full digital exists (ht allow); artifact may still be scarce,,,
9780524051429,Die Origenistischen Streitigkeiten im sechsten Jahrhundert und das fünfte allgemeine Concil,Franz Diekamp,1899,ger,1,8,NT,open,unheld-nt,,full digital exists (ht allow); artifact may still be scarce,,,
9780524051450,Das Apostolische Glaubensbekenntniss,Adolf von Harnack,1892,ger,1,8,NT,open,unheld-nt,,full digital exists (ht allow); artifact may still be scarce,,,
9780524051566,Marcion en de Marcionieten,H. U. Meyboom,1888,dut,1,8,NT,open,unheld-nt,,full digital exists (ht allow); artifact may still be scarce,,,
9780524051597,Die Gemeinschaften und Sekten Württembergs,Christian Palmer,1877,ger,1,8,NT,open,unheld-nt,,full digital exists (ht allow); artifact may still be scarce,,,
9780524051603,Iuris ecclesiastici Graecorum historia et monumenta iussu Pii IX. Pont. Max,J. B. Pitra,1864,lat,1,8,NT,open,unheld-nt,,full digital exists (ht allow); artifact may still be scarce,,,
9780524051689,"Vergleichende Grammatik des Sanskrit, Send, Armenischen, Griechischen, Lateinischen, Litauischen, Altslavischen, Gothischen und Deutschen",Franz Bopp,1857,ger,1,8,NT,open,unheld-nt,,full digital exists (ht allow); artifact may still be scarce,,,
9780524051801,Minnesskrift med anledning af Augustana-synodens femtioåriga tillvaro,L. A. Johnston,1910,swe,1,8,NT,open,unheld-nt,,full digital exists (ht allow); artifact may still be scarce,,,
9780524052112,Paganisme des hébreux jusqu'à la captivité de Babylone,Émile Ferrière,1884,fre,1,8,NT,open,unheld-nt,,full digital exists (ht allow); artifact may still be scarce,,,
9780524052235,Der Babel-Bibel-Streit und die Offenbarungsfrage,"Kittel, Rudolf",1903,ger,1,8,NT,open,unheld-nt,,full digital exists (ht allow); artifact may still be scarce,,,
9780524052396,Kommentar über den ersten Brief Petri,G. Stöckhardt,1912,ger,1,8,NT,open,unheld-nt,,full digital exists (ht allow); artifact may still be scarce,,,
9780524052563,Das Verhältnis Calvins zu Butzer,Georg Klingenburg,1912,ger,1,8,NT,open,unheld-nt,,full digital exists (ht allow); artifact may still be scarce,,,
9780524052822,Frühneuhochdeutsches Glossar,Alfred Götze,1912,ger,1,8,NT,open,unheld-nt,,full digital exists (ht allow); artifact may still be scarce,,,
9780524053102,Alte Einblattdrucke,Otto Clemen,1911,ger,1,8,NT,open,unheld-nt,,full digital exists (ht allow); artifact may still be scarce,,,
9780524053171,Les jésuites et l'université,F. Génin,1844,fre,1,8,NT,open,unheld-nt,,full digital exists (ht allow); artifact may still be scarce,,,
9780524053300,Eduard Reuss' Briefwechsel mit seinem Schüler und Freunde Karl Heinrich Graf,"Reuss, Eduard",1904,ger,1,8,NT,open,unheld-nt,,full digital exists (ht allow); artifact may still be scarce,,,
9780524053447,Das Weib im altindischen Epos,Johann Jakob Meyer,1915,ger,1,8,NT,open,unheld-nt,,full digital exists (ht allow); artifact may still be scarce,,,
9780524053997,Catena in Acta SS. Apostolorum e Cod. Nov. Coll,"Cramer, J. A.",1838,grc,1,8,NT,open,unheld-nt,,full digital exists (ht allow); artifact may still be scarce,,,
9780524054444,Kirchliche und soziale Zustände in Bern unmittelbar nach der Einführung der Reformation (1528-1536),Theodor de Quervain,1906,ger,1,8,NT,open,unheld-nt,,full digital exists (ht allow); artifact may still be scarce,,,
9780524054499,Die Person Muhammeds in Lehre und Glauben seiner Gemeinde,Tor Andræ,1918,ger,1,8,NT,open,unheld-nt,,full digital exists (ht allow); artifact may still be scarce,,,
9780524054512,Die neue Weltordnung nach Vernichtung des sündigen Menschengeschlechtes,Heinrich Brugsch,1881,ger,1,8,NT,open,unheld-nt,,full digital exists (ht allow); artifact may still be scarce,,,
9780524054529,Religion und Mythologie der alten Aegypter,Heinrich Brugsch,1885,ger,1,8,NT,open,unheld-nt,,full digital exists (ht allow); artifact may still be scarce,,,
9780524054598,Die Heidenpredigt in Indien,J. Hesse,1883,ger,1,8,NT,open,unheld-nt,,full digital exists (ht allow); artifact may still be scarce,,,
9780524054604,Altitalische Inschriften,Hermann Jacobsohn,1910,lat,1,8,NT,open,unheld-nt,,full digital exists (ht allow); artifact may still be scarce,,,
9780524054611,Le myth osirien,Eugène Lefébure,1874,fre,1,8,NT,open,unheld-nt,,full digital exists (ht allow); artifact may still be scarce,,,
9780524054642,Lamellae aureae orphicae,Alexander Olivieri,1915,grc,1,8,NT,open,unheld-nt,,full digital exists (ht allow); artifact may still be scarce,,,
9780524054864,Middeleeuwsche geestelijke liederen en leisen,J. G. R. Acquoy,1888,dut,1,8,NT,open,unheld-nt,,full digital exists (ht allow); artifact may still be scarce,,,
9780524055144,Die philologische Arbeit an den älteren Kirchenlehrern und ihre Bedeutung für die Theologie,Erwin Preuschen,1907,ger,1,8,NT,open,unheld-nt,,full digital exists (ht allow); artifact may still be scarce,,,
9780524055236,Albrecht Ritschls Anschauung von evangelischem Glauben und Leben,Eberhard Vischer,1900,ger,1,8,NT,open,unheld-nt,,full digital exists (ht allow); artifact may still be scarce,,,
9780524055274,Supplementum Euripideum,Euripides,1913,grc,1,8,NT,open,unheld-nt,,full digital exists (ht allow); artifact may still be scarce,,,
9780524055281,Svpplementum Sophocleum,Sophocles,1913,grc,1,8,NT,open,unheld-nt,,full digital exists (ht allow); artifact may still be scarce,,,
9780524055793,Der Streit um das Deuteronomium,Sebastian Euringer,1911,ger,1,8,NT,open,unheld-nt,,full digital exists (ht allow); artifact may still be scarce,,,
9780524055892,Die Benediktiner in Alabama,Ambrose Reger,1898,ger,1,8,NT,open,unheld-nt,,full digital exists (ht allow); artifact may still be scarce,,,
9780524055953,L' Ecclésiaste,Ernest Renan,1882,fre,1,8,NT,open,unheld-nt,,full digital exists (ht allow); artifact may still be scarce,,,
9780524056080,Die Auferstehung Jesu Christi nach den Berichten des Neuen Testamentes,E. Dentler,1908,ger,1,8,NT,open,unheld-nt,,full digital exists (ht allow); artifact may still be scarce,,,
9780524056226,"Die jüdische Stammverschiedenheit, ihr Einfluss auf die innere und äussere Entwickelung des Judentums",Heinrich Mosler,1884,ger,1,8,NT,open,unheld-nt,,full digital exists (ht allow); artifact may still be scarce,,,
9780524056240,Die Glaubwürdigkeit des Alten Testamentes im Lichte der Inspirationslehre und der Literarkritik,Johannes Nikel,1908,ger,1,8,NT,open,unheld-nt,,full digital exists (ht allow); artifact may still be scarce,,,
9780524056301,Die geheime Offenbarung und die Zukunstserwartungen des Urchristentums,Ignaz Rohr,1911,ger,1,8,NT,open,unheld-nt,,full digital exists (ht allow); artifact may still be scarce,,,
9780524056455,Das Leben Jesu (Grundriss),Petrus Dausch,1914,ger,1,8,NT,open,unheld-nt,,full digital exists (ht allow); artifact may still be scarce,,,
9780524056530,Commentaar op de Katholieke Brieven,J. M. S. Baljon,1904,dut,1,8,NT,open,unheld-nt,,full digital exists (ht allow); artifact may still be scarce,,,
9780524056561,Questions de topographie palestinienne,"Barnabé d'Alsace, père, O.F.M.",1903,fre,1,8,NT,open,unheld-nt,,full digital exists (ht allow); artifact may still be scarce,,,
9780524056585,Evangile selon s. Luc,Vincent Rose,1904,fre,1,8,NT,open,unheld-nt,,full digital exists (ht allow); artifact may still be scarce,,,
9780524056608,Das Hohelied,V. Zapletal,1907,ger,1,8,NT,open,unheld-nt,,full digital exists (ht allow); artifact may still be scarce,,,
9780524056691,Les Actes apocryphes de l'Apôtre André,J. Flamion,1911,fre,1,8,NT,open,unheld-nt,,full digital exists (ht allow); artifact may still be scarce,,,
9780524056707,Le livre de la Genèse dans la poésie latine au Vme siècle,Stanislas Gamber,1899,fre,1,8,NT,open,unheld-nt,,full digital exists (ht allow); artifact may still be scarce,,,
9780524056769,Babel und Bibel,Jakob Horovitz,1904,ger,1,8,NT,open,unheld-nt,,full digital exists (ht allow); artifact may still be scarce,,,
9780524057032,Les emprunts de la Bible hébraïque au grec et au latin,Maurice Vernes,1914,fre,1,8,NT,open,unheld-nt,,full digital exists (ht allow); artifact may still be scarce,,,
9780524057322,Das Alte Testament im Lichte des alten Orients,Alfred Jeremias,1904,ger,1,8,NT,open,unheld-nt,,full digital exists (ht allow); artifact may still be scarce,,,
9780524057490,Das göttliche Selbstbewusstsein Jesu,Joh Steinbeck,1908,ger,1,8,NT,open,unheld-nt,,full digital exists (ht allow); artifact may still be scarce,,,
9780524057537,Die Wunder im Neuen Testament,Gottfried Traub,1905,ger,1,8,NT,open,unheld-nt,,full digital exists (ht allow); artifact may still be scarce,,,
9780524057667,Das Johannesbuch der Mandäer,Mark Lidzbarski,1915,ger,1,8,NT,open,unheld-nt,,full digital exists (ht allow); artifact may still be scarce,,,
9780524057889,Commentaar op de Openbaring van Johannes,J. M. S. Baljon,1908,dut,1,8,NT,open,unheld-nt,,full digital exists (ht allow); artifact may still be scarce,,,
9780524057933,Aus Israels Propheten,Paul Torge,1914,ger,1,8,NT,open,unheld-nt,,full digital exists (ht allow); artifact may still be scarce,,,
9780524057995,Vorstellung und Wort Friede im Alten Testament,Wilhelm Caspari,1910,ger,1,8,NT,open,unheld-nt,,full digital exists (ht allow); artifact may still be scarce,,,
9780524058121,L'origine du quatrième Evangile,M. Lepin,1907,fre,1,8,NT,open,unheld-nt,,full digital exists (ht allow); artifact may still be scarce,,,
9780524058152,Der Schlüssel zum Verständnis der Bergspredigt,Friedrich Nägelsbach,1916,ger,1,8,NT,open,unheld-nt,,full digital exists (ht allow); artifact may still be scarce,,,
9780524058176,Prolegomena zur Theologie des Alten Testaments,Gust. Fr Oehler,1845,ger,1,8,NT,open,unheld-nt,,full digital exists (ht allow); artifact may still be scarce,,,
9780524058251,Die Entstehung der Schriften des Neuen Testaments,William Wrede,1907,ger,1,8,NT,open,unheld-nt,,full digital exists (ht allow); artifact may still be scarce,,,
9780524058299,"De werkzaamheid van du Plessis Mornay in dienst van Hendrik van Navarre, in de jaren 1576 tot 1582",Johannes Itjeshorst,1917,dut,1,8,NT,open,unheld-nt,,full digital exists (ht allow); artifact may still be scarce,,,
9780524058305,"Die Wittenberger und Leisniger Kastenordnung, 1522, 1523",Andreas Rudolff-Bodenstein von Karlstadt,1907,ger,1,8,NT,open,unheld-nt,,full digital exists (ht allow); artifact may still be scarce,,,
9780524058350,Das classische Heidenthum und die christliche Religion,"Arneth, Franz Hektor Ritter von",1895,ger,1,8,NT,open,unheld-nt,,full digital exists (ht allow); artifact may still be scarce,,,
9780524058596,Geschichte des Buddhismus in der Mongolei,ʼJigs-med-nam-mkhaʼ,1892,ger,1,8,NT,open,unheld-nt,,full digital exists (ht allow); artifact may still be scarce,,,
9780524058695,Der Gottesbegriff in den heidnischen Religionen der Neuzeit,Christian Pesch,1888,ger,1,8,NT,open,unheld-nt,,full digital exists (ht allow); artifact may still be scarce,,,
9780524058831,Geschichte Alexanders des Dritten und der Kirche seiner Ziet,"Reuter, Hermann",1860,ger,1,8,NT,open,unheld-nt,,full digital exists (ht allow); artifact may still be scarce,,,
9780524058978,Uber Doppelberichte in der Genesis,Arthur Allgeier,1911,ger,1,8,NT,open,unheld-nt,,full digital exists (ht allow); artifact may still be scarce,,,
9780524058992,La ville de David,"Barnabé d'Alsace, père, O.F.M.",1905,fre,1,8,NT,open,unheld-nt,,full digital exists (ht allow); artifact may still be scarce,,,
9780524059166,Christus der Herr,Julius Kögel,1908,ger,1,8,NT,open,unheld-nt,,full digital exists (ht allow); artifact may still be scarce,,,
9780524059173,Die Gedankeneinheit des ersten Briefes Petri,Julius Kögel,1902,ger,1,8,NT,open,unheld-nt,,full digital exists (ht allow); artifact may still be scarce,,,
9780524059180,Talmud und Neues Testament,Eduard König,1907,ger,1,8,NT,open,unheld-nt,,full digital exists (ht allow); artifact may still be scarce,,,
9780524059241,Questiones de historia Sabbati,Wilhelm Lotz,1883,lat,1,8,NT,open,unheld-nt,,full digital exists (ht allow); artifact may still be scarce,,,
9780524059272,Beiträge zu der Lehre von den griechischen Präpositionen,Tycho Mommsen,1895,ger,1,8,NT,open,unheld-nt,,full digital exists (ht allow); artifact may still be scarce,,,
9780524059586,"Reliquiæ sacræ, sive, Auctorum fere jam perditorum secundi tertiique sæculi post Christum natum quæ supersunt",Martin Joseph Routh,1846,lat,1,8,NT,open,unheld-nt,,full digital exists (ht allow); artifact may still be scarce,,,
9780524059593,Das Wissen Gottes nach der Lehre des heiligen Thomas von Aquin,Ceslaus M. Schneider,1884,ger,1,8,NT,open,unheld-nt,,full digital exists (ht allow); artifact may still be scarce,,,
9780524059678,Die Nominalbildung in den semitischen Sprachen,J. Barth,1889,ger,1,8,NT,open,unheld-nt,,full digital exists (ht allow); artifact may still be scarce,,,
9780524059685,Grammatica graecitatis Novi Testamenti,Jan Theodoor Beelen,1857,lat,1,8,NT,open,unheld-nt,,full digital exists (ht allow); artifact may still be scarce,,,
9780524059821,La question biblique au XXe siècle,Albert Houtin,1906,fre,1,8,NT,open,unheld-nt,,full digital exists (ht allow); artifact may still be scarce,,,
9780524059869,Išôʻdâdh's Kommentar zum Buche Hiob,"Īshōʻdād of Merv, Bishop of Ḥĕdhatha",1907,ger,1,8,NT,open,unheld-nt,,full digital exists (ht allow); artifact may still be scarce,,,
9780524059920,Studien zum Text der Psalmen,"Müller, Gottlieb Pfarrer",1910,ger,1,8,NT,open,unheld-nt,,full digital exists (ht allow); artifact may still be scarce,,,
9780524059937,Lehrbuch der hebräischen Sprache,Justus Olshausen,1861,ger,1,8,NT,open,unheld-nt,,full digital exists (ht allow); artifact may still be scarce,,,
9780524060223,Katholische Dogmatik,"Klee, Heinrich",1844,ger,1,8,NT,open,unheld-nt,,full digital exists (ia hit); artifact may still be scarce,,,
9780524060414,"Echtheit, Hauptbegriff und Gedankengang der messianischen Weissagung, Jes. 9, 1-6",Wilhelm Caspari,1908,ger,1,8,NT,open,unheld-nt,,full digital exists (ht allow); artifact may still be scarce,,,
9780524061145,The first book of Samuel in Hebrew,Edwin Cone Bissell,1884,heb,1,8,NT,open,unheld-nt,,full digital exists (ht allow); artifact may still be scarce,,,
9780524061183,Das fünfte Evangelium (das heilige Land),Martin Brückner,1910,ger,1,8,NT,open,unheld-nt,,full digital exists (ht allow); artifact may still be scarce,,,
9780524061299,Babel und das Neue Testament,Paul Fiebig,1905,ger,1,8,NT,open,unheld-nt,,full digital exists (ht allow); artifact may still be scarce,,,
9780524061442,Jesus und die Rabbinen,"Kittel, Gerhard",1914,ger,1,8,NT,open,unheld-nt,,full digital exists (ht allow); artifact may still be scarce,,,
9780524061473,Das Evangelium und die primitiven Rassen,Carl Meinhof,1913,ger,1,8,NT,open,unheld-nt,,full digital exists (ht allow); artifact may still be scarce,,,
9780524061480,Das Leben nach dem Evangelium Jesu,"Meyer, Arnold",1905,ger,1,8,NT,open,unheld-nt,,full digital exists (ht allow); artifact may still be scarce,,,
9780524061497,Das Muratorische Fragment und die monarchianischen Prologe zu den Evangelien,Lodovico Antonio Muratori,1908,lat,1,8,NT,open,unheld-nt,,full digital exists (ht allow); artifact may still be scarce,,,
9780524061589,"Die beiden Schwerter, Lukas 22, 35-38",Adolf Schlatter,1916,ger,1,8,NT,open,unheld-nt,,full digital exists (ht allow); artifact may still be scarce,,,
9780524061664,Römische Mythologie,"Preller, Ludwig",1881,ger,1,8,NT,open,unheld-nt,,full digital exists (ht allow); artifact may still be scarce,,,
9780524062104,Theodor von Mopsuestia und Junilius Africanus als Exegeten,Heinrich Kihn,1880,ger,1,8,NT,open,unheld-nt,,full digital exists (ht allow); artifact may still be scarce,,,
9780524062159,Le livre de Judith,Moor l'abbé de,1895,fre,1,8,NT,open,unheld-nt,,full digital exists (ht allow); artifact may still be scarce,,,
9780524062265,Prolégomènes à l'étude de la religion égyptienne,E. Amélineau,1908,fre,1,8,NT,open,unheld-nt,,full digital exists (ht allow); artifact may still be scarce,,,
9780524062340,Antike Fluchtafeln,Richard Wünsch,1907,grc,1,8,NT,open,unheld-nt,,full digital exists (ht allow); artifact may still be scarce,,,
9780524062739,"Das Leben und Wirken des seligen Johannes Seybert, ersten Bischofs der Evangelischen Gemeinschaft",S. Neitz,1862,ger,1,8,NT,open,unheld-nt,,full digital exists (ht allow); artifact may still be scarce,,,
9780524063439,Die Ebed Jahwe-Lieder in Jesaja 40 ff,Willy Staerk,1913,ger,1,8,NT,open,unheld-nt,,full digital exists (ht allow); artifact may still be scarce,,,
9780524063590,Sammlung einiger wichtigen offiziellen Aktenstücke zur Geschichte der Emancipation der Katholiken in England,Augustin Theiner,1835,ger,1,8,NT,open,unheld-nt,,full digital exists (ht allow); artifact may still be scarce,,,
9780524064252,Christenthum und Lutherthum,Karl Friedr. Aug Kahnis,1871,ger,1,8,NT,open,unheld-nt,,full digital exists (ht allow); artifact may still be scarce,,,
9780524065136,Die Weisheitsbücher des Alten Testamentes,"Peters, Norbert",1914,ger,1,8,NT,open,unheld-nt,,full digital exists (ht allow); artifact may still be scarce,,,
9780524065211,Dissertatio historico-critica de pseudoprophetismo Hebraeorum,J. C. Matthes,1859,lat,1,8,NT,open,unheld-nt,,full digital exists (ht allow); artifact may still be scarce,,,
9780524065228,Biblische Mythologie des Alten und Neuen Testamentes,F. Nork,1842,ger,1,8,NT,open,unheld-nt,,full digital exists (ht allow); artifact may still be scarce,,,
9780524065785,Verzeichnis der griechischen Handschriften des Alten Testaments,Alfred Rahlfs,1914,ger,1,8,NT,open,unheld-nt,,full digital exists (ht allow); artifact may still be scarce,,,
9780524065853,II Petrus en Judas,J. de Zwaan,1909,dut,1,8,NT,open,unheld-nt,,full digital exists (ht allow); artifact may still be scarce,,,
9780524066737,Die Lehre von der Gnadenwahl in Frage und Antwort,C. F. W. Walther,1881,ger,1,8,NT,open,unheld-nt,,full digital exists (ht allow); artifact may still be scarce,,,
9780524066805,Erläuterungen zu dunkeln Stellen im Buche Hiob,Georg Richter,1912,ger,1,8,NT,open,unheld-nt,,full digital exists (ht allow); artifact may still be scarce,,,
9780524066898,Allgemeine kritische Geschichte der Religionen,C. Meiners,1806,ger,1,8,NT,open,unheld-nt,,full digital exists (ht allow); artifact may still be scarce,,,
9780524066997,De rationibus festorum Sacratissimi Cordis Jesu et Purissimi Cordis Mariae,Nicolaus Nilles,1885,lat,1,8,NT,open,unheld-nt,,full digital exists (ht allow); artifact may still be scarce,,,
9780524067369,Gottesgedanken in Israels Königtum,Julius Boehmer,1902,ger,1,8,NT,open,unheld-nt,,full digital exists (ht allow); artifact may still be scarce,,,
9780524067888,Über den syrisch-ephraimitischen Krieg unter Jotham und Ahas,C. P. Caspari,1849,ger,1,8,NT,open,unheld-nt,,full digital exists (ht allow); artifact may still be scarce,,,
9780524067987,Kritisch-polemische Untersuchungen über den Römerbrief,Georg Richter,1908,ger,1,8,NT,open,unheld-nt,,full digital exists (ht allow); artifact may still be scarce,,,
9780524068304,Marcus Evangelion Mart. Luthers,Alexander Reifferscheid,1889,ger,1,8,NT,open,unheld-nt,,full digital exists (ht allow); artifact may still be scarce,,,
9780524068373,Theologische Studien,Friedrich Giesebrecht,1905,ger,1,8,NT,open,unheld-nt,,full digital exists (ht allow); artifact may still be scarce,,,
9780524068526,Brevis linguae Hebraicae,"Petermann, Jul. Henr.",1864,lat,1,8,NT,open,unheld-nt,,full digital exists (ht allow); artifact may still be scarce,,,
9780524068595,Der erste Brief Johannis,Richard Rothe,1878,ger,1,8,NT,open,unheld-nt,,full digital exists (ht allow); artifact may still be scarce,,,
9780524068762,"Geschichte der evangelisch-lutherischen St. Lorenz-Gemeinde U.A.C. zu Frankenmuth, Mich",E. A. Mayer,1895,ger,1,8,NT,open,unheld-nt,,full digital exists (ht allow); artifact may still be scarce,,,
9780524068892,Das Zeitalter des Sonnengottes,"Frobenius, Leo",1904,ger,1,8,NT,open,unheld-nt,,full digital exists (ht allow); artifact may still be scarce,,,
9780524068908,Im Bannkreis Babels,Franz Xaver Kugler,1910,ger,1,8,NT,open,unheld-nt,,full digital exists (ht allow); artifact may still be scarce,,,
9780524068922,Mânava Dharma-śâstra,Manu,1887,san,1,8,NT,open,unheld-nt,,full digital exists (ht allow); artifact may still be scarce,,,
9780524069271,Bildermappe mit 273 Abbildungen samt Erklärungen zur Religion Babyloniens und Assyriens,Morris Jastrow Jr.,1912,ger,1,8,NT,open,unheld-nt,,full digital exists (ht allow); artifact may still be scarce,,,
9780524069318,Geschichte der amerikanischen Urreligionen,J. G. Müller,1855,ger,1,8,NT,open,unheld-nt,,full digital exists (ht allow); artifact may still be scarce,,,
9780524069387,Vergelijkende geschiedenis van de egyptische en mesopotamische godsdiensten,"Tiele, C. P.",1872,dut,1,8,NT,open,unheld-nt,,full digital exists (ht allow); artifact may still be scarce,,,
9780524069448,"Johannes Bugenhagens Braunschweiger Kirchenordnung, 1528",Johann Bugenhagen,1912,ger,1,8,NT,open,unheld-nt,,full digital exists (ht allow); artifact may still be scarce,,,
9780524069714,Die Hippokratische Schrift Von der Siebenzahl in ihrer vierfachen Überlieferung,Hippocrates,1913,ger,1,8,NT,open,unheld-nt,,full digital exists (ht allow); artifact may still be scarce,,,
9780524069738,Prajñāpāramitā,"Walleser, Max",1914,ger,1,8,NT,open,unheld-nt,,full digital exists (ht allow); artifact may still be scarce,,,
9780524070581,Masoreten des Ostens,Paul Kahle,1913,ger,1,8,NT,open,unheld-nt,,full digital exists (ht allow); artifact may still be scarce,,,
9780524070673,Le Béyan persan,ʻAlī Muḥammad Shīrāzī Bāb,1911,fre,1,8,NT,open,unheld-nt,,full digital exists (ht allow); artifact may still be scarce,,,
9780524070826,"SSufismus, sive, Theosophia Persarum pantheistica",August Tholuck,1821,lat,1,8,NT,open,unheld-nt,,full digital exists (ht allow); artifact may still be scarce,,,
9780524071212,Aegidii Gutbirii Lexicon Syriacum,Aegidius Gutbier,1836,lat,1,8,NT,open,unheld-nt,,full digital exists (ht allow); artifact may still be scarce,,,
9780524071403,Das altindische Neu- und Vollmondsopfer in seiner einfachsten Form,Alfred Hillebrandt,1879,ger,1,8,NT,open,unheld-nt,,full digital exists (ht allow); artifact may still be scarce,,,
9780524071410,Les lois de Manou,Manu,1893,fre,1,8,NT,open,unheld-nt,,full digital exists (ht allow); artifact may still be scarce,,,
9780524071472,"Worte der Wahrheit, Dhammapadam",Leopold von Schroeder,1892,ger,1,8,NT,open,unheld-nt,,full digital exists (ht allow); artifact may still be scarce,,,
9780524071748,"Erklärung der Briefe an die Ephesier, Philipper, Kolosser, und des ersten Briefes an die Thessalonicher",Aug Bisping,1855,ger,1,8,NT,open,unheld-nt,,full digital exists (ht allow); artifact may still be scarce,,,
9780524071779,Erklärung des Briefes an die Römer,Aug Bisping,1860,ger,1,8,NT,open,unheld-nt,,full digital exists (ht allow); artifact may still be scarce,,,
9780524071793,"Erklärung des zweiten Briefes an die Thessalonicher, der drei Pastoralbriefe und des Briefs an Philemon",Aug Bisping,1858,ger,1,8,NT,open,unheld-nt,,full digital exists (ht allow); artifact may still be scarce,,,
9780524072196,"Die Dîkshâ, oder, Weihe für das Somaopfer",Bruno Lindner,1878,ger,1,8,NT,open,unheld-nt,,full digital exists (ht allow); artifact may still be scarce,,,
9780524072653,Calvinisme en socialisme,R. J. W. Rudolph,1901,dut,1,8,NT,open,unheld-nt,,full digital exists (ht allow); artifact may still be scarce,,,
9780524072820,Documenta ad Pontificiam Commissionem de Re Biblica spectantia,Leopold Fonck,1915,lat,1,8,NT,open,unheld-nt,,full digital exists (ht allow); artifact may still be scarce,,,
9780524072868,Religionsgeschichtliche Parallelen zum Alten Testament,Paul Wurm,1899,ger,1,8,NT,open,unheld-nt,,full digital exists (ht allow); artifact may still be scarce,,,
9780524073216,Salmebog for lutherske kristne i Amerika,M. B. Landstad,1909,dan,1,8,NT,open,unheld-nt,,full digital exists (ht allow); artifact may still be scarce,,,
9780524073483,Histoire ecclésiastique des églises réformées au royaume de France,Théodore de Bèze,1883,fre,1,8,NT,open,unheld-nt,,full digital exists (ht allow); artifact may still be scarce,,,
9780524073742,Dīghanikāya,R. Otto Franke,1913,ger,1,8,NT,open,unheld-nt,,full digital exists (ht allow); artifact may still be scarce,,,
9780524074268,Noodzakelijke aanvullingen tot Calvijn's Institutie,A. H. de Hartog,1911,dut,1,8,NT,open,unheld-nt,,full digital exists (ht allow); artifact may still be scarce,,,
9780524074367,Geschiedenis van het Nederlandsche Zendelinggenootschap en zijne zendingsposten,E. F. Kruijf,1894,dut,1,8,NT,open,unheld-nt,,full digital exists (ht allow); artifact may still be scarce,,,
9780524074640,Calvijn's beschouwing over kerk en staat,Samuel Schoch,1902,dut,1,8,NT,open,unheld-nt,,full digital exists (ht allow); artifact may still be scarce,,,
9780524074978,Vier philosophische Texte des Mahâbhâratam,"Paul Deussen; Strauss, Otto",1906,ger,1,8,NT,open,unheld-nt,,full digital exists (ht allow); artifact may still be scarce,,,
9780524075203,"Gedenkboek van het vijftigjarig jubileum der Christelijke Gereformeerde Kerk, A.D. 1857-1907",,1907,dut,1,8,NT,open,unheld-nt,,full digital exists (ht allow); artifact may still be scarce,,,
9780524075227,Methodismens og Lutheranismens,A. Haagensen,1879,dan,1,8,NT,open,unheld-nt,,full digital exists (ht allow); artifact may still be scarce,,,
9780524075456,Avicenne,Bernard Carra de Vaux,1900,fre,1,8,NT,open,unheld-nt,,full digital exists (ht allow); artifact may still be scarce,,,
9780524076521,Elementa linguae Chaldaicae,Joseph Guriel,1860,syr,1,8,NT,open,unheld-nt,,full digital exists (ht allow); artifact may still be scarce,,,
9780524076668,Buddhistische Anthologie,Karl Eugen Neumann,1892,ger,1,8,NT,open,unheld-nt,,full digital exists (ht allow); artifact may still be scarce,,,
9780524077221,Der Glaube nach der Anschauung des Alten Testamentes,Ludwig Bach,1900,ger,1,8,NT,open,unheld-nt,,full digital exists (ht allow); artifact may still be scarce,,,
9780524077245,Science et morale,M. Berthelot,1897,fre,1,8,NT,open,unheld-nt,,full digital exists (ht allow); artifact may still be scarce,,,
9780524077252,Le messianisme dans l'hétérodoxie musulmane,E. Blochet,1903,fre,1,8,NT,open,unheld-nt,,full digital exists (ht allow); artifact may still be scarce,,,
9780524077283,Der Koran,Lazarus Goldschmidt,1916,ger,1,8,NT,open,unheld-nt,,full digital exists (ht allow); artifact may still be scarce,,,
9780524077474,Socinianen en doopsgezinden,W. J. van Douwen,1898,dut,1,8,NT,open,unheld-nt,,full digital exists (ht allow); artifact may still be scarce,,,
9780524077849,"Konia, la ville des derviches tourneurs",Clément Huart,1897,fre,1,8,NT,open,unheld-nt,,full digital exists (ht allow); artifact may still be scarce,,,
9780524077955,Der Ursprung der Gottesidee,"Schmidt, Wilhelm",1912,ger,1,8,NT,open,unheld-nt,,full digital exists (ht allow); artifact may still be scarce,,,
9780524078679,"Schwenckfeld, Luther und der Gedanke einer apostolischen Reformation",Karl Ecke,1911,ger,1,8,NT,open,unheld-nt,,full digital exists (ht allow); artifact may still be scarce,,,
9780524078853,Liturgisches Urkundenbuch,Joh. Wilh. Friedr Höfling,1854,ger,1,8,NT,open,unheld-nt,,full digital exists (ht allow); artifact may still be scarce,,,
9780524078952,Die schottische Kirche,Julius Köstlin,1852,ger,1,8,NT,open,unheld-nt,,full digital exists (ht allow); artifact may still be scarce,,,
9780524078969,Johannes Maccovius,A. Kuyper,1899,dut,1,8,NT,open,unheld-nt,,full digital exists (ht allow); artifact may still be scarce,,,
9780524079348,Ueber das Çatrunjaya Mâhâtmyam,Dhaneśvarasūri,1858,ger,1,8,NT,open,unheld-nt,,full digital exists (ht allow); artifact may still be scarce,,,
9780524079447,Lao-tse Táo-tĕ-king,老子,1870,ger,1,8,NT,open,unheld-nt,,full digital exists (ht allow); artifact may still be scarce,,,
9780524079454,Lao-tseu,老子,1909,fre,1,8,NT,open,unheld-nt,,full digital exists (ht allow); artifact may still be scarce,,,
9780524079713,Hemlandstoner,K. H. Gez. von Schéele,1895,swe,1,8,NT,open,unheld-nt,,full digital exists (ht allow); artifact may still be scarce,,,
9780524079911,Zur Entzifferung der neuentdeckten Sinaischrift und zur Entstehung des semitischen Alphabets,"Bauer, Hans",1918,ger,1,8,NT,open,unheld-nt,,full digital exists (ht allow); artifact may still be scarce,,,
9780524079997,Die Wanderlegende von den Siebenschläfern,Michael Huber,1910,ger,1,8,NT,open,unheld-nt,,full digital exists (ht allow); artifact may still be scarce,,,
9780524080269,Über die Blutrache bei den vorislamischen Arabern und Mohammeds Stellung zu ihr,Otto Procksch,1899,ger,1,8,NT,open,unheld-nt,,full digital exists (ht allow); artifact may still be scarce,,,
9780524080290,"Avadâna-çataka, cent légendes bouddhiques",Léon Feer,1891,fre,1,8,NT,open,unheld-nt,,full digital exists (ht allow); artifact may still be scarce,,,
9780524080306,Das Geheimnis der Frömmigkeit und die Gottmenschheit Christi,Walther Bleibtreu,1906,ger,1,8,NT,open,unheld-nt,,full digital exists (ht allow); artifact may still be scarce,,,
9780524080436,Malagasy customs,W. E. Cousins,1896,mlg,1,8,NT,open,unheld-nt,,full digital exists (ht allow); artifact may still be scarce,,,
9780524080504,Geschichte der jüdischen Literatur,Gustav Karpeles,1886,ger,1,8,NT,open,unheld-nt,,full digital exists (ht allow); artifact may still be scarce,,,
9780524080528,Les bibles et les initiateurs religieux de l'humanité,L. Leblois,1883,fre,1,8,NT,open,unheld-nt,,full digital exists (ht allow); artifact may still be scarce,,,
9780524080832,Die moderne Wissenschaft des Dr. Strauss und der Glaube unserer Kirche,Karl Friedr. Aug Kahnis,1842,ger,1,8,NT,open,unheld-nt,,full digital exists (ht allow); artifact may still be scarce,,,
9780524081549,Die jüdische Bewegung,Martin Buber,1916,ger,1,8,NT,open,unheld-nt,,full digital exists (ht allow); artifact may still be scarce,,,
9780524081600,Histoire des Arabes,Clément Huart,1912,fre,1,8,NT,open,unheld-nt,,full digital exists (ht allow); artifact may still be scarce,,,
9780524081808,Dokimion historias tēs hellēnikēs glōssēs,D. I. Maurophrydēs,1871,gre,1,8,NT,open,unheld-nt,,full digital exists (ht allow); artifact may still be scarce,,,
9780524082041,Hieronymi Graeca in Psalmos fragmenta,Joh. Joseph Klem Waldis,1908,lat,1,8,NT,open,unheld-nt,,full digital exists (ht allow); artifact may still be scarce,,,
9780524082140,"Collatio Codicis Lewisiani rescripti Evangeliorum sacrorum Syriacorum cum Codice Curetoniano (Mus. Brit. Add. 14,451)",Albert Bonus,1896,syr,1,8,NT,open,unheld-nt,,full digital exists (ht allow); artifact may still be scarce,,,
9780524082379,La philosophie de Socrate,Alfred Fouillée,1874,fre,1,8,NT,open,unheld-nt,,full digital exists (ht allow); artifact may still be scarce,,,
9780524082997,"Thesaurus s. liber magnus vulgo ""Liber Adami"" appellatus","Petermann, Jul. Henr.",1867,syr,1,8,NT,open,unheld-nt,,full digital exists (ht allow); artifact may still be scarce,,,
9780524083017,Du brahmanisme et de ses rapports avec le judaïsme et le christianisme,Fr Laouenan,1884,fre,1,8,NT,open,unheld-nt,,full digital exists (ht allow); artifact may still be scarce,,,
9780524083086,Grundzüge der griechischen Etymologie,Georg Curtius,1879,ger,1,8,NT,open,unheld-nt,,full digital exists (ht allow); artifact may still be scarce,,,
9780524083154,Geschichte der christlichen Litteraturen des Orients,Carl Brockelmann; Franz Nikolaus Finck; Johannes Leipoldt; Enno Littmann,1907,ger,1,8,NT,open,unheld-nt,,full digital exists (ht allow); artifact may still be scarce,,,
9780524083383,Ueber die Seelenfrage,Gustav Theodor Fechner,1861,ger,1,8,NT,open,unheld-nt,,full digital exists (ht allow); artifact may still be scarce,,,
9780524083482,Kleine Schriften,Hermann Lotze,1885,ger,1,8,NT,open,unheld-nt,,full digital exists (ht allow); artifact may still be scarce,,,
9780524083659,Sébastien Castellion et la réforme calviniste,Etienne Giran,1914,fre,1,8,NT,open,unheld-nt,,full digital exists (ht allow); artifact may still be scarce,,,
9780524084007,Les écritures manichéennes,Prosper Alfaric,1918,fre,1,8,NT,open,unheld-nt,,full digital exists (ht allow); artifact may still be scarce,,,
9780524084267,Petrus Martyr Anglerius und sein opus epistolarum,Heinrich Heidenheimer,1881,ger,1,8,NT,open,unheld-nt,,full digital exists (ht allow); artifact may still be scarce,,,
9780524085042,Die Aufhebung des Jesuiten-Ordens,Caspar Riffel,1845,ger,1,8,NT,open,unheld-nt,,full digital exists (ht allow); artifact may still be scarce,,,
9780524085059,Hē Kainē Diathēkē,S. T. Bloomfield,1837,grc,1,8,NT,open,unheld-nt,,full digital exists (ht allow); artifact may still be scarce,,,
9780524085158,Die gewerbliche Stellung der Frau im mittelalterlichen Köln,Wilhelm Behaghel,1910,ger,1,8,NT,open,unheld-nt,,full digital exists (ht allow); artifact may still be scarce,,,
9780524085264,"Mémoires de Pierrefleur, grand banderet d'Orbe",Pierrefleur grand banderet d'Orbe,1856,fre,1,8,NT,open,unheld-nt,,full digital exists (ht allow); artifact may still be scarce,,,
9780524085301,Histoire de l'Ecole d'Alexandrie,Jules Simon,1845,fre,1,8,NT,open,unheld-nt,,full digital exists (ht allow); artifact may still be scarce,,,
9780524085462,Geschichte der letzten Systeme der Philosophie in Deutschland von Kant bis Hegel,Karl Ludwig Michelet,1837,ger,1,8,NT,open,unheld-nt,,full digital exists (ht allow); artifact may still be scarce,,,
9780524085547,"Die Haltlosigkeit der ""modernen Wissenschaft""",Tilmann Pesch,1877,ger,1,8,NT,open,unheld-nt,,full digital exists (ht allow); artifact may still be scarce,,,
9780524085585,Hegel,Karl Rosenkranz,1834,ger,1,8,NT,open,unheld-nt,,full digital exists (ht allow); artifact may still be scarce,,,
9780524085868,Nienawiść wyznaniowa tłumów za rza̜dów Zygmunta III-go,Wacław Sobieski,1902,pol,1,8,NT,open,unheld-nt,,full digital exists (ht allow); artifact may still be scarce,,,
9780524086070,Der biblische Schöpfungsbericht,"Hummelauer, Fr. von",1877,ger,1,8,NT,open,unheld-nt,,full digital exists (ht allow); artifact may still be scarce,,,
9780524086087,"Einleitung in die Heilige Schrift, Alten und Neuen Testaments",Franz Kaulen,1884,ger,1,8,NT,open,unheld-nt,,full digital exists (ht allow); artifact may still be scarce,,,
9780524086193,"Paul Rabaut, ses lettres à Antoine Court (1739-1755)",Paul Rabaut,1884,fre,1,8,NT,open,unheld-nt,,full digital exists (ht allow); artifact may still be scarce,,,
9780524086315,Die Cardinalpunkte der Franz Baader'schen Philosophie,Julius Hamberger,1855,ger,1,8,NT,open,unheld-nt,,full digital exists (ht allow); artifact may still be scarce,,,
9780524086346,Die Philosophie im Beginn des zwanzigsten Jahrhunderts,W. Windelband,1907,ger,1,8,NT,open,unheld-nt,,full digital exists (ht allow); artifact may still be scarce,,,
9780524086452,Recherches de la méthode qui conduit à la vérité sur nos plus grands intérèts,Charles Secrétan,1857,fre,1,8,NT,open,unheld-nt,,full digital exists (ht allow); artifact may still be scarce,,,
9780524086513,Die Glaubenslehre der evangelisch-protestantischen Kirche,J. C. F. Steudel,1834,ger,1,8,NT,open,unheld-nt,,full digital exists (ht allow); artifact may still be scarce,,,
9780524086544,"Essai théorique et historique sur la génération des connaissances humaines dans ses rapports avec la morale, la politique et la religion",G. Tiberghien,1844,fre,1,8,NT,open,unheld-nt,,full digital exists (ht allow); artifact may still be scarce,,,
9780524087138,Calvin au Val d'Aoste,Jules Bonnet,1861,fre,1,8,NT,open,unheld-nt,,full digital exists (ht allow); artifact may still be scarce,,,
9780524087244,Die Homilien und Recognitionen des Clemens Romanus,Clement I Pope,1854,ger,1,8,NT,open,unheld-nt,,full digital exists (ht allow); artifact may still be scarce,,,
9780524087305,Calvin hébraïsant et interpréte de l'Ancien Testament,Ant. J. Baumgartner,1889,fre,1,8,NT,open,unheld-nt,,full digital exists (ht allow); artifact may still be scarce,,,
9780524087381,Calvin,Félix Bungener,1862,fre,1,8,NT,open,unheld-nt,,full digital exists (ht allow); artifact may still be scarce,,,
9780524087497,Calvijn in het strijdperk,E. Doumergue,1904,dut,1,8,NT,open,unheld-nt,,full digital exists (ht allow); artifact may still be scarce,,,
9780524087503,"Calvijn's jeugd, jongelingsjaren, omzwervingen, bekeering, en eerste optreden als reformator",E. Doumergue,1903,dut,1,8,NT,open,unheld-nt,,full digital exists (ht allow); artifact may still be scarce,,,
9780524087626,"Literatura aryańska w Polsce, 1560-1660",Tadeusz Grabowski,1908,pol,1,8,NT,open,unheld-nt,,full digital exists (ht allow); artifact may still be scarce,,,
9780524087824,Bibliothek Knaake,J. K. F. Knaake,1908,ger,1,8,NT,open,unheld-nt,,full digital exists (ht allow); artifact may still be scarce,,,
9780524087916,Das Sakrament der Taufe,Joh. Wilh. Friedr Höfling,1846,ger,1,8,NT,open,unheld-nt,,full digital exists (ht allow); artifact may still be scarce,,,
9780524088234,"Essai sur l'histoire des Églises réformées de Bretagne, 1535-1808",B. Vaurigaud,1870,fre,1,8,NT,open,unheld-nt,,full digital exists (ht allow); artifact may still be scarce,,,
9780524088449,Askese und Mönchtum,Otto Zöckler,1897,ger,1,8,NT,open,unheld-nt,,full digital exists (ht allow); artifact may still be scarce,,,
9780524088487,Geschichte der christlichen Dogmen in pragmatischer Entwickelung,Carl Georg Heinrich Lentz,1834,ger,1,8,NT,open,unheld-nt,,full digital exists (ht allow); artifact may still be scarce,,,
9780524088531,Handbuch der theologischen Literatur,Georg Benedikt Winer,1838,ger,1,8,NT,open,unheld-nt,,full digital exists (ht allow); artifact may still be scarce,,,
9780524088913,Mythische Kosmographie der Griechen,E. H. Berger,1904,ger,1,8,NT,open,unheld-nt,,full digital exists (ht allow); artifact may still be scarce,,,
9780559666117,Zaragüeta,Miguel Ramos Carrión; Vital Aza; George Carter Howland,1901,spa,1,8,NT,open,unheld-nt,,full digital exists (ht allow); artifact may still be scarce,,,
9780576114912,Wortschatz der Khoi-Khoin (Namaqua-Hottentotten),Johann Georg Kroenlein,1889,ger,1,8,NT,open,multi,"dnb,loc",full digital exists (ht allow); artifact may still be scarce,,,
9780655212751,Kind,Herwarth Walden,1918,ger,1,8,NT,open,unheld-nt,,full digital exists (ht allow); artifact may still be scarce,,,
9780665060137,Préceptes de l'hygiène scolaire,J. I. Desroches,1879,fre,1,8,NT,open,unheld-nt,,full digital exists (ht allow); artifact may still be scarce,,,
9780665115998,Siège de Québec en 1759,Jean Claude Panet,1875,fre,1,8,NT,open,unheld-nt,,full digital exists (ht allow); artifact may still be scarce,,,
9780665176807,Lettres choisis du révérend père Pierre-Jean de Smet de la Compagnie de Jésus,Pierre-Jean de Smet,1875,fre,1,8,NT,open,unheld-nt,,full digital exists (ht allow); artifact may still be scarce,,,
9780665200403,"Suite de la vie du R.P. Pierre Joseph Marie Chaumonot, de la Companie de Jésus",Sébastien Rasles,1858,fre,1,8,NT,open,unheld-nt,,full digital exists (ht allow); artifact may still be scarce,,,
9780665200496,Relation de la mission du Mississipi [sic] du Séminaire de Québec en 1700,François Jolliet de Montigny,1861,fre,1,8,NT,open,unheld-nt,,full digital exists (ht allow); artifact may still be scarce,,,
9780665214448,"Liste chronologique des évêques et des prêtres, tant séculiers que réguliers, employés au service de l'église du Canada depuis l'établissement de ce pays",Franc̜ois Xavier Noiseux,1834,fre,1,8,NT,open,unheld-nt,,full digital exists (ht allow); artifact may still be scarce,,,
9780665361029,"Relation de ce qui s'est passé de plus remarquable aux missions des pères de la Compagnie de Jesus, en la Nouvelle France, és années 1661. & 1662",Jérôme Lalemant,1663,fre,1,8,NT,open,unheld-nt,,full digital exists (ht allow); artifact may still be scarce,,,
9780665362163,"Voyage dans les États-Unis d'Amérique, fait en 1795, 1896 et 1797",François-Alexandre-Frédéric duc de La Rochefoucauld-Liancourt,1800,fre,1,8,NT,open,unheld-nt,,full digital exists (ht allow); artifact may still be scarce,,,
9780665362460,Histoire des relations des Hurons et des Abnaquis du Canada avec Notre-Dame de Chartres,Luc Merlet,1858,fre,1,8,NT,open,unheld-nt,,full digital exists (ht allow); artifact may still be scarce,,,
9780665362484,"La France aux colonies, études sur le développement de la race française hors de l'Europe / par E. Rameau ; Les Français en Amérique, Acadiens et Canadiens",E. Rameau,1859,fre,1,8,NT,open,unheld-nt,,full digital exists (ht allow); artifact may still be scarce,,,
9780665364259,"Relation de ce qui s'est passé en la Nouvelle France, és années 1664 & 1665",François Le Mercier,1666,fre,1,8,NT,open,unheld-nt,,full digital exists (ht allow); artifact may still be scarce,,,
9780665364372,Nouvel abrégé de géographie moderne à l'usage de la jeunesse,Jean Holmes,1857,fre,1,8,NT,open,unheld-nt,,full digital exists (ht allow); artifact may still be scarce,,,
9780665364808,"Les premiers rudimens de la constitution britannique, traduits de l'anglais de M. Brooke",Jacques Labrie,1827,fre,1,8,NT,open,unheld-nt,,full digital exists (ht allow); artifact may still be scarce,,,
9780665364822,"Réponse au mémoire de MM. Brousseau, frères, imprimeurs des Soirées canadiennes",Hubert LaRue,1862,fre,1,8,NT,open,unheld-nt,,full digital exists (ht allow); artifact may still be scarce,,,
9780665364853,"Mémoires sur la vie de M. de Laval, premier évêque de Québec",Louis Bertrand de La Tour,1761,fre,1,8,NT,open,unheld-nt,,full digital exists (ht allow); artifact may still be scarce,,,
9780665364884,Découverte du tombeau de Champlain,Charles-Honoré Laverdière,1866,fre,1,8,NT,open,unheld-nt,,full digital exists (ht allow); artifact may still be scarce,,,
9780665364914,Relation de ce qui s'est passé en la Nouvelle France en l'année 1638,Paul Le Jeune,1638,fre,1,8,NT,open,unheld-nt,,full digital exists (ht allow); artifact may still be scarce,,,
9780665366819,Voyages curieux et nouveaux de Messieurs Hennepin & de La Borde,Louis Hennepin,1711,fre,1,8,NT,open,unheld-nt,,full digital exists (ht allow); artifact may still be scarce,,,
9780665390982,Les canadiens-français de la Nouvelle-Angleterre,É. Hamon,1891,fre,1,8,NT,open,unheld-nt,,full digital exists (ht allow); artifact may still be scarce,,,
9780665407819,"Missions de l'Orégon et voyages aux Montagnes Rocheuses aux sources de la Colombie, de l'Athabasca et du Sascatshawin en 1845-46",Pierre-Jean de Smet,1848,fre,1,8,NT,open,unheld-nt,,full digital exists (ht allow); artifact may still be scarce,,,
9780665438172,Statistsche und ethnographische Nachrichten über die russichen Besitzungen an der Nordwestküste von Amerika,"Wrangel, Ferdinand Petrovich baron",1839,ger,1,8,NT,open,unheld-nt,,full digital exists (ht allow); artifact may still be scarce,,,
9780665444968,"Observations sur un ouvrage intitulé Histoire du Canada par M. l'abbé Brasseur de Bourbourg, vicaire-général de Boston ... sociétés savantes d'Europe et d'Amérique, etc",Jean-B.-A Ferland,1854,fre,1,8,NT,open,unheld-nt,,full digital exists (ht allow); artifact may still be scarce,,,
9780665484681,Circulaire au clergé,Charles-François Baillargeon,1861,fre,1,8,NT,open,unheld-nt,,full digital exists (ht allow); artifact may still be scarce,,,
9780665506741,Traité du castor,Joannes Marius,1746,fre,1,8,NT,open,unheld-nt,,full digital exists (ht allow); artifact may still be scarce,,,
9780665532757,Aiamie kushkushkutu mishinaigan,Flavien Durocher,1847,cre,1,8,NT,open,unheld-nt,,full digital exists (ht allow); artifact may still be scarce,,,
9780665632761,Description generale des costes de l'Amerique,F Dassié,1677,fre,1,8,NT,open,unheld-nt,,full digital exists (ht allow); artifact may still be scarce,,,
9780669309249,Tres Comedias,J. Benavente,1918,und,1,8,NT,open,unheld-nt,,full digital exists (pg hit); artifact may still be scarce,none,28106,
9780710086990,Samantapāsādikā,Buddhaghosa,1924,pli,1,8,NT,open,unheld-nt,,full digital exists (ht allow); artifact may still be scarce,,,
9780742643246,Elle et Lui,George Sand,1864,fre,1,8,NT,open,unheld-nt,,full digital exists (pg hit); artifact may still be scarce,none,13653,
9780790511580,Die synoptischen Evangelien,Heinrich Julius Holtzmann,1863,ger,1,8,NT,open,unheld-nt,,full digital exists (ht allow); artifact may still be scarce,,,
9780790517940,Aussercanonische Paralleltexte zu den Evangelien,Alfred Resch,1893,ger,1,8,NT,open,unheld-nt,,full digital exists (ht allow); artifact may still be scarce,,,
9780790518848,Die Lehre der zwölf Apostel,Adolf von Harnack,1884,ger,1,8,NT,open,unheld-nt,,full digital exists (ht allow); artifact may still be scarce,,,
9780790519906,"Kritische Untersuchungen über die Evangelien Justin's, der Clementinischen Homilien und Marcion's",Adolf Hilgenfeld,1850,ger,1,8,NT,open,unheld-nt,,full digital exists (ht allow); artifact may still be scarce,,,
9780790526096,Jesu Lehre vom Reiche Gottes,Arthur Titius,1895,ger,1,8,NT,open,unheld-nt,,full digital exists (ht allow); artifact may still be scarce,,,
9780790527307,"Das nordhebräische Sagenbuch, die Elohimquelle",Otto Procksch,1906,ger,1,8,NT,open,unheld-nt,,full digital exists (ht allow); artifact may still be scarce,,,
9780790527406,Die Inschrift des Königs Mesa von Moab,"Smend, Rudolf",1886,ger,1,8,NT,open,unheld-nt,,full digital exists (ht allow); artifact may still be scarce,,,
9780790533520,Catenen,Hans Lietzmann,1897,ger,1,8,NT,open,unheld-nt,,full digital exists (ht allow); artifact may still be scarce,,,
9780790544861,"Huet, évêque d'Avranches, ou, Le scepticisme théologique",Christian Bartholmèss,1850,fre,1,8,NT,open,unheld-nt,,full digital exists (ht allow); artifact may still be scarce,,,
9780790546971,Die Reformation und die Ehe,Waldemar Kawerau,1892,ger,1,8,NT,open,unheld-nt,,full digital exists (ht allow); artifact may still be scarce,,,
9780790547787,Die Kämpfe und Leiden der Evangelischen auf dem Eichsfelde während dreier Jahrhunderte,"Wintzingeroda-Knorr, Levin Freiherr von",1892,ger,1,8,NT,open,unheld-nt,,full digital exists (ht allow); artifact may still be scarce,,,
9780790562896,Histoire des synodes nationaux des Eglises réformées de France,G. de Félice,1864,fre,1,8,NT,open,unheld-nt,,full digital exists (ht allow); artifact may still be scarce,,,
9780790563022,Burchard I. von Worms und die deutsche Kirche seiner Zeit (1000-1025),Albert Michael Koeniger,1905,ger,1,8,NT,open,unheld-nt,,full digital exists (ht allow); artifact may still be scarce,,,
9780790574363,Spinoza und Schleiermacher,Theodor Camerer,1903,ger,1,8,NT,open,unheld-nt,,full digital exists (ht allow); artifact may still be scarce,,,
9780790574448,Das Wesen der christlichen Religion,Julius Kaftan,1888,ger,1,8,NT,open,unheld-nt,,full digital exists (ht allow); artifact may still be scarce,,,
9780790575117,E. v. Hartmann's Philosophie des Unbewussten,Johannes Heinrich August Ebrard,1876,ger,1,8,NT,open,unheld-nt,,full digital exists (ht allow); artifact may still be scarce,,,
9780790575230,Kritik der theologischen Erkenntnis,Friedrich Reinhard Lipsius,1904,ger,1,8,NT,open,unheld-nt,,full digital exists (ht allow); artifact may still be scarce,,,
9780790575629,"Essai sur la vie et la doctrine de Saint-Martin, le philosophe inconnu",E. Caro,1852,fre,1,8,NT,open,unheld-nt,,full digital exists (ht allow); artifact may still be scarce,,,
9780790575636,Philosophisches aus dem zehnten Jahrhundert,Leopold Dukes,1868,ger,1,8,NT,open,unheld-nt,,full digital exists (ht allow); artifact may still be scarce,,,
9780790575766,Die Sittenlehre des Christenthums in ihren geschichtlichen Hauptformen,Emil Feuerlein,1855,ger,1,8,NT,open,unheld-nt,,full digital exists (ht allow); artifact may still be scarce,,,
9780790575773,Heidenthum und Offenbarung,Engelbert Lorenz Fischer,1878,ger,1,8,NT,open,unheld-nt,,full digital exists (ht allow); artifact may still be scarce,,,
9780790575780,Zur hundertjährigen Geburtsfeier Franz von Baaders,Karl Phil Fischer,1865,ger,1,8,NT,open,unheld-nt,,full digital exists (ht allow); artifact may still be scarce,,,
9780790575865,Ueber die Bedeutung der Einbildungskraft in der Philosophie Kant's und Spinoza's,Jakob Frohschammer,1879,ger,1,8,NT,open,unheld-nt,,full digital exists (ht allow); artifact may still be scarce,,,
9780790576046,Die Moralstatistik in ihrer Bedeutung für eine Socialethik,Alexander von Oettingen,1882,ger,1,8,NT,open,unheld-nt,,full digital exists (ht allow); artifact may still be scarce,,,
9780790576312,Die philosophische und theologische Erkenntnislehre des Kardinals Matthaeus von Aquasparta,"Grabmann, Martin",1906,ger,1,8,NT,open,unheld-nt,,full digital exists (ht allow); artifact may still be scarce,,,
9780790576473,Die clementinischen Recognitionen und Homilien,A. Hilgenfeld,1848,ger,1,8,NT,open,unheld-nt,,full digital exists (ht allow); artifact may still be scarce,,,
9780790576589,Zur Analysis der Wirklichkeit,"Liebmann, Otto",1900,ger,1,8,NT,open,unheld-nt,,full digital exists (ht allow); artifact may still be scarce,,,
9780790577241,Saint Irénée,Albert Dufourcq,1905,fre,1,8,NT,open,unheld-nt,,full digital exists (ht allow); artifact may still be scarce,,,
9780790577319,Revision der Hauptpuncte der Psychophysik,Gustav Theodor Fechner,1882,ger,1,8,NT,open,unheld-nt,,full digital exists (ht allow); artifact may still be scarce,,,
9780790577456,Der mechanische Monismus,Constantin Gutberlet,1893,ger,1,8,NT,open,unheld-nt,,full digital exists (ht allow); artifact may still be scarce,,,
9780790577548,Tagesfragen,Eduard von Hartmann,1896,ger,1,8,NT,open,unheld-nt,,full digital exists (ht allow); artifact may still be scarce,,,
9780790577616,"Grondslag, wezen en openbaring van het godsdienstig geloof",Sytze Hoekstra,1861,dut,1,8,NT,open,unheld-nt,,full digital exists (ht allow); artifact may still be scarce,,,
9780790577623,Die Lehre von dem Gewissen,Rudolf Hugo Hofmann,1866,ger,1,8,NT,open,unheld-nt,,full digital exists (ht allow); artifact may still be scarce,,,
9780790577982,Moses ben Maimon,Philipp Bloch; Wilhelm Bacher,1908,ger,1,8,NT,open,unheld-nt,,full digital exists (ht allow); artifact may still be scarce,,,
9780790578071,Die philosophische Weltanschauung der Reformationszeit,Moriz Carriere,1887,ger,1,8,NT,open,unheld-nt,,full digital exists (ht allow); artifact may still be scarce,,,
9780790579221,Le opere italiane di Giordano Bruno,Giordano Bruno,1888,ita,1,8,NT,open,unheld-nt,,full digital exists (ht allow); artifact may still be scarce,,,
9780790579290,Plotin und der Untergang der antiken Weltanschauung,Arthur Drews,1907,ger,1,8,NT,open,unheld-nt,,full digital exists (ht allow); artifact may still be scarce,,,
9780790579344,Ueber den Ursprung der menschlichen Seelen,Jakob Frohschammer,1854,ger,1,8,NT,open,unheld-nt,,full digital exists (ht allow); artifact may still be scarce,,,
9780790579382,Die Scholastik des dreizehnten Jahrhunderts,Jacob Guttmann,1902,ger,1,8,NT,open,unheld-nt,,full digital exists (ht allow); artifact may still be scarce,,,
9780790579412,Das Weltbild der Zukunft,Karl Heim,1904,ger,1,8,NT,open,unheld-nt,,full digital exists (ht allow); artifact may still be scarce,,,
9780790579429,Die sittlichen Weisungen Jesu,"Herrmann, Wilhelm",1904,ger,1,8,NT,open,unheld-nt,,full digital exists (ht allow); artifact may still be scarce,,,
9780790579610,Streitschriften,Hermann Lotze,1857,ger,1,8,NT,open,unheld-nt,,full digital exists (ht allow); artifact may still be scarce,,,
9780790579702,Philosophie et religion,Henri-Louis-Charles Maret,1856,fre,1,8,NT,open,unheld-nt,,full digital exists (ht allow); artifact may still be scarce,,,
9780790579948,Kantisch-Fries'sche Religionsphilosophie und ihre Anwendung auf die Theologie,Rudolf Otto,1909,ger,1,8,NT,open,unheld-nt,,full digital exists (ht allow); artifact may still be scarce,,,
9780790583136,"Origenis Hexaplorum quae supersunt, sive, Veterum interpretum Graecorum in totum Vetus Testamentum fragmenta",Frederick Field,1867,heb,1,8,NT,open,unheld-nt,,full digital exists (ht allow); artifact may still be scarce,,,
9780790583181,Variae lectiones Vulgatae Latinae Bibliorum editionis,Carlo Vercellone,1860,lat,1,8,NT,open,unheld-nt,,full digital exists (ht allow); artifact may still be scarce,,,
9780790583204,Chaldäisches Lesebuch aus den Targumin des Alten Testaments,Georg Benedikt Winer; Julius Fürst,1864,ger,1,8,NT,open,unheld-nt,,full digital exists (ht allow); artifact may still be scarce,,,
9780790583525,Georg Benedict Winer's Grammatik des neutestamentlichen Sprachidioms,Georg Benedikt Winer; Paul Wilhelm Schmiedel,1894,ger,1,8,NT,open,unheld-nt,,full digital exists (ht allow); artifact may still be scarce,,,
9780790585666,Johann Tobias Beck,Bernhard Riggenbach,1888,ger,1,8,NT,open,unheld-nt,,full digital exists (ht allow); artifact may still be scarce,,,
9780790585772,Die Christologie der Bekenntnisse und die moderne Theologie,Erich Schaeder,1905,ger,1,8,NT,open,unheld-nt,,full digital exists (ht allow); artifact may still be scarce,,,
9780790585819,Die Persönlichkeit Christi der feste Punkt im fliessenden Strome der Gegenwart,"Seeberg, Reinhold",1903,ger,1,8,NT,open,unheld-nt,,full digital exists (ht allow); artifact may still be scarce,,,
9780790586441,"Die Harmonie der Ergebnisse der Naturforschung mit den Forderungen des menschlichen Gemüthes, oder, Die persönliche Unsterblichkeit als Folge der atomistischen Verfassung der Natur",Maximilian Drossbach,1858,ger,1,8,NT,open,unheld-nt,,full digital exists (ht allow); artifact may still be scarce,,,
9780790586663,Principes de métaphysique et de psychologie,"Janet, Paul",1897,fre,1,8,NT,open,unheld-nt,,full digital exists (ht allow); artifact may still be scarce,,,
9780790586717,Theologia dogmatica,Francis Patrick Kenrick,1858,lat,1,8,NT,open,unheld-nt,,full digital exists (ht allow); artifact may still be scarce,,,
9780790586748,Schleiermacher's Bildungsgang,"Kittlitz, Richard Freiherr von",1867,ger,1,8,NT,open,unheld-nt,,full digital exists (ht allow); artifact may still be scarce,,,
9780790586816,Immanuel Kants Auffassung von der Bibel und seine Auslegung derselben,Constantin von Kügelgen,1896,ger,1,8,NT,open,unheld-nt,,full digital exists (ht allow); artifact may still be scarce,,,
9780790586823,Schleiermachers Reden und Kants Predigten,Constantin von Kügelgen,1901,ger,1,8,NT,open,unheld-nt,,full digital exists (ht allow); artifact may still be scarce,,,
9780790586878,Versuch einer christlichen Dogmatik,Heinrich Lang,1868,ger,1,8,NT,open,unheld-nt,,full digital exists (ht allow); artifact may still be scarce,,,
9780790587158,Rosmini,F. Palhoriès,1908,fre,1,8,NT,open,unheld-nt,,full digital exists (ht allow); artifact may still be scarce,,,
9780790587318,Le principe de la morale,Charles Secrétan,1883,fre,1,8,NT,open,unheld-nt,,full digital exists (ht allow); artifact may still be scarce,,,
9780790587424,De priore et posteriore forma Kantianae critices rationis purae,"Ueberweg, Friedrich",1862,lat,1,8,NT,open,unheld-nt,,full digital exists (ht allow); artifact may still be scarce,,,
9780790587738,L'âme humaine,Marie Thomas Coconnier,1890,fre,1,8,NT,open,unheld-nt,,full digital exists (ht allow); artifact may still be scarce,,,
9780790587844,Grundriss der Religionsphilosophie,August Johannes Dorner,1903,ger,1,8,NT,open,unheld-nt,,full digital exists (ht allow); artifact may still be scarce,,,
9780790588001,Le millénarisme dans ses origines et son développement,Léon Gry,1904,fre,1,8,NT,open,unheld-nt,,full digital exists (ht allow); artifact may still be scarce,,,
9780790588209,Die Revolution des Christentums,Hermann Kutter,1908,ger,1,8,NT,open,unheld-nt,,full digital exists (ht allow); artifact may still be scarce,,,
9780790588308,Die paulinische Rechtfertigungslehre,Richard Adelbert Lipsius,1853,ger,1,8,NT,open,unheld-nt,,full digital exists (ht allow); artifact may still be scarce,,,
9780790588667,Immanuel Kant's Auferstehung aus dem Grabe,"Noack, Ludwig",1861,ger,1,8,NT,open,unheld-nt,,full digital exists (ht allow); artifact may still be scarce,,,
9780790588780,Die verschiedenen Typen religiöser Erfahrung und die Psychologie,Wilhelm Schmidt,1908,ger,1,8,NT,open,unheld-nt,,full digital exists (ht allow); artifact may still be scarce,,,
9780790589190,Geschichte der Philosophie des Mittelalters,Albert Stöckl,1864,ger,1,8,NT,open,unheld-nt,,full digital exists (ht allow); artifact may still be scarce,,,
9780790589213,Die Philosophie des hl. Augustinus,J. Storz,1882,ger,1,8,NT,open,unheld-nt,,full digital exists (ht allow); artifact may still be scarce,,,
9780790589312,Ueber die Unsterblichkeit der Seele,Gustav Teichmüller,1879,ger,1,8,NT,open,unheld-nt,,full digital exists (ht allow); artifact may still be scarce,,,
9780790589329,Die wirkliche und die scheinbare Welt,Gustav Teichmüller,1882,ger,1,8,NT,open,unheld-nt,,full digital exists (ht allow); artifact may still be scarce,,,
9780790589718,Franz Suarez und die Scholastik der letzten Jahrhunderte,"Werner, Karl",1861,ger,1,8,NT,open,unheld-nt,,full digital exists (ht allow); artifact may still be scarce,,,
9780790590080,Wie Hermann Cremer wurde?,Martin Kähler,1904,ger,1,8,NT,open,unheld-nt,,full digital exists (ht allow); artifact may still be scarce,,,
9780790590158,Gustav Theodor Fechner,Kurd Lasswitz,1902,ger,1,8,NT,open,unheld-nt,,full digital exists (ht allow); artifact may still be scarce,,,
9780790590431,Religion innerhalb der Grenzen der Humanität,Paul Natorp,1908,ger,1,8,NT,open,unheld-nt,,full digital exists (ht allow); artifact may still be scarce,,,
9780790590608,Geschichte der Religionsphilosophie von Spinoza bis auf die Gegenwart,"Pfleiderer, Otto",1893,ger,1,8,NT,open,unheld-nt,,full digital exists (ht allow); artifact may still be scarce,,,
9780790590615,Zur religiösen Verständigung,"Pfleiderer, Otto",1879,ger,1,8,NT,open,unheld-nt,,full digital exists (ht allow); artifact may still be scarce,,,
9780790590738,Prudence,Aimé Puech,1888,fre,1,8,NT,open,unheld-nt,,full digital exists (ht allow); artifact may still be scarce,,,
9780790590813,Ein Wort zur Controverse über die Mystik in der Theologie,Max Wilhelm Theodor Reischle,1886,ger,1,8,NT,open,unheld-nt,,full digital exists (ht allow); artifact may still be scarce,,,
9780790590943,L'intellectualisme de Saint Thomas,Pierre Rousselot,1908,fre,1,8,NT,open,unheld-nt,,full digital exists (ht allow); artifact may still be scarce,,,
9780790590974,Sören Kierkegaards person och författarskap,W. Rudin,1880,swe,1,8,NT,open,unheld-nt,,full digital exists (ht allow); artifact may still be scarce,,,
9780790591162,Der Apologet Aristides,Aristides,1894,ger,1,8,NT,open,unheld-nt,,full digital exists (ht allow); artifact may still be scarce,,,
9780790591353,Schleiermachers Theologie mit ihren philosophischen Grundlagen,Wilhelm Bender,1876,ger,1,8,NT,open,unheld-nt,,full digital exists (ht allow); artifact may still be scarce,,,
9780790591407,Die Vergottungslehre des Athanasius und Johannes Damascenus,Karl Bernhard Bornhäuser,1903,ger,1,8,NT,open,unheld-nt,,full digital exists (ht allow); artifact may still be scarce,,,
9780790591483,Die Psychologie des Aristoteles,Franz Brentano,1867,ger,1,8,NT,open,unheld-nt,,full digital exists (ht allow); artifact may still be scarce,,,
9780790591490,Le présent et l'avenir du catholicisme en France,Auguste Théodore Paul Broglie,1906,fre,1,8,NT,open,unheld-nt,,full digital exists (ht allow); artifact may still be scarce,,,
9780790591650,Le matérialisme et la science,E. Caro,1868,fre,1,8,NT,open,unheld-nt,,full digital exists (ht allow); artifact may still be scarce,,,
9780790591858,Systematische philosophie,"Wilhelm Dilthey; Riehl, Alois",1907,ger,1,8,NT,open,unheld-nt,,full digital exists (ht allow); artifact may still be scarce,,,
9780790591889,Pascal,Johann Georg Dreydorff,1870,ger,1,8,NT,open,unheld-nt,,full digital exists (ht allow); artifact may still be scarce,,,
9780790592237,Das Leben Jesu,Georg Wilhelm Friedrich Hegel,1906,ger,1,8,NT,open,unheld-nt,,full digital exists (ht allow); artifact may still be scarce,,,
9780790592497,Rom und Babylon,Sebastian Brunner,1852,ger,1,8,NT,open,unheld-nt,,full digital exists (ht allow); artifact may still be scarce,,,
9780790592930,Friedrich Nietzsche und die Kulturprobleme unserer Zeit,Albert Kalthoff,1900,ger,1,8,NT,open,unheld-nt,,full digital exists (ht allow); artifact may still be scarce,,,
9780790592961,Religiöse Charaktere,Heinrich Lang,1872,ger,1,8,NT,open,unheld-nt,,full digital exists (ht allow); artifact may still be scarce,,,
9780790593388,Le mysticisme en France au temps de Fénelon,Jacques Matter,1865,fre,1,8,NT,open,unheld-nt,,full digital exists (ht allow); artifact may still be scarce,,,
9780790593661,Le pessimisme au XIXe siècle,E. Caro,1889,fre,1,8,NT,open,unheld-nt,,full digital exists (ht allow); artifact may still be scarce,,,
9780790593722,"Histoire dogmatique, liturgique, et archéologique du sacrement de l'eucharistie","Corblet, Jules",1885,fre,1,8,NT,open,unheld-nt,,full digital exists (ht allow); artifact may still be scarce,,,
9780790593746,Über den Existenzialbegriff,"Dyroff, Adolf",1902,ger,1,8,NT,open,unheld-nt,,full digital exists (ht allow); artifact may still be scarce,,,
9780790593753,Christliche Dogmatik,Johannes Heinrich August Ebrard,1862,ger,1,8,NT,open,unheld-nt,,full digital exists (ht allow); artifact may still be scarce,,,
9780790593784,Die Philosophie des Thomas von Aquino,Jakob Frohschammer,1889,ger,1,8,NT,open,unheld-nt,,full digital exists (ht allow); artifact may still be scarce,,,
9780790593845,Der christliche Glaube im Kampfe mit dem modernen Aufklärungschriftenthum und der Widerspruch des letztern mit der Vernunft,J. W. Hanne,1850,ger,1,8,NT,open,unheld-nt,,full digital exists (ht allow); artifact may still be scarce,,,
9780790593852,"Die Idee der absoluten Persönlichkeit, oder, Gott und sein Verhältniss zur Welt, insonderheit zur menschlichen Persönlichkeit",J. W. Hanne,1865,ger,1,8,NT,open,unheld-nt,,full digital exists (ht allow); artifact may still be scarce,,,
9780790593883,Geschichte der protestantischen Dogmatik von Melanchthon bis Schleiermacher,Wilhelm Herrmann,1842,ger,1,8,NT,open,unheld-nt,,full digital exists (ht allow); artifact may still be scarce,,,
9780790593944,Rede zum Gedächtniss Schleiermacher's am 21. November 1868 in der Aula der Universität Leipzig,Karl Friedr. Aug Kahnis,1868,ger,1,8,NT,open,unheld-nt,,full digital exists (ht allow); artifact may still be scarce,,,
9780790594033,Meister Dietrich (Theodoricus Teutonicus de Vriberg),Engelbert Krebs,1906,ger,1,8,NT,open,unheld-nt,,full digital exists (ht allow); artifact may still be scarce,,,
9780790594057,Antipriscilliana,Karl Künstle,1905,ger,1,8,NT,open,unheld-nt,,full digital exists (ht allow); artifact may still be scarce,,,
9780790594064,Eine Bibliothek der Symbole und theologischer Tractate zur Bekämpfung des Priscillianismus und westgothischen Arianismus aus dem VI. Jahrhundert,Karl Künstle,1900,ger,1,8,NT,open,unheld-nt,,full digital exists (ht allow); artifact may still be scarce,,,
9780790594200,Philosophie der Werte,Hugo Münsterberg,1908,ger,1,8,NT,open,unheld-nt,,full digital exists (ht allow); artifact may still be scarce,,,
9780790594279,Die christliche Dogmengeschichte,"Noack, Ludwig",1856,ger,1,8,NT,open,unheld-nt,,full digital exists (ht allow); artifact may still be scarce,,,
9780790594293,The commentary of Origen on S. John's Gospel,Origen,1896,grc,1,8,NT,open,unheld-nt,,full digital exists (ht allow); artifact may still be scarce,,,
9780790594743,Schleiermacher's Glaubenslehre in ihrer Abhängigkeit von seiner Philosophie,Georg Runze,1877,ger,1,8,NT,open,unheld-nt,,full digital exists (ht allow); artifact may still be scarce,,,
9780790595009,Die Ethik des heiligen Augustinus,Joseph Mausbach,1909,ger,1,8,NT,open,unheld-nt,,full digital exists (ht allow); artifact may still be scarce,,,
9780790595344,Wissenschaftliche Abhandlungen,August Neander,1851,ger,1,8,NT,open,unheld-nt,,full digital exists (ht allow); artifact may still be scarce,,,
9780790595757,Kantischer Kritizismus und englische Philosophie,Edmund Pfleiderer,1881,ger,1,8,NT,open,unheld-nt,,full digital exists (ht allow); artifact may still be scarce,,,
9780790596051,Die Geschichtsphilosophie des heiligen Augustinus,Joseph Hubert Reinkens,1866,ger,1,8,NT,open,unheld-nt,,full digital exists (ht allow); artifact may still be scarce,,,
9780790596150,Fides implicita,Albrecht Ritschl,1890,ger,1,8,NT,open,unheld-nt,,full digital exists (ht allow); artifact may still be scarce,,,
9780790596280,Johannes Tauler von Strassburg,"Schmidt, Charles",1841,ger,1,8,NT,open,unheld-nt,,full digital exists (ht allow); artifact may still be scarce,,,
9780790596327,Grundriss der Dogmengeschichte,"Seeberg, Reinhold",1901,ger,1,8,NT,open,unheld-nt,,full digital exists (ht allow); artifact may still be scarce,,,
9780790596334,Die Theologie des Johannes Duns Scotus,"Seeberg, Reinhold",1900,ger,1,8,NT,open,unheld-nt,,full digital exists (ht allow); artifact may still be scarce,,,
9780790597195,Systematische christliche Religion,Ernst Troeltsch,1909,ger,1,8,NT,open,unheld-nt,,full digital exists (ht allow); artifact may still be scarce,,,
9780790597256,Le nouveau spiritualisme,"Vacherot, E.",1884,fre,1,8,NT,open,unheld-nt,,full digital exists (ht allow); artifact may still be scarce,,,
9780790597317,Lehrbuch der Pastoraltheologie,A. F. C. Vilmar,1872,ger,1,8,NT,open,unheld-nt,,full digital exists (ht allow); artifact may still be scarce,,,
9780790597751,Christliche Eschatologie,Th Kliefoth,1886,ger,1,8,NT,open,unheld-nt,,full digital exists (ht allow); artifact may still be scarce,,,
9780790597850,Ueber den Ursprung und den aeltesten Gebrauch des Christennamens,Richard Adelbert Lipsius,1873,ger,1,8,NT,open,unheld-nt,,full digital exists (ht allow); artifact may still be scarce,,,
9780790598314,Scheiding van kerk en staat,Cornelis Opzoomer,1875,dut,1,8,NT,open,unheld-nt,,full digital exists (ht allow); artifact may still be scarce,,,
9780790598567,Encyklopädie der theologischen Wissenschaften,Karl Rosenkranz,1845,ger,1,8,NT,open,unheld-nt,,full digital exists (ht allow); artifact may still be scarce,,,
9780790598673,"Jésus-Christ d'après Mahomet, ou, Les notions et les doctrines musulmanes sur le christianisme",Édouard Sayous,1880,fre,1,8,NT,open,unheld-nt,,full digital exists (ht allow); artifact may still be scarce,,,
9780790599205,Die Pädagogik Schleiermachers im Lichte seiner und unserer Zeit,Paul Diebow,1894,ger,1,8,NT,open,unheld-nt,,full digital exists (ht allow); artifact may still be scarce,,,
9780790599236,Schleiermacher,"Fischer, Max",1899,ger,1,8,NT,open,unheld-nt,,full digital exists (ht allow); artifact may still be scarce,,,
9780790599519,Thomas Bradwardinus und seine Lehre von der menschlichen Willensfreiheit,Sebastian Hahn,1905,ger,1,8,NT,open,unheld-nt,,full digital exists (ht allow); artifact may still be scarce,,,
9780790599595,Eduard von Hartmann's Religion der Zukunft in ihrer Selbstzersetzung,Carl Friedrich Heman,1875,ger,1,8,NT,open,unheld-nt,,full digital exists (ht allow); artifact may still be scarce,,,
9780804429511,Jean Racine,Karl Vossler,1926,ger,1,8,NT,open,unheld-nt,,full digital exists (ht allow); artifact may still be scarce,,,
9780837011615,The Coptic Version of the New Testament in the northern dialect,G. Horner,1898,cop,1,8,NT,open,unheld-nt,,full digital exists (ht allow); artifact may still be scarce,,,
9780837012018,Die messianischen Psalmen,Laur Reinke,1857,ger,1,8,NT,open,unheld-nt,,full digital exists (ht allow); artifact may still be scarce,,,
9780837012971,"Codex Claromontanus, sive, Epistulae Pauli omnes Graece et Latine",Constantin von Tischendorf,1852,grc,1,8,NT,open,unheld-nt,,full digital exists (ht allow); artifact may still be scarce,,,
9780837013046,The Gospel of Saint John in West-Saxon,James Wilson Bright; Lancelot Minor Harris,1904,ang,1,8,NT,open,unheld-nt,,full digital exists (ht allow); artifact may still be scarce,,,
9780837013138,Ausführliches Lehrbuch der hebräischen Sprache,Julius Friedrich Böttcher,1866,ger,1,8,NT,open,unheld-nt,,full digital exists (ht allow); artifact may still be scarce,,,
9780837013473,Kritischer Commentar zu den Psalmen,Heinrich Graetz,1882,ger,1,8,NT,open,unheld-nt,,full digital exists (ht allow); artifact may still be scarce,,,
9780837014036,Entwickelungsgeschichte des substantivierten Infinitivs,Franz Birklein,1888,ger,1,8,NT,open,unheld-nt,,full digital exists (ht allow); artifact may still be scarce,,,
9780837014272,Geschichte des Pronomen reflexivum,Adolf Dyroff,1892,ger,1,8,NT,open,unheld-nt,,full digital exists (ht allow); artifact may still be scarce,,,
9780837015132,"Die Temporalsätze mit den Konjunktionen ""bis"" und ""so lange als""",Albert Fuchs,1902,ger,1,8,NT,open,unheld-nt,,full digital exists (ht allow); artifact may still be scarce,,,
9780837015989,Beiträge zur genaueren Kenntnis der attischen Gerichtssprache aus den zehn Rednern,Konrad Schodorf,1904,ger,1,8,NT,open,unheld-nt,,full digital exists (ht allow); artifact may still be scarce,,,
9780837017204,Bibel-Lexikon,Bruch Dr; Daniel Schenkel,1869,ger,1,8,NT,open,unheld-nt,,full digital exists (ht allow); artifact may still be scarce,,,
9780837017402,Hellenistische Studien,Jacob Freudenthal,1875,ger,1,8,NT,open,unheld-nt,,full digital exists (ht allow); artifact may still be scarce,,,
9780837017891,Bibliothecae syriacae,Paul de Lagarde; Alfred Rahlfs,1892,syr,1,8,NT,open,unheld-nt,,full digital exists (ht allow); artifact may still be scarce,,,
9780837017914,Bruchstücke der sahidischen Bibelübersetzung,Oskar E̊duardovich Lemm,1885,cop,1,8,NT,open,unheld-nt,,full digital exists (ht allow); artifact may still be scarce,,,
9780837017945,Dissertation on the origin and connection of the Gospels,James Smith,1853,grc,1,8,NT,open,unheld-nt,,full digital exists (ht allow); artifact may still be scarce,,,
9780837018065,Die Koridethi Evangelien [Theta]038,Gustav Beermann; Caspar René Gregory,1913,grc,1,8,NT,open,unheld-nt,,full digital exists (ht allow); artifact may still be scarce,,,
9780837018089,Materialien zur Kritik und Geschichte des Pentateuchs,Paul de Lagarde,1867,ara,1,8,NT,open,unheld-nt,,full digital exists (ht allow); artifact may still be scarce,,,
9780837018140,Pentateuchi et Josue,Antonio Maria Ceriani,1864,grc,1,8,NT,open,unheld-nt,,full digital exists (ht allow); artifact may still be scarce,,,
9780837018218,Veteris testamenti ab Origene recensiti fragmenta apud Syros servata quinque,"Paul de Lagarde; Epiphanius Saint, Bp. of Constantia in Cyprus",1880,syr,1,8,NT,open,unheld-nt,,full digital exists (ht allow); artifact may still be scarce,,,
9780837018386,Persische Studien,Paul de Lagarde,1884,per,1,8,NT,open,unheld-nt,,full digital exists (ht allow); artifact may still be scarce,,,
9780837018553,"L'Ecclésiastique, ou, La sagesse de Jésus, fils de Sira",Israel Lévi,1898,fre,1,8,NT,open,unheld-nt,,full digital exists (ht allow); artifact may still be scarce,,,
9780837018720,Sifre ha-Berit ha-ḥadashah,Franz Delitzsch,1877,heb,1,8,NT,open,unheld-nt,,full digital exists (ht allow); artifact may still be scarce,,,
9780837018751,Grundriss der vergleichenden Grammatik der semitischen Sprachen,Carl Brockelmann,1908,ger,1,8,NT,open,unheld-nt,,full digital exists (ht allow); artifact may still be scarce,,,
9780837018782,Opuscula theologica,Wilhelm Martin Leberecht De Wette,1830,lat,1,8,NT,open,unheld-nt,,full digital exists (ht allow); artifact may still be scarce,,,
9780837018980,Pentateuchus Syriace,W. Emery Barnes,1914,syr,1,8,NT,open,unheld-nt,,full digital exists (ht allow); artifact may still be scarce,,,
9780837019314,Commentarius in Exodum et Leviticum,Fr. von Hummelauer,1897,lat,1,8,NT,open,unheld-nt,,full digital exists (ht allow); artifact may still be scarce,,,
9780837019451,Fünf neue arabische Landschaftsnamen im Alten Testament,Eduard König,1901,ger,1,8,NT,open,unheld-nt,,full digital exists (ht allow); artifact may still be scarce,,,
9780837019482,Novi Testamenti lexicon Graecum,Franz Zorell,1911,grc,1,8,NT,open,unheld-nt,,full digital exists (ht allow); artifact may still be scarce,,,
9780837019512,Biblia Sacra Vulgatae Editionis Sixti V Pont. Max. iussu recognita et Clementis VIII auctoritate edita,Michael Hetzenauer,1914,lat,1,8,NT,open,unheld-nt,,full digital exists (ht allow); artifact may still be scarce,,,
9780837019680,"Guilielmi Gesenii, philosophiae et theologiae doctoris . . . Thesaurus philologicus criticus linguae Hebraeae et Chaldaeae Veteris Testamenti",Wilhelm Gesenius; Emil Roediger,1829,lat,1,8,NT,open,unheld-nt,,full digital exists (ht allow); artifact may still be scarce,,,
9780837019864,Novum Testamentum Graece et Latine,Friedrich Brandscheid,1901,grc,1,8,NT,open,unheld-nt,,full digital exists (ht allow); artifact may still be scarce,,,
9780837026053,Alte und neue Quellen zur Geschichte des Taufsymbols und der Glaubensregel,C. P. Caspari,1879,ger,1,8,NT,open,unheld-nt,,full digital exists (ht allow); artifact may still be scarce,,,
9780837051345,Das älteste Evangelium,Johannes Henricus Scholten,1869,ger,1,8,NT,open,unheld-nt,,full digital exists (ht allow); artifact may still be scarce,,,
9780837053592,Sünde und Gnade,Willy Staerk,1905,ger,1,8,NT,open,unheld-nt,,full digital exists (ht allow); artifact may still be scarce,,,
9780837064031,"Kurze Erklärung der Briefe des Petrus, Judas, und Jakobus",Wilhelm Martin Leberecht De Wette,1865,ger,1,8,NT,open,unheld-nt,,full digital exists (ht allow); artifact may still be scarce,,,
9780837077017,Erläuterung der Keilinschriften babylonischer Backsteine,Georg Friedrich Grotefend,1852,ger,1,8,NT,open,unheld-nt,,full digital exists (ht allow); artifact may still be scarce,,,
9780837080833,Die Politik der Päpste von Gregor I. bis auf Gregor VII,Rudolf Baxmann,1868,ger,1,8,NT,open,unheld-nt,,full digital exists (ht allow); artifact may still be scarce,,,
9780837090689,De Oud-Catholieke Beweging,C. P. Hofstede de Groot,1877,dut,1,8,NT,open,unheld-nt,,full digital exists (ht allow); artifact may still be scarce,,,
9780837092928,Grammatische Untersuchungen über die biblische Gräcität,Karl Heinrich Adelbert Lipsius,1863,ger,1,8,NT,open,unheld-nt,,full digital exists (ht allow); artifact may still be scarce,,,
9780837093789,Die Unwissenschaftlichkeit im Gebiete der alttestamentlichen Kritik,Moritz Drechsler,1837,ger,1,8,NT,open,unheld-nt,,full digital exists (ht allow); artifact may still be scarce,,,
9780837094991,Codex fuldensis,Ernst Ranke,1868,lat,1,8,NT,open,unheld-nt,,full digital exists (ht allow); artifact may still be scarce,,,
9780837096360,Clemens Alexandrinus und das Neue Testament,Hermann Kutter,1897,ger,1,8,NT,open,unheld-nt,,full digital exists (ht allow); artifact may still be scarce,,,
9780837096605,Die Offenbarung Johannis,Eberhard Vischer; Adolf von Harnack,1886,ger,1,8,NT,open,unheld-nt,,full digital exists (ht allow); artifact may still be scarce,,,
9780859644167,Acta sanctorum quotquot toto orbe coluntu,"Daniel von Papenbroeck; Johannes Bolland; Godefridus Henschenius; Chadwyck-Healey Ltd; Chadwyck-Healey, Inc",1643,lat,1,8,NT,open,unheld-nt,,full digital exists (ht allow); artifact may still be scarce,,,
9780859644174,Acta sanctorum quotquot toto orbe coluntu,"Daniel von Papenbroeck; Johannes Bolland; Godefridus Henschenius; Chadwyck-Healey Ltd; Chadwyck-Healey, Inc",1643,lat,1,8,NT,open,unheld-nt,,full digital exists (ht allow); artifact may still be scarce,,,
9780988099708,Stuck,Otto Julius Bierbaum,1908,ger,1,8,NT,open,unheld-nt,,full digital exists (ht allow); artifact may still be scarce,,,
9781113645654,Cavour,L. v. Bar,1886,ger,1,8,NT,open,unheld-nt,,full digital exists (ht allow); artifact may still be scarce,,,
9781360087474,Adam Smith,Albert Delatour,1886,fre,1,8,NT,open,unheld-nt,,full digital exists (ht allow); artifact may still be scarce,,,
9781429701563,Einführung in die Hauptgesetze der zeichnerischen Darstellungsmethoden,Arthur Moritz Schoenflies,1908,ger,1,8,NT,open,unheld-nt,,full digital exists (pg hit); artifact may still be scarce,none,33202,
9781429701631,Einleitung in die theorie der elliptischen funktionen,Karl Joseph Bobek,1884,ger,1,8,NT,open,unheld-nt,,full digital exists (pg hit); artifact may still be scarce,none,32766,
9781429701679,Elementare arithmetik und algebra,Hermann Cäsar Hannibal Schubert,1899,ger,1,8,NT,open,unheld-nt,,full digital exists (pg hit); artifact may still be scarce,none,11925,
9781429701730,Elemente der absoluten Geometrie,Johannes Frischauf,1876,ger,1,8,NT,open,unheld-nt,,full digital exists (pg hit); artifact may still be scarce,none,29806,
9781429702744,Le calcul des résidus et ses applications à la théorie des fonctions,Ernst Leonard Lindelof,1905,fre,1,8,NT,open,unheld-nt,,full digital exists (pg hit); artifact may still be scarce,none,29781,
9781429703741,Niels Henrik Abel,Magnus Gustaf Mittag-Leffler,1907,fre,1,8,NT,open,unheld-nt,,full digital exists (pg hit); artifact may still be scarce,none,7818,
9781429703963,Randwertaufgaben bei Systemen von linearen partiellen Differentialgleichungen erster Ordnung,Wallie Abraham Hurwitz,1910,ger,1,8,NT,open,unheld-nt,,full digital exists (pg hit); artifact may still be scarce,none,33330,
9781429704274,Sur quelques applications des fonctions elliptiques,Charles Hermite,1855,fre,1,8,NT,open,unheld-nt,,full digital exists (pg hit); artifact may still be scarce,none,25227,
9781429704373,Synthetische Theorie der Cliffordschen Parallelen und der linearen Linienörter des elliptischen Raumes,Wolfgang Vogt,1909,ger,1,8,NT,open,unheld-nt,,full digital exists (pg hit); artifact may still be scarce,none,31911,
9781429704663,Theorie der Abel'schen Functionen,Karl Theodor Wilhelm Weierstrass,1856,ger,1,8,NT,open,unheld-nt,,full digital exists (pg hit); artifact may still be scarce,none,29780,
9781429705257,Über Integralinvarianten und Differentialgleichungen,Sophus Lie,1902,ger,1,8,NT,open,unheld-nt,,full digital exists (pg hit); artifact may still be scarce,none,25157,
9781429705738,Zahlentheorie,Kurt Hensel,1913,ger,1,8,NT,open,unheld-nt,,full digital exists (pg hit); artifact may still be scarce,none,38986,
9781463637491,Favorita Del Mahdi,Emilio Salgari,1887,ita,1,8,NT,open,unheld-nt,,full digital exists (pg hit); artifact may still be scarce,none,25180,
9781494859848,Stuck,Stacey Atkinson,1924,ger,1,8,NT,open,unheld-nt,,full digital exists (ht allow); artifact may still be scarce,,,
9781537620886,Twenty Years After,Alexandre Dumas,1845,fre,1,8,NT,open,unheld-nt,,full digital exists (pg hit); artifact may still be scarce,none,1259,
9781545145050,Trois Mousquetaires,Alexandre Dumas,1844,fre,1,8,NT,open,unheld-nt,,full digital exists (pg hit); artifact may still be scarce,,13951,
9781578980666,Tresor De Livres Rares Et Precieux,"Gay, Jules",1900,fre,1,8,NT,open,unheld-nt,,full digital exists (ht allow); artifact may still be scarce,,,
9781844849925,Dali,Valery Yakovlevich Bryusov,1922,rus,1,8,NT,open,unheld-nt,,full digital exists (ht allow); artifact may still be scarce,,,
9781881713128,Marianela,Benito Pérez Galdós; James Geddes; Joseph C Palamountain; Joseph C. Palamountain,1923,spa,1,8,NT,open,unheld-nt,,full digital exists (ht allow); artifact may still be scarce,,,
9781932983944,Amok,Stefan Zweig,1922,ger,1,8,NT,open,single,bnf,full digital exists (ht allow); artifact may still be scarce,,,
9781939728128,Requiem,Rainer Maria Rilke,1909,ger,1,8,NT,open,unheld-nt,,full digital exists (ht allow); artifact may still be scarce,,,
9782017117049,La criminologie,Raffaele Garofalo,1892,fre,1,8,NT,open,single,bnf,full digital exists (ht allow); artifact may still be scarce,,,
9782070202126,Anicet ou le Panorama,Louis Aragon,1921,fre,1,8,NT,open,unheld-nt,,full digital exists (pg hit); artifact may still be scarce,,56801,
9782081404502,L'Orestie,Aeschylus,1889,fre,1,8,NT,open,single,bnf,full digital exists (ht allow); artifact may still be scarce,,,
9782130442370,Manuel d'etudes pratiques de psychologie (Le Psychologue),Guy Tiberghien; Jean-Léon Beauvois,1900,fre,1,8,NT,open,single,loc,full digital exists (gallica hit); artifact may still be scarce,,,bpt6k48068982
9782130585923,Histoires naturelles,"Renard, Jules",1899,fre,1,8,NT,open,multi,"bnf,loc",full digital exists (pg hit); artifact may still be scarce,,44255,
9782222043249,Manuel bibliographique de la littérature française du Moyen Âge de Robert Bossuat,Françoise Vielliard,1900,fre,1,8,NT,open,single,loc,full digital exists (gallica hit); artifact may still be scarce,,,bpt6k3334658n
9782251002170,Œuvres complètes,Plato,1920,fre,1,8,NT,open,single,loc,full digital exists (ht allow); artifact may still be scarce,,,
9782251010533,Discours (Collection Des Universites De France Serie Latine) (French Edition),Cicero,1922,fre,1,8,NT,open,unheld-nt,,full digital exists (ht allow); artifact may still be scarce,,,
9782251010915,Etna,J. Vessereau,1923,fre,1,8,NT,open,unheld-nt,,full digital exists (ht allow); artifact may still be scarce,,,
9782253007579,Le fleuve de feu,François Mauriac,1923,fre,1,8,NT,open,unheld-nt,,full digital exists (ht allow); artifact may still be scarce,,,
9782265031722,Sahra,Abdülhak Hâmit,1878,ota,1,8,NT,open,unheld-nt,,full digital exists (ht allow); artifact may still be scarce,,,
9782266292887,Les Trois Mousquetaires,Alexandre Dumas,1844,fre,1,8,NT,open,single,bnf,full digital exists (pg hit); artifact may still be scarce,,13951,
9782503360294,L'architecture,François Benoit,1911,fre,1,8,NT,open,unheld-nt,,full digital exists (ht allow); artifact may still be scarce,,,
9782706301575,Dictionnaire d'histoire et de géographie ecclésiastiques,Alfred Baudrillart,1912,fre,1,8,NT,open,multi,"bnf,dnb,loc",full digital exists (ht allow); artifact may still be scarce,,,
9782707111128,La Justice en Chine,,1919,fre,1,8,NT,open,unheld-nt,,full digital exists (gallica hit); artifact may still be scarce,,,bpt6k3333742t
9782711751204,La croissance,Louis Dufestel,1920,fre,1,8,NT,open,unheld-nt,,full digital exists (ht allow); artifact may still be scarce,,,
9782717701005,Catalogue général des livres imprimés de la Bibliothèque nationale.,Bibliothèque nationale de France.,1897,fre,1,8,NT,open,multi,"dnb,loc",full digital exists (ht allow); artifact may still be scarce,,,
9782723300209,Cartulaire de l'abbaye de Saint-Corneille de Compiègne,Abbaye de Saint-Corneille de Compiègne.,1904,fre,1,8,NT,open,single,loc,full digital exists (ht allow); artifact may still be scarce,,,
9782724700121,Matériaux pour un Corpus inscriptionum Arabicarum,Max van Berchem; Institut français d'archéologie orientale du Caire,1894,fre,1,8,NT,open,single,loc,full digital exists (ht allow); artifact may still be scarce,,,
9782730702720,Deburau,Jules Janin,1881,fre,1,8,NT,open,unheld-nt,,full digital exists (ht allow); artifact may still be scarce,,,
9782764804896,Espagne,M. Joseph Lavallée; Gaspare De Gregori,1847,fre,1,8,NT,open,unheld-nt,,full digital exists (ht allow); artifact may still be scarce,,,
9782842850562,Histoire de l'Abbaye de Chocques,Robert Abbot of Chocques.,1873,fre,1,8,NT,open,unheld-nt,,full digital exists (ht allow); artifact may still be scarce,,,
9782860380003,Inventaire sommaire des Archives départementales,Archives départementales de l'Isère.,1900,fre,1,8,NT,open,single,loc,full digital exists (ht allow); artifact may still be scarce,,,
9782860520010,Inventaire sommaire des Archives départementales antérieures à 1790.,Archives départementales de la Haute-Marne.,1909,fre,1,8,NT,open,single,loc,full digital exists (ht allow); artifact may still be scarce,,,
9782877541015,Le Comminges (Haute-Garonne),Robert Sablayrolles,1900,fre,1,8,NT,open,single,loc,full digital exists (gallica hit); artifact may still be scarce,,,bd6t542087717
9782906655256,Aquareves,Jacques Canut,1900,fre,1,8,NT,open,unheld-nt,,full digital exists (ht allow); artifact may still be scarce,,,
9782909848105,Facéties,Poggio Bracciolini; Étienne Wolff,1878,fre,1,8,NT,open,unheld-nt,,full digital exists (ht allow); artifact may still be scarce,,,
9782924461402,Libre-échange,Éric de Belleval,1926,fre,1,8,NT,open,unheld-nt,,full digital exists (ht allow); artifact may still be scarce,,,
9782950478603,L' Irlande,Gustave de Beaumont,1839,fre,1,8,NT,open,unheld-nt,,full digital exists (ht allow+gallica hit); artifact may still be scarce,,,bpt6k9244n
9782980418150,La mandragore,"Lorrain, Jean",1899,fre,1,8,NT,open,unheld-nt,,full digital exists (ht allow+pg hit); artifact may still be scarce,,59992,
9783055006210,Biographisch-literarisches Handwörterbuch zur Geschichte der exakten Wissenschaften.,Johann Christian Poggendorff,1863,ger,1,8,NT,open,single,dnb,full digital exists (ht allow); artifact may still be scarce,,,
9783055016721,Biographisch-literarisches Handwörterbuch der exakten Naturwissenchaften,Johann Christian Poggendorff,1863,ger,1,8,NT,open,single,dnb,full digital exists (ht allow); artifact may still be scarce,,,
9783110023091,"Corpus inscriptionum latinarum, consilio et auctoritate Academiae litterarum regiae borussicae editum.",Attilio Degrassi,1893,lat,1,8,NT,open,single,dnb,full digital exists (ht allow); artifact may still be scarce,,,
9783110024883,Handbuch der Islam-Literatur,Gustav Pfannmüller,1923,ger,1,8,NT,open,single,dnb,full digital exists (ht allow); artifact may still be scarce,,,
9783110024975,Von Cinggis Khan zur Sowjetrepublik,Īvan I︠A︡kovlevich Korostovet︠s,1926,ger,1,8,NT,open,single,dnb,full digital exists (ht allow); artifact may still be scarce,,,
9783110049169,Inscriptiones Atticae Euclidis anno posteriores,J. Kirchner,1916,lat,1,8,NT,open,unheld-nt,,full digital exists (ht allow); artifact may still be scarce,,,
9783110070019,Inscriptiones Cycladum,F. Hiller von Gaertringen,1903,lat,1,8,NT,open,unheld-nt,,full digital exists (ht allow); artifact may still be scarce,,,
9783110121520,"Corpus inscriptionum Latinarum: Vol VI Inscriptiones urbis Romae Latinae: Pars VI Indices, Fasciculus 3",Arthur Ernest Gordon,1863,lat,1,8,NT,open,multi,"bnf,dnb",full digital exists (ht allow); artifact may still be scarce,,,
9783111038285,"Geschichte des Agathon, Teil 2",Christoph Martin Wieland,1794,ger,1,8,NT,open,unheld-nt,,full digital exists (pg hit); artifact may still be scarce,,2314,
9783111091693,Iphigenie Auf Tauris,Johann Wolfgang von Goethe,1790,ger,1,8,NT,open,unheld-nt,,full digital exists (pg hit); artifact may still be scarce,,2054,
9783111091716,Iphigenie Auf Tauris,Johann Wolfgang von Goethe,1790,ger,1,8,NT,open,unheld-nt,,full digital exists (pg hit); artifact may still be scarce,,2054,
9783111091730,Torquato Tasso,Johann Wolfgang von Goethe,1900,ger,1,8,NT,open,unheld-nt,,full digital exists (pg hit); artifact may still be scarce,,13328,
9783111105239,Theorie der Abel'schen Functionen,Karl Weierstrass,1900,ger,1,8,NT,open,unheld-nt,,full digital exists (pg hit); artifact may still be scarce,,29780,
9783111152813,Oberon,Christoph Martin Wieland,1869,ger,1,8,NT,open,unheld-nt,,full digital exists (pg hit); artifact may still be scarce,,2187,
9783111171258,Durch Massailand zur Nilquelle,Oscar Baumann,1900,ger,1,8,NT,open,unheld-nt,,full digital exists (pg hit); artifact may still be scarce,,68057,
9783111179780,"Arabische Pflanzennamen Aus Aegypten, Algerien und Jemen",Georg Schweinfurth,1900,ger,1,8,NT,open,unheld-nt,,full digital exists (pg hit); artifact may still be scarce,,72876,
9783111191232,Elementare Arithmetik und Algebra,Hermann Schubert,1900,ger,1,8,NT,open,unheld-nt,,full digital exists (pg hit); artifact may still be scarce,,11925,
9783111224282,Braut Von Messina,Friedrich Schiller; Robert Boxberger; Joseph Kürschner,1900,ger,1,8,NT,open,unheld-nt,,full digital exists (pg hit); artifact may still be scarce,,6496,
9783111309972,Die Mitschuldigen,W. Goethe,1787,ger,1,8,NT,open,unheld-nt,,full digital exists (pg hit); artifact may still be scarce,,5653,
9783112384077,Sant' Ilario,Francis Marion Crawford,1893,ger,1,8,NT,open,unheld-nt,,full digital exists (pg hit); artifact may still be scarce,,5227,
9783112430279,Die Erziehung des Menschengeschlechts,Gotthold Ephraim Lessing,1856,ger,1,8,NT,open,unheld-nt,,full digital exists (pg hit); artifact may still be scarce,,9160,
9783112432570,Kleine Lebensgemälde in Erzählungen,Julius Von Voss,1822,ger,1,8,NT,open,unheld-nt,,full digital exists (pg hit); artifact may still be scarce,,59731,
9783112511398,Philotas,Gotthold Ephraim Lessing,1789,ger,1,8,NT,open,unheld-nt,,full digital exists (pg hit); artifact may still be scarce,,9159,
9783112512432,Laokoon Oder über Die Grenzen der Malerei und Poesie,Gotthold Ephraim Lessing,1882,ger,1,8,NT,open,unheld-nt,,full digital exists (pg hit); artifact may still be scarce,,6889,
9783205784883,Regesta Habsburgica,Harold Steinacker; Lothar Gross; Christian Lackner; Claudia Feller; Stefan Seitschek; Universität Wien. Institut für Österreichische Geschichtsforschung; Institut für Österreichische Geschichtsforschung,1905,ger,1,8,NT,open,single,dnb,full digital exists (ht allow); artifact may still be scarce,,,
9783318054163,"Zur Psychopathologie des Alltagslebens : (Über Vergessen, Versprechen, Vergreifen, Aberglaube und Irrtum)",S. Freud,1917,ger,1,8,NT,open,unheld-nt,,full digital exists (pg hit); artifact may still be scarce,,24429,
9783402059968,Westfälisches Urkunden-Buch,H. Hoogeweg,1847,lat,1,8,NT,open,single,dnb,full digital exists (ht allow); artifact may still be scarce,,,
9783404051212,Alraune,Hanns Heinz Ewers,1911,ger,1,8,NT,open,single,dnb,full digital exists (ht allow); artifact may still be scarce,,,
9783406318634,Restauration und Erneuerung,Jean Doignon,1900,ger,1,8,NT,open,multi,"dnb,loc",full digital exists (ht allow); artifact may still be scarce,,,
9783406338274,Staatsordnung und Staatspraxis der romischen Republik (Handbuch der Altertumswissenschaft),Wolfgang Kunkel,1900,ger,1,8,NT,open,multi,"dnb,loc",full digital exists (ht allow); artifact may still be scarce,,,
9783428560073,Abhandlungen Aus der Neueren Geschichte,"Duncker, Max.",1887,ger,1,8,NT,open,single,dnb,full digital exists (ht allow); artifact may still be scarce,,,
9783473558803,Schmetterlinge,Carl Spitteler,1889,ger,1,8,NT,open,unheld-nt,,full digital exists (ht allow); artifact may still be scarce,,,
9783484800878,Repertorium germanicum,Hermann Diener,1916,ger,1,8,NT,open,single,dnb,full digital exists (ht allow); artifact may still be scarce,,,
9783484801004,"Verzeichnis der in den Registern und Kameralakten Nikolaus V. vorkommenden Personen, Kirchen und Orte des Deutschen Reiches, seiner Diözesen und Territorien, 1447-1455",Dieter Brosius; Karl Borchardt,1900,lat,1,8,NT,open,multi,"dnb,loc",full digital exists (ht allow); artifact may still be scarce,,,
9783486565126,Badisches Wörterbuch,Ernst Ochs,1925,ger,1,8,NT,open,unheld-nt,,full digital exists (ht allow); artifact may still be scarce,,,
9783486565560,Badisches Wörterbuch,Ernst Ochs,1925,ger,1,8,NT,open,unheld-nt,,full digital exists (ht allow); artifact may still be scarce,,,
9783486566277,Badisches Wörterbuch,Ernst Ochs,1925,ger,1,8,NT,open,unheld-nt,,full digital exists (ht allow); artifact may still be scarce,,,
9783486567335,Badisches Wörterbuch,Ernst Ochs,1925,ger,1,8,NT,open,unheld-nt,,full digital exists (ht allow); artifact may still be scarce,,,
9783486568356,Badisches Wörterbuch,Ernst Ochs,1925,ger,1,8,NT,open,unheld-nt,,full digital exists (ht allow); artifact may still be scarce,,,
9783486577389,Badisches Wörterbuch,Ernst Ochs,1925,ger,1,8,NT,open,unheld-nt,,full digital exists (ht allow); artifact may still be scarce,,,
9783486578362,Badisches Wörterbuch,Ernst Ochs,1925,ger,1,8,NT,open,unheld-nt,,full digital exists (ht allow); artifact may still be scarce,,,
9783486583533,Regesta Habsburgica,Harold Steinacker; Lothar Gross; Christian Lackner; Claudia Feller; Stefan Seitschek; Universität Wien. Institut für Österreichische Geschichtsforschung; Institut für Österreichische Geschichtsforschung,1905,ger,1,8,NT,open,single,dnb,full digital exists (ht allow); artifact may still be scarce,,,
9783486592276,Regesta Habsburgica,Harold Steinacker; Lothar Gross; Christian Lackner; Claudia Feller; Stefan Seitschek; Universität Wien. Institut für Österreichische Geschichtsforschung; Institut für Österreichische Geschichtsforschung,1905,ger,1,8,NT,open,single,dnb,full digital exists (ht allow); artifact may still be scarce,,,
9783487043760,Symbolik und Mythologie der alten Völker,Georg Friedrich Creuzer,1900,ger,1,8,NT,open,multi,"dnb,loc",full digital exists (ht allow); artifact may still be scarce,,,
9783492027212,Gustav Mahler: Eine Studie uber Personlichkeit und Werk ,Paul Stefan,1912,ger,1,8,NT,open,multi,"dnb,loc",full digital exists (ht allow); artifact may still be scarce,,,
9783510431410,Die Fliegen der palaearktischen Region,Erwin Lindner,1924,ger,1,8,NT,open,multi,"dnb,loc",full digital exists (ht allow); artifact may still be scarce,,,
9783511049317,Urkundenbuch zur Geschichte der mittelrheinischen Territorien,"Beyer, Heinrich historian, comp; Leopold Eltester",1860,ger,1,8,NT,open,single,dnb,full digital exists (ht allow); artifact may still be scarce,,,
9783515041478,Die theologischen und religions- philosophischen Schriften.,Paracelsus,1923,ger,1,8,NT,open,single,dnb,full digital exists (ht allow); artifact may still be scarce,,,
9783515054034,"Tobler-Lommatzsch, altfranzösisches Wörterbuch",Adolf Tobler,1915,ger,1,8,NT,open,single,loc,full digital exists (ht allow); artifact may still be scarce,,,
9783518188668,Der zerbrochene Krug,Heinrich von Kleist,1921,ger,1,8,NT,open,single,dnb,full digital exists (ht allow+pg hit); artifact may still be scarce,,6647,
9783527401413,Biographisch-Literarisches Handworterbuch Der Exakten Naturwissenschaften,Johann Christian Poggendorff,1863,ger,1,8,NT,open,single,dnb,full digital exists (ht allow); artifact may still be scarce,,,
9783535005641,Die het̲t̲itische Inschrift,Robert Koldewey,1900,ger,1,8,NT,open,single,dnb,full digital exists (ht allow); artifact may still be scarce,,,
9783598522727,Die Chronik der Sperlingsgasse,Wilhelm Karl Raabe,1857,ger,1,8,NT,open,unheld-nt,,full digital exists (pg hit); artifact may still be scarce,,46411,
9783598775444,Archiv f ur Papyrusforschung und verwandte Gebiete: Beiheft 10: Griechische Urkunden der Papyrussammlung zu Leipzig,Ludwig Mitteis; Ulrich Wilcken,1906,ger,1,8,NT,open,multi,"dnb,loc",full digital exists (ht allow); artifact may still be scarce,,,
9783628350085,Natalie,Fanny Tarnow,1811,ger,1,8,NT,open,single,dnb,full digital exists (pg hit); artifact may still be scarce,,70609,
9783628595783,La Niania,Henry Gréville,1878,fre,1,8,NT,open,single,dnb,full digital exists (pg hit); artifact may still be scarce,,24369,
9783628613036,Fables de Florian,Florian,1820,fre,1,8,NT,open,single,dnb,full digital exists (pg hit); artifact may still be scarce,,58251,
9783642903762,Die Fabrikation der Soda Nach Dem Ammoniakverfahren,,1905,ger,1,8,NT,open,unheld-nt,,full digital exists (ht allow); artifact may still be scarce,,,
9783688110094,Erste Liebe,Herwarth Walden,1918,ger,1,8,NT,open,single,dnb,full digital exists (ht allow); artifact may still be scarce,,,
9783702905538,Regesta Habsburgica,Harold Steinacker; Lothar Gross; Christian Lackner; Claudia Feller; Stefan Seitschek; Universität Wien. Institut für Österreichische Geschichtsforschung; Institut für Österreichische Geschichtsforschung,1905,ger,1,8,NT,open,single,dnb,full digital exists (ht allow); artifact may still be scarce,,,
9783740000059,Deutsches Rechtswörterbuch (Wörterbuch der älteren deutschen Rechtssprache).,"Akademie der Wissenschaften, Berlin",1914,ger,1,8,NT,open,single,dnb,full digital exists (ht allow); artifact may still be scarce,,,
9783760024158,Johann Hinrich Wichern,Hermann Krummacher,1882,ger,1,8,NT,open,single,dnb,full digital exists (ht allow); artifact may still be scarce,,,
9783770076123,"Die Gutachten der Rheinischen Immediat-Justiz-Kommission und der Kampf um die rheinische Rechts- und Gerichtsverfassung, 1814-1819",Ernst Landsberg,1914,ger,1,8,NT,open,multi,"dnb,loc",full digital exists (ht allow); artifact may still be scarce,,,
9783773555014,Dornröschen,Ricarda Huch,1902,ger,1,8,NT,open,single,dnb,full digital exists (ht allow); artifact may still be scarce,,,
9783775250481,"Fredegarii et aliorum chronica, Vita sanctorum.",Fredegar.; Bruno Krusch,1888,lat,1,8,NT,open,single,dnb,full digital exists (ht allow); artifact may still be scarce,,,
9783777203072,Gesamtkatalog der Wiegendrucke.,Prussia. Kommission für den Gesamtkatalog der Wiegendrucke,1925,ger,1,8,NT,open,unheld-nt,,full digital exists (ht allow); artifact may still be scarce,,,
9783777203386,Gesamtkatalog der Wiegendrucke.,Prussia. Kommission für den Gesamtkatalog der Wiegendrucke,1925,ger,1,8,NT,open,unheld-nt,,full digital exists (ht allow); artifact may still be scarce,,,
9783777268149,Gesamtkatalog der Wiegendrucke.,Prussia. Kommission für den Gesamtkatalog der Wiegendrucke,1925,ger,1,8,NT,open,single,dnb,full digital exists (ht allow); artifact may still be scarce,,,
9783777290041,Gesamtkatalog der Wiegendrucke.,Prussia. Kommission für den Gesamtkatalog der Wiegendrucke,1925,ger,1,8,NT,open,unheld-nt,,full digital exists (ht allow); artifact may still be scarce,,,
9783791049960,Grundzüge der Volkswirtschaftslehre,V. I︠A︡ Zheli︠e︡znov,1918,ger,1,8,NT,open,single,dnb,full digital exists (ht allow); artifact may still be scarce,,,
9783794602414,Badisches Wörterbuch,Ernst Ochs,1925,ger,1,8,NT,open,unheld-nt,,full digital exists (ht allow); artifact may still be scarce,,,
9783794602544,Badisches Wörterbuch,Ernst Ochs,1925,ger,1,8,NT,open,unheld-nt,,full digital exists (ht allow); artifact may still be scarce,,,
9783794602612,Badisches Wörterbuch,Ernst Ochs,1925,ger,1,8,NT,open,unheld-nt,,full digital exists (ht allow); artifact may still be scarce,,,
9783794602667,Badisches Wörterbuch,Ernst Ochs,1925,ger,1,8,NT,open,unheld-nt,,full digital exists (ht allow); artifact may still be scarce,,,
9783794602803,Badisches Wörterbuch,Ernst Ochs,1925,ger,1,8,NT,open,unheld-nt,,full digital exists (ht allow); artifact may still be scarce,,,
9783794602988,Badisches Wörterbuch,Ernst Ochs,1925,ger,1,8,NT,open,unheld-nt,,full digital exists (ht allow); artifact may still be scarce,,,
9783794603176,Badisches Wörterbuch,Ernst Ochs,1925,ger,1,8,NT,open,unheld-nt,,full digital exists (ht allow); artifact may still be scarce,,,
9783794605248,Badisches Wörterbuch,Ernst Ochs,1925,ger,1,8,NT,open,unheld-nt,,full digital exists (ht allow); artifact may still be scarce,,,
9783799561914,Schlesische Lebensbilder,Friedrich Andreae,1900,ger,1,8,NT,open,multi,"dnb,loc",full digital exists (ht allow); artifact may still be scarce,,,
9783826731945,Shulḥan ʻarukh,Michael Creizenach,1833,ger,1,8,NT,open,single,dnb,full digital exists (ht allow); artifact may still be scarce,,,
9783855356164,Don Quichotte,Jean Richepin,1905,fre,1,8,NT,open,single,dnb,full digital exists (ht allow); artifact may still be scarce,,,
9783883791388,Geschichte der deutschen National-neigung zum Trunke,Johann Wilhelm Petersen,1782,ger,1,8,NT,open,single,dnb,full digital exists (ht allow); artifact may still be scarce,,,
9783884020036,Flucht und Asyl,Andreas Germershausen; Wolf-Dieter Narr; Komitee für Grundrechte und Demokratie (Germany); Medico International (Organization),1888,ger,1,8,NT,open,single,dnb,full digital exists (ht allow); artifact may still be scarce,,,
9783890866796,Nacht,Edgar Hilsenrath,1917,ger,1,8,NT,open,single,dnb,full digital exists (ht allow); artifact may still be scarce,,,
9783900656256,Die Zeichnungen der französischen Schule,Graphische Sammlung Albertina.,1926,ger,1,8,NT,open,single,loc,full digital exists (ht allow); artifact may still be scarce,,,
9783920307091,Goethe und die Brüder Grimm.,Reinhold Steig,1892,ger,1,8,NT,open,multi,"dnb,loc",full digital exists (ht allow); artifact may still be scarce,,,
9783927117334,Buch der Lieder,Heinrich Heine,1841,ger,1,8,NT,open,single,dnb,full digital exists (pg hit); artifact may still be scarce,,3498,
9783944180779,Thors Hammer,Karl Wolfskehl,1908,ger,1,8,NT,open,unheld-nt,,full digital exists (ht allow); artifact may still be scarce,,,
9783949203107,Die Sterne,Hans Müller,1919,ger,1,8,NT,open,single,dnb,full digital exists (ht allow); artifact may still be scarce,,,
9784772210720,Kinki yagai chiri junken,Kenjirō Fujioka,1883,jpn,1,8,NT,open,unheld-nt,,full digital exists (ht allow); artifact may still be scarce,,,
9784897600413,中高年齢者の体力と労働,Shinji Katsuki,1876,jpn,1,8,NT,open,unheld-nt,,full digital exists (ht allow); artifact may still be scarce,,,
9784903824000,朝鮮,,1908,jpn,1,8,NT,open,unheld-nt,,full digital exists (ht allow); artifact may still be scarce,,,
9785020094833,Pisʹma i bumagi Imperatora Petra Velikago.,Peter I Emperor of Russia,1887,rus,1,8,NT,open,single,loc,full digital exists (ht allow); artifact may still be scarce,,,
9785020260818,Paukoobraznye,,1917,rus,1,8,NT,open,unheld-nt,,full digital exists (ht allow); artifact may still be scarce,,,
9785212003438,Blistatel'nyĭ Sankt-Peterburg.,N. I͡A Agnivt͡sev,1923,rus,1,8,NT,open,single,loc,full digital exists (ht allow); artifact may still be scarce,,,
9785669970086,Iz istorii zhenskoĭ lichnosti v Rossii,E. N. Shchepkina,1914,rus,1,8,NT,open,unheld-nt,,full digital exists (ht allow); artifact may still be scarce,,,
9785952412002,Russkīi︠a︡ knizhnyi︠a︡ ri︠e︡dkosti,N. I. Berezin,1902,rus,1,8,NT,open,unheld-nt,,full digital exists (ht allow); artifact may still be scarce,,,
9788085938142,Zwei Prager Geschichten,Rainer Maria Rilke,1899,ger,1,8,NT,open,single,dnb,full digital exists (ht allow+pg hit); artifact may still be scarce,,27822,
9788090046108,Svět jako vědomí a nic,Ladislav Klíma,1900,cze,1,8,NT,open,single,loc,full digital exists (ht allow); artifact may still be scarce,,,
9788270610273,Det Arnamagnæanske håndskrift 81 A fol. (Skálholtsbók yngsta),Ludvig Holm-Olsen,1910,gem,1,8,NT,open,single,loc,full digital exists (ht allow); artifact may still be scarce,,,
9788299067904,Tjømø,Lorens Berg,1920,nor,1,8,NT,open,unheld-nt,,full digital exists (ht allow); artifact may still be scarce,,,
9788301003982,Lud bialoruski na Rusi Litewskiej,Michał Federowski,1897,pol,1,8,NT,open,unheld-nt,,full digital exists (ht allow); artifact may still be scarce,,,
9788385213253,"Epistole, legationes, responsa, actiones, res geste Sigismundi, ejus nominis primi, regis Polonie",Władysław Pociecha; Stanisław Górski; Piotr Tomicki; Wincenty Urban; Andrzej Wyczański; Ryszard Marciniak; Poland. Sovereigns. (1507-48 : Zygmunt I); Kórnik. Biblioteka Kórnicka,1852,und,1,8,NT,open,unheld-nt,,full digital exists (ht allow); artifact may still be scarce,,,
9788400042059,"Hipolito de Vergara, autor de ""La Reina de los reyes"" de Tirso de Molina",Luis Iscla Rovira,1629,spa,1,8,NT,open,unheld-nt,,full digital exists (ht allow); artifact may still be scarce,,,
9788409433490,Revelaciones,Rafael Alberto Arrieta,1906,spa,1,8,NT,open,unheld-nt,,full digital exists (ht allow); artifact may still be scarce,,,
9788424925536,Diálogos,Juan Luis Vives,1919,spa,1,8,NT,open,unheld-nt,,full digital exists (ht allow); artifact may still be scarce,,,
9788427303232,Aplec de rondaies mallorquines,Antoni Maria Alcover i Sureda,1900,cat,1,8,NT,open,single,loc,full digital exists (ht allow); artifact may still be scarce,,,
9788450535679,Avto de la Fe celebrado en Madrid este año de M DC XXXII.,Juan Gómez de Mora,1632,spa,1,8,NT,open,single,loc,full digital exists (ht allow); artifact may still be scarce,,,
9788472560147,Memorias para ayudar a formar un diccionario critico de los escritores catalanes,Félix Torres Amat,1836,spa,1,8,NT,open,single,loc,full digital exists (ht allow); artifact may still be scarce,,,
9788475689524,Hyperion,Otto Kohlmeyer,1924,ger,1,8,NT,open,single,dnb,full digital exists (ht allow); artifact may still be scarce,,,
9788478264452,Obra del Cançoner popular de Catalunya.,,1926,cat,1,8,NT,open,single,loc,full digital exists (ht allow); artifact may still be scarce,,,
9788478265695,Obra del Cançoner popular de Catalunya.,,1926,cat,1,8,NT,open,single,loc,full digital exists (ht allow); artifact may still be scarce,,,
9788488594020,Las momias guanches de Tenerife,Conrado Rodríguez Maffiotte,1900,spa,1,8,NT,open,single,loc,full digital exists (ht allow); artifact may still be scarce,,,
9788492291793,Granada,Federico Abad,1910,spa,1,8,NT,open,unheld-nt,,full digital exists (ht allow); artifact may still be scarce,,,
9788521000310,Eça de Queiroz,Eça de Queirós; Agostinho de Campos,1922,por,1,8,NT,open,unheld-nt,,full digital exists (ht allow); artifact may still be scarce,,,
9788570192004,Nabuco e a república,Joaquim Nabuco,1869,por,1,8,NT,open,single,loc,full digital exists (ht allow); artifact may still be scarce,,,
9788671310475,Slovenski biografski leksikon,Izidor Cankar; Franc Ksaver Lukman,1925,slv,1,8,NT,open,multi,"dnb,loc",full digital exists (ht allow); artifact may still be scarce,,,
9788702058413,Flådens ran,Rolf Scheen,1807,dan,1,8,NT,open,unheld-nt,,full digital exists (ht allow); artifact may still be scarce,,,
9788721002855,Til Babylon,Karen Marie Edelfeldt,1885,dan,1,8,NT,open,single,loc,full digital exists (ht allow); artifact may still be scarce,,,
9788787435024,Viborg amt,,1839,dan,1,8,NT,open,unheld-nt,,full digital exists (ht allow); artifact may still be scarce,,,
9788788718676,Godtfolk,Morten Korch,1920,dan,1,8,NT,open,unheld-nt,,full digital exists (ht allow); artifact may still be scarce,,,
9788804567356,Opere,Paolo Segneri,1822,ita,1,8,NT,open,unheld-nt,,full digital exists (ht allow); artifact may still be scarce,,,
9788872450543,"Il Lago Maggiore, Stresa e le Isole Borromee",Vincenzo De Vit,1875,ita,1,8,NT,open,unheld-nt,,full digital exists (ht allow); artifact may still be scarce,,,
9788884196880,Port-Royal,Charles Augustin Sainte-Beuve,1888,fre,1,8,NT,open,unheld-nt,,full digital exists (ht allow); artifact may still be scarce,,,
9788887501087,Nicola Fasulo,Manfredi Fasulo,1899,ita,1,8,NT,open,single,loc,full digital exists (ht allow); artifact may still be scarce,,,
9788971050934,Hanʾguk pangŏn charyojip,Chʻung-hoe Kim,1900,kor,1,8,NT,open,single,loc,full digital exists (ht allow); artifact may still be scarce,,,
9789061861027,Bibliographie académique.,Université catholique de Louvain (1835-1969),1880,dut,1,8,NT,open,single,loc,full digital exists (ht allow); artifact may still be scarce,,,
9789064120848,Het land van de wortelstok,Rudolf van de Perre,1901,dut,1,8,NT,open,unheld-nt,,full digital exists (ht allow); artifact may still be scarce,,,
9789076988979,Archimedes,Arthur Czwalina,1925,ger,1,8,NT,open,unheld-nt,,full digital exists (ht allow); artifact may still be scarce,,,
9789163168444,Hälsingborgs historia,Gösta Johannesson; Ludvig Magnus Bååth,1925,swe,1,8,NT,open,unheld-nt,,full digital exists (ht allow); artifact may still be scarce,,,
9789163363696,Hälsingborgs historia,Gösta Johannesson; Ludvig Magnus Bååth,1925,swe,1,8,NT,open,unheld-nt,,full digital exists (ht allow); artifact may still be scarce,,,
9789172300040,Samlade skrifter av George Stiernhielm,Georg Stiernhielm,1900,swe,1,8,NT,open,single,loc,full digital exists (ht allow); artifact may still be scarce,,,
9789174020892,Hjorthagens kyrka,Bengt O. H. Johansson,1924,swe,1,8,NT,open,single,loc,full digital exists (ht allow); artifact may still be scarce,,,
9789185050901,Borgarståndets riksdagsprotokoll från frihetstidens början,Sweden. Riksdagen. Borgarståndet,1720,swe,1,8,NT,open,unheld-nt,,full digital exists (ht allow); artifact may still be scarce,,,
9789185050925,Borgarståndets riksdagsprotokoll från frihetstidens början,Sweden. Riksdagen. Borgarståndet,1720,swe,1,8,NT,open,unheld-nt,,full digital exists (ht allow); artifact may still be scarce,,,
9789185943289,Borgarståndets riksdagsprotokoll från frihetstidens början,Sweden. Riksdagen. Borgarståndet,1720,swe,1,8,NT,open,unheld-nt,,full digital exists (ht allow); artifact may still be scarce,,,
9789401421997,Constantin Meunier,Georg Daniel Karl Treu,1898,ger,1,8,NT,open,unheld-nt,,full digital exists (ht allow); artifact may still be scarce,,,
9789508500250,Ceremonias,,1900,spa,1,8,NT,open,single,loc,full digital exists (ht allow); artifact may still be scarce,,,
9789536576012,"""Barbarizmi"" u hrvatskom jeziku",Vatroslav Rožić,1913,hrv,1,8,NT,open,unheld-nt,,full digital exists (ht allow); artifact may still be scarce,,,
9789539645012,Povijest hrvatske protestantske književnosti za Reformacije,Franjo Bučar,1910,hrv,1,8,NT,open,single,dnb,full digital exists (ht allow); artifact may still be scarce,,,
9789545230134,Opis na rŭkopisiti͡e︡ i staropechatniti͡e︡ knigi na Narodnata biblioteka v Sofii͡a︡.,"Narodna biblioteka ""Sv. sv. Kiril i Metodiĭ.""",1910,bul,1,8,NT,open,single,loc,full digital exists (ht allow); artifact may still be scarce,,,
9789609081139,Kephallēniaka symmikta,Ēlias A. Tsitselēs,1900,gre,1,8,NT,open,single,loc,full digital exists (ht allow); artifact may still be scarce,,,
9789612180096,Izbrani spisi,Janez Evangelist Krek,1923,slv,1,8,NT,open,unheld-nt,,full digital exists (ht allow); artifact may still be scarce,,,
9789630504577,Oklevéltani naptár,Imre Szentpétery,1912,hun,1,8,NT,open,unheld-nt,,full digital exists (ht allow); artifact may still be scarce,,,
9789632078991,A magyar nép művészete,"Malonyay, Dezső",1907,hun,1,8,NT,open,single,loc,full digital exists (ht allow); artifact may still be scarce,,,
9789652170071,"Teʾur geʾografi, hisṭori ṿe-arkheʾologi shel Erets-Yiśraʾel",Victor Guérin,1900,heb,1,8,NT,open,single,loc,full digital exists (ht allow); artifact may still be scarce,,,
9789726722656,Orissa,José Carlos Gomes da Silva,1900,por,1,8,NT,open,single,loc,full digital exists (ht allow); artifact may still be scarce,,,
9789732706534,Siebenbürgisch-sächsisches Wörterbuch.,Adolf Schullerus,1908,ger,1,8,NT,open,single,dnb,full digital exists (ht allow); artifact may still be scarce,,,
9789732708576,Siebenbürgisch-sächsisches Wörterbuch.,Adolf Schullerus,1908,ger,1,8,NT,open,single,dnb,full digital exists (ht allow); artifact may still be scarce,,,
9789993811152,Razvitak,Petar Kočić,1910,srp,1,8,NT,open,single,loc,full digital exists (ht allow); artifact may still be scarce,,,
9789995488499,"Libro de la vida y milagros de Nuestro Señor Iesu Christo en dos lenguas, aymara, y romance",Alonso de Villegas,1612,spa,1,8,NT,open,unheld-nt,,full digital exists (ht allow); artifact may still be scarce,,,
9798628416297,Die Edda,,1889,ger,1,8,NT,open,unheld-nt,,full digital exists (ht allow); artifact may still be scarce,,,
4026411114705,Christine,,1856,,1,7,NT,open,unheld-nt,,full digital exists (ht allow); artifact may still be scarce,,,
9780020552000,Castle of Otranto.,Horace Walpole,1963,und,1,7,NT,open,unheld-nt,,full digital exists (pg hit); artifact may still be scarce,,696,
9780028519005,History of Land Mammals in the Western Hemisphere,William Berryman Scott,1937,und,1,7,NT,open,unheld-nt,,full digital exists (pg hit); artifact may still be scarce,,75110,
9780030385438,Holt Mathematics Course 1 - Teacher's Edition 2007,Rinehart and Winston Holt,1720,,1,7,NT,open,unheld-nt,,full digital exists (ia hit); artifact may still be scarce,,,
9780030440458,Exercises and Problems in Price Theory.,A.M Levenson,1963,und,1,7,NT,open,unheld-nt,,full digital exists (ia hit); artifact may still be scarce,,,
9780043350188,Practice and Theory of Bolshevism.,Bertrand Russell,1963,und,1,7,NT,open,unheld-nt,,full digital exists (pg hit); artifact may still be scarce,,17350,
9780048820044,Choephoroe,Aeschylus; Gilbert Murray,1844,,1,7,NT,open,unheld-nt,,full digital exists (ht allow); artifact may still be scarce,,,
9780060687335,Robert Barclay,,1904,,1,7,NT,open,unheld-nt,,full digital exists (ht allow); artifact may still be scarce,,,
9780071180788,Analysis of Biological Development,KALTHOFF,1877,,1,7,NT,open,multi,"loc,ndl",full digital exists (ia hit); artifact may still be scarce,,,
9780071221450,Sociology,John R. Commons,1898,,1,7,NT,open,unheld-nt,,full digital exists (ia hit); artifact may still be scarce,,,
9780071315197,The Right Thing to Do,Rachels,1721,,1,7,NT,open,unheld-nt,,full digital exists (ia hit); artifact may still be scarce,,,
9780072487299,"Techniques of Financial Analysis A Guide to Value Creation, Edition",Erich Helfert,1800,,1,7,NT,open,multi,"loc,ndl",full digital exists (ia hit); artifact may still be scarce,,,
9780073528700,Annual Editions,Nisreen Bahnan John Richardson,1913,,1,7,NT,open,unheld-nt,,full digital exists (ia hit); artifact may still be scarce,,,
9780076629435,HOLE'S HUMAN ANATOMY+PHYSIOLOGY (High School Edition),David N. Shier;Jackie L. Butler;Ricki Lewis,1515,,1,7,NT,open,unheld-nt,,full digital exists (ia hit); artifact may still be scarce,,,
9780077308070,"Nursing Leadership, Management, and Professional Practice for the LPN/LVN by Mary Ann Anderson (2009, Paperback)",Mary Ann Anderson,1909,,1,7,NT,open,unheld-nt,,full digital exists (ia hit); artifact may still be scarce,,,
9780080066660,Tradiciones peruanas,Ricardo Palma,1969,spa,1,7,NT,open,unheld-nt,,full digital exists (pg hit); artifact may still be scarce,,21282,
9780080088648,La Mare au Diable,George Sand,1968,fre,1,7,NT,open,unheld-nt,,full digital exists (pg hit); artifact may still be scarce,,23582,
9780080901053,L' Encyclopedie ou Dictionnaire Raisonne Des Sciences Des Arts et des metiers Diderot et D'Alembert (5 volume Readex Compact Edition),Denis Diderot; Jean Le Rond d'Alembert,1969,fre,1,7,NT,open,single,ndl,full digital exists (ht allow); artifact may still be scarce,,,
9780094535206,SAINT JOAN,George Bernard Shaw,1924,,1,7,NT,open,unheld-nt,,full digital exists (pg hit); artifact may still be scarce,,76323,
9780094535800,An Unsocial Socialist,George Bernard Shaw,1914,,1,7,NT,open,unheld-nt,,full digital exists (pg hit); artifact may still be scarce,,1654,
9780156400725,Herman Melville,Mumford,1901,,1,7,NT,open,unheld-nt,,full digital exists (pg hit); artifact may still be scarce,,78016,
9780192501530,Past and Present,Thomas Carlyle,1915,,1,7,NT,open,unheld-nt,,full digital exists (pg hit); artifact may still be scarce,,13534,
9780198111047,Two of the Saxon Chronicles Parallel,Charles Plummer; John Earle,1952,und,1,7,NT,open,single,ndl,full digital exists (ht allow); artifact may still be scarce,,,
9780198145387,Orationes,Lysias,1931,grc,1,7,NT,open,single,ndl,full digital exists (ht allow); artifact may still be scarce,,,
9780245571015,Petit Chose,Alphonse Daudet,1911,,1,7,NT,open,unheld-nt,,full digital exists (pg hit); artifact may still be scarce,,13256,
9780245573880,La rana viajera,Julio Camba,1932,mul,1,7,NT,open,unheld-nt,,full digital exists (pg hit); artifact may still be scarce,,30275,
9780245597091,Vie de Rancé,François-René de Chateaubriand,1969,fre,1,7,NT,open,unheld-nt,,full digital exists (pg hit); artifact may still be scarce,,76606,
9780273428138,Inspector-general.,Nikolaĭ Vasilʹevich  Gogolʹ,1964,und,1,7,NT,open,unheld-nt,,full digital exists (pg hit); artifact may still be scarce,,3735,
9780297748120,English surnames,,1901,,1,7,NT,open,unheld-nt,,full digital exists (ht allow); artifact may still be scarce,,,
9780316611589,Pearl Lagoon,"Nordhoff, Charles; Nordhoff                     C; Charles Nordhoff; Charles Nordhoff; Anton Otto Fischer",1924,,1,7,NT,open,unheld-nt,,full digital exists (pg hit); artifact may still be scarce,,68550,
9780317642087,McGuffey's Sixth Eclectic Reader,William Holmes McGuffey,1920,,1,7,NT,open,unheld-nt,,full digital exists (pg hit); artifact may still be scarce,,16751,
9780318755236,Characters and Events of Roman History,Gulielmo Ferrero,1909,,1,7,NT,open,unheld-nt,,full digital exists (pg hit); artifact may still be scarce,,13208,
9780320052903,Bernardin De St. Pierre,Barine,1965,fre,1,7,NT,open,unheld-nt,,full digital exists (pg hit); artifact may still be scarce,,58723,
9780320057687,Le Crepuscule Des Dieux,Elémir Bourges,1927,fre,1,7,NT,open,unheld-nt,,full digital exists (pg hit); artifact may still be scarce,,42036,
9780320060007,Mayerling,Claude Anet,1950,fre,1,7,NT,open,unheld-nt,,full digital exists (pg hit); artifact may still be scarce,,79119,
9780321277428,Henderson,,1882,,1,7,NT,open,unheld-nt,,full digital exists (ia hit); artifact may still be scarce,,,
9780333040782,Shakespeare's Roman plays and their background,Sir M.W Maccallum,1967,und,1,7,NT,open,unheld-nt,,full digital exists (pg hit); artifact may still be scarce,,69937,
9780333067352,The Golden Treasury of the Best Songs and Lyrical Poems in the English Language,Francis Turner (editor) Palgrave,1926,,1,7,NT,open,single,ndl,full digital exists (pg hit); artifact may still be scarce,,19221,
9780333071533,Pro Archia (Element Classics),Cicero,1901,,1,7,NT,open,unheld-nt,,full digital exists (ht allow); artifact may still be scarce,,,
9780340021828,Theology of the Old Testament,Gust. Fr Oehler,1874,,1,7,NT,open,unheld-nt,,full digital exists (ht allow); artifact may still be scarce,,,
9780404005979,Conrad Ferdinand Meyer und sein Werk,Harry Maync,1969,ger,1,7,NT,open,single,ndl,full digital exists (ht allow); artifact may still be scarce,,,
9780404048792,Manuel D'Economie Politique,Vilfredo Pareto,1969,fre,1,7,NT,open,single,ndl,full digital exists (ht allow); artifact may still be scarce,,,
9780405018565,Twentieth Century Negro Literature,D. W. Culp,1902,,1,7,NT,open,unheld-nt,,full digital exists (pg hit); artifact may still be scarce,,18772,
9780434990306,De Officiis,Cicero,1913,,1,7,NT,open,single,ndl,full digital exists (pg hit); artifact may still be scarce,,47001,
9780434990696,Daphnis & Chloe,Longus,1916,,1,7,NT,open,single,ndl,full digital exists (ht allow); artifact may still be scarce,,,
9780435383015,Goethe,Hermann Uhde,1878,,1,7,NT,open,unheld-nt,,full digital exists (ht allow); artifact may still be scarce,,,
9780445004795,Danger in the dark,,1857,,1,7,NT,open,unheld-nt,,full digital exists (ht allow); artifact may still be scarce,,,
9780465058846,Psychotherapy,,1908,,1,7,NT,open,unheld-nt,,full digital exists (ht allow); artifact may still be scarce,,,
9780465096237,John Marshall,"Magruder, Allan Bowie",1891,,1,7,NT,open,unheld-nt,,full digital exists (ht allow); artifact may still be scarce,,,
9780469340503,Synonyms of the New Testament,,1857,,1,7,NT,open,unheld-nt,,full digital exists (ht allow); artifact may still be scarce,,,
9780486202716,German: how to speak and write it,Joseph Rosenberg,1962,mul,1,7,NT,open,single,loc,full digital exists (ia hit); artifact may still be scarce,,,
9780486211756,Logic,"Johnson, William E.",1924,,1,7,NT,open,unheld-nt,,full digital exists (ia hit); artifact may still be scarce,,,
9780486600383,Theory of Groups of Finite Order.,"Burnside, William.",1955,und,1,7,NT,open,unheld-nt,,full digital exists (pg hit); artifact may still be scarce,,40395,
9780495279365,Understanding Social Problems Fifth Edition,Linda A. Mooney,1904,,1,7,NT,open,unheld-nt,,full digital exists (ia hit); artifact may still be scarce,,,
9780495411246,Engineering Mechanics,Jean Landa Pytel,1910,,1,7,NT,open,unheld-nt,,full digital exists (ia hit); artifact may still be scarce,,,
9780495598244,Conducting Research in Psychology (Instructor Edition),,1913,,1,7,NT,open,unheld-nt,,full digital exists (ia hit); artifact may still be scarce,,,
9780524036129,Anglo-Catholicism,Alfred Edye Manning Foster,1914,,1,7,NT,open,unheld-nt,,full digital exists (ht allow); artifact may still be scarce,,,
9780524037041,South and south central Africa [microform] ,Hannah Frances Davidson,1915,,1,7,NT,open,unheld-nt,,full digital exists (ht allow); artifact may still be scarce,,,
9780524073223,A discussion on universal salvation and future punishment,E. Manford; John S. Sweeney,1870,,1,7,NT,open,unheld-nt,,full digital exists (ht allow); artifact may still be scarce,,,
9780543649218,From a College Window,arthur benson,1906,,1,7,NT,open,unheld-nt,,full digital exists (pg hit); artifact may still be scarce,,4614,
9780548655429,What Happened to Me,La Salle Corbell Pickett,1917,,1,7,NT,open,unheld-nt,,full digital exists (pg hit); artifact may still be scarce,,50001,
9780576033060,Les institutions annamites en Basse-Cochinchine avant la conquête française,Alfred Schreiner,1969,fre,1,7,NT,open,unheld-nt,,full digital exists (ht allow); artifact may still be scarce,,,
9780576034432,Le T'ai chan,Edouard Chavannes,1969,fre,1,7,NT,open,single,loc,full digital exists (ht allow); artifact may still be scarce,,,
9780576034449,Folk Lore Chinois Moderne,Léon Wieger,1969,fre,1,7,NT,open,single,loc,full digital exists (ht allow); artifact may still be scarce,,,
9780576035798,Estat de la Perse en 1660,Raphaël Du Mans,1969,fre,1,7,NT,open,single,loc,full digital exists (ht allow); artifact may still be scarce,,,
9780576722063,"Guidi Panziroli De claris legum interpretibus libri quator; accessere Joannes Fichardi 'Vitae recentiorum ictorum', Marci Mantuae 'Epitome virorum illustr.'. Joan.Baptistae de Gazalupis 'Historia interpretum et glossatorum juris', Catellani Cottae 'Recensio brevis insignium juris interpretum et doc.",Guido Panciroli,1968,lat,1,7,NT,open,unheld-nt,,full digital exists (ht allow); artifact may still be scarce,,,
9780576801119,[Shetarot],Myer David Davis,1969,heb,1,7,NT,open,single,loc,full digital exists (ht allow); artifact may still be scarce,,,
9780576991278,"Joannis Duns Scoti doctoris subtilis, ordinis minorum opera omnia.",John Duns Scotus,1969,lat,1,7,NT,open,unheld-nt,,full digital exists (ht allow); artifact may still be scarce,,,
9780576991285,Quaestiones in Quatuor Libros Sentntiarum Et Quodlibetales,John Baconthorpe,1969,lat,1,7,NT,open,unheld-nt,,full digital exists (ht allow); artifact may still be scarce,,,
9780576991544,Sacramentaru[m] ad usum aecclesiae Nivernensis,Catholic Church,1969,lat,1,7,NT,open,unheld-nt,,full digital exists (ht allow); artifact may still be scarce,,,
9780576994651,Omnia opera Gulielmi Budaei.,Guillaume Budé,1967,lat,1,7,NT,open,single,loc,full digital exists (ht allow); artifact may still be scarce,,,
9780578110035,Springboard to Heaven,"Jojo Sayson,James Riordan",1912,,1,7,NT,open,unheld-nt,,full digital exists (ia hit); artifact may still be scarce,,,
9780590740807,Sun,,1885,,1,7,NT,open,unheld-nt,,full digital exists (ht allow); artifact may still be scarce,,,
9780600628385,Easy Crochet?,,1838,,1,7,NT,open,unheld-nt,,full digital exists (ia hit); artifact may still be scarce,,,
9780600630302,Eat Yourself Smart,Gill Paul,1828,,1,7,NT,open,unheld-nt,,full digital exists (ia hit); artifact may still be scarce,,,
9780601196326,Alfred the Great,,1901,,1,7,NT,open,unheld-nt,,full digital exists (ht allow); artifact may still be scarce,,,
9780603035906,Screen Goddesses,Tom Hutchinson,1901,,1,7,NT,open,unheld-nt,,full digital exists (ia hit); artifact may still be scarce,,,
9780603564758,Postman Pat and the Fruity Bats,,1900,,1,7,NT,open,unheld-nt,,full digital exists (ia hit); artifact may still be scarce,,,
9780603571626,Thomas Classic 70th Anniversary Collection - 26 Books,,1862,,1,7,NT,open,unheld-nt,,full digital exists (ia hit); artifact may still be scarce,,,
9780606167611,Lightning,,1924,,1,7,NT,open,unheld-nt,,full digital exists (ia hit); artifact may still be scarce,,,
9780613004503,The Missing Fossil Mystery,Emily Herman,1917,,1,7,NT,open,unheld-nt,,full digital exists (ia hit); artifact may still be scarce,,,
9780613128759,Aliens and Dissenters Federal Suppression,William Preston,1903,,1,7,NT,open,unheld-nt,,full digital exists (ia hit); artifact may still be scarce,,,
9780618321155,Strategic Management Theory Update,HILL,1900,,1,7,NT,open,unheld-nt,,full digital exists (ia hit); artifact may still be scarce,,,
9780618324750,Essential Mathematics,BARKER,1900,,1,7,NT,open,unheld-nt,,full digital exists (ia hit); artifact may still be scarce,,,
9780618438907,Deutsch Heute,MOELLER,1900,,1,7,NT,open,unheld-nt,,full digital exists (ia hit); artifact may still be scarce,,,
9780618439355,Elementary Geometry for the College Student custom publication,ALEXANDER,1900,,1,7,NT,open,unheld-nt,,full digital exists (ia hit); artifact may still be scarce,,,
9780618443284,Rapports volume 2,WALZ,1900,,1,7,NT,open,unheld-nt,,full digital exists (ia hit); artifact may still be scarce,,,
9780665062735,Mémoires et documents relatifs à l'histoire du Canada,"Lafontaine, L. H. Sir",1859,,1,7,NT,open,unheld-nt,,full digital exists (ht allow); artifact may still be scarce,,,
9780665186431,"Voyage a l'océan-Pacifique du nord et autour du monde, de 1790 à 1795",George Vancouver,1807,,1,7,NT,open,unheld-nt,,full digital exists (ht allow); artifact may still be scarce,,,
9780665286278,Règlements de [l'] Union typographique de Québec no. 302,Union typographique de Québec no 302.,1896,,1,7,NT,open,unheld-nt,,full digital exists (ht allow); artifact may still be scarce,,,
9780665286308,Programmes du baccalauréat ès arts à l'Université Laval,Université Laval. Faculté des arts.,1869,,1,7,NT,open,unheld-nt,,full digital exists (ht allow); artifact may still be scarce,,,
9780665286315,Constitutiones Catholicae Universitatis Ottawaiensis,University of Ottawa.; Université d'Ottaw,1891,,1,7,NT,open,unheld-nt,,full digital exists (ht allow); artifact may still be scarce,,,
9780665286513,Le Vade-mecum de l'âme pieuse ou La semaine sanctifiée en union avec le Sacré-Coeur,,1896,,1,7,NT,open,unheld-nt,,full digital exists (ht allow); artifact may still be scarce,,,
9780665286568,"La Véritable tempérance selon l'esprit de Grégoire XVI, Pie IX et Léon XIII",,1888,,1,7,NT,open,unheld-nt,,full digital exists (ht allow); artifact may still be scarce,,,
9780665286780,Arrest du Conseil d'État du roi,France. Conseil d'État,1767,,1,7,NT,open,unheld-nt,,full digital exists (ht allow); artifact may still be scarce,,,
9780665287381,Souvenirs sur les commencements de l'Union St. Joseph de Montréal,J. A. Plinguet,1866,,1,7,NT,open,unheld-nt,,full digital exists (ht allow); artifact may still be scarce,,,
9780665287411,Abrégé d'histoire sainte ancien et nouveau testament,,1897,,1,7,NT,open,unheld-nt,,full digital exists (ht allow); artifact may still be scarce,,,
9780665287978,"Histoire du Canada, à l'usage des écoles primaires et des maisons d'éducation",L. O. Gauthier,1867,,1,7,NT,open,unheld-nt,,full digital exists (ht allow); artifact may still be scarce,,,
9780665289651,"The ritual of the Methodist Church, with forms of prayer",Methodist Church (Canada),1899,,1,7,NT,open,unheld-nt,,full digital exists (ht allow); artifact may still be scarce,,,
9780665289934,Mithridates oder allgemeine Sprachenenkunde mit dem Vater unser als Sprachprobe,Johann Christoph Adelung,1809,,1,7,NT,open,unheld-nt,,full digital exists (ht allow); artifact may still be scarce,,,
9780665290930,Catalogue de trois bibliothèques combinées en une seule,"Lemieux, Gale & Cie",1898,,1,7,NT,open,unheld-nt,,full digital exists (ht allow); artifact may still be scarce,,,
9780665291012,Programme de la ligue nationale,Ligne nationale.,1880,,1,7,NT,open,unheld-nt,,full digital exists (ht allow); artifact may still be scarce,,,
9780674992313,Isocrates,Isocrates,1928,gre,1,7,NT,open,unheld-nt,,full digital exists (ht allow); artifact may still be scarce,,,
9780674992429,Lucan,Lucan,1969,und,1,7,NT,open,unheld-nt,,full digital exists (ht allow); artifact may still be scarce,,,
9780674993310,Ammianus Marcellinus,Ammianus Marcellinus,1940,lat,1,7,NT,open,unheld-nt,,full digital exists (ht allow); artifact may still be scarce,,,
9780674993624,Plautus,Titus Maccius Plautus,1938,mul,1,7,NT,open,unheld-nt,,full digital exists (ht allow); artifact may still be scarce,,,
9780674993655,Ammianus Marcellinus,Ammianus Marcellinus,1940,lat,1,7,NT,open,unheld-nt,,full digital exists (ht allow); artifact may still be scarce,,,
9780685434956,Students History of Education,Graves,1925,,1,7,NT,open,unheld-nt,,full digital exists (pg hit); artifact may still be scarce,,60113,
9780685885970,Modern Thinkers and Present Problems,Edgar A. Singer,1923,,1,7,NT,open,unheld-nt,,full digital exists (pg hit); artifact may still be scarce,,78763,
9780692130889,Why?,,1900,,1,7,NT,open,unheld-nt,,full digital exists (ia hit); artifact may still be scarce,,,
9780692232828,Beyond the Dream,Bruce Johnson,1914,,1,7,NT,open,unheld-nt,,full digital exists (ia hit); artifact may still be scarce,,,
9780701114145,Disappearing Dais.,Frank Whitehead,1966,und,1,7,NT,open,unheld-nt,,full digital exists (ia hit); artifact may still be scarce,,,
9780705405973,Eggs & Cheese (The Good Cook),Time-Life Books,1920,,1,7,NT,open,unheld-nt,,full digital exists (ia hit); artifact may still be scarce,,,
9780705406000,Cakes & Pastries (The Good Cook),Time-Life Books,1920,,1,7,NT,open,unheld-nt,,full digital exists (ia hit); artifact may still be scarce,,,
9780705406055,Confectionery (The Good Cook),Time-Life Books,1920,,1,7,NT,open,unheld-nt,,full digital exists (ia hit); artifact may still be scarce,,,
9780705406079,Snacks & Canapes (The Good Cook),Time-Life Books,1920,,1,7,NT,open,unheld-nt,,full digital exists (ia hit); artifact may still be scarce,,,
9780705406086,Game (The Good Cook),Time-Life Books,1920,,1,7,NT,open,unheld-nt,,full digital exists (ia hit); artifact may still be scarce,,,
9780705406239,The Great Liners (The Seafarers),Time-Life Books,1920,,1,7,NT,open,unheld-nt,,full digital exists (ia hit); artifact may still be scarce,,,
9780705406253,The Windjammers (The Seafarers),Oliver E. Allen; Time-Life Books,1920,,1,7,NT,open,unheld-nt,,full digital exists (ia hit); artifact may still be scarce,,,
9780705406314,The Clipper Ships (The Seafarers),A. B. C. Whipple,1920,,1,7,NT,open,unheld-nt,,full digital exists (ia hit); artifact may still be scarce,,,
9780705407908,New living spaces,Time-Life Books,1920,,1,7,NT,open,unheld-nt,,full digital exists (ia hit); artifact may still be scarce,,,
9780705408448,Germany (Library of Nations),Time-Life Books,1920,,1,7,NT,open,unheld-nt,,full digital exists (ia hit); artifact may still be scarce,,,
9780714610306,William the Conqueror and the Rule of the Normans.,Frank Merry Stenton,1967,und,1,7,NT,open,unheld-nt,,full digital exists (pg hit); artifact may still be scarce,,59444,
9780715603253,Strife,,1913,,1,7,NT,open,unheld-nt,,full digital exists (ht allow); artifact may still be scarce,,,
9780719515637,Wages of Virtue.,Percival Christopher Wren,1927,und,1,7,NT,open,unheld-nt,,full digital exists (pg hit); artifact may still be scarce,,41652,
9780722223413,Marie Antoinette,Hilaire Belloc,1909,,1,7,NT,open,unheld-nt,,full digital exists (pg hit); artifact may still be scarce,,69542,
9780722227503,"Maritime Enterprise, 1485-1558",James A. Williamson,1913,,1,7,NT,open,unheld-nt,,full digital exists (pg hit); artifact may still be scarce,,70418,
9780722228173,Nationalism,Rabindranath Tagore,1917,,1,7,NT,open,unheld-nt,,full digital exists (pg hit); artifact may still be scarce,,40766,
9780722538586,Homoeopathy,,1857,,1,7,NT,open,unheld-nt,,full digital exists (ht allow); artifact may still be scarce,,,
9780723205470,Frog He Would a-Wooing Go,Randolph Caldecott,1901,,1,7,NT,open,unheld-nt,,full digital exists (pg hit); artifact may still be scarce,,14077,
9780723205555,The Golden Goose Book,Brooke,1905,,1,7,NT,open,unheld-nt,,full digital exists (pg hit); artifact may still be scarce,,15661,
9780723206118,The Story of a Fierce Bad Rabbit,Beatrix Potter,1906,,1,7,NT,open,unheld-nt,,full digital exists (pg hit); artifact may still be scarce,,45265,
9780723206125,The story of Miss Moppet,Beatrix Potter,1906,,1,7,NT,open,unheld-nt,,full digital exists (pg hit); artifact may still be scarce,,14848,
9780723262336,Tale of Jemima Puddle-Duck,Beatrix Potter,1908,,1,7,NT,open,unheld-nt,,full digital exists (pg hit); artifact may still be scarce,,14814,
9780742634565,"The Indiscretion of the Duchess, Being a Story Concerning Two Ladies, a Nobleman, and a Necklace",Anthony Hope,1894,,1,7,NT,open,unheld-nt,,full digital exists (pg hit); artifact may still be scarce,,13909,
9780742634886,Lucinda,Anthony Hope,1920,,1,7,NT,open,unheld-nt,,full digital exists (pg hit); artifact may still be scarce,,51642,
9780742640153,"Dionysius of Halicarnassus On literary composition, being the Greek text of the De compositione verborum,",Dionysius,1910,,1,7,NT,open,unheld-nt,,full digital exists (pg hit); artifact may still be scarce,,50212,
9780742641020,"Plays,",Aleksandr Nikolaevich Ostrovsky,1917,,1,7,NT,open,unheld-nt,,full digital exists (pg hit); artifact may still be scarce,,10722,
9780742641563,"Amenities of literature, consisting of sketches and characters of English literature.",Isaac Disraeli,1871,,1,7,NT,open,unheld-nt,,full digital exists (pg hit); artifact may still be scarce,,36298,
9780742642829,Mr. Dooley in the hearts of his countrymen.,Finley Peter Dunne,1899,,1,7,NT,open,unheld-nt,,full digital exists (pg hit); artifact may still be scarce,,13784,
9780742643079,Cruelle enigme,Paul Bourget,1893,,1,7,NT,open,unheld-nt,,full digital exists (pg hit); artifact may still be scarce,,44911,
9780742643109,Numa Roumestan; moeurs parisiennes,Alphonse Daudet,1915,,1,7,NT,open,unheld-nt,,full digital exists (pg hit); artifact may still be scarce,,16848,
9780742643130,Les dieux ont soif.,Anatole France,1912,,1,7,NT,open,unheld-nt,,full digital exists (pg hit); artifact may still be scarce,,36477,
9780742643154,"Le jardin d'Epicure,",Anatole France,1895,,1,7,NT,open,unheld-nt,,full digital exists (pg hit); artifact may still be scarce,,5147,
9780742643185,Les trophees /,José-Maria de Heredia,1893,,1,7,NT,open,unheld-nt,,full digital exists (pg hit); artifact may still be scarce,,14805,
9780742643307,Le feu (journal d'une escouade),Henri Barbusse,1916,,1,7,NT,open,unheld-nt,,full digital exists (pg hit); artifact may still be scarce,,48212,
9780742643352,La maison de Claudine.,Colette,1922,,1,7,NT,open,unheld-nt,,full digital exists (pg hit); artifact may still be scarce,,13703,
9780742643468,"Le baiser au lepreux,",François Mauriac,1922,,1,7,NT,open,unheld-nt,,full digital exists (pg hit); artifact may still be scarce,,51372,
9780742643505,Pastiches et melanges.,Marcel Proust,1919,,1,7,NT,open,unheld-nt,,full digital exists (pg hit); artifact may still be scarce,,64145,
9780761708797,Apologetics,,1892,,1,7,NT,open,unheld-nt,,full digital exists (ht allow); artifact may still be scarce,,,
9780770001650,Rhymes of a rolling stone,Robert W. Service,1968,und,1,7,NT,open,unheld-nt,,full digital exists (pg hit); artifact may still be scarce,,309,
9780781200431,Seven Short Plays,Isabella A. Gregory,1909,,1,7,NT,open,unheld-nt,,full digital exists (pg hit); artifact may still be scarce,,41653,
9780781208420,Dictionary Of American Authors,Oscar Adams,1905,,1,7,NT,open,unheld-nt,,full digital exists (pg hit); artifact may still be scarce,,71324,
9780781209144,Great Events By Famous Historians (volume 10),Charles Horne,1904,,1,7,NT,open,unheld-nt,,full digital exists (pg hit); artifact may still be scarce,,19893,
9780781214360,Life Of Albert Gallatin,Henry Adams,1879,,1,7,NT,open,unheld-nt,,full digital exists (pg hit); artifact may still be scarce,,45654,
9780781214438,Education Of Henry Adams,Henry Adams,1913,,1,7,NT,open,unheld-nt,,full digital exists (pg hit); artifact may still be scarce,,2044,
9780781216746,Rivermouth Romance,Thomas Aldrich,1877,,1,7,NT,open,unheld-nt,,full digital exists (pg hit); artifact may still be scarce,,23358,
9780781217361,Bride Of The Mistletoe,James Allen,1909,,1,7,NT,open,unheld-nt,,full digital exists (pg hit); artifact may still be scarce,,9179,
9780781217378,Doctor's Christmas Eve,James Allen,1910,,1,7,NT,open,unheld-nt,,full digital exists (pg hit); artifact may still be scarce,,42923,
9780781217415,Cathedral Singer,James Allen,1916,,1,7,NT,open,unheld-nt,,full digital exists (pg hit); artifact may still be scarce,,15385,
9780781217422,Kentucky Warbler,James Allen,1918,,1,7,NT,open,unheld-nt,,full digital exists (pg hit); artifact may still be scarce,,46905,
9780781218030,Lights And Shadows Of Real Life,Timothy Arthur,1867,,1,7,NT,open,unheld-nt,,full digital exists (pg hit); artifact may still be scarce,,4627,
9780781218207,Fairy Dreams,Jane Austin,1859,,1,7,NT,open,unheld-nt,,full digital exists (pg hit); artifact may still be scarce,,76391,
9780781218238,Outpost,Jane Austin,1867,,1,7,NT,open,unheld-nt,,full digital exists (pg hit); artifact may still be scarce,,4676,
9780781220002,Story Of Don Miff,Virginius Dabney,1886,,1,7,NT,open,unheld-nt,,full digital exists (pg hit); artifact may still be scarce,,73601,
9780781223454,Solomon And Solomonic Literature,Moncure Daniel Conway,1899,,1,7,NT,open,unheld-nt,,full digital exists (pg hit); artifact may still be scarce,,41115,
9780781224642,Potiphar Papers,George William Curtis,1853,,1,7,NT,open,unheld-nt,,full digital exists (pg hit); artifact may still be scarce,,6453,
9780781224659,Prue And I,George William Curtis,1857,,1,7,NT,open,unheld-nt,,full digital exists (pg hit); artifact may still be scarce,,8645,
9780781224970,"Myths And Folk Tales Of The Russians, Western Slavs, And Magyars",Jeremiah Curtin,1890,,1,7,NT,open,unheld-nt,,full digital exists (pg hit); artifact may still be scarce,,50011,
9780781224994,Hero Tales Of Ireland,Jeremiah Curtin,1894,,1,7,NT,open,unheld-nt,,full digital exists (pg hit); artifact may still be scarce,,63866,
9780781225052,Myths Of The Modocs,Jeremiah Curtin,1912,,1,7,NT,open,unheld-nt,,full digital exists (pg hit); artifact may still be scarce,,73418,
9780781226011,Story Of Don Miff,Viginius Dabney,1886,,1,7,NT,open,unheld-nt,,full digital exists (pg hit); artifact may still be scarce,,73601,
9780781226202,Aristotle And Ancient Educational Ideals,Thomas Davidson,1892,,1,7,NT,open,unheld-nt,,full digital exists (pg hit); artifact may still be scarce,,40552,
9780781226417,Culture's Garland,Eugene Field,1887,,1,7,NT,open,unheld-nt,,full digital exists (pg hit); artifact may still be scarce,,78956,
9780781226431,With Trumpet And Drum,Eugene Field,1892,,1,7,NT,open,unheld-nt,,full digital exists (pg hit); artifact may still be scarce,,62643,
9780781226448,Second Book Of Verse,Eugene Field,1892,,1,7,NT,open,unheld-nt,,full digital exists (pg hit); artifact may still be scarce,,31874,
9780781226523,Love Affairs Of A Bibliomaniac,Eugene Field,1896,,1,7,NT,open,unheld-nt,,full digital exists (pg hit); artifact may still be scarce,,443,
9780781227506,Unity Of Good,Mary Baker Eddy,1887,,1,7,NT,open,unheld-nt,,full digital exists (pg hit); artifact may still be scarce,,16591,
9780781227520,Retrospection And Introspection,Mary Baker Eddy,1891,,1,7,NT,open,unheld-nt,,full digital exists (pg hit); artifact may still be scarce,,16734,
9780781227537,No And Yes,Mary Baker Eddy,1891,,1,7,NT,open,unheld-nt,,full digital exists (pg hit); artifact may still be scarce,,16624,
9780781227568,Poems,Mary Baker Eddy,1894,,1,7,NT,open,unheld-nt,,full digital exists (pg hit); artifact may still be scarce,,27370,
9780781228503,War Of Independence,John Fiske,1889,,1,7,NT,open,unheld-nt,,full digital exists (pg hit); artifact may still be scarce,,20803,
9780781228596,Through Nature To God,John Fiske,1899,,1,7,NT,open,unheld-nt,,full digital exists (pg hit); artifact may still be scarce,,34716,
9780781228602,Life Everlasting,John Fiske,1901,,1,7,NT,open,unheld-nt,,full digital exists (pg hit); artifact may still be scarce,,34569,
9780781228725,Honorable Peter Stirling And What People Thought Of Him,Paul Leicester Ford,1894,,1,7,NT,open,unheld-nt,,full digital exists (pg hit); artifact may still be scarce,,14532,
9780781228749,Story Of An Untold Love,Paul Leicester Ford,1897,,1,7,NT,open,unheld-nt,,full digital exists (pg hit); artifact may still be scarce,,36439,
9780781228756,Tattle Tales Of Cupid,Paul Leicester Ford,1898,,1,7,NT,open,unheld-nt,,full digital exists (pg hit); artifact may still be scarce,,71597,
9780781229111,"Recollections And Impressions, 1822-1890",Octavius Brooks Frothingham,1891,,1,7,NT,open,unheld-nt,,full digital exists (pg hit); artifact may still be scarce,,37744,
9780781230544,Poems,John Milton Hay,1890,,1,7,NT,open,unheld-nt,,full digital exists (pg hit); artifact may still be scarce,,10518,
9780781230575,Castilian Days,John Milton Hay,1871,,1,7,NT,open,unheld-nt,,full digital exists (pg hit); artifact may still be scarce,,7470,
9780781230704,La Cuisine Creole,Lafcadio Hearn,1885,,1,7,NT,open,unheld-nt,,full digital exists (pg hit); artifact may still be scarce,,75027,
9780781231121,Oldport Days,Thomas Wentworth Higginson,1873,,1,7,NT,open,unheld-nt,,full digital exists (pg hit); artifact may still be scarce,,2418,
9780781231435,Homestead On The Hillside,Mary Jane Holmes,1856,,1,7,NT,open,unheld-nt,,full digital exists (pg hit); artifact may still be scarce,,14089,
9780781231442,Lena Rivers,Mary Jane Holmes,1856,,1,7,NT,open,unheld-nt,,full digital exists (pg hit); artifact may still be scarce,,12835,
9780781231459,Hugh Worthington,Mary Jane Holmes,1865,,1,7,NT,open,unheld-nt,,full digital exists (pg hit); artifact may still be scarce,,70234,
9780781231466,Ethelyn's Mistake,Mary Jane Holmes,1869,,1,7,NT,open,unheld-nt,,full digital exists (pg hit); artifact may still be scarce,,12104,
9780781231473,Daisy Thornton,Mary Jane Holmes,1878,,1,7,NT,open,unheld-nt,,full digital exists (pg hit); artifact may still be scarce,,37467,
9780781231480,Queenie Hetherton,Mary Jane Holmes,1883,,1,7,NT,open,unheld-nt,,full digital exists (pg hit); artifact may still be scarce,,70474,
9780781231510,Tracy Diamonds,Mary Jane Holmes,1899,,1,7,NT,open,unheld-nt,,full digital exists (pg hit); artifact may still be scarce,,70966,
9780781231527,Rena's Experiment,Mary Jane Holmes,1904,,1,7,NT,open,unheld-nt,,full digital exists (pg hit); artifact may still be scarce,,74886,
9780781231534,Abandoned Farm And Connie's Mistake,Mary Jane Holmes,1905,,1,7,NT,open,unheld-nt,,full digital exists (pg hit); artifact may still be scarce,,70893,
9780781232203,Modern Society,Julia Howe,1881,,1,7,NT,open,unheld-nt,,full digital exists (pg hit); artifact may still be scarce,,36489,
9780781233101,Curiosities Of The American Stage,Laurence Hutton,1891,,1,7,NT,open,unheld-nt,,full digital exists (pg hit); artifact may still be scarce,,39617,
9780781233644,Watch And Ward,Henry James,1871,,1,7,NT,open,unheld-nt,,full digital exists (pg hit); artifact may still be scarce,,72355,
9780781233767,Confidence,Henry James,1879,,1,7,NT,open,unheld-nt,,full digital exists (pg hit); artifact may still be scarce,,178,
9780781233781,Diary Of A Man Of Fifty,Henry James,1880,,1,7,NT,open,unheld-nt,,full digital exists (pg hit); artifact may still be scarce,,2426,
9780781234412,The Finer Grain,Henry James,1910,,1,7,NT,open,unheld-nt,,full digital exists (pg hit); artifact may still be scarce,,21968,
9780781234511,Portraits Of Places,Henry James,1883,,1,7,NT,open,unheld-nt,,full digital exists (pg hit); artifact may still be scarce,,68961,
9780781234535,English Hours,Henry James,1905,,1,7,NT,open,unheld-nt,,full digital exists (pg hit); artifact may still be scarce,,58938,
9780781234559,Italian Hours,Henry James,1909,,1,7,NT,open,unheld-nt,,full digital exists (pg hit); artifact may still be scarce,,6354,
9780781234597,Partial Portraits,Henry James,1888,,1,7,NT,open,unheld-nt,,full digital exists (pg hit); artifact may still be scarce,,58471,
9780781234658,Views And Reviews,Henry James,1908,,1,7,NT,open,unheld-nt,,full digital exists (pg hit); artifact may still be scarce,,37424,
9780781234689,A Small Boy And Others,Henry James,1913,,1,7,NT,open,unheld-nt,,full digital exists (pg hit); artifact may still be scarce,,26115,
9780781234696,Notes Of A Son And Brother,Henry James,1914,,1,7,NT,open,unheld-nt,,full digital exists (pg hit); artifact may still be scarce,,38424,
9780781235105,The Present State Of Virginia,Hugh Jones,1724,,1,7,NT,open,unheld-nt,,full digital exists (pg hit); artifact may still be scarce,,29055,
9780781236584,Journal of a Residence in America,Fanny Kemble,1835,,1,7,NT,open,unheld-nt,,full digital exists (pg hit); artifact may still be scarce,,51932,
9780781236614,Records of Later Life,Fanny Kemble,1882,,1,7,NT,open,unheld-nt,,full digital exists (pg hit); artifact may still be scarce,,30612,
9780781237550,A Study of Hawthorne,George Parsons Lathrop,1876,,1,7,NT,open,unheld-nt,,full digital exists (pg hit); artifact may still be scarce,,8530,
9780781237567,Spanish Vistas,George Parsons Lathrop,1883,,1,7,NT,open,unheld-nt,,full digital exists (pg hit); artifact may still be scarce,,40528,
9780781238014,Wealth Against Commonwealth,Henry Demarest Lloyd,1894,,1,7,NT,open,unheld-nt,,full digital exists (pg hit); artifact may still be scarce,,60473,
9780781238106,Daniel Webster,Henry Cabot Lodge,1883,,1,7,NT,open,unheld-nt,,full digital exists (pg hit); artifact may still be scarce,,13047,
9780781238250,Poems on Slavery,Henry Wadsworth Longfellow,1842,,1,7,NT,open,unheld-nt,,full digital exists (pg hit); artifact may still be scarce,,44398,
9780781238809,The Biglow Papers,James Russell Lowell,1848,,1,7,NT,open,unheld-nt,,full digital exists (pg hit); artifact may still be scarce,,22680,
9780781238816,A Fable for Critics,James Russell Lowell,1848,,1,7,NT,open,unheld-nt,,full digital exists (pg hit); artifact may still be scarce,,66213,
9780781238892,Heartsease and Rue,James Russell Lowell,1888,,1,7,NT,open,unheld-nt,,full digital exists (pg hit); artifact may still be scarce,,68260,
9780781238953,My Study Windows,James Russell Lowell,1871,,1,7,NT,open,unheld-nt,,full digital exists (pg hit); artifact may still be scarce,,73710,
9780781239011,Lectures on English Poets,James Russell Lowell,1897,,1,7,NT,open,unheld-nt,,full digital exists (pg hit); artifact may still be scarce,,72324,
9780781239172,Admiral Farragut,Alfred Thayer Mahan,1892,,1,7,NT,open,unheld-nt,,full digital exists (pg hit); artifact may still be scarce,,27750,
9780781240086,Problem Of The Ohio Mounds,Cyrus Thomas,1889,,1,7,NT,open,unheld-nt,,full digital exists (pg hit); artifact may still be scarce,,4248,
9780781240703,"Prehistoric Villages, Castles And Towers Of Southwestern Colorado",Jesse Walter Fewkes,1919,,1,7,NT,open,unheld-nt,,full digital exists (pg hit); artifact may still be scarce,,69319,
9780781242400,"Travels amongst American Indians, their ancient earthworks and temples; including a journey in Guatemala, Mexico and Yucatan, and a visit to the ruins of Patinamit, Utatlan, Palenque and Uxmal.",Lindesay Brine,1894,,1,7,NT,open,unheld-nt,,full digital exists (pg hit); artifact may still be scarce,,60170,
9780781242547,History of the Indians of North and South America.,Samuel Griswold Goodrich,1855,,1,7,NT,open,unheld-nt,,full digital exists (pg hit); artifact may still be scarce,,54266,
9780781242660,Some observations on the ethnography and archaeology of the American aborigines.,Samuel George Morton,1846,,1,7,NT,open,unheld-nt,,full digital exists (pg hit); artifact may still be scarce,,29215,
9780781244800,Burial mounds of the northern sections of the United States,Cyrus Thomas,1887,,1,7,NT,open,unheld-nt,,full digital exists (pg hit); artifact may still be scarce,,41557,
9780781246491,History of American Socialisms,John Humphrey Noyes,1870,,1,7,NT,open,unheld-nt,,full digital exists (pg hit); artifact may still be scarce,,35687,
9780781246583,Bill Nye's Chestnuts Old and New,Bill Nye,1889,,1,7,NT,open,unheld-nt,,full digital exists (pg hit); artifact may still be scarce,,51961,
9780781246903,Among the Camps,Thomas Nelson Page,1891,,1,7,NT,open,unheld-nt,,full digital exists (pg hit); artifact may still be scarce,,75553,
9780781246927,Elsket and Other Stories,Thomas Nelson Page,1892,,1,7,NT,open,unheld-nt,,full digital exists (pg hit); artifact may still be scarce,,47524,
9780781246965,Two Prisoners,Thomas Nelson Page,1897,,1,7,NT,open,unheld-nt,,full digital exists (pg hit); artifact may still be scarce,,33667,
9780781247009,Gordon Keith,Thomas Nelson Page,1903,,1,7,NT,open,unheld-nt,,full digital exists (pg hit); artifact may still be scarce,,14068,
9780781247030,"John Marvel, Assistant",Thomas Nelson Page,1907,,1,7,NT,open,unheld-nt,,full digital exists (pg hit); artifact may still be scarce,,41817,
9780781247085,The Negro-The Southerner's Problem,Thomas Nelson Page,1904,,1,7,NT,open,unheld-nt,,full digital exists (pg hit); artifact may still be scarce,,70834,
9780781247313,The Book of Roses,Francis Parkman,1866,,1,7,NT,open,unheld-nt,,full digital exists (pg hit); artifact may still be scarce,,47232,
9780781247832,Concord Days,Amos Bronson Alcott,1872,,1,7,NT,open,unheld-nt,,full digital exists (pg hit); artifact may still be scarce,,46209,
9780781252355,Peaches Of New York,U. P. Hedrick,1917,,1,7,NT,open,unheld-nt,,full digital exists (pg hit); artifact may still be scarce,,47263,
9780781254144,Forty Years Of It,Brand Whitlock,1914,,1,7,NT,open,unheld-nt,,full digital exists (pg hit); artifact may still be scarce,,67648,
9780781254878,Blowing Weather,John Thomas McIntyre,1923,,1,7,NT,open,unheld-nt,,full digital exists (pg hit); artifact may still be scarce,,74409,
9780781261005,"England In America, 1580-1652",Lyon Gardner Tyler,1904,,1,7,NT,open,unheld-nt,,full digital exists (pg hit); artifact may still be scarce,,16294,
9780781261098,Washington And His Comrades In Arms; A Chronicle Of The War Of Independence.,George Mckinnon Wrong,1921,,1,7,NT,open,unheld-nt,,full digital exists (pg hit); artifact may still be scarce,,2704,
9780781261104,Eve Of The Revolution; A Chronicle Of The Breach With England,Carl Lotus Becker,1920,,1,7,NT,open,unheld-nt,,full digital exists (pg hit); artifact may still be scarce,,3093,
9780781261197,The Major Operations Of The Navies In The War Of American Independence,Alfred Thayer Mahan,1913,,1,7,NT,open,unheld-nt,,full digital exists (pg hit); artifact may still be scarce,,16602,
9780781261289,Gouverneur Morris,Theodore Roosevelt,1898,,1,7,NT,open,unheld-nt,,full digital exists (pg hit); artifact may still be scarce,,39915,
9780781261708,Judicial Murder Of Mary E. Surratt,David Miller DeWitt,1895,,1,7,NT,open,unheld-nt,,full digital exists (pg hit); artifact may still be scarce,,36188,
9780781262859,Pioneers Of The Old South; A Chronicle Of English Colonial Beginnings.,Mary Johnston,1921,,1,7,NT,open,unheld-nt,,full digital exists (pg hit); artifact may still be scarce,,2898,
9780781262910,A Thousand-mile Walk To The Gulf,John Reid Muir,1916,,1,7,NT,open,unheld-nt,,full digital exists (pg hit); artifact may still be scarce,,60749,
9780781263269,Steep Trails,John Reid Muir,1918,,1,7,NT,open,unheld-nt,,full digital exists (pg hit); artifact may still be scarce,,326,
9780781263634,"Laurier, A Study In Canadian Politics",John Wesley Dafoe,1922,,1,7,NT,open,unheld-nt,,full digital exists (pg hit); artifact may still be scarce,,15509,
9780781266109,Authors And Friends,Annie Fields,1896,,1,7,NT,open,unheld-nt,,full digital exists (pg hit); artifact may still be scarce,,8777,
9780781266659,Fables In Slang,George Ade,1901,,1,7,NT,open,unheld-nt,,full digital exists (pg hit); artifact may still be scarce,,25322,
9780781266710,Eben Holden; A Tale Of The North Country,Irving Bacheller,1903,,1,7,NT,open,unheld-nt,,full digital exists (pg hit); artifact may still be scarce,,2799,
9780781267298,Memories Of Hawthorne,Rose Lathrop,1897,,1,7,NT,open,unheld-nt,,full digital exists (pg hit); artifact may still be scarce,,6926,
9780781267403,'lena Rivers,Mary Jane Holmes,1856,,1,7,NT,open,unheld-nt,,full digital exists (pg hit); artifact may still be scarce,,12835,
9780781267601,Mercy Philbrick's Choice,Helen Hunt Jackson,1876,,1,7,NT,open,unheld-nt,,full digital exists (pg hit); artifact may still be scarce,,10519,
9780781267670,Watch And Ward,Henry James,1878,,1,7,NT,open,unheld-nt,,full digital exists (pg hit); artifact may still be scarce,,72355,
9780781267885,My Study Windows,James Russell Lowell,1871,,1,7,NT,open,unheld-nt,,full digital exists (pg hit); artifact may still be scarce,,73710,
9780781268400,Compromises,Agnes Repplier,1904,,1,7,NT,open,unheld-nt,,full digital exists (pg hit); artifact may still be scarce,,73041,
9780781268417,Essays In Idleness,Agnes Repplier,1893,,1,7,NT,open,unheld-nt,,full digital exists (pg hit); artifact may still be scarce,,59430,
9780781268523,"Edgar Saltus, The Man",Marie Saltus,1925,,1,7,NT,open,unheld-nt,,full digital exists (pg hit); artifact may still be scarce,,37398,
9780781268936,My Summer In A Garden,Charles Dudley Warner,1871,,1,7,NT,open,unheld-nt,,full digital exists (pg hit); artifact may still be scarce,,3135,
9780781269100,Jupiter Lights,Constance Fenimore Woolson,1889,,1,7,NT,open,unheld-nt,,full digital exists (pg hit); artifact may still be scarce,,34282,
9780781269179,In Our Convent Days,Agnes Repplier,1905,,1,7,NT,open,unheld-nt,,full digital exists (pg hit); artifact may still be scarce,,55703,
9780781270533,Views And Reviews,Henry James,1908,,1,7,NT,open,unheld-nt,,full digital exists (pg hit); artifact may still be scarce,,37424,
9780781270687,Victorian Poetry,John Drinkwater,1924,,1,7,NT,open,unheld-nt,,full digital exists (pg hit); artifact may still be scarce,,67894,
9780781270984,Tragedy,Ashley Horace Thorndike,1908,,1,7,NT,open,unheld-nt,,full digital exists (pg hit); artifact may still be scarce,,38711,
9780781271806,Chaucer,Adolphus William Ward,1907,,1,7,NT,open,unheld-nt,,full digital exists (pg hit); artifact may still be scarce,,3624,
9780781271844,Layamon's Brut,Layamon,1924,,1,7,NT,open,unheld-nt,,full digital exists (pg hit); artifact may still be scarce,,14305,
9780781272001,Plague Pamphlets,Thomas Dekker,1925,,1,7,NT,open,unheld-nt,,full digital exists (ht allow); artifact may still be scarce,,,
9780781272261,Spenser,Richard William Church,1906,,1,7,NT,open,unheld-nt,,full digital exists (pg hit); artifact may still be scarce,,31101,
9780781272834,Shakespeare,Sir Walter Alexander Raleigh,1907,,1,7,NT,open,unheld-nt,,full digital exists (pg hit); artifact may still be scarce,,75821,
9780781273527,Fielding,Austin Dobson,1907,,1,7,NT,open,unheld-nt,,full digital exists (pg hit); artifact may still be scarce,,6689,
9780781273886,Milton,Mark Pattison,1911,,1,7,NT,open,unheld-nt,,full digital exists (pg hit); artifact may still be scarce,,8770,
9780781273893,Milton,Sir Walter Alexander Raleigh,1900,,1,7,NT,open,unheld-nt,,full digital exists (pg hit); artifact may still be scarce,,21677,
9780781274654,Life And Letters Of Robert Browning,Alexandra Leighton Orr,1908,,1,7,NT,open,unheld-nt,,full digital exists (pg hit); artifact may still be scarce,,655,
9780781274920,Carlyle And Mill; An Introduction To Victorian Thought BCL1-PR English Literature),Emery Edward Neff,1926,,1,7,NT,open,unheld-nt,,full digital exists (ia hit); artifact may still be scarce,,,
9780781274951,Songs From Vagabondia,Bliss Carman,1895,,1,7,NT,open,unheld-nt,,full digital exists (pg hit); artifact may still be scarce,,18238,
9780781275330,Demos,George Gissing,1886,,1,7,NT,open,unheld-nt,,full digital exists (pg hit); artifact may still be scarce,,4309,
9780781275798,Ravenshoe,Henry Kingsley,1925,,1,7,NT,open,unheld-nt,,full digital exists (pg hit); artifact may still be scarce,,41636,
9780781276627,Southey,Edward Dowden,1906,,1,7,NT,open,unheld-nt,,full digital exists (pg hit); artifact may still be scarce,,61983,
9780781276665,Island Nights' Entertainments,Robert Louis Stevenson,1921,,1,7,NT,open,unheld-nt,,full digital exists (pg hit); artifact may still be scarce,,329,
9780781278478,Three Partners,Bret Harte,1896,,1,7,NT,open,unheld-nt,,full digital exists (pg hit); artifact may still be scarce,,2560,
9780781278485,Tales of the Argonauts,Bret Harte,1896,,1,7,NT,open,unheld-nt,,full digital exists (pg hit); artifact may still be scarce,,2886,
9780781278508,Clarence,Bret Harte,1896,,1,7,NT,open,unheld-nt,,full digital exists (pg hit); artifact may still be scarce,,2635,
9780781282000,"Reminiscences, 1819-1899",Julia Ward Howe,1899,,1,7,NT,open,unheld-nt,,full digital exists (pg hit); artifact may still be scarce,,32603,
9780781282437,Memoirs,Charles Godfrey Leland,1893,,1,7,NT,open,unheld-nt,,full digital exists (pg hit); artifact may still be scarce,,22030,
9780781283304,Unpublishable Memoirs,Abraham Simon Wolf Rosenbach,1917,,1,7,NT,open,unheld-nt,,full digital exists (pg hit); artifact may still be scarce,,38746,
9780781283366,A Truthful Woman in Southern California,Kate Sanborn,1893,,1,7,NT,open,unheld-nt,,full digital exists (pg hit); artifact may still be scarce,,19391,
9780781284028,Story of My Life and Work,Booker T. Washington,1900,,1,7,NT,open,unheld-nt,,full digital exists (pg hit); artifact may still be scarce,,61953,
9780781284141,Forty Years Of It,Brand Whitlock,1914,,1,7,NT,open,unheld-nt,,full digital exists (pg hit); artifact may still be scarce,,67648,
9780781284332,Confederate Wizards of the Saddle,Bennett Harrison Young,1914,,1,7,NT,open,unheld-nt,,full digital exists (pg hit); artifact may still be scarce,,70204,
9780781287074,The Old Continental,"Paulding, James Kirke",1846,,1,7,NT,open,unheld-nt,,full digital exists (ht allow); artifact may still be scarce,,,
9780781287821,Afterwhiles,James Whitcomb Riley,1887,,1,7,NT,open,unheld-nt,,full digital exists (pg hit); artifact may still be scarce,,15862,
9780781289207,Tales Out of School,Frank R. Stockton,1875,,1,7,NT,open,unheld-nt,,full digital exists (pg hit); artifact may still be scarce,,71711,
9780781289306,The Squirrel Inn,Frank R. Stockton,1891,,1,7,NT,open,unheld-nt,,full digital exists (pg hit); artifact may still be scarce,,28662,
9780781290036,Musical Memories,Cammille Saint-saens,1922,,1,7,NT,open,unheld-nt,,full digital exists (pg hit); artifact may still be scarce,,16459,
9780781291057,My Musical Life,Walter Johannes Damrosch,1926,,1,7,NT,open,unheld-nt,,full digital exists (pg hit); artifact may still be scarce,,58871,
9780781291323,Music; An Art And A Language,Walter Raymond Spalding,1920,,1,7,NT,open,unheld-nt,,full digital exists (pg hit); artifact may still be scarce,,30560,
9780781297066,Musical Studies,Ernest Newman,1910,,1,7,NT,open,unheld-nt,,full digital exists (pg hit); artifact may still be scarce,,56615,
9780781297707,Birds in the Bush,Bradford Torrey,1885,,1,7,NT,open,unheld-nt,,full digital exists (pg hit); artifact may still be scarce,,28019,
9780781297806,Friends on the Shelf,Bradford Torrey,1906,,1,7,NT,open,unheld-nt,,full digital exists (pg hit); artifact may still be scarce,,67810,
9780781297943,The Drummer Boy,John Townsend Trowbridge,1863,,1,7,NT,open,unheld-nt,,full digital exists (pg hit); artifact may still be scarce,,19999,
9780781299022,Their Pilgrimage,Charles Dudley Warner,1887,,1,7,NT,open,unheld-nt,,full digital exists (pg hit); artifact may still be scarce,,3102,
9780781299046,Our Italy,Charles Dudley Warner,1891,,1,7,NT,open,unheld-nt,,full digital exists (pg hit); artifact may still be scarce,,28506,
9780781299084,That Fortune,Charles Dudley Warner,1899,,1,7,NT,open,unheld-nt,,full digital exists (pg hit); artifact may still be scarce,,3105,
9780785911050,La\Messe la Bas,Paul Claudel,1919,,1,7,NT,open,unheld-nt,,full digital exists (pg hit); artifact may still be scarce,,79457,
9780788413438,"History of Butler County, Iowa",Union Publishing Company,1883,,1,7,NT,open,unheld-nt,,full digital exists (ht allow); artifact may still be scarce,,,
9780788415678,Historic Genealogy of the Lowells of America from 1639 to 1899,Delmar R. Lowell,1899,,1,7,NT,open,unheld-nt,,full digital exists (ht allow); artifact may still be scarce,,,
9780800708528,"As Jesus passed by, and other addresses","Smith, Gipsy, 1860-1947",1905,,1,7,NT,open,unheld-nt,,full digital exists (ht allow); artifact may still be scarce,,,
9780802016072,philosophie de l'histoire,Voltaire,1969,fre,1,7,NT,open,unheld-nt,,full digital exists (ia hit); artifact may still be scarce,,,
9780803251892,Pinnale Jake,University of Nebraska Pr,1920,,1,7,NT,open,unheld-nt,,full digital exists (ia hit); artifact may still be scarce,,,
9780803871991,PHOTOGRAPHY IN THE 20TH CENTUR,,1900,,1,7,NT,open,single,dnb,full digital exists (ia hit); artifact may still be scarce,,,
9780804188579,Why Not Me - Target Edition,Mindy Kaling,1780,,1,7,NT,open,unheld-nt,,full digital exists (ia hit); artifact may still be scarce,,,
9780804604215,Southey,,1906,,1,7,NT,open,unheld-nt,,full digital exists (ia hit); artifact may still be scarce,,,
9780806112480,Pony Tracks,Frederic Remington,1961,und,1,7,NT,open,unheld-nt,,full digital exists (pg hit); artifact may still be scarce,,41011,
9780809421084,Seamanship,,1860,,1,7,NT,open,unheld-nt,,full digital exists (ht allow); artifact may still be scarce,,,
9780813680033,"IF I WERE A FISH, SINGLE COPY, ENGLISH, WINNER'S CIRCLE",MODERN CURRICULUM PRESS,1901,,1,7,NT,open,unheld-nt,,full digital exists (ia hit); artifact may still be scarce,,,
9780819602237,The Theory of Poetry,Lascelles Abercrombie,1926,,1,7,NT,open,unheld-nt,,full digital exists (ia hit); artifact may still be scarce,,,
9780819701787,Gleanings,,1860,,1,7,NT,open,unheld-nt,,full digital exists (ht allow); artifact may still be scarce,,,
9780821551011,Progress in Mathematics Student Workbook Grade 1,Sam Greenlee,1900,,1,7,NT,open,unheld-nt,,full digital exists (ia hit); artifact may still be scarce,,,
9780821551028,Progress in Mathematics ©2014 Common Core Enriched Edition Student Workbook Grade 2,-,1900,,1,7,NT,open,unheld-nt,,full digital exists (ia hit); artifact may still be scarce,,,
9780821566312,Vocabulary Workshop Enriched Edition Level F Grade 11 by Jerome Shostak (2012-05-03) (Original Version),Jerome Shostak,1783,,1,7,NT,open,unheld-nt,,full digital exists (ia hit); artifact may still be scarce,,,
9780821579008,Sadlier Phonics Level K Student Book,-,1900,,1,7,NT,open,unheld-nt,,full digital exists (ia hit); artifact may still be scarce,,,
9780825800405,"Etudes and caprices for violin, op. 35",Jakob Dont,1903,,1,7,NT,open,unheld-nt,,full digital exists (ht allow); artifact may still be scarce,,,
9780825803734,Complete Method for the French Horn,O. Franz,1906,,1,7,NT,open,unheld-nt,,full digital exists (ht allow); artifact may still be scarce,,,
9780825803765,"Tchaikovsky Concerto for Violin and Piano, Op. 35 (Carl Fischer Music Library, L848)",Tchaikovsky,1919,,1,7,NT,open,unheld-nt,,full digital exists (ht allow); artifact may still be scarce,,,
9780825806834,Three Duos Concertantes for Two Flutes Op.10,Friedrich Kuhlau,1917,,1,7,NT,open,unheld-nt,,full digital exists (ht allow); artifact may still be scarce,,,
9780825809200,Practical Studies for the Trumpet,E.F. Goldman,1921,,1,7,NT,open,unheld-nt,,full digital exists (ht allow); artifact may still be scarce,,,
9780825823206,Chinese Mother Goose Rhymes,Bainbridge Crist,1917,,1,7,NT,open,unheld-nt,,full digital exists (ht allow); artifact may still be scarce,,,
9780827434448,Social Life at Rome in the Age of Cicero,Warde Fowler,1916,,1,7,NT,open,unheld-nt,,full digital exists (pg hit); artifact may still be scarce,,11256,
9780827438651,Literary and Social Essays,George W. Curtis,1894,,1,7,NT,open,unheld-nt,,full digital exists (pg hit); artifact may still be scarce,,8108,
9780833715012,"Bibliografía de la Reforma, la Intervención y el Imperio.",Jesús Guzmán y Raz Guzmán,1930,spa,1,7,NT,open,single,loc,full digital exists (ht allow); artifact may still be scarce,,,
9780835671101,Textbook of Theosophy,Charles Webster Leadbeater,1912,,1,7,NT,open,unheld-nt,,full digital exists (pg hit); artifact may still be scarce,,12902,
9780836902686,"Humour of Homer, and Other Essays",Samuel Butler,1914,,1,7,NT,open,unheld-nt,,full digital exists (pg hit); artifact may still be scarce,,12651,
9780836919196,Alla breve,"Engel, Carl, 1883-1944.",1921,,1,7,NT,open,single,loc,full digital exists (ht allow); artifact may still be scarce,,,
9780836950113,Sea Life in Nelson's Time,John Masefield,1905,,1,7,NT,open,unheld-nt,,full digital exists (pg hit); artifact may still be scarce,,70699,
9780837480060,Leveled Reading40 Ready To Use Lessons Gr 2,,1900,,1,7,NT,open,unheld-nt,,full digital exists (ia hit); artifact may still be scarce,,,
9780838818879,Starting Comprehension Phonetically 6,,1656,,1,7,NT,open,unheld-nt,,full digital exists (ia hit); artifact may still be scarce,,,
9780840022165,Contemporary Medical Surgical Nursing[Instructor's Ed. of 2nd ed.,Rick Daniels,1912,,1,7,NT,open,unheld-nt,,full digital exists (ia hit); artifact may still be scarce,,,
9780840028525,"Enduring Vision : A History of the American People, by Boyer, 7th Edition, Volume 2",,1913,,1,7,NT,open,unheld-nt,,full digital exists (ia hit); artifact may still be scarce,,,
9780840049322,Single Variable Calculus with Vector Functions,Donald Ogden Stewart,1912,,1,7,NT,open,unheld-nt,,full digital exists (ia hit); artifact may still be scarce,,,
9780840733047,Thru the Bible Commentary Hebrews,Vernon McGee,1920,,1,7,NT,open,unheld-nt,,full digital exists (ia hit); artifact may still be scarce,,,
9780841454231,The Slave Ship,Mary Johnston,1924,,1,7,NT,open,unheld-nt,,full digital exists (pg hit); artifact may still be scarce,,79439,
9780844620169,Of the Just Shaping of Letters,Albrecht Dürer,1911,,1,7,NT,open,unheld-nt,,full digital exists (pg hit); artifact may still be scarce,,37103,
9780851580487,Shoes of Fortune.,Neil Munro,1949,und,1,7,NT,open,unheld-nt,,full digital exists (pg hit); artifact may still be scarce,,43732,
9780851661476,The Arctic,,1948,ger,1,7,NT,open,unheld-nt,,full digital exists (ht allow); artifact may still be scarce,,,
9780854520343,Old Celtic Romances.,P. W. Joyce,1961,und,1,7,NT,open,unheld-nt,,full digital exists (pg hit); artifact may still be scarce,,38041,
9780855944971,Passionate Elopement.,Sir Compton Mackenzie,1967,und,1,7,NT,open,unheld-nt,,full digital exists (pg hit); artifact may still be scarce,,38177,
9780857058485,Abigail,,1835,,1,7,NT,open,unheld-nt,,full digital exists (ht allow); artifact may still be scarce,,,
9780857077783,ZOM-B Mission,,1878,,1,7,NT,open,unheld-nt,,full digital exists (ia hit); artifact may still be scarce,,,
9780857079763,Dr Proctor,Jo Nesbø,1702,,1,7,NT,open,unheld-nt,,full digital exists (ia hit); artifact may still be scarce,,,
9780857328724,Computerised Accounting - Combined Text and Workbook,Kaplan Publishing,1638,,1,7,NT,open,unheld-nt,,full digital exists (ia hit); artifact may still be scarce,,,
9780857361035,Sound at Sight Saxophone Book 2 : Grades 5-8,"RAE,J",1746,,1,7,NT,open,unheld-nt,,full digital exists (ia hit); artifact may still be scarce,,,
9780857362247,GUITAR GRADE 6 2012-2017,Trinity College London,1824,,1,7,NT,open,unheld-nt,,full digital exists (ia hit); artifact may still be scarce,,,
9780873340472,Tosefta ki-feshutah,"Lieberman, Saul",1955,heb,1,7,NT,open,single,loc,full digital exists (ht allow); artifact may still be scarce,,,
9780887242427,Classification,,1905,,1,7,NT,open,unheld-nt,,full digital exists (ht allow); artifact may still be scarce,,,
9780893711634,Armide,Philippe Quinault,1802,,1,7,NT,open,unheld-nt,,full digital exists (ht allow); artifact may still be scarce,,,
9780900177026,Greek manuscripts,H.O. Coxe,1969,lat,1,7,NT,open,single,loc,full digital exists (ht allow); artifact may still be scarce,,,
9780900874291,Hogarth,,1883,,1,7,NT,open,unheld-nt,,full digital exists (ht allow); artifact may still be scarce,,,
9780907210016,Priestcraft,,1921,,1,7,NT,open,unheld-nt,,full digital exists (ht allow); artifact may still be scarce,,,
9780912422237,History of the Society of Jesus,J. M. S. Daurignac,1865,,1,7,NT,open,unheld-nt,,full digital exists (ht allow); artifact may still be scarce,,,
9780932062550,Cleopatra,Claude Ferval,1924,,1,7,NT,open,unheld-nt,,full digital exists (pg hit); artifact may still be scarce,,61712,
9780945971351,Java,Emilie van Kerckhoff,1912,,1,7,NT,open,unheld-nt,,full digital exists (ht allow); artifact may still be scarce,,,
9780953815241,Avoca Salads,Hugo Arnold,1824,,1,7,NT,open,unheld-nt,,full digital exists (ia hit); artifact may still be scarce,,,
9780955029844,Can You Manage?,Tim Healy,1884,,1,7,NT,open,unheld-nt,,full digital exists (ia hit); artifact may still be scarce,,,
9780955033896,Jack the Station Cat Takes Charge,Alan Cliff,1600,,1,7,NT,open,unheld-nt,,full digital exists (ia hit); artifact may still be scarce,,,
9780955698538,Tapestry,,1887,,1,7,NT,open,unheld-nt,,full digital exists (ia hit); artifact may still be scarce,,,
9780955809019,Ultimate Nintendo Wii Cheats and Guides - Get the Most from Wii Fit!,Papercut,1709,,1,7,NT,open,unheld-nt,,full digital exists (ia hit); artifact may still be scarce,,,
9780955964022,Jack's Yak,Keith Richardson,1756,,1,7,NT,open,unheld-nt,,full digital exists (ia hit); artifact may still be scarce,,,
9780955997211,The Lure of Coloured Rocks and Gemstone Jewellery,Steve Bennett,1600,,1,7,NT,open,unheld-nt,,full digital exists (ia hit); artifact may still be scarce,,,
9780956018410,Sounds from Dangerous Places,Peter Cusack,1700,,1,7,NT,open,multi,"bnf,dnb",full digital exists (ia hit); artifact may still be scarce,,,
9780956067722,Science Study Guide for Key Stage 2,"Haslam, Mark, Hall, June",1844,,1,7,NT,open,unheld-nt,,full digital exists (ia hit); artifact may still be scarce,,,
9780956269317,The 1st Comic Book : Book 1,Alis Rowe,1686,,1,7,NT,open,unheld-nt,,full digital exists (ia hit); artifact may still be scarce,,,
9780956428509,How I Managed to Reverse Diabetes and Lose Weight,Andrew D. Owen,1850,,1,7,NT,open,unheld-nt,,full digital exists (ia hit); artifact may still be scarce,,,
9780956435538,15 Method : 20 Questions,Rowles Sarah,1784,,1,7,NT,open,unheld-nt,,full digital exists (ia hit); artifact may still be scarce,,,
9780956572905,License to Inspire,Central Illustration Agency,1700,,1,7,NT,open,unheld-nt,,full digital exists (ia hit); artifact may still be scarce,,,
9780956857699,Landmarks,E. V. Lucas,1915,,1,7,NT,open,unheld-nt,,full digital exists (ht allow); artifact may still be scarce,,,
9780956882707,Haunted Pubs and Hotels in and around Worcestershire,Anne Bradford,1870,,1,7,NT,open,unheld-nt,,full digital exists (ia hit); artifact may still be scarce,,,
9780970553102,Diary,,1910,,1,7,NT,open,unheld-nt,,full digital exists (ht allow); artifact may still be scarce,,,
9780986242106,Margaret,,1868,,1,7,NT,open,unheld-nt,,full digital exists (ia hit); artifact may still be scarce,,,
9780988496699,The Red Sea Rules Study Guide,,1816,,1,7,NT,open,unheld-nt,,full digital exists (ia hit); artifact may still be scarce,,,
9780988812307,"Buy Your Tomorrows Today (Buy Your Tomorrows Today, ""People Insurance"" one agent's guide to taking clients and their professional advisors to a new level of process and service.)",David E. Appel,1750,,1,7,NT,open,unheld-nt,,full digital exists (ia hit); artifact may still be scarce,,,
9780989263405,International Masters of Photography Volume 2,,1914,,1,7,NT,open,unheld-nt,,full digital exists (ia hit); artifact may still be scarce,,,
9780989707206,Just B,Melody Ashling Kloepfer,1914,,1,7,NT,open,unheld-nt,,full digital exists (ia hit); artifact may still be scarce,,,
9780991648825,On the Road with the Whitworths,Helen Buell Whitworth,1915,,1,7,NT,open,unheld-nt,,full digital exists (ia hit); artifact may still be scarce,,,
9780991996292,A Discourse Upon The Origin And The Foundation Of The Inequality Among Mankind,Jean-Jacques Rousseau,1755,,1,7,NT,open,unheld-nt,,full digital exists (pg hit); artifact may still be scarce,,11136,
9780992625405,Nail Candy,Brian Close,1840,,1,7,NT,open,unheld-nt,,full digital exists (ia hit); artifact may still be scarce,,,
9781013124570,Goethe's Werke,,1816,,1,7,NT,open,unheld-nt,,full digital exists (ht allow); artifact may still be scarce,,,
9781111830045,Ie American Government 13e,,1913,,1,7,NT,open,unheld-nt,,full digital exists (ia hit); artifact may still be scarce,,,
9781111830120,Aie Interacciones W Aud 7e,Spinelli Garcia Floo,1656,,1,7,NT,open,unheld-nt,,full digital exists (ia hit); artifact may still be scarce,,,
9781111830847,IE AMERICAN PAGEANT 15E,,1913,,1,7,NT,open,unheld-nt,,full digital exists (ia hit); artifact may still be scarce,,,
9781111831790,Ie Elements of Culture,Andreatta Ferraro,1913,,1,7,NT,open,unheld-nt,,full digital exists (ia hit); artifact may still be scarce,,,
9781111832452,Ie Sociology in Our Itmes 9e,Diana Kendall,1913,,1,7,NT,open,unheld-nt,,full digital exists (ia hit); artifact may still be scarce,,,
9781111833022,Ie Pocket Keys for Writers 4e,Raimes,1913,,1,7,NT,open,unheld-nt,,full digital exists (ia hit); artifact may still be scarce,,,
9781111833053,IE TEXAS POLITICS 12E,Newell Prindle Riddl,1913,,1,7,NT,open,unheld-nt,,full digital exists (ia hit); artifact may still be scarce,,,
9781111833770,Ie Sociology 11e,Jon Shepard,1913,,1,7,NT,open,unheld-nt,,full digital exists (ia hit); artifact may still be scarce,,,
9781111833923,Ie Design Basics 2d and 3d 3e,Pentak Roth,1913,,1,7,NT,open,unheld-nt,,full digital exists (ia hit); artifact may still be scarce,,,
9781111834739,Ie Writing Reporting News 7e,,1913,,1,7,NT,open,unheld-nt,,full digital exists (ia hit); artifact may still be scarce,,,
9781111835033,Ie Human Development 6e,,1913,,1,7,NT,open,unheld-nt,,full digital exists (ia hit); artifact may still be scarce,,,
9781111835392,Human Development,"Cavanaugh, John C., Kail, Robert V., Jr.",1777,,1,7,NT,open,unheld-nt,,full digital exists (ia hit); artifact may still be scarce,,,
9781111835552,Ie Stress Health Well Being,Harrington,1913,,1,7,NT,open,unheld-nt,,full digital exists (ia hit); artifact may still be scarce,,,
9781111835965,Ie Orientation Coll Lrng 7e,Vanblerkom,1913,,1,7,NT,open,unheld-nt,,full digital exists (ia hit); artifact may still be scarce,,,
9781111836368,Comparative Politics Domestic Responses to Global Challenges Eighth AP Edition,,1913,,1,7,NT,open,unheld-nt,,full digital exists (ia hit); artifact may still be scarce,,,
9781111836597,IE LINGUISTICS F EVERYONE 2E,Denham Lobeck,1913,,1,7,NT,open,unheld-nt,,full digital exists (ia hit); artifact may still be scarce,,,
9781111837235,IE WESTERN CIVIL BRF COMP 10E,,1913,,1,7,NT,open,unheld-nt,,full digital exists (ia hit); artifact may still be scarce,,,
9781111837242,IE WESTERN CIVIL BRF VL I 10E,Perry,1913,,1,7,NT,open,unheld-nt,,full digital exists (ia hit); artifact may still be scarce,,,
9781111837495,"Aie Psych Theme Variation 9e [Hardcover] [Jan 01, 2012] Weiten",Weiten,1913,,1,7,NT,open,unheld-nt,,full digital exists (ia hit); artifact may still be scarce,,,
9781111837884,Ie Choices in Relationship 11e,,1913,,1,7,NT,open,unheld-nt,,full digital exists (ia hit); artifact may still be scarce,,,
9781111837938,IE VOCES DE HISPANOAMER 5E,Raquel Chang Rodriguez,1913,,1,7,NT,open,unheld-nt,,full digital exists (ia hit); artifact may still be scarce,,,
9781111838096,Ie Understand Art 10e,Fichner Rathus,1913,,1,7,NT,open,unheld-nt,,full digital exists (ia hit); artifact may still be scarce,,,
9781111838140,Ie Ess Phys Anthropology 9e,Jurmain Kilgore Trev,1913,,1,7,NT,open,unheld-nt,,full digital exists (ia hit); artifact may still be scarce,,,
9781111839215,IE UNDERSTND STATS BEH SCI 10E,,1913,,1,7,NT,open,unheld-nt,,full digital exists (ia hit); artifact may still be scarce,,,
9781111852726,Dark Flower,John Galsworthy,1926,,1,7,NT,open,unheld-nt,,full digital exists (pg hit); artifact may still be scarce,,2192,
9781116083811,History of the Church of Scotland,W. M. Hetherington,1852,,1,7,NT,open,unheld-nt,,full digital exists (ht allow); artifact may still be scarce,,,
9781116566123,Life of Thomas Paine,,1892,,1,7,NT,open,unheld-nt,,full digital exists (ht allow); artifact may still be scarce,,,
9781117340258,"Col. Marinus Willett, the hero of Mohawk Valley",,1891,,1,7,NT,open,unheld-nt,,full digital exists (ht allow); artifact may still be scarce,,,
9781117940779,The Jewel Merchants. A comedy in one act,James Branch Cabell,1921,,1,7,NT,open,unheld-nt,,full digital exists (pg hit); artifact may still be scarce,,9829,
9781125118160,Winchester,G. W. Kitchin,1897,,1,7,NT,open,unheld-nt,,full digital exists (ht allow); artifact may still be scarce,,,
9781125128817,The Wonderful Year.,William J. Locke,1916,,1,7,NT,open,unheld-nt,,full digital exists (pg hit); artifact may still be scarce,,60123,
9781125139578,The World Decision,Robert Herrick,1916,,1,7,NT,open,unheld-nt,,full digital exists (pg hit); artifact may still be scarce,,8529,
9781125609125,The Sea-Wolf,Jack London,1904,,1,7,NT,open,unheld-nt,,full digital exists (pg hit); artifact may still be scarce,,1074,
9781125620267,THE Moon and Sixpence,William Somerset Maugham,1919,,1,7,NT,open,unheld-nt,,full digital exists (pg hit); artifact may still be scarce,,222,
9781131040103,The Nigger of the Narcissus,Joseph Conrad,1923,,1,7,NT,open,unheld-nt,,full digital exists (pg hit); artifact may still be scarce,,17731,
9781135209612,The Princess,Alfred Tennyson Tennyson,1911,,1,7,NT,open,unheld-nt,,full digital exists (pg hit); artifact may still be scarce,,791,
9781135799472,Evangeline a Tale of Acadie,Henry Wadsworth Longfellow,1898,,1,7,NT,open,unheld-nt,,full digital exists (pg hit); artifact may still be scarce,,2039,
9781299482227,Poems,Alan Seeger;  Introduction  William Archer,1916,,1,7,NT,open,unheld-nt,,full digital exists (pg hit); artifact may still be scarce,,617,
9781375521222,Discoveries at Ephesus,J. T. Wood,1877,,1,7,NT,open,unheld-nt,,full digital exists (ht allow); artifact may still be scarce,,,
9781399958592,Thais,Anatole France,1926,,1,7,NT,open,unheld-nt,,full digital exists (pg hit); artifact may still be scarce,,1342,
9781402192807,Constantinople during the Crimean War,,1863,,1,7,NT,open,unheld-nt,,full digital exists (ht allow); artifact may still be scarce,,,
9781402730542,The Story of King Arthur and His Knights,Howard Pyle,1904,,1,7,NT,open,unheld-nt,,full digital exists (pg hit); artifact may still be scarce,,60184,
9781404726505,The Second Book of Tales,Eugene Field,1896,,1,7,NT,open,unheld-nt,,full digital exists (pg hit); artifact may still be scarce,,21809,
9781404753433,Green Bay Tree,Louis Bromfield,1924,,1,7,NT,open,unheld-nt,,full digital exists (pg hit); artifact may still be scarce,,73944,
9781404770683,Victorian Poetry,John Drinkwater,1924,,1,7,NT,open,unheld-nt,,full digital exists (pg hit); artifact may still be scarce,,67894,
9781404780057,The Education of Henry Adams,Henry Adams,1918,,1,7,NT,open,unheld-nt,,full digital exists (pg hit); artifact may still be scarce,,2044,
9781404782389,"The Discovery of Yellowstone Park, Journal of the Washburn Expedition to the Yellowstone and Firehole Rivers in the Year 1870",Nathaniel Pitt Langford,1905,,1,7,NT,open,unheld-nt,,full digital exists (pg hit); artifact may still be scarce,,11145,
9781404791312,The Common Sense of Music,Sigmund Gottfried Spaeth,1924,,1,7,NT,open,unheld-nt,,full digital exists (ia hit); artifact may still be scarce,,,
9781405339001,Wolverine Awesome Powers,DK Publishing,1800,,1,7,NT,open,unheld-nt,,full digital exists (ia hit); artifact may still be scarce,,,
9781405492911,Historia de la Aviacion,David Simons,1891,,1,7,NT,open,unheld-nt,,full digital exists (ia hit); artifact may still be scarce,,,
9781406263404,Metal,,1893,,1,7,NT,open,unheld-nt,,full digital exists (ht allow); artifact may still be scarce,,,
9781406335132,"Share a story,one,two,flea! Book",,1900,,1,7,NT,open,unheld-nt,,full digital exists (ia hit); artifact may still be scarce,,,
9781406335156,"Share a story,the ravenous beast book",,1900,,1,7,NT,open,unheld-nt,,full digital exists (ia hit); artifact may still be scarce,,,
9781406335163,share a story have you seen the crocodile book,,1900,,1,7,NT,open,unheld-nt,,full digital exists (ia hit); artifact may still be scarce,,,
9781406360110,Voices from the Second World War,First News (UK) Limited,1800,,1,7,NT,open,unheld-nt,,full digital exists (ia hit); artifact may still be scarce,,,
9781406360370,By Cassandra Clare - City of Heavenly Fire    [Paperback],Cassandra Clare,1837,,1,7,NT,open,unheld-nt,,full digital exists (ia hit); artifact may still be scarce,,,
9781407148748,A Tiny Bit Lucky,Liz Pichon,1844,,1,7,NT,open,unheld-nt,,full digital exists (ia hit); artifact may still be scarce,,,
9781418163778,The twenty-seven lines upon the cubic surface ... by Archibald Henderson.,Archibald Henderson,1915,,1,7,NT,open,unheld-nt,,full digital exists (ht allow); artifact may still be scarce,,,
9781424214266,Weather Science,,1912,,1,7,NT,open,unheld-nt,,full digital exists (ht allow); artifact may still be scarce,,,
9781429719186,"Petition and memorial of David Quinn, asking for the re-establishment of Negro slavery in the United States.",David Quinn,1866,,1,7,NT,open,unheld-nt,,full digital exists (pg hit); artifact may still be scarce,,70099,
9781429723602,Slavery and the Constitution.,William I. (William Ingersoll) Bowditch,1849,,1,7,NT,open,unheld-nt,,full digital exists (pg hit); artifact may still be scarce,,38716,
9781439257968,Sumatra,Norman Nabutola,1902,,1,7,NT,open,unheld-nt,,full digital exists (ht allow); artifact may still be scarce,,,
9781465250087,Thriving at Tidewater Community College and Beyond,,1753,,1,7,NT,open,unheld-nt,,full digital exists (ia hit); artifact may still be scarce,,,
9781465250650,History and Tradition of Jazz - Text,Thomas E Larson,1753,,1,7,NT,open,unheld-nt,,full digital exists (ia hit); artifact may still be scarce,,,
9781471120022,Forever Too Far,Abbi Glines,1800,,1,7,NT,open,unheld-nt,,full digital exists (ia hit); artifact may still be scarce,,,
9781471143861,"Come On, Tiger Tom",,1886,,1,7,NT,open,unheld-nt,,full digital exists (ia hit); artifact may still be scarce,,,
9781471147753,Surviving High School,Lele Pons & Melissa de la Cruz,1849,,1,7,NT,open,unheld-nt,,full digital exists (ia hit); artifact may still be scarce,,,
9781472121448,Agatha Raisin,M.C. Beaton,1752,,1,7,NT,open,unheld-nt,,full digital exists (ia hit); artifact may still be scarce,,,
9781472215246,John Whaite Bakes,,1900,,1,7,NT,open,unheld-nt,,full digital exists (ia hit); artifact may still be scarce,,,
9781472349088,All Things Sweet to Eat,,1808,,1,7,NT,open,unheld-nt,,full digital exists (ia hit); artifact may still be scarce,,,
9781472388384,Disney Cinderella Book of the Film,Disney;,1800,,1,7,NT,open,unheld-nt,,full digital exists (ia hit); artifact may still be scarce,,,
9781487200077,Supreme Court,,1885,,1,7,NT,open,unheld-nt,,full digital exists (ht allow); artifact may still be scarce,,,
9781495124631,Texas,"Kennedy, William",1925,,1,7,NT,open,unheld-nt,,full digital exists (ht allow); artifact may still be scarce,,,
9781500149192,The Age of Innocence,Edith Wharton,1920,,1,7,NT,open,unheld-nt,,full digital exists (pg hit); artifact may still be scarce,,541,
9781500216481,The Waste Land,T. S. Eliot,1922,,1,7,NT,open,unheld-nt,,full digital exists (pg hit); artifact may still be scarce,,1321,
9781500414252,Scott's Lady of the Lake,Sir Walter Scott,1893,,1,7,NT,open,unheld-nt,,full digital exists (pg hit); artifact may still be scarce,,45888,
9781500690618,Spring Notes From Tennessee,Mr Bradford Torrey,1896,,1,7,NT,open,unheld-nt,,full digital exists (pg hit); artifact may still be scarce,,45708,
9781503121522,Vesper Talks To Girls,Ms Laura A Knott,1916,,1,7,NT,open,unheld-nt,,full digital exists (pg hit); artifact may still be scarce,,45641,
9781508410584,Like Christ,Andrew Murray,1895,,1,7,NT,open,unheld-nt,,full digital exists (ht allow); artifact may still be scarce,,,
9781508456438,A Graduated English-Welsh Spelling Book,Mr John Lewis,1857,,1,7,NT,open,unheld-nt,,full digital exists (pg hit); artifact may still be scarce,,48043,
9781508559306,Adventures and Enthusiasms,Mr Edward Verrall Lucas,1920,,1,7,NT,open,unheld-nt,,full digital exists (pg hit); artifact may still be scarce,,34462,
9781508693802,All Sorts and Conditions of Men,Walter Besant,1882,,1,7,NT,open,unheld-nt,,full digital exists (ia hit); artifact may still be scarce,,,
9781508893455,Duality Of Voice,Mr Emil Sutro,1899,,1,7,NT,open,unheld-nt,,full digital exists (pg hit); artifact may still be scarce,,48486,
9781508929383,Sir Wilfrid Laurier,Mr Peter McArthur,1919,,1,7,NT,open,unheld-nt,,full digital exists (pg hit); artifact may still be scarce,,48500,
9781508929567,Stories from Wagner,J. Walker McSpadden,1912,,1,7,NT,open,unheld-nt,,full digital exists (ia hit+pg hit); artifact may still be scarce,,47139,
9781508961406,The Cult Of Incompetence,Mr Emile Faguet,1912,,1,7,NT,open,unheld-nt,,full digital exists (pg hit); artifact may still be scarce,,27368,
9781509715749,CIMA E2 Project and Relationship Management,,1712,,1,7,NT,open,unheld-nt,,full digital exists (ia hit); artifact may still be scarce,,,
9781509807383,Fisher Lass B Spl,,1900,,1,7,NT,open,unheld-nt,,full digital exists (ia hit); artifact may still be scarce,,,
9781509807406,Lights of Liverpool B Spl,,1900,,1,7,NT,open,unheld-nt,,full digital exists (ia hit); artifact may still be scarce,,,
9781509807413,Liverpool Girl B Spl,,1900,,1,7,NT,open,unheld-nt,,full digital exists (ia hit); artifact may still be scarce,,,
9781509807536,Track of Sand B Spl,,1900,,1,7,NT,open,unheld-nt,,full digital exists (ia hit); artifact may still be scarce,,,
9781509807550,Haunted B Spl,,1900,,1,7,NT,open,unheld-nt,,full digital exists (ia hit); artifact may still be scarce,,,
9781509807611,Locked in Jessica Daniels 1 B Spl,,1900,,1,7,NT,open,unheld-nt,,full digital exists (ia hit); artifact may still be scarce,,,
9781509807635,Narrowboat Girl B Spl,Annie Murray,1900,,1,7,NT,open,unheld-nt,,full digital exists (ia hit); artifact may still be scarce,,,
9781510544468,Immigration,Edith Abbott,1924,,1,7,NT,open,unheld-nt,,full digital exists (ht allow); artifact may still be scarce,,,
9781511425872,Under The Redwoods,Mr Bret Harte,1901,,1,7,NT,open,unheld-nt,,full digital exists (pg hit); artifact may still be scarce,,2555,
9781511546836,The Early Norman Castles of the British Isles,Ms Ella S. Armitage,1912,,1,7,NT,open,unheld-nt,,full digital exists (ia hit+pg hit); artifact may still be scarce,,48602,
9781519363053,The Rape of the Lock and Other Poems,Alexander Pope,1812,,1,7,NT,open,unheld-nt,,full digital exists (pg hit); artifact may still be scarce,,9800,
9781519404800,Medieval People,Ms Eileen Power,1924,,1,7,NT,open,unheld-nt,,full digital exists (pg hit); artifact may still be scarce,,13144,
9781519642301,The Voyage Of The Beagle,Charles Darwin,1839,,1,7,NT,open,unheld-nt,,full digital exists (pg hit); artifact may still be scarce,,944,
9781519643476,Mary Barton,Elizabeth Cleghorn Gaskell,1848,,1,7,NT,open,unheld-nt,,full digital exists (pg hit); artifact may still be scarce,,2153,
9781522700791,The Touchstone,Edith Wharton,1900,,1,7,NT,open,unheld-nt,,full digital exists (pg hit); artifact may still be scarce,,267,
9781522780632,The Bride Of Lammermoor,Sir Walter Scott,1819,,1,7,NT,open,unheld-nt,,full digital exists (pg hit); artifact may still be scarce,,471,
9781523978670,Youth A Narrative,Joseph Conrad,1902,,1,7,NT,open,unheld-nt,,full digital exists (pg hit); artifact may still be scarce,,525,
9781523979929,The Pirates Own Book,Mr Charles Ellms,1837,,1,7,NT,open,unheld-nt,,full digital exists (pg hit); artifact may still be scarce,,12216,
9781530178834,Phaedra,Mr Jean Baptiste Racine,1761,,1,7,NT,open,unheld-nt,,full digital exists (pg hit); artifact may still be scarce,,1977,
9781533311627,Famous Impostors,Bram Stoker,1910,,1,7,NT,open,unheld-nt,,full digital exists (pg hit); artifact may still be scarce,,51391,
9781533315274,The Amateur Garden,Mr George W Cable,1881,,1,7,NT,open,unheld-nt,,full digital exists (pg hit); artifact may still be scarce,,19408,
9781533348845,Verses Popular And Humorous,Mr Henry Lawson,1900,,1,7,NT,open,unheld-nt,,full digital exists (pg hit); artifact may still be scarce,,52066,
9781533351265,A Book Of The Pyrenees,Sabine Baring-Gould,1907,,1,7,NT,open,unheld-nt,,full digital exists (pg hit); artifact may still be scarce,,52061,
9781533414410,Fairy Tales Every Child Should Know,Mr Hamilton Wright Mabie,1905,,1,7,NT,open,unheld-nt,,full digital exists (pg hit); artifact may still be scarce,,14916,
9781533471321,The Golf Courses Of The British Isles,Mr Bernard Darwin,1910,,1,7,NT,open,unheld-nt,,full digital exists (pg hit); artifact may still be scarce,,44623,
9781533472762,Coral Reefs,Charles Darwin,1857,,1,7,NT,open,unheld-nt,,full digital exists (pg hit); artifact may still be scarce,,2690,
9781533528087,Life On The Mississippi,Mark Twain,1883,,1,7,NT,open,unheld-nt,,full digital exists (pg hit); artifact may still be scarce,,245,
9781533548450,Sylvie And Bruno,Lewis Carroll,1889,,1,7,NT,open,unheld-nt,,full digital exists (pg hit); artifact may still be scarce,,620,
9781533552068,Wild Animals I Have Known,Ernest Thompson Seton,1898,,1,7,NT,open,unheld-nt,,full digital exists (pg hit); artifact may still be scarce,,3031,
9781533585264,John Marr And Other Poems,Herman Melville,1888,,1,7,NT,open,unheld-nt,,full digital exists (pg hit); artifact may still be scarce,,12841,
9781533585530,I And My Chimney,Herman Melville,1856,,1,7,NT,open,unheld-nt,,full digital exists (pg hit); artifact may still be scarce,,2694,
9781533585851,A Book of Burlesques,H. L. Mencken,1916,,1,7,NT,open,unheld-nt,,full digital exists (pg hit); artifact may still be scarce,,22145,
9781533654779,Shorter Prose Pieces,Oscar Wilde,1888,,1,7,NT,open,unheld-nt,,full digital exists (pg hit); artifact may still be scarce,,2061,
9781533688446,"The Descent of Man and Selection in Relation to Sex,",Charles Darwin,1871,,1,7,NT,open,unheld-nt,,full digital exists (pg hit); artifact may still be scarce,,2300,
9781533689320,Secret Diplomatic History Of The Eighteenth Century,Karl Marx,1899,,1,7,NT,open,unheld-nt,,full digital exists (pg hit); artifact may still be scarce,,32370,
9781533689627,History of the Commune of 1871,Mr Prosper-Olivier Lissagaray,1902,,1,7,NT,open,unheld-nt,,full digital exists (pg hit); artifact may still be scarce,,36043,
9781533694454,A Bachelor Husband,Ms Ruby M Ayres,1920,,1,7,NT,open,unheld-nt,,full digital exists (pg hit); artifact may still be scarce,,42085,
9781534611054,Soldiers Of The Queen,Mr Harold Avery,1904,,1,7,NT,open,unheld-nt,,full digital exists (pg hit); artifact may still be scarce,,29415,
9781534889897,The Story Of The Cotton Plant,Mr Frederick Wilkinson,1898,,1,7,NT,open,unheld-nt,,full digital exists (pg hit); artifact may still be scarce,,29586,
9781534998872,The Gun Club Boys of Lakeport,Edward Stratemeyer,1908,,1,7,NT,open,unheld-nt,,full digital exists (pg hit); artifact may still be scarce,,52386,
9781535002714,The Confessions of a Beachcomber,Mr Edmund James Banfield,1908,,1,7,NT,open,unheld-nt,,full digital exists (pg hit); artifact may still be scarce,,5113,
9781535024167,Famous Men Of Ancient Times,Mr Samuel G Goodrich,1843,,1,7,NT,open,unheld-nt,,full digital exists (pg hit); artifact may still be scarce,,52400,
9781535248914,Victorian Short Stories Of Troubled Marriages,Rudyard Kipling; Arthur Conan Doyle,1879,,1,7,NT,open,unheld-nt,,full digital exists (pg hit); artifact may still be scarce,,15466,
9781535267007,Modern Essays,Mr Christopher Morley,1921,,1,7,NT,open,unheld-nt,,full digital exists (pg hit); artifact may still be scarce,,38280,
9781535307864,Pellucidar,Edgar Rice Burroughs,1915,,1,7,NT,open,unheld-nt,,full digital exists (pg hit); artifact may still be scarce,,605,
9781535480642,The Night Club,Mr Herbert George Jenkins,1918,,1,7,NT,open,unheld-nt,,full digital exists (pg hit); artifact may still be scarce,,52590,
9781535531641,Czech Folk Tales,Mr Josef Baudis,1917,,1,7,NT,open,unheld-nt,,full digital exists (pg hit); artifact may still be scarce,,52596,
9781535533294,A Manual of American Literature,Theodore Stanton,1909,,1,7,NT,open,unheld-nt,,full digital exists (pg hit); artifact may still be scarce,,52576,
9781545038062,"Rasselas, Prince of Abyssinia",Samuel Johnson,1759,,1,7,NT,open,unheld-nt,,full digital exists (pg hit); artifact may still be scarce,,652,
9781548512972,Waiting on God,Andrew Murray,1896,,1,7,NT,open,unheld-nt,,full digital exists (ht allow); artifact may still be scarce,,,
9781559280082,The New Testament,,1863,,1,7,NT,open,unheld-nt,,full digital exists (ht allow); artifact may still be scarce,,,
9781560041641,Ancient Greece,,1885,,1,7,NT,open,unheld-nt,,full digital exists (ht allow); artifact may still be scarce,,,
9781572743465,Tormenta,Henrique Coelho Netto,1924,,1,7,NT,open,unheld-nt,,full digital exists (ht allow); artifact may still be scarce,,,
9781582010069,Unconscious Memory,Samuel Butler,1923,,1,7,NT,open,unheld-nt,,full digital exists (pg hit); artifact may still be scarce,,6605,
9781582010861,Poems,George Eliot,1919,,1,7,NT,open,unheld-nt,,full digital exists (pg hit); artifact may still be scarce,,1567,
9781582015347,Going Some,Rex Ellingwood Beach,1919,,1,7,NT,open,unheld-nt,,full digital exists (pg hit); artifact may still be scarce,,6488,
9781584263654,ICD-10-PCS 2012 Coder Training Manual,Ann Barta,1707,,1,7,NT,open,unheld-nt,,full digital exists (ia hit); artifact may still be scarce,,,
9781591363279,"Fastcourse Microsoft Excel 2010 (Level 1 of 3) by Sandra Rittman(January 1, 2011) Spiral-bound",Sandra Rittman,1602,,1,7,NT,open,unheld-nt,,full digital exists (ia hit); artifact may still be scarce,,,
9781591942016,"Ten Steps to Advancing College Reading Skills, 5th Edition, Instructor's Edition",John Langan,1900,,1,7,NT,open,unheld-nt,,full digital exists (ia hit); artifact may still be scarce,,,
9781593575779,"Preparing For Career Success - Student Activity Book (Preparing for Career Success) 3rd edition by Jerry Ryan, Roberta Ryan (2009) Paperback",Roberta Ryan Jerry Ryan,1601,,1,7,NT,open,unheld-nt,,full digital exists (ia hit); artifact may still be scarce,,,
9781594421327,Maxims of Washington,,1855,,1,7,NT,open,unheld-nt,,full digital exists (ia hit); artifact may still be scarce,,,
9781594864599,The Paleo Diet for Athletes,Loren Cordain; Joe Friel,1605,,1,7,NT,open,unheld-nt,,full digital exists (ia hit); artifact may still be scarce,,,
9781595305084,A Charlie Brown Christmas Tree,Walker Lamond,1838,,1,7,NT,open,unheld-nt,,full digital exists (ia hit); artifact may still be scarce,,,
9781598034943,Cosmology,,1773,,1,7,NT,open,unheld-nt,,full digital exists (ia hit); artifact may still be scarce,,,
9781619274488,Constitution of the United States,Phone Number List | Databases List,1895,,1,7,NT,open,unheld-nt,,full digital exists (ht allow); artifact may still be scarce,,,
9781619561731,Creation,,1830,,1,7,NT,open,unheld-nt,,full digital exists (ht allow); artifact may still be scarce,,,
9781636372334,The Girl from Hollywood,Edgar Rice Burroughs,1923,,1,7,NT,open,unheld-nt,,full digital exists (pg hit); artifact may still be scarce,,62409,
9781636374109,Porgy,DuBose Heyward,1925,,1,7,NT,open,unheld-nt,,full digital exists (pg hit); artifact may still be scarce,,65566,
9781636374857,The Sunny Side,A. A. Milne,1922,,1,7,NT,open,unheld-nt,,full digital exists (pg hit); artifact may still be scarce,,13441,
9781636375076,Mistress Wilding,Rafael Sabatini,1924,,1,7,NT,open,unheld-nt,,full digital exists (pg hit); artifact may still be scarce,,1457,
9781636376370,An Imperial Marriage,Arthur W Marchmont,1923,,1,7,NT,open,unheld-nt,,full digital exists (pg hit); artifact may still be scarce,,40800,
9781636376424,"Sarita, the Carlist",Arthur Marchmont,1923,,1,7,NT,open,unheld-nt,,full digital exists (pg hit); artifact may still be scarce,,53551,
9781636376431,"Sarita, the Carlist",Arthur Marchmont,1923,,1,7,NT,open,unheld-nt,,full digital exists (pg hit); artifact may still be scarce,,53551,
9781640322271,"Lord, Teach Us to Pray",Andrew Murray,1896,,1,7,NT,open,unheld-nt,,full digital exists (pg hit); artifact may still be scarce,,26709,
9781646793228,Life on the Mississippi,Mark Twain,1883,,1,7,NT,open,unheld-nt,,full digital exists (pg hit); artifact may still be scarce,,245,
9781646794034,How Animals Talk,William J. Long; Charles Copeland,1919,,1,7,NT,open,unheld-nt,,full digital exists (pg hit); artifact may still be scarce,,73009,
9781774415542,Typhoon,Joseph Conrad,1902,,1,7,NT,open,unheld-nt,,full digital exists (pg hit); artifact may still be scarce,,1142,
9781783420599,Children's Encyclopedia of Dinosaurs,Red Lemon Press,1848,,1,7,NT,open,unheld-nt,,full digital exists (ia hit); artifact may still be scarce,,,
9781783422210,The One and Only Fish and Seafood Cookbook,"Linford, Jenny, Evans, Fay, Tavendale, James",1797,,1,7,NT,open,unheld-nt,,full digital exists (ia hit); artifact may still be scarce,,,
9781783938117,Countdown to Christmas (Feel and Fit),Make Believe Ideas,1811,,1,7,NT,open,unheld-nt,,full digital exists (ia hit); artifact may still be scarce,,,
9781784154486,F3 Financial Accounting - Exam Kit,,1767,,1,7,NT,open,unheld-nt,,full digital exists (ia hit); artifact may still be scarce,,,
9781784158057,ACCA Paper F1 and FIA Diploma in Accounting and Business : Accountant in Business,Kaplan Publishing,1803,,1,7,NT,open,unheld-nt,,full digital exists (ia hit); artifact may still be scarce,,,
9781784158378,P4 Advanced Financial Management - Exam Kit,Kaplan Publishing,1853,,1,7,NT,open,unheld-nt,,full digital exists (ia hit); artifact may still be scarce,,,
9781844192151,Learn and Prac Eng Lev 4 Trade,EDUCATIONAL EXPERTS,1628,,1,7,NT,open,unheld-nt,,full digital exists (ia hit); artifact may still be scarce,,,
9781844193448,English Age 8-9,Alison Head,1604,,1,7,NT,open,unheld-nt,,full digital exists (ia hit); artifact may still be scarce,,,
9781844197002,Phonics 1,Louis Fidge; Christine Moorcroft,1800,,1,7,NT,open,unheld-nt,,full digital exists (ia hit); artifact may still be scarce,,,
9781845022693,What's it All About Ralphie,Ralph Milne,1754,,1,7,NT,open,unheld-nt,,full digital exists (ia hit); artifact may still be scarce,,,
9781845333553,Pots and Plants Index Edition Plc/Jk,See Image,1500,,1,7,NT,open,unheld-nt,,full digital exists (ia hit); artifact may still be scarce,,,
9781845335885,Rhs Container Gardening,Ian Hodgson,1750,,1,7,NT,open,unheld-nt,,full digital exists (ia hit); artifact may still be scarce,,,
9781845337322,RHS Encyclopedia of Gardening Techniques,Royal Horticultural Society,1575,,1,7,NT,open,unheld-nt,,full digital exists (ia hit); artifact may still be scarce,,,
9781845356057,Dandy Annual 2017,,1781,,1,7,NT,open,unheld-nt,,full digital exists (ia hit); artifact may still be scarce,,,
9781845356156,The Friendship Book 2017,,1733,,1,7,NT,open,unheld-nt,,full digital exists (ia hit); artifact may still be scarce,,,
9781845893378,Cambridge,,1908,,1,7,NT,open,unheld-nt,,full digital exists (ht allow); artifact may still be scarce,,,
9781851709960,The rivers and streams of England,A. G. Bradley,1909,,1,7,NT,open,unheld-nt,,full digital exists (pg hit); artifact may still be scarce,,46742,
9781870166119,Irish Texts,,1910,,1,7,NT,open,unheld-nt,,full digital exists (ht allow); artifact may still be scarce,,,
9781870166133,Irish Texts,,1913,,1,7,NT,open,unheld-nt,,full digital exists (ht allow); artifact may still be scarce,,,
9781870345286,Christian Mircoenterprise Development,David Bassau,1828,,1,7,NT,open,unheld-nt,,full digital exists (ia hit); artifact may still be scarce,,,
9781872458991,In Celebration of Cecil Collins,,1707,,1,7,NT,open,unheld-nt,,full digital exists (ia hit); artifact may still be scarce,,,
9781873176221,Poetry Slam,Cathy Bolton,1900,,1,7,NT,open,unheld-nt,,full digital exists (ia hit); artifact may still be scarce,,,
9781881189657,Five Wealth Secrets 96% of Us Don't Know,Craig Hill,1794,,1,7,NT,open,unheld-nt,,full digital exists (ia hit); artifact may still be scarce,,,
9781885846174,Hypnotic Recollections,Dr. Dwight F. Damon,1817,,1,7,NT,open,unheld-nt,,full digital exists (ia hit); artifact may still be scarce,,,
9781890160517,Matter Matters,,1656,,1,7,NT,open,unheld-nt,,full digital exists (ia hit); artifact may still be scarce,,,
9781891656231,Millinery,,1922,,1,7,NT,open,unheld-nt,,full digital exists (ht allow); artifact may still be scarce,,,
9781904546375,Leonora,Maria Edgeworth,1893,,1,7,NT,open,unheld-nt,,full digital exists (pg hit); artifact may still be scarce,,35638,
9781906051440,That's Life,,1657,,1,7,NT,open,unheld-nt,,full digital exists (ia hit); artifact may still be scarce,,,
9781906326333,The Story of Oisin,John Gallagher,1838,,1,7,NT,open,unheld-nt,,full digital exists (ia hit); artifact may still be scarce,,,
9781906525262,Fruits of the Earth,Gloria Nicol,1847,,1,7,NT,open,unheld-nt,,full digital exists (ia hit); artifact may still be scarce,,,
9781906736620,French,Janette Kelso,1757,,1,7,NT,open,unheld-nt,,full digital exists (ia hit); artifact may still be scarce,,,
9781906761561,A Change Your Life One Day at a Time,PATRICIA MACNAIR,1856,,1,7,NT,open,unheld-nt,,full digital exists (ia hit); artifact may still be scarce,,,
9781906841270,Janice Galloway's The Trick is to Keep Breathing,Gillian Sargent,1789,,1,7,NT,open,unheld-nt,,full digital exists (ia hit); artifact may still be scarce,,,
9781906873288,It's Behind You,Keith Temple,1600,,1,7,NT,open,unheld-nt,,full digital exists (ia hit); artifact may still be scarce,,,
9781906965228,Alice in Wonderland,,1822,,1,7,NT,open,unheld-nt,,full digital exists (ia hit); artifact may still be scarce,,,
9781907104602,Official Celtic FC Annual 2011,Misc,1860,,1,7,NT,open,unheld-nt,,full digital exists (ia hit); artifact may still be scarce,,,
9781945644238,Walking,Henry David Thoreau,1851,,1,7,NT,open,unheld-nt,,full digital exists (pg hit); artifact may still be scarce,,1022,
9782010007705,Kippour,Alexandre Dumas,1969,fre,1,7,NT,open,unheld-nt,,full digital exists (ht allow); artifact may still be scarce,,,
9782012916432,Le Japon,Breton M.,1818,,1,7,NT,open,unheld-nt,,full digital exists (ht allow); artifact may still be scarce,,,
9782013214902,Quo Vadis ?,"Sienkiewicz, Henryk, And Lanza Alvarez, Francisco, [From Old Catalog]",1925,,1,7,NT,open,unheld-nt,,full digital exists (pg hit); artifact may still be scarce,,35560,
9782013238571,Au clair de la lune,Jehan Bouvelet; Edgar J. Bradby,1929,fre,1,7,NT,open,single,bnf,full digital exists (ht allow); artifact may still be scarce,,,
9782020000277,Goethe,Jeanne Ancelet-Hustache,1955,fre,1,7,NT,open,single,dnb,full digital exists (gallica hit); artifact may still be scarce,,,bpt6k4811753v
9782020000482,Rabelais,François Rabelais,1960,fre,1,7,NT,open,unheld-nt,,full digital exists (gallica hit); artifact may still be scarce,,,bpt6k3350152r
9782020000567,Maïakovski,Vladimir Mayakovsky,1961,fre,1,7,NT,open,unheld-nt,,full digital exists (gallica hit); artifact may still be scarce,,,bpt6k4814843r
9782020000833,Ecrivains De Toujours (Par Lui-Meme) (Ecrivains de toujours),Ludovic Janvier,1969,fre,1,7,NT,open,unheld-nt,,full digital exists (gallica hit); artifact may still be scarce,,,bpt6k48079994
9782020066204,Mortelle,Christopher Frank,1967,fre,1,7,NT,open,unheld-nt,,full digital exists (gallica hit); artifact may still be scarce,,,bpt6k48031927
9782070101801,Les trois mousquetaires.,Alexandre Dumas,1962,fre,1,7,NT,open,multi,"bnf,loc",full digital exists (pg hit); artifact may still be scarce,,13951,
9782070213627,"Battling le ténébreux, ou, La mue périlleuse",Alexandre Vialatte,1928,fre,1,7,NT,open,single,loc,full digital exists (ht allow); artifact may still be scarce,,,
9782070214792,La Messe là-bas,Paul Claudel,1919,,1,7,NT,open,unheld-nt,,full digital exists (pg hit); artifact may still be scarce,,79457,
9782070367887,Les Thibault I Le Cahier Gris Le Peniten,Roger Martin du Gard,1951,fre,1,7,NT,open,unheld-nt,,full digital exists (ia hit); artifact may still be scarce,,,
9782070394852,L' ours des Adirondacks,Michel Mohrt,1969,fre,1,7,NT,open,unheld-nt,,full digital exists (ia hit); artifact may still be scarce,,,
9782070482924,La Nuit du flingueur. La nuit des Auverpins,Pierre Siniac,1969,fre,1,7,NT,open,unheld-nt,,full digital exists (gallica hit); artifact may still be scarce,,,bpt6k3403014h
9782070584215,Comment raconter des histoires à nos enfants - Quelques histoires racontées - 1ère série,Sara Cone Bryant,1926,,1,7,NT,open,single,bnf,full digital exists (ia hit); artifact may still be scarce,,,
9782070630431,Vango 1/Entre ciel et terre,Thimothee de Fombelle,1813,,1,7,NT,open,single,bnf,full digital exists (ia hit); artifact may still be scarce,,,
9782070652990,Winnie l'Ourson,A. A. Milne,1812,,1,7,NT,open,single,bnf,full digital exists (ia hit); artifact may still be scarce,,,
9782070718504,Lettres de Paul Claudel à Elisabeth Sainte-Marie Perrin et à Audrey Parr.,Paul Claudel,1966,fre,1,7,NT,open,unheld-nt,,full digital exists (gallica hit); artifact may still be scarce,,,bpt6k324961
9782080701770,La Religieuse,Denis Diderot,1968,fre,1,7,NT,open,unheld-nt,,full digital exists (pg hit); artifact may still be scarce,,28827,
9782092837528,La vie des abeilles,Maurice MAETERLINCK,1918,,1,7,NT,open,unheld-nt,,full digital exists (pg hit); artifact may still be scarce,,38527,
9782100486588,Eléments de géologie,"Leriche, Maurice",1924,,1,7,NT,open,unheld-nt,,full digital exists (ht allow); artifact may still be scarce,,,
9782130360469,Le roman français depuis 1900,Rene Lalou,1947,fre,1,7,NT,open,single,loc,full digital exists (gallica hit); artifact may still be scarce,,,bpt6k4814923b
9782130385547,La contre-révolution,Jacques Godechot,1961,fre,1,7,NT,open,unheld-nt,,full digital exists (gallica hit); artifact may still be scarce,,,bpt6k4810730j
9782200321840,La France de 1945 à 1969,Georges Dupeux,1969,fre,1,7,NT,open,unheld-nt,,full digital exists (gallica hit); artifact may still be scarce,,,bpt6k4813636m
9782203187016,La préhistoire,Armand Rio,1930,fre,1,7,NT,open,unheld-nt,,full digital exists (ht allow); artifact may still be scarce,,,
9782215183129,La mer,,1910,,1,7,NT,open,single,bnf,full digital exists (ht allow); artifact may still be scarce,,,
9782222015697,Inventaire des mégalithes de la France.,Gérard Cordier,1963,fre,1,7,NT,open,single,loc,full digital exists (gallica hit); artifact may still be scarce,,,bpt6k3336701t
9782222034278,Les Noms de personne sur le territoire de l'ancienne Gaule du VIe au XIIe siècle ...,Marie Thérs̀e Morlet,1968,fre,1,7,NT,open,single,loc,full digital exists (gallica hit); artifact may still be scarce,,,bpt6k33339309
9782251000121,"Anthologie grecque, tome 1 : Anthologie palatine, tomeVII (Livre IX, 1ère partie : épigr, tome 1- 358)",P. Waltz; G Soury,1957,fre,1,7,NT,open,unheld-nt,,full digital exists (ht allow); artifact may still be scarce,,,
9782251000183,Anthologie grecque.,Felix Buffiere,1960,fre,1,7,NT,open,unheld-nt,,full digital exists (ht allow); artifact may still be scarce,,,
9782253020219,La Mort du figuier,Robert Sabatier,1962,fre,1,7,NT,open,unheld-nt,,full digital exists (gallica hit); artifact may still be scarce,,,bpt6k1002262k
9782253047117,Les Tigres De Papier,Анато́лий Александрович Биск,1968,fre,1,7,NT,open,unheld-nt,,full digital exists (gallica hit); artifact may still be scarce,,,bpt6k1003423g
9782259005425,Brigade anti-gangs,Auguste Le Breton,1965,fre,1,7,NT,open,unheld-nt,,full digital exists (gallica hit); artifact may still be scarce,,,bpt6k3350361d
9782259016759,Le Cœur Noir,Zeb Chillicothe,1887,,1,7,NT,open,unheld-nt,,full digital exists (gallica hit); artifact may still be scarce,,,bpt6k48066902
9782259021487,Présence de Virgile,Robert Brasillach,1931,fre,1,7,NT,open,unheld-nt,,full digital exists (gallica hit); artifact may still be scarce,,,bpt6k3333698v
9782265038158,Chantiers de mort.,Paul Kenny,1964,fre,1,7,NT,open,unheld-nt,,full digital exists (gallica hit); artifact may still be scarce,,,bpt6k4812936b
9782266013437,Serres paradis.,Élisabeth Barbier,1950,fre,1,7,NT,open,unheld-nt,,full digital exists (gallica hit); artifact may still be scarce,,,bpt6k10029353
9782280046718,Noblesse oblige,,1888,,1,7,NT,open,unheld-nt,,full digital exists (ht allow); artifact may still be scarce,,,
9782501015967,L'argot,,1891,,1,7,NT,open,unheld-nt,,full digital exists (ht allow); artifact may still be scarce,,,
9782702812570,Vie de Rancé,François-René de Chateaubriand,1920,,1,7,NT,open,unheld-nt,,full digital exists (pg hit); artifact may still be scarce,,76606,
9782704900060,"Les heures d'Aimée de Saluces, vicomtesse de Polignac & Catherine d'Urfé",Clément Gardet,1965,fre,1,7,NT,open,unheld-nt,,full digital exists (gallica hit); artifact may still be scarce,,,bd6t53475459
9782705302672,Inscriptions grecques et latines de la Syrie,Louis Jalabert,1929,fre,1,7,NT,open,unheld-nt,,full digital exists (ht allow); artifact may still be scarce,,,
9782705650698,La système du monde,Pierre Duhem,1965,fre,1,7,NT,open,unheld-nt,,full digital exists (ht allow); artifact may still be scarce,,,
9782711823864,"Catalogue raisonné des figurines et reliefs en terre-cuite grecs, étrusques et romains",Musée du Louvre. Département des antiquités grecques et romaines.,1954,fre,1,7,NT,open,unheld-nt,,full digital exists (gallica hit); artifact may still be scarce,,,bpt6k10021768
9782713100017,Suisse,"Exposition internationale des arts décoratifs et industriels modernes (1925 Paris, France)",1925,,1,7,NT,open,unheld-nt,,full digital exists (ht allow); artifact may still be scarce,,,
9782715204744,El ombu,W. H. Hudson,1964,fre,1,7,NT,open,unheld-nt,,full digital exists (pg hit); artifact may still be scarce,,60541,
9782717708868,Inventaire du fonds français.,Bibliothèque nationale de France.,1939,fre,1,7,NT,open,multi,"bnf,loc",full digital exists (gallica hit); artifact may still be scarce,,,bpt6k4227495v
9782717716221,Catalogue général des manuscrits latins.,Bibliothèque nationale de France.,1968,fre,1,7,NT,open,single,loc,full digital exists (gallica hit); artifact may still be scarce,,,bpt6k209146t
9782717718164,Catalogue général des manuscrits latins.,Bibliothèque nationale (France). Département des manuscrits.,1968,fre,1,7,NT,open,unheld-nt,,full digital exists (gallica hit); artifact may still be scarce,,,bpt6k209149z
9782719103708,La Syrie,K. T. Khairallah,1912,,1,7,NT,open,unheld-nt,,full digital exists (ht allow); artifact may still be scarce,,,
9782720401473,La langue de Dominko Zlatarić,André Vaillant,1928,fre,1,7,NT,open,single,loc,full digital exists (ht allow); artifact may still be scarce,,,
9782723496254,Saint Louis,Charles Victor Langlois,1886,,1,7,NT,open,single,bnf,full digital exists (ht allow); artifact may still be scarce,,,
9782724284409,Les orphelins,"Saint-Ildephont, Guillaume-René Lefébure baron de",1771,,1,7,NT,open,unheld-nt,,full digital exists (ht allow); artifact may still be scarce,,,
9782733841600,Vingt mille lieues sous les mers,,1917,,1,7,NT,open,single,bnf,full digital exists (ia hit); artifact may still be scarce,,,
9782737001147,Fables choisies mises en vers,Jean de La Fontaine,1757,,1,7,NT,open,unheld-nt,,full digital exists (ia hit); artifact may still be scarce,,,
9782738124586,MÃ©diter pour ne plus dÃ©primer (French Edition),Mark Williams,1640,,1,7,NT,open,unheld-nt,,full digital exists (ia hit); artifact may still be scarce,,,
9782742419302,Venise,,1895,,1,7,NT,open,unheld-nt,,full digital exists (ht allow); artifact may still be scarce,,,
9782742425112,Stockholm,Stockholms stads statistiska kontor,1914,,1,7,NT,open,unheld-nt,,full digital exists (ht allow); artifact may still be scarce,,,
9782742427994,Londres,,1774,,1,7,NT,open,unheld-nt,,full digital exists (ht allow); artifact may still be scarce,,,
9782742434176,Londres,,1884,,1,7,NT,open,unheld-nt,,full digital exists (ht allow); artifact may still be scarce,,,
9782742450107,Marseille,,1923,,1,7,NT,open,unheld-nt,,full digital exists (ht allow); artifact may still be scarce,,,
9782743410865,Le Nil,La Motte,1880,,1,7,NT,open,unheld-nt,,full digital exists (ht allow); artifact may still be scarce,,,
9782745977984,L'ours polaire,Henrik Pontoppidan,1927,fre,1,7,NT,open,single,bnf,full digital exists (ht allow); artifact may still be scarce,,,
9782749815084,Lawrence,,1919,,1,7,NT,open,unheld-nt,,full digital exists (ht allow); artifact may still be scarce,,,
9782764804377,Égypte,"Pratt, S. G.",1912,,1,7,NT,open,unheld-nt,,full digital exists (ht allow); artifact may still be scarce,,,
9782850252501,Les fleurs du mal,Charles Baudelaire; Henri Matisse,1947,fre,1,7,NT,open,unheld-nt,,full digital exists (pg hit); artifact may still be scarce,,6099,
9782863913918,Dancing Machine,cerrone-marc,1900,,1,7,NT,open,unheld-nt,,full digital exists (gallica hit); artifact may still be scarce,,,bpt6k4804192j
9782869410589,"""ROLAND GARROS ROI DES AIRS"" Martina Et Louis Bleriot",Adrien Maeght Editeur,1900,,1,7,NT,open,unheld-nt,,full digital exists (gallica hit); artifact may still be scarce,,,bpt6k33951421
9782876284630,Michel-Ange,,1912,,1,7,NT,open,unheld-nt,,full digital exists (ht allow); artifact may still be scarce,,,
9782890076846,Monumenta Novae Franciae.,Lucien Campeau,1967,fre,1,7,NT,open,single,loc,full digital exists (ht allow); artifact may still be scarce,,,
9782891116800,Oiseaux,,1921,,1,7,NT,open,unheld-nt,,full digital exists (ht allow); artifact may still be scarce,,,
9782896388530,Fables de La Fontaine,,1843,,1,7,NT,open,unheld-nt,,full digital exists (ht allow); artifact may still be scarce,,,
9782909052519,Le sampanier de la baie d'Along,Yvonne Schultz,1930,fre,1,7,NT,open,unheld-nt,,full digital exists (ht allow); artifact may still be scarce,,,
9782911191169,Catalogue de l'oeuvre complet (1849-1904) de Fantin-Latour,Fantin-Latour Mme.,1969,fre,1,7,NT,open,unheld-nt,,full digital exists (ht allow); artifact may still be scarce,,,
9782922827705,Nicolas,,1966,fre,1,7,NT,open,unheld-nt,,full digital exists (ia hit); artifact may still be scarce,,,
9782924261095,Paradoxe,"Nordau, Max Simon",1891,,1,7,NT,open,unheld-nt,,full digital exists (ht allow); artifact may still be scarce,,,
9783038312314,Jonas,,1900,,1,7,NT,open,single,dnb,full digital exists (ht allow); artifact may still be scarce,,,
9783110013993,Tituli Sepulerales Pars. III,W. Henzen; G. B. de Rossi; E. Bormann; Christian Hulsen,1966,lat,1,7,NT,open,unheld-nt,,full digital exists (ht allow); artifact may still be scarce,,,
9783110014037,Additamentorum Auctarium,Martin Bang,1967,lat,1,7,NT,open,unheld-nt,,full digital exists (ht allow); artifact may still be scarce,,,
9783110014105,Tabulae Ceratae Pompeis Repertae Annis MDCCCLXXV et MDCCCLXXXVII,Karl Friedrich Wilhelm Zangemeister,1968,lat,1,7,NT,open,unheld-nt,,full digital exists (ht allow); artifact may still be scarce,,,
9783110014112,Inscriptiones Parietariae et Vasorum Fictilium,August Mau,1968,lat,1,7,NT,open,unheld-nt,,full digital exists (ht allow); artifact may still be scarce,,,
9783110014129,Tituli Sepulcrales,Christian Hülsen,1968,lat,1,7,NT,open,unheld-nt,,full digital exists (ht allow); artifact may still be scarce,,,
9783110014136,Additamenta,Christian Hülsen,1968,lat,1,7,NT,open,unheld-nt,,full digital exists (ht allow); artifact may still be scarce,,,
9783110014259,Decreta Continens Decreta Annorum 403-229 a. Chr. 1967,J. Kirchner,1967,lat,1,7,NT,open,unheld-nt,,full digital exists (ht allow); artifact may still be scarce,,,
9783110014266,"Indices Continens Archontum Tabulae, Chronologica, Sermo Publicus Decretorum Proprius",J. Kirchner,1967,lat,1,7,NT,open,unheld-nt,,full digital exists (ht allow); artifact may still be scarce,,,
9783110025170,Inscriptiones Teni Insulae,Friedrich Hiller von Gaertringen,1967,lat,1,7,NT,open,unheld-nt,,full digital exists (ht allow); artifact may still be scarce,,,
9783110025187,Inscriptiones Amorgi et Insularum Vicinarum,J. Delamarre; F. Hiller von Gaertringen,1967,lat,1,7,NT,open,unheld-nt,,full digital exists (ht allow); artifact may still be scarce,,,
9783110025194,Inscriptiones Insularum Maris Thracici,C. Fredrich,1967,lat,1,7,NT,open,unheld-nt,,full digital exists (ht allow); artifact may still be scarce,,,
9783110025200,Inscriptiones Euboeae Insulae,E. Ziebarth,1967,lat,1,7,NT,open,unheld-nt,,full digital exists (ht allow); artifact may still be scarce,,,
9783110031881,Inscriptiones Parietariae Pompeianae Herculanenses Stabianae,Karl Friedrich Wilhelm Zangemeister; Richard Schöne,1957,lat,1,7,NT,open,unheld-nt,,full digital exists (ht allow); artifact may still be scarce,,,
9783110031935,"Inscriptiones Sacrae, Augustorum, Magistratuum, Sacerdotum",W. Henzen; G. B. de Rossi; E. Bormann; Christian Hulsen,1951,lat,1,7,NT,open,unheld-nt,,full digital exists (ht allow); artifact may still be scarce,,,
9783110035247,Monumenta Columbariorum. Tituli Officialium et Artificum. Tituli Sepulcrales Reliqui,Wilhelm Henzen; Gian Battista De Rossi; Eugen Bormann; Christian Hülsen; Martin Bang,1960,lat,1,7,NT,open,unheld-nt,,full digital exists (ht allow); artifact may still be scarce,,,
9783110049176,Inscriptiones Atticae Euclidis anno posteriores,J. Kirchner,1927,lat,1,7,NT,open,unheld-nt,,full digital exists (ht allow); artifact may still be scarce,,,
9783110049183,Inscriptiones Atticae Euclidis anno posteriores,J. Kirchner,1931,lat,1,7,NT,open,unheld-nt,,full digital exists (ht allow); artifact may still be scarce,,,
9783110049190,Inscriptiones Atticae Euclidis anno posteriores,J. Kirchner,1935,lat,1,7,NT,open,unheld-nt,,full digital exists (ht allow); artifact may still be scarce,,,
9783110050745,"Sophoniae in Libros Aristotelis de Anima Paraphrasis, Anonymi in Aristotelis Categorias Paraphrasis, Themistii quae Fertur in Aristotelis Analyticorum Priorum Librum I Paraphrasis, Anonymiin Aristotelis Sophisticos Elenchos Paraphrasis",Michael Hayduck; Maximilianus Wallis,1960,lat,1,7,NT,open,unheld-nt,,full digital exists (ht allow); artifact may still be scarce,,,
9783110050974,Commentaria in Aristotelem Graeca,,1892,,1,7,NT,open,unheld-nt,,full digital exists (ht allow); artifact may still be scarce,,,
9783110067057,Inscriptiones Atticae Euclidis anno posteriores,J. Kirchner,1945,lat,1,7,NT,open,unheld-nt,,full digital exists (ht allow); artifact may still be scarce,,,
9783110165272,Commentaria in Aristotelem Graeca,Maximilianus Wallies,1891,,1,7,NT,open,unheld-nt,,full digital exists (ht allow); artifact may still be scarce,,,
9783110165289,Commentaria in Aristotelem Graeca,,1898,,1,7,NT,open,unheld-nt,,full digital exists (ht allow); artifact may still be scarce,,,
9783110165319,Commentaria in Aristotelem Graeca,,1895,,1,7,NT,open,unheld-nt,,full digital exists (ht allow); artifact may still be scarce,,,
9783110165333,Commentaria in Aristotelem Graeca,Paulus Wendland,1902,,1,7,NT,open,unheld-nt,,full digital exists (ht allow); artifact may still be scarce,,,
9783110165340,Commentaria in Aristotelem Graeca,Michael Hayduck,1888,,1,7,NT,open,unheld-nt,,full digital exists (ht allow); artifact may still be scarce,,,
9783110165357,Commentaria in Aristotelem Graeca,Johann Ludwig Heiberg,1894,,1,7,NT,open,unheld-nt,,full digital exists (ht allow); artifact may still be scarce,,,
9783110165364,Commentaria in Aristotelem Graeca,,1907,,1,7,NT,open,unheld-nt,,full digital exists (ht allow); artifact may still be scarce,,,
9783110165388,Commentaria in Aristotelem Graeca,,1895,,1,7,NT,open,unheld-nt,,full digital exists (ht allow); artifact may still be scarce,,,
9783110165401,Commentaria in Aristotelem Graeca,Wilhelm Stüve,1900,,1,7,NT,open,unheld-nt,,full digital exists (ht allow); artifact may still be scarce,,,
9783110165418,Commentaria in Aristotelem Graeca,Adolfus Busse; Maximilianus Wallies,1898,,1,7,NT,open,unheld-nt,,full digital exists (ht allow); artifact may still be scarce,,,
9783110165425,Commentaria in Aristotelem Graeca,Maximilianus Wallies,1909,,1,7,NT,open,unheld-nt,,full digital exists (ht allow); artifact may still be scarce,,,
9783110165432,"Ioannis Philoponi in Aristotelis Meteorologicorum Librum Primum Commentarium, Ioannis Philoponi in Aristotelis Libros de Generatione et Corruptione Commentaria, Ioannis Philoponi (Michaelis Ephesii) in Libros de Generatione Animalium Commentaria",Michael Hayduck; Hieronymus Vitelli,1962,lat,1,7,NT,open,unheld-nt,,full digital exists (ht allow); artifact may still be scarce,,,
9783110165456,Commentaria in Aristotelem Graeca,Hieronymus Vitelli,1887,,1,7,NT,open,unheld-nt,,full digital exists (ht allow); artifact may still be scarce,,,
9783110165463,Commentaria in Aristotelem Graeca,Hieronymus Vitelli,1888,,1,7,NT,open,unheld-nt,,full digital exists (ht allow); artifact may still be scarce,,,
9783110165470,Commentaria in Aristotelem Graeca,Michael Hayduck,1885,,1,7,NT,open,unheld-nt,,full digital exists (ht allow); artifact may still be scarce,,,
9783110165487,Commentaria in Aristotelem Graeca,Gustav Heylbut,1889,,1,7,NT,open,unheld-nt,,full digital exists (ht allow); artifact may still be scarce,,,
9783110165500,Commentaria in Aristotelem Graeca,Michael Hayduck,1907,,1,7,NT,open,unheld-nt,,full digital exists (ht allow); artifact may still be scarce,,,
9783110165517,Commentaria in Aristotelem Graeca,Hugo Rabe,1896,,1,7,NT,open,unheld-nt,,full digital exists (ht allow); artifact may still be scarce,,,
9783111209005,Nachtstücke,E. T. A. Hoffmann,1817,,1,7,NT,open,unheld-nt,,full digital exists (pg hit); artifact may still be scarce,,6341,
9783112508510,Emilia Galotti,Gotth Ephr Lessing,1872,,1,7,NT,open,unheld-nt,,full digital exists (pg hit); artifact may still be scarce,,9108,
9783129093405,Werke und Briefe.,Eduard Mörike,1968,ger,1,7,NT,open,multi,"dnb,loc",full digital exists (ht allow); artifact may still be scarce,,,
9783150043806,Medea,Franz Grillparzer,1966,ger,1,7,NT,open,single,dnb,full digital exists (pg hit); artifact may still be scarce,,7945,
9783150043837,Ein treuer Diener seines Herrn,Franz Grillparzer,1966,ger,1,7,NT,open,single,dnb,full digital exists (pg hit); artifact may still be scarce,,9058,
9783150089378,Von Morgens Bis Mitternachts,Georg Kaiser,1964,ger,1,7,NT,open,single,dnb,full digital exists (pg hit); artifact may still be scarce,,60952,
9783150140796,Über die Natur der Dinge,,1803,,1,7,NT,open,single,dnb,full digital exists (ht allow); artifact may still be scarce,,,
9783150206485,Hiob,,1846,,1,7,NT,open,single,dnb,full digital exists (ht allow); artifact may still be scarce,,,
9783150227114,Die Mühle am Floss,,1880,,1,7,NT,open,single,dnb,full digital exists (ht allow); artifact may still be scarce,,,
9783337874070,History of the intellectual development of Europe,,1876,,1,7,NT,open,single,dnb,full digital exists (ht allow); artifact may still be scarce,,,
9783423280297,Die Richterin,,1899,,1,7,NT,open,single,dnb,full digital exists (ht allow); artifact may still be scarce,,,
9783442084562,Wir sind wieder wer. Auf dem Weg ins Wirtschaftswunderland.,,1842,,1,7,NT,open,single,dnb,full digital exists (ia hit); artifact may still be scarce,,,
9783442745029,Naturgeschichte,Pliny the Elder,1781,,1,7,NT,open,single,dnb,full digital exists (ht allow); artifact may still be scarce,,,
9783458084617,Gedichte.,Hugo von Hofmannsthal,1934,ger,1,7,NT,open,single,dnb,full digital exists (pg hit); artifact may still be scarce,,31625,
9783458089674,Lysistrata,,1926,,1,7,NT,open,unheld-nt,,full digital exists (ht allow); artifact may still be scarce,,,
9783458151449,Rumänisches Tagebuch.,"Carossa, Hans",1958,ger,1,7,NT,open,unheld-nt,,full digital exists (pg hit); artifact may still be scarce,,63410,
9783458332008,Werke in sechs Bänden,,1897,,1,7,NT,open,single,dnb,full digital exists (ht allow); artifact may still be scarce,,,
9783468273704,Türkisch,,1917,,1,7,NT,open,single,dnb,full digital exists (ht allow); artifact may still be scarce,,,
9783484801370,Nuntiaturberichte aus Deutschland nebst ergänzenden Actenstücken.,"Catholic Church. Legates, nuncios, etc. Germany",1968,ger,1,7,NT,open,single,dnb,full digital exists (ht allow); artifact may still be scarce,,,
9783486560138,Briefe und Akten zur Geschichte des Dreissigjährigen Krieges.,Bayerische Akademie der Wissenschaften. Historische Kommission.,1948,ger,1,7,NT,open,single,dnb,full digital exists (ht allow); artifact may still be scarce,,,
9783486566192,Deutsche Reichstagsakten,Bayerische Akademie der Wissenschaften.,1893,,1,7,NT,open,multi,"dnb,loc",full digital exists (ht allow); artifact may still be scarce,,,
9783492026130,Erinnerungen,Ludwig Thoma,1947,ger,1,7,NT,open,single,dnb,full digital exists (pg hit); artifact may still be scarce,,30097,
9783492272476,Kosmologie,,1878,,1,7,NT,open,single,dnb,full digital exists (ht allow); artifact may still be scarce,,,
9783499133831,Buch der Erinnerung,Max Dessoir,1947,ger,1,7,NT,open,single,dnb,full digital exists (ht allow); artifact may still be scarce,,,
9783502509103,Lord Peters schwerster Fall.,,1926,,1,7,NT,open,single,dnb,full digital exists (ht allow); artifact may still be scarce,,,
9783510420001,Handbuch der Seefischerei Nordeuropas,Hans Luebbert; Ernst Ehrenbaum; Gerhard Meseck,1967,ger,1,7,NT,open,unheld-nt,,full digital exists (ht allow); artifact may still be scarce,,,
9783525303054,Gesammelte Schriften.,Wilhelm Dilthey,1961,ger,1,7,NT,open,multi,"dnb,loc",full digital exists (ht allow); artifact may still be scarce,,,
9783538060371,Lebensgeschichte,Johann Jakob Moser,1777,,1,7,NT,open,unheld-nt,,full digital exists (ht allow); artifact may still be scarce,,,
9783575331632,Northern France,Karl Baedeker (Firm),1894,,1,7,NT,open,single,dnb,full digital exists (ht allow); artifact may still be scarce,,,
9783596175499,Der Tod in Venedig,Thomas Mann,1924,,1,7,NT,open,single,dnb,full digital exists (pg hit); artifact may still be scarce,,12108,
9783596200542,Der Tod in Venedig,Thomas Mann,1954,ger,1,7,NT,open,single,dnb,full digital exists (pg hit); artifact may still be scarce,,12108,
9783596307500,Wunder über Wunder,,1906,,1,7,NT,open,single,dnb,full digital exists (ht allow); artifact may still be scarce,,,
9783596901784,"Zur Psychopathologie Des Alltagslebens: Über Vergessen, Versprechen, Vergreifen, Aberglaube Und Irrtum",Sigmund Freud,1910,,1,7,NT,open,single,dnb,full digital exists (pg hit); artifact may still be scarce,,24429,
9783596902125,Spanien,,1880,,1,7,NT,open,single,dnb,full digital exists (ht allow); artifact may still be scarce,,,
9783642519116,"Aus Lebenglish und Beruf. Aufsätze, Redenglish, Vorträge",Fritz Haber,1927,ger,1,7,NT,open,unheld-nt,,full digital exists (ht allow); artifact may still be scarce,,,
9783723516744,Rudolf Steiner,W. F. Lofthouse,1923,,1,7,NT,open,single,dnb,full digital exists (ht allow); artifact may still be scarce,,,
9783755780632,Metaphysik,,1894,,1,7,NT,open,single,dnb,full digital exists (ht allow); artifact may still be scarce,,,
9783765811869,Bayern,,1852,,1,7,NT,open,single,dnb,full digital exists (ht allow); artifact may still be scarce,,,
9783770104185,"Reisen, Ächtung, Befreiung.",Emil Nolde,1967,ger,1,7,NT,open,multi,"dnb,loc",full digital exists (ia hit); artifact may still be scarce,,,
9783770740147,Warum ist die Banane krumm? Vorlesegeschichten für neugierige Kinder,,1841,,1,7,NT,open,single,dnb,full digital exists (ia hit); artifact may still be scarce,,,
9783770805808,Catalogus professorum academiae Marburgensis; die akademischen Lehrer der Philipps-Universität in Marburg.,Philipps-Universität Marburg.,1927,ger,1,7,NT,open,multi,"dnb,loc",full digital exists (ht allow); artifact may still be scarce,,,
9783770806027,Heilsgeschehen und Geschichte,Werner Georg Kümmel,1965,ger,1,7,NT,open,multi,"dnb,loc",full digital exists (ia hit); artifact may still be scarce,,,
9783775251921,"Ausführliche Grammatik der griechischen Sprache, 2 Bde. in 4 Tl.-Bdn., Bd.2/1-2, Satzlehre",Raphael Kühner,1966,ger,1,7,NT,open,single,dnb,full digital exists (ht allow); artifact may still be scarce,,,
9783787306145,Gesammelte Werke.,Georg Wilhelm Friedrich Hegel,1968,ger,1,7,NT,open,multi,"dnb,loc",full digital exists (ht allow); artifact may still be scarce,,,
9783801225094,PROTOKOLL ÜBER DIE VERHANDLUNGEN DES PARTEITAGES DER Sozialdemokratischen Partei Deutschlands : ABGEHALTEN ZU STUTTGART VOM 3. BIS 8. OKTOBER 1898,Sozialdemokratische Partei Deutschlands.,1898,,1,7,NT,open,single,dnb,full digital exists (ht allow); artifact may still be scarce,,,
9783827000705,Die Romanows,,1906,,1,7,NT,open,single,dnb,full digital exists (ht allow); artifact may still be scarce,,,
9783846027103,Minnelieder und Sprüche,,1922,,1,7,NT,open,unheld-nt,,full digital exists (ht allow); artifact may still be scarce,,,
9783864073595,Wood Houses,KONEMANN,1900,,1,7,NT,open,unheld-nt,,full digital exists (ia hit); artifact may still be scarce,,,
9783866000247,Geschwister Tanner,Robert Walser,1967,ger,1,7,NT,open,multi,"dnb,loc",full digital exists (pg hit); artifact may still be scarce,,36172,
9783869416496,CONSEJOS DE SALUD,VV. AA.,1900,,1,7,NT,open,unheld-nt,,full digital exists (ia hit); artifact may still be scarce,,,
9783884000540,Sämtliche Werke,Henrik Ibsen,1916,,1,7,NT,open,single,dnb,full digital exists (ht allow); artifact may still be scarce,,,
9783893501250,Die Impressionisten,,1918,,1,7,NT,open,unheld-nt,,full digital exists (ht allow); artifact may still be scarce,,,
9783933614605,Jahresringe,,1889,,1,7,NT,open,single,dnb,full digital exists (ht allow); artifact may still be scarce,,,
9783934491052,Das Leiden eines Knaben,,1902,,1,7,NT,open,single,dnb,full digital exists (ht allow); artifact may still be scarce,,,
9783948137458,Gneisenau,,1906,,1,7,NT,open,single,dnb,full digital exists (ht allow); artifact may still be scarce,,,
9783948682507,Weltblick,,1922,,1,7,NT,open,single,dnb,full digital exists (ht allow); artifact may still be scarce,,,
9783949452284,Der Tunnel,Friedrich Durrenmatt,1920,,1,7,NT,open,single,dnb,full digital exists (ht allow); artifact may still be scarce,,,
9783965465060,Spitzbergen,,1922,,1,7,NT,open,single,dnb,full digital exists (ht allow); artifact may still be scarce,,,
9783990186008,Gilgamesch,Georg E. Burckhardt,1916,,1,7,NT,open,single,dnb,full digital exists (ht allow); artifact may still be scarce,,,
9783992003174,Wahrhaftigkeit,William Kingdon Clifford,1905,,1,7,NT,open,single,dnb,full digital exists (ht allow); artifact may still be scarce,,,
9785300025649,Rubens,,1920,,1,7,NT,open,unheld-nt,,full digital exists (ht allow); artifact may still be scarce,,,
9785551122746,John Adams,"Morse, John T. Jr",1899,,1,7,NT,open,unheld-nt,,full digital exists (ht allow); artifact may still be scarce,,,
9785699058631,Rekviem,"Einhorn, David",1922,,1,7,NT,open,unheld-nt,,full digital exists (ht allow); artifact may still be scarce,,,
9785880187065,Vergleichende Anatomie des Nervensystems,,1920,,1,7,NT,open,unheld-nt,,full digital exists (ht allow); artifact may still be scarce,,,
9785926819486,Byli,,1831,,1,7,NT,open,unheld-nt,,full digital exists (ht allow); artifact may still be scarce,,,
9785955006222,Buddizm,,1858,,1,7,NT,open,unheld-nt,,full digital exists (ht allow); artifact may still be scarce,,,
9788300000739,Dzieła wszystkie.,Oskar Kolberg,1961,pol,1,7,NT,open,unheld-nt,,full digital exists (ht allow); artifact may still be scarce,,,
9788304004771,Słownik polszczyzny XVI wieku.,Stanisław Bąk,1966,pol,1,7,NT,open,single,loc,full digital exists (ht allow); artifact may still be scarce,,,
9788304005723,Słownik polszczyzny XVI wieku.,Stanisław Bąk,1966,pol,1,7,NT,open,single,loc,full digital exists (ht allow); artifact may still be scarce,,,
9788385209348,Dzieje jednej partyzantki z lat 1917-1920,Wiktor Dzierzykraj Stokalski,1927,pol,1,7,NT,open,single,loc,full digital exists (ht allow); artifact may still be scarce,,,
9788412380040,Radu,,1914,,1,7,NT,open,unheld-nt,,full digital exists (ht allow); artifact may still be scarce,,,
9788417025007,Gaspar ruiz,Joseph Conrad,1900,,1,7,NT,open,unheld-nt,,full digital exists (pg hit); artifact may still be scarce,,8736,
9788423904525,Las alegres comadres de Windsor ; La comedia de las equivocaciones,William Shakespeare,1944,spa,1,7,NT,open,unheld-nt,,full digital exists (ht allow); artifact may still be scarce,,,
9788467037227,Del sentimiento trágico de la vida,Miguel de Unamuno,1901,,1,7,NT,open,unheld-nt,,full digital exists (pg hit); artifact may still be scarce,,59852,
9788472264373,Peer Gynt,Henrik Ibsen,1915,,1,7,NT,open,unheld-nt,,full digital exists (pg hit); artifact may still be scarce,,75544,
9788485027095,"El Epítome de Pinelo, primera bibliografía del Nuevo Mundo.",Antonio de León Pinelo,1958,spa,1,7,NT,open,unheld-nt,,full digital exists (ht allow); artifact may still be scarce,,,
9788489780590,Rafael,"Gourcy, Conrad comte de",1849,,1,7,NT,open,unheld-nt,,full digital exists (ht allow); artifact may still be scarce,,,
9788492520282,Francisco De Borja. Los Enigmas Del Duque Jesuíta,"LAMET,PEDRO MIGUEL",1900,,1,7,NT,open,unheld-nt,,full digital exists (ia hit); artifact may still be scarce,,,
9788492534821,Garfield sigue rodando,Jim Davis,1900,,1,7,NT,open,unheld-nt,,full digital exists (ia hit); artifact may still be scarce,,,
9788492728114,Moscu-Petushki,Erofeiev Venedikt,1900,,1,7,NT,open,unheld-nt,,full digital exists (ia hit); artifact may still be scarce,,,
