isbn13,title,author,year,language,edition_count,score,status,custody,custody_physical,holdings,status_basis,gb_status
9780198115113,,Edmund Kerchever Chambers,1923,und,1,8,NT,open,unheld-nt,,full digital exists (ht allow); artifact may still be scarce,
9780198145561,,Xenophon,1900,gre,1,8,NT,open,single,loc,full digital exists (ht allow); artifact may still be scarce,
9780371558140,,Christian Friedrich Schumacher,1825,dan,1,8,NT,open,unheld-nt,,full digital exists (ht allow); artifact may still be scarce,
9780387062945,,Moritz Pasch,1926,ger,1,8,NT,open,multi,"dnb,loc",full digital exists (ht allow); artifact may still be scarce,
9780404069070,,Franz Werfel,1926,ger,1,8,NT,open,single,loc,full digital exists (ht allow); artifact may still be scarce,
9780404566111,,Wolfgang Golther,1925,ger,1,8,NT,open,single,loc,full digital exists (ht allow); artifact may still be scarce,
9780524000038,,Christian Bartholmèss,1855,fre,1,8,NT,open,unheld-nt,,full digital exists (ht allow); artifact may still be scarce,
9780524000069,,Alois Emanuel Biedermann,1844,ger,1,8,NT,open,unheld-nt,,full digital exists (ht allow); artifact may still be scarce,
9780524000144,,F. J. Clemens,1847,ger,1,8,NT,open,unheld-nt,,full digital exists (ht allow); artifact may still be scarce,
9780524000236,,Johannes Heinrich August Ebrard,1840,ger,1,8,NT,open,unheld-nt,,full digital exists (ht allow); artifact may still be scarce,
9780524000717,,Wilhelm Nowack,1902,ger,1,8,NT,open,unheld-nt,,full digital exists (ht allow); artifact may still be scarce,
9780524000892,,Peter Andreas Plum Rosenberg,1898,dan,1,8,NT,open,unheld-nt,,full digital exists (ht allow); artifact may still be scarce,
9780524000915,,Richard Rothe,1863,ger,1,8,NT,open,unheld-nt,,full digital exists (ht allow); artifact may still be scarce,
9780524000960,,Julius Schaller,1844,ger,1,8,NT,open,unheld-nt,,full digital exists (ht allow); artifact may still be scarce,
9780524000991,,Heinrich Schmid,1846,ger,1,8,NT,open,unheld-nt,,full digital exists (ht allow); artifact may still be scarce,
9780524001004,,M. Schneckenburger,1855,ger,1,8,NT,open,unheld-nt,,full digital exists (ht allow); artifact may still be scarce,
9780524001080,,Hermann Spörri,1866,ger,1,8,NT,open,unheld-nt,,full digital exists (ht allow); artifact may still be scarce,
9780524001288,,Otto Siebert,1894,ger,1,8,NT,open,unheld-nt,,full digital exists (ht allow); artifact may still be scarce,
9780524001370,,G. Sodeur,1914,ger,1,8,NT,open,unheld-nt,,full digital exists (ht allow); artifact may still be scarce,
9780524001479,,Franz Anton Staudenmaier,1834,ger,1,8,NT,open,unheld-nt,,full digital exists (ht allow); artifact may still be scarce,
9780524001875,,"Vacherot, E.",1870,fre,1,8,NT,open,unheld-nt,,full digital exists (ht allow); artifact may still be scarce,
9780524002070,,"Werner, Johannes",1887,ger,1,8,NT,open,unheld-nt,,full digital exists (ht allow); artifact may still be scarce,
9780524002148,,Pontus Wikner,1889,swe,1,8,NT,open,unheld-nt,,full digital exists (ht allow); artifact may still be scarce,
9780524002247,,John Wycliffe,1902,lat,1,8,NT,open,unheld-nt,,full digital exists (ht allow); artifact may still be scarce,
9780524002353,,Otto Zänker,1907,ger,1,8,NT,open,unheld-nt,,full digital exists (ht allow); artifact may still be scarce,
9780524002384,,Eberhard Zirngiebl,1881,ger,1,8,NT,open,unheld-nt,,full digital exists (ht allow); artifact may still be scarce,
9780524002414,,Antonio of Vicenza,1880,lat,1,8,NT,open,unheld-nt,,full digital exists (ht allow); artifact may still be scarce,
9780524002476,,Matthias Baumgartner,1893,ger,1,8,NT,open,unheld-nt,,full digital exists (ht allow); artifact may still be scarce,
9780524003152,,Karl Heinrich Sack,1829,ger,1,8,NT,open,unheld-nt,,full digital exists (ht allow); artifact may still be scarce,
9780524003312,,Friedrich Schleiermacher,1884,ger,1,8,NT,open,unheld-nt,,full digital exists (ht allow); artifact may still be scarce,
9780524003343,,Friedrich Schleiermacher,1854,ger,1,8,NT,open,unheld-nt,,full digital exists (ht allow); artifact may still be scarce,
9780524003350,,Friedrich Schleiermacher,1873,ger,1,8,NT,open,unheld-nt,,full digital exists (ht allow); artifact may still be scarce,
9780524003442,,Rudolf Seydel,1857,ger,1,8,NT,open,unheld-nt,,full digital exists (ht allow); artifact may still be scarce,
9780524003565,,"Vacherot, E.",1836,lat,1,8,NT,open,unheld-nt,,full digital exists (ht allow); artifact may still be scarce,
9780524003572,,Christian Hermann Weisse,1833,ger,1,8,NT,open,unheld-nt,,full digital exists (ht allow); artifact may still be scarce,
9780524003589,,Georg Weissenborn,1850,ger,1,8,NT,open,unheld-nt,,full digital exists (ht allow); artifact may still be scarce,
9780524003619,,Jean Baptiste Bordas-Demoulin,1843,fre,1,8,NT,open,unheld-nt,,full digital exists (ht allow); artifact may still be scarce,
9780524003664,,Friedrich Wilhelm Gess,1837,ger,1,8,NT,open,unheld-nt,,full digital exists (ht allow); artifact may still be scarce,
9780524003718,,François Huet,1853,fre,1,8,NT,open,unheld-nt,,full digital exists (ht allow); artifact may still be scarce,
9780524003909,,Friedrich Schleiermacher,1841,ger,1,8,NT,open,unheld-nt,,full digital exists (ht allow); artifact may still be scarce,
9780524003916,,Heinrich Schmid,1835,ger,1,8,NT,open,unheld-nt,,full digital exists (ht allow); artifact may still be scarce,
9780524003947,,N. Teisen,1884,dan,1,8,NT,open,unheld-nt,,full digital exists (ht allow); artifact may still be scarce,
9780524003954,,N. Teisen,1903,dan,1,8,NT,open,unheld-nt,,full digital exists (ht allow); artifact may still be scarce,
9780524004043,,Ernst Troeltsch,1904,ger,1,8,NT,open,unheld-nt,,full digital exists (ht allow); artifact may still be scarce,
9780524004135,,"Vacherot, E.",1846,fre,1,8,NT,open,unheld-nt,,full digital exists (ht allow); artifact may still be scarce,
9780524004166,,Georg Weissenborn,1859,ger,1,8,NT,open,unheld-nt,,full digital exists (ht allow); artifact may still be scarce,
9780524004173,,August Werner,1871,ger,1,8,NT,open,unheld-nt,,full digital exists (ht allow); artifact may still be scarce,
9780524004326,,Kuno Fischer,1908,ger,1,8,NT,open,unheld-nt,,full digital exists (ht allow); artifact may still be scarce,
9780524004418,,Harald Høffding,1892,dan,1,8,NT,open,unheld-nt,,full digital exists (ht allow); artifact may still be scarce,
9780524004449,,Carl Frederik Koch,1898,dan,1,8,NT,open,unheld-nt,,full digital exists (ht allow); artifact may still be scarce,
9780524004463,,Hans Peter Kofoed-Hansen,1857,dan,1,8,NT,open,unheld-nt,,full digital exists (ht allow); artifact may still be scarce,
9780524004517,,C. L. N. Mynster,1884,dan,1,8,NT,open,unheld-nt,,full digital exists (ht allow); artifact may still be scarce,
9780524004562,,"Nielsen, Rasmus",1849,dan,1,8,NT,open,unheld-nt,,full digital exists (ht allow); artifact may still be scarce,
9780524004593,,"Nielsen, Rasmus",1858,dan,1,8,NT,open,unheld-nt,,full digital exists (ht allow); artifact may still be scarce,
9780524004616,,J. C. M. Ørum,1858,dan,1,8,NT,open,unheld-nt,,full digital exists (ht allow); artifact may still be scarce,
9780524004630,,A. F. Schiødte,1874,dan,1,8,NT,open,unheld-nt,,full digital exists (ht allow); artifact may still be scarce,
9780524004647,,Friedrich Schleiermacher,1830,ger,1,8,NT,open,unheld-nt,,full digital exists (ht allow); artifact may still be scarce,
9780524005354,,Johann Joseph Ignaz von Döllinger,1846,ger,1,8,NT,open,unheld-nt,,full digital exists (ht allow); artifact may still be scarce,
9780524005385,,Karl Dunkmann,1910,ger,1,8,NT,open,unheld-nt,,full digital exists (ht allow); artifact may still be scarce,
9780524005460,,Maurice Faucon,1886,fre,1,8,NT,open,unheld-nt,,full digital exists (ht allow); artifact may still be scarce,
9780524005651,,Gustav Kramer,1861,ger,1,8,NT,open,unheld-nt,,full digital exists (ht allow); artifact may still be scarce,
9780524005774,,Wilhelm Moeller,1870,ger,1,8,NT,open,unheld-nt,,full digital exists (ht allow); artifact may still be scarce,
9780524005804,,C. van Oordt,1879,fre,1,8,NT,open,unheld-nt,,full digital exists (ht allow); artifact may still be scarce,
9780524005842,,Theodor Pressel,1862,ger,1,8,NT,open,unheld-nt,,full digital exists (ht allow); artifact may still be scarce,
9780524005866,,Theodor Pressel,1862,ger,1,8,NT,open,unheld-nt,,full digital exists (ht allow); artifact may still be scarce,
9780524005873,,Theodor Pressel,1862,ger,1,8,NT,open,unheld-nt,,full digital exists (ht allow); artifact may still be scarce,
9780524005903,,Theodor Pressel,1862,ger,1,8,NT,open,unheld-nt,,full digital exists (ht allow); artifact may still be scarce,
9780524005958,,"Ritschl, Otto",1892,ger,1,8,NT,open,unheld-nt,,full digital exists (ht allow); artifact may still be scarce,
9780524006009,,Adolf Schlatter,1915,ger,1,8,NT,open,unheld-nt,,full digital exists (ht allow); artifact may still be scarce,
9780524006016,,"Schmidt, Charles",1858,ger,1,8,NT,open,unheld-nt,,full digital exists (ht allow); artifact may still be scarce,
9780524006092,,Karl Jakob Sudhoff,1857,ger,1,8,NT,open,unheld-nt,,full digital exists (ht allow); artifact may still be scarce,
9780524006412,,"Kunze, Johannes",1908,ger,1,8,NT,open,unheld-nt,,full digital exists (ht allow); artifact may still be scarce,
9780524006429,,Hermann Johann Mandel,1916,ger,1,8,NT,open,unheld-nt,,full digital exists (ht allow); artifact may still be scarce,
9780524006559,,Albrecht Ströle,1909,ger,1,8,NT,open,unheld-nt,,full digital exists (ht allow); artifact may still be scarce,
9780524006566,,Adolphe Tardif,1887,fre,1,8,NT,open,unheld-nt,,full digital exists (ht allow); artifact may still be scarce,
9780524006702,,Gustav Zart,1881,ger,1,8,NT,open,unheld-nt,,full digital exists (ht allow); artifact may still be scarce,
9780524006832,,ʻAlī Muḥammad Shīrāzī Bāb,1905,fre,1,8,NT,open,unheld-nt,,full digital exists (ht allow); artifact may still be scarce,
9780524007075,,Wilhelm Caspari,1903,ger,1,8,NT,open,unheld-nt,,full digital exists (ht allow); artifact may still be scarce,
9780524007419,,"Bezold, Friedrich von",1890,ger,1,8,NT,open,unheld-nt,,full digital exists (ht allow); artifact may still be scarce,
9780524007426,,J. R. Borbis,1861,ger,1,8,NT,open,unheld-nt,,full digital exists (ht allow); artifact may still be scarce,
9780524007495,,Meister Eckhart,1895,ger,1,8,NT,open,unheld-nt,,full digital exists (ht allow); artifact may still be scarce,
9780524007570,,Albert Hauck,1904,ger,1,8,NT,open,unheld-nt,,full digital exists (ht allow); artifact may still be scarce,
9780524007600,,Walther Köhler,1901,ger,1,8,NT,open,unheld-nt,,full digital exists (ht allow); artifact may still be scarce,
9780524008638,,Josef Bohatec,1912,ger,1,8,NT,open,unheld-nt,,full digital exists (ht allow); artifact may still be scarce,
9780524008669,,"Hettinger, Franz",1875,ger,1,8,NT,open,unheld-nt,,full digital exists (ht allow); artifact may still be scarce,
9780524008850,,Edmund Hardy,1887,ger,1,8,NT,open,unheld-nt,,full digital exists (ht allow); artifact may still be scarce,
9780524009291,,Ernst Maass,1903,ger,1,8,NT,open,unheld-nt,,full digital exists (ht allow); artifact may still be scarce,
9780524009598,,Jakob Pley,1911,lat,1,8,NT,open,unheld-nt,,full digital exists (ht allow); artifact may still be scarce,
9780524010105,,Félix Rocquain,1881,fre,1,8,NT,open,unheld-nt,,full digital exists (ht allow); artifact may still be scarce,
9780524010211,,Horst Stephan,1905,ger,1,8,NT,open,unheld-nt,,full digital exists (ht allow); artifact may still be scarce,
9780524010341,,Theodor Wotschke,1911,ger,1,8,NT,open,unheld-nt,,full digital exists (ht allow); artifact may still be scarce,
9780524010617,,Ludolf Krehl,1884,ger,1,8,NT,open,unheld-nt,,full digital exists (ht allow); artifact may still be scarce,
9780524010709,,Félix Nève,1853,fre,1,8,NT,open,unheld-nt,,full digital exists (ht allow); artifact may still be scarce,
9780524011072,,Ernst Cremer,1907,ger,1,8,NT,open,unheld-nt,,full digital exists (ht allow); artifact may still be scarce,
9780524011126,,Thomas Gascoigne,1881,lat,1,8,NT,open,unheld-nt,,full digital exists (ht allow); artifact may still be scarce,
9780524011157,,J. H. Maronier,1901,dut,1,8,NT,open,unheld-nt,,full digital exists (ht allow); artifact may still be scarce,
9780524011195,,Neofito ex rabbino,1883,ita,1,8,NT,open,unheld-nt,,full digital exists (ht allow); artifact may still be scarce,
9780524011515,,E. Amélineau,1892,fre,1,8,NT,open,unheld-nt,,full digital exists (ht allow); artifact may still be scarce,
9780524011539,,"Andrian-Werburg, Klaus Freiherr von",1891,ger,1,8,NT,open,unheld-nt,,full digital exists (ht allow); artifact may still be scarce,
9780524011614,,Adolf Bastian,1882,ger,1,8,NT,open,unheld-nt,,full digital exists (ht allow); artifact may still be scarce,
9780524011638,,Julius Baumann,1905,ger,1,8,NT,open,unheld-nt,,full digital exists (ht allow); artifact may still be scarce,
9780524011669,,Victor Bérard,1894,fre,1,8,NT,open,unheld-nt,,full digital exists (ht allow); artifact may still be scarce,
9780524011744,,Wilhelm Bruhn,1907,ger,1,8,NT,open,unheld-nt,,full digital exists (ht allow); artifact may still be scarce,
9780524012369,,George Pascal,1894,fre,1,8,NT,open,unheld-nt,,full digital exists (ht allow); artifact may still be scarce,
9780524012413,,Wilhelm Preger,1859,ger,1,8,NT,open,unheld-nt,,full digital exists (ht allow); artifact may still be scarce,
9780524012451,,Karl August Traugott Vogt,1867,ger,1,8,NT,open,unheld-nt,,full digital exists (ht allow); artifact may still be scarce,
9780524012475,,Thomas Achelis,1895,ger,1,8,NT,open,unheld-nt,,full digital exists (ht allow); artifact may still be scarce,
9780524012536,,Alfred Bertholet,1909,ger,1,8,NT,open,unheld-nt,,full digital exists (ht allow); artifact may still be scarce,
9780524012611,,René Cirilli,1913,fre,1,8,NT,open,unheld-nt,,full digital exists (ht allow); artifact may still be scarce,
9780524012703,,H. K. Hugo Delff,1886,ger,1,8,NT,open,unheld-nt,,full digital exists (ht allow); artifact may still be scarce,
9780524012710,,Hartwig Derenbourg,1886,fre,1,8,NT,open,unheld-nt,,full digital exists (ht allow); artifact may still be scarce,
9780524012758,,Edmond Doutté,1900,fre,1,8,NT,open,unheld-nt,,full digital exists (ht allow); artifact may still be scarce,
9780524013069,,Mary Summer,1874,fre,1,8,NT,open,unheld-nt,,full digital exists (ht allow); artifact may still be scarce,
9780524013076,,Mary Summer,1873,fre,1,8,NT,open,unheld-nt,,full digital exists (ht allow); artifact may still be scarce,
9780524013243,,Alfred Wiedemann,1905,ger,1,8,NT,open,unheld-nt,,full digital exists (ht allow); artifact may still be scarce,
9780524013434,,Erwin Preuschen,1897,ger,1,8,NT,open,unheld-nt,,full digital exists (ht allow); artifact may still be scarce,
9780524013571,,"Gabelentz, Georg von der",1888,ger,1,8,NT,open,unheld-nt,,full digital exists (ht allow); artifact may still be scarce,
9780524013595,,Garcin de Tassy M.,1869,fre,1,8,NT,open,unheld-nt,,full digital exists (ht allow); artifact may still be scarce,
9780524013632,,Hubert Grimme,1892,ger,1,8,NT,open,unheld-nt,,full digital exists (ht allow); artifact may still be scarce,
9780524013656,,Karl Güterbock,1912,ger,1,8,NT,open,unheld-nt,,full digital exists (ht allow); artifact may still be scarce,
9780524013663,,Julius Happel,1882,ger,1,8,NT,open,unheld-nt,,full digital exists (ht allow); artifact may still be scarce,
9780524013724,,Hartwig Hirschfeld,1886,ger,1,8,NT,open,unheld-nt,,full digital exists (ht allow); artifact may still be scarce,
9780524013878,,Johannes Warneck,1909,ger,1,8,NT,open,unheld-nt,,full digital exists (ht allow); artifact may still be scarce,
9780524013908,,Friedrich Windischmann,1863,ger,1,8,NT,open,unheld-nt,,full digital exists (ht allow); artifact may still be scarce,
9780524014240,,"Dahlmann, Joseph",1898,ger,1,8,NT,open,unheld-nt,,full digital exists (ht allow); artifact may still be scarce,
9780524014264,,"Dahlmann, Joseph",1896,ger,1,8,NT,open,unheld-nt,,full digital exists (ht allow); artifact may still be scarce,
9780524014417,,Armand Albert Guérinot,1900,fre,1,8,NT,open,unheld-nt,,full digital exists (ht allow); artifact may still be scarce,
9780524014455,,Edmund Hardy,1890,ger,1,8,NT,open,unheld-nt,,full digital exists (ht allow); artifact may still be scarce,
9780524014486,,Victor Henry,1905,fre,1,8,NT,open,unheld-nt,,full digital exists (ht allow); artifact may still be scarce,
9780524014509,,Alfred Hillebrandt,1877,ger,1,8,NT,open,unheld-nt,,full digital exists (ht allow); artifact may still be scarce,
9780524014523,,Henri Hubert,1909,fre,1,8,NT,open,unheld-nt,,full digital exists (ht allow); artifact may still be scarce,
9780524014660,,Ferdinand Probst,1884,ger,1,8,NT,open,unheld-nt,,full digital exists (ht allow); artifact may still be scarce,
9780524014837,,Wilhelm Friedrich,1890,ger,1,8,NT,open,unheld-nt,,full digital exists (ht allow); artifact may still be scarce,
9780524014967,,Julius Happel,1882,ger,1,8,NT,open,unheld-nt,,full digital exists (ht allow); artifact may still be scarce,
9780524014974,,Edmund Hardy,1893,ger,1,8,NT,open,unheld-nt,,full digital exists (ht allow); artifact may still be scarce,
9780524015001,,Fritz Hommel,1901,ger,1,8,NT,open,unheld-nt,,full digital exists (ht allow); artifact may still be scarce,
9780524015025,,M. Horten,1916,ger,1,8,NT,open,unheld-nt,,full digital exists (ht allow); artifact may still be scarce,
9780524015056,,Netherlands) International Congress for the History of Religions (4th 1912 Leiden,1913,fre,1,8,NT,open,unheld-nt,,full digital exists (ht allow); artifact may still be scarce,
9780524015070,,"Kauffmann, Friedrich",1902,ger,1,8,NT,open,unheld-nt,,full digital exists (ht allow); artifact may still be scarce,
9780524015131,,Ludwig Radermacher,1903,ger,1,8,NT,open,unheld-nt,,full digital exists (ht allow); artifact may still be scarce,
9780524015148,,Carolo de Smedt,1883,fre,1,8,NT,open,unheld-nt,,full digital exists (ht allow); artifact may still be scarce,
9780524015308,,R. Rocholl,1904,ger,1,8,NT,open,unheld-nt,,full digital exists (ht allow); artifact may still be scarce,
9780524015421,,Rudolf Dvořák,1884,ger,1,8,NT,open,unheld-nt,,full digital exists (ht allow); artifact may still be scarce,
9780524015483,,Wilhelm Grube,1910,ger,1,8,NT,open,unheld-nt,,full digital exists (ht allow); artifact may still be scarce,
9780524015520,,Otto Henne am Rhyn,1881,ger,1,8,NT,open,unheld-nt,,full digital exists (ht allow); artifact may still be scarce,
9780524015568,,M. Horten,1910,ger,1,8,NT,open,unheld-nt,,full digital exists (ht allow); artifact may still be scarce,
9780524015575,,Yijing,1894,fre,1,8,NT,open,unheld-nt,,full digital exists (ht allow); artifact may still be scarce,
9780524015582,,Switzerland) International Congress for the History of Religions (2nd 1904 Basel,1905,ger,1,8,NT,open,unheld-nt,,full digital exists (ht allow); artifact may still be scarce,
9780524015629,,"Keller, Adolf",1896,ger,1,8,NT,open,unheld-nt,,full digital exists (ht allow); artifact may still be scarce,
9780524015704,,Sylvain Lévi,1898,fre,1,8,NT,open,unheld-nt,,full digital exists (ht allow); artifact may still be scarce,
9780524015735,,A. F. Mehren,1878,fre,1,8,NT,open,unheld-nt,,full digital exists (ht allow); artifact may still be scarce,
9780524015858,,Franz Nager,1912,ger,1,8,NT,open,unheld-nt,,full digital exists (ht allow); artifact may still be scarce,
9780524015865,,Nikolaus Paulus,1891,ger,1,8,NT,open,unheld-nt,,full digital exists (ht allow); artifact may still be scarce,
9780524015889,,Hans von Schubert,1916,ger,1,8,NT,open,unheld-nt,,full digital exists (ht allow); artifact may still be scarce,
9780524015896,,Joh. Friedrich von Schulte,1896,ger,1,8,NT,open,unheld-nt,,full digital exists (ht allow); artifact may still be scarce,
9780524015964,,Averroës,1859,ara,1,8,NT,open,unheld-nt,,full digital exists (ht allow); artifact may still be scarce,
9780524015988,,Tawfīq Kanʻān,1914,ger,1,8,NT,open,unheld-nt,,full digital exists (ht allow); artifact may still be scarce,
9780524016008,,Edvard Lehmann,1912,ger,1,8,NT,open,unheld-nt,,full digital exists (ht allow); artifact may still be scarce,
9780524016022,,Edmund Hardy,1903,ger,1,8,NT,open,unheld-nt,,full digital exists (ht allow); artifact may still be scarce,
9780524016039,,"Haug, Martin",1871,ger,1,8,NT,open,unheld-nt,,full digital exists (ht allow); artifact may still be scarce,
9780524016121,,"Krauss, Friedrich S.",1890,ger,1,8,NT,open,unheld-nt,,full digital exists (ht allow); artifact may still be scarce,
9780524016138,,Alfred von Kremer,1873,ger,1,8,NT,open,unheld-nt,,full digital exists (ht allow); artifact may still be scarce,
9780524016169,,Georg Längin,1888,ger,1,8,NT,open,unheld-nt,,full digital exists (ht allow); artifact may still be scarce,
9780524016183,,Franz Lukas,1893,ger,1,8,NT,open,unheld-nt,,full digital exists (ht allow); artifact may still be scarce,
9780524016244,,Joachim Menant,1892,fre,1,8,NT,open,unheld-nt,,full digital exists (ht allow); artifact may still be scarce,
9780524016329,,Th Trede,1901,ger,1,8,NT,open,unheld-nt,,full digital exists (ht allow); artifact may still be scarce,
9780524016336,,Charles Vellay,1904,fre,1,8,NT,open,unheld-nt,,full digital exists (ht allow); artifact may still be scarce,
9780524016428,,Eugène Bersier,1872,fre,1,8,NT,open,unheld-nt,,full digital exists (ht allow); artifact may still be scarce,
9780524016824,,A. Bouinais,1893,fre,1,8,NT,open,unheld-nt,,full digital exists (ht allow); artifact may still be scarce,
9780524016831,,Gustave Brunet,1861,fre,1,8,NT,open,unheld-nt,,full digital exists (ht allow); artifact may still be scarce,
9780524016992,,Gustav Flügel,1862,ger,1,8,NT,open,unheld-nt,,full digital exists (ht allow); artifact may still be scarce,
9780524017135,,J. A. Bergh,1914,nor,1,8,NT,open,unheld-nt,,full digital exists (ht allow); artifact may still be scarce,
9780524017265,,H. Halvorsen,1903,nor,1,8,NT,open,unheld-nt,,full digital exists (ht allow); artifact may still be scarce,
9780524017623,,Nikodim Bishop of Dalmatia and Istria,1905,ger,1,8,NT,open,unheld-nt,,full digital exists (ht allow); artifact may still be scarce,
9780524017630,,Friedrich August Pischon,1846,ger,1,8,NT,open,unheld-nt,,full digital exists (ht allow); artifact may still be scarce,
9780524017685,,Sharaf al-Dīn Muḥammad ibn Saʻīd Būṣīrī,1894,fre,1,8,NT,open,unheld-nt,,full digital exists (ht allow); artifact may still be scarce,
9780524017784,,Henri Lammens,1912,fre,1,8,NT,open,unheld-nt,,full digital exists (ht allow); artifact may still be scarce,
9780524017791,,Georg Längin,1890,ger,1,8,NT,open,unheld-nt,,full digital exists (ht allow); artifact may still be scarce,
9780524017951,,I. P. Minaev,1894,fre,1,8,NT,open,unheld-nt,,full digital exists (ht allow); artifact may still be scarce,
9780524017982,,Alexandre Moret,1902,fre,1,8,NT,open,unheld-nt,,full digital exists (ht allow); artifact may still be scarce,
9780524018088,,Jean Réville,1886,fre,1,8,NT,open,unheld-nt,,full digital exists (ht allow); artifact may still be scarce,
9780524018316,,Hans Ludwig Held,1912,ger,1,8,NT,open,unheld-nt,,full digital exists (ht allow); artifact may still be scarce,
9780524018361,,Hermann Kees,1912,ger,1,8,NT,open,unheld-nt,,full digital exists (ht allow); artifact may still be scarce,
9780524018644,,Hermann Oldenberg,1903,ger,1,8,NT,open,unheld-nt,,full digital exists (ht allow); artifact may still be scarce,
9780524018712,,P. Saintyves,1914,fre,1,8,NT,open,unheld-nt,,full digital exists (ht allow); artifact may still be scarce,
9780524018743,,Camille Sourdille,1910,fre,1,8,NT,open,unheld-nt,,full digital exists (ht allow); artifact may still be scarce,
9780524018774,,J. Toutain,1909,fre,1,8,NT,open,unheld-nt,,full digital exists (ht allow); artifact may still be scarce,
9780524018811,,Raget Christoffel,1857,ger,1,8,NT,open,unheld-nt,,full digital exists (ht allow); artifact may still be scarce,
9780524018880,,Carl Pestalozzi,1858,ger,1,8,NT,open,unheld-nt,,full digital exists (ht allow); artifact may still be scarce,
9780524018934,,Carl Schmidt,1861,ger,1,8,NT,open,unheld-nt,,full digital exists (ht allow); artifact may still be scarce,
9780524018972,,Carl Friedrich Stäudlin,1827,ger,1,8,NT,open,unheld-nt,,full digital exists (ht allow); artifact may still be scarce,
9780524019047,,J. J. M. de Groot,1886,fre,1,8,NT,open,unheld-nt,,full digital exists (ht allow); artifact may still be scarce,
9780524019078,,Henri Lammens,1914,fre,1,8,NT,open,unheld-nt,,full digital exists (ht allow); artifact may still be scarce,
9780524019122,,L.-F.-Alfred Maury,1863,fre,1,8,NT,open,unheld-nt,,full digital exists (ht allow); artifact may still be scarce,
9780524019153,,Theodor Nöldeke,1875,ger,1,8,NT,open,unheld-nt,,full digital exists (ht allow); artifact may still be scarce,
9780524019177,,Tharsicius Paffrath,1913,ger,1,8,NT,open,unheld-nt,,full digital exists (ht allow); artifact may still be scarce,
9780524019207,,"Schmidt, Leopold",1882,ger,1,8,NT,open,unheld-nt,,full digital exists (ht allow); artifact may still be scarce,
9780524019214,,"Schneider, Hermann",1909,ger,1,8,NT,open,unheld-nt,,full digital exists (ht allow); artifact may still be scarce,
9780524019306,,Victor von Strauss und Torney,1879,ger,1,8,NT,open,unheld-nt,,full digital exists (ht allow); artifact may still be scarce,
9780524019658,,Karl Ferdinand Johansson; Nathan Söderblom,1908,swe,1,8,NT,open,unheld-nt,,full digital exists (ht allow); artifact may still be scarce,
9780524019740,,"Nilsson, Martin P.",1914,ger,1,8,NT,open,unheld-nt,,full digital exists (ht allow); artifact may still be scarce,
9780524019757,,Gerhard Peekel,1910,ger,1,8,NT,open,unheld-nt,,full digital exists (ht allow); artifact may still be scarce,
9780524019764,,Christian Petersen,1870,ger,1,8,NT,open,unheld-nt,,full digital exists (ht allow); artifact may still be scarce,
9780524019795,,Carl Nathanael Pischon,1881,ger,1,8,NT,open,unheld-nt,,full digital exists (ht allow); artifact may still be scarce,
9780524019832,,Wilhelm Heinrich Roscher,1915,ger,1,8,NT,open,unheld-nt,,full digital exists (ht allow); artifact may still be scarce,
9780524019849,,Gustav Roskoff,1880,ger,1,8,NT,open,unheld-nt,,full digital exists (ht allow); artifact may still be scarce,
9780524019900,,R. Stübe,1913,ger,1,8,NT,open,unheld-nt,,full digital exists (ht allow); artifact may still be scarce,
9780524020029,,Hermann Dalton,1865,ger,1,8,NT,open,unheld-nt,,full digital exists (ht allow); artifact may still be scarce,
9780524020036,,Ch. L. Frossard,1857,fre,1,8,NT,open,unheld-nt,,full digital exists (ht allow); artifact may still be scarce,
9780524020050,,Friedrich Lauchert,1896,grc,1,8,NT,open,unheld-nt,,full digital exists (ht allow); artifact may still be scarce,
9780524020142,,"Decharme, Paul",1904,fre,1,8,NT,open,unheld-nt,,full digital exists (ht allow); artifact may still be scarce,
9780524020227,,Maximilian Kobbert,1910,lat,1,8,NT,open,unheld-nt,,full digital exists (ht allow); artifact may still be scarce,
9780524020234,,Lamairesse,1891,fre,1,8,NT,open,unheld-nt,,full digital exists (ht allow); artifact may still be scarce,
9780524020258,,Charles Jean Marie Letourneau,1898,fre,1,8,NT,open,unheld-nt,,full digital exists (ht allow); artifact may still be scarce,
9780524020289,,Erwin Pfeiffer,1916,ger,1,8,NT,open,unheld-nt,,full digital exists (ht allow); artifact may still be scarce,
9780524020395,,Edgar Hans Casimir Reuterskiöld,1912,ger,1,8,NT,open,unheld-nt,,full digital exists (ht allow); artifact may still be scarce,
9780524020494,,J. B. Rüling,1895,ger,1,8,NT,open,unheld-nt,,full digital exists (ht allow); artifact may still be scarce,
9780524020807,,Ignác Goldziher,1910,ger,1,8,NT,open,unheld-nt,,full digital exists (ht allow); artifact may still be scarce,
9780524020814,,Heinrich Günter,1910,ger,1,8,NT,open,unheld-nt,,full digital exists (ht allow); artifact may still be scarce,
9780524020845,,Ferdinand Hitzig,1845,ger,1,8,NT,open,unheld-nt,,full digital exists (ht allow); artifact may still be scarce,
9780524020999,,Hermann Oldenberg,1915,ger,1,8,NT,open,unheld-nt,,full digital exists (ht allow); artifact may still be scarce,
9780524021880,,Friedrich Nitzsch,1860,ger,1,8,NT,open,unheld-nt,,full digital exists (ht allow); artifact may still be scarce,
9780524021972,,Joseph Bricout,1911,fre,1,8,NT,open,unheld-nt,,full digital exists (ht allow); artifact may still be scarce,
9780524021996,,Heinrich Brugsch,1891,ger,1,8,NT,open,unheld-nt,,full digital exists (ht allow); artifact may still be scarce,
9780524022092,,Ulrich Jahn,1886,ger,1,8,NT,open,unheld-nt,,full digital exists (ht allow); artifact may still be scarce,
9780524022238,,Carl Friedrich Nägelsbach,1884,ger,1,8,NT,open,unheld-nt,,full digital exists (ht allow); artifact may still be scarce,
9780524022290,,V. V. Radlov,1885,ger,1,8,NT,open,unheld-nt,,full digital exists (ht allow); artifact may still be scarce,
9780524022320,,Arthur W. Ryder,1901,ger,1,8,NT,open,unheld-nt,,full digital exists (ht allow); artifact may still be scarce,
9780524022771,,Christian Bürckstümmer,1914,ger,1,8,NT,open,unheld-nt,,full digital exists (ht allow); artifact may still be scarce,
9780524022832,,Fredrik Kristian Nielsen,1879,dan,1,8,NT,open,unheld-nt,,full digital exists (ht allow); artifact may still be scarce,
9780524022955,,Bernard Carra de Vaux,1902,fre,1,8,NT,open,unheld-nt,,full digital exists (ht allow); artifact may still be scarce,
9780524023129,,"Lippert, Julius",1881,ger,1,8,NT,open,unheld-nt,,full digital exists (ht allow); artifact may still be scarce,
9780524023198,,Albert Réville,1883,fre,1,8,NT,open,unheld-nt,,full digital exists (ht allow); artifact may still be scarce,
9780524023235,,Karl Joseph Simrock,1887,ger,1,8,NT,open,unheld-nt,,full digital exists (ht allow); artifact may still be scarce,
9780524023242,,"Steinthal, Heymann",1890,ger,1,8,NT,open,unheld-nt,,full digital exists (ht allow); artifact may still be scarce,
9780524023280,,Gustav Weil,1843,ger,1,8,NT,open,unheld-nt,,full digital exists (ht allow); artifact may still be scarce,
9780524023297,,"Weinreich, Otto",1909,ger,1,8,NT,open,unheld-nt,,full digital exists (ht allow); artifact may still be scarce,
9780524023310,,Alfred Wiedemann,1912,ger,1,8,NT,open,unheld-nt,,full digital exists (ht allow); artifact may still be scarce,
9780524023761,,Th Steinmann,1912,ger,1,8,NT,open,unheld-nt,,full digital exists (ht allow); artifact may still be scarce,
9780524023983,,Alfred Hegler,1900,ger,1,8,NT,open,unheld-nt,,full digital exists (ht allow); artifact may still be scarce,
9780524024126,,Horst Stephan,1911,ger,1,8,NT,open,unheld-nt,,full digital exists (ht allow); artifact may still be scarce,
9780524024171,,"Breysig, Kurt",1905,ger,1,8,NT,open,unheld-nt,,full digital exists (ht allow); artifact may still be scarce,
9780524024195,,Thomas Achelis,1908,ger,1,8,NT,open,unheld-nt,,full digital exists (ht allow); artifact may still be scarce,
9780524024218,,Otto Eissfeldt,1917,ger,1,8,NT,open,unheld-nt,,full digital exists (ht allow); artifact may still be scarce,
9780524024294,,Ernst Maass,1902,ger,1,8,NT,open,unheld-nt,,full digital exists (ht allow); artifact may still be scarce,
9780524024300,,F. A. Maercker,1842,ger,1,8,NT,open,unheld-nt,,full digital exists (ht allow); artifact may still be scarce,
9780524024331,,"Preller, Ludwig",1860,ger,1,8,NT,open,unheld-nt,,full digital exists (ht allow); artifact may still be scarce,
9780524024355,,Edmund Spiess,1871,ger,1,8,NT,open,unheld-nt,,full digital exists (ht allow); artifact may still be scarce,
9780524024416,,R. Andersen,1889,dan,1,8,NT,open,unheld-nt,,full digital exists (ht allow); artifact may still be scarce,
9780524024737,,Chr Hochstetter,1885,ger,1,8,NT,open,unheld-nt,,full digital exists (ht allow); artifact may still be scarce,
9780524024942,,Karl Heinrich Sack,1844,ger,1,8,NT,open,unheld-nt,,full digital exists (ht allow); artifact may still be scarce,
9780524025338,,Bernard Le Bovier de Fontenelle,1908,fre,1,8,NT,open,unheld-nt,,full digital exists (ht allow); artifact may still be scarce,
9780524025369,,Georg Runze,1894,ger,1,8,NT,open,unheld-nt,,full digital exists (ht allow); artifact may still be scarce,
9780524025406,,Walther Schrank,1908,ger,1,8,NT,open,unheld-nt,,full digital exists (ht allow); artifact may still be scarce,
9780524025420,,Günther Schulemann,1911,ger,1,8,NT,open,unheld-nt,,full digital exists (ht allow); artifact may still be scarce,
9780524025475,,"Sepp, Johann Nepomuk",1890,ger,1,8,NT,open,unheld-nt,,full digital exists (ht allow); artifact may still be scarce,
9780524025567,,Ernst Trumpp,1881,ger,1,8,NT,open,unheld-nt,,full digital exists (ht allow); artifact may still be scarce,
9780524025635,,Moses Worms,1900,ger,1,8,NT,open,unheld-nt,,full digital exists (ht allow); artifact may still be scarce,
9780524025772,,Abel Alcais,1908,fre,1,8,NT,open,unheld-nt,,full digital exists (ht allow); artifact may still be scarce,
9780524026052,,"Stromberg, Adalbert Freiherr von",1913,ger,1,8,NT,open,unheld-nt,,full digital exists (ht allow); artifact may still be scarce,
9780524026212,,"Walleser, Max",1910,ger,1,8,NT,open,unheld-nt,,full digital exists (ht allow); artifact may still be scarce,
9780524026427,,"Herrmann, Wilhelm",1887,ger,1,8,NT,open,unheld-nt,,full digital exists (ht allow); artifact may still be scarce,
9780524026434,,Gustav Hoennicke,1908,ger,1,8,NT,open,unheld-nt,,full digital exists (ht allow); artifact may still be scarce,
9780524026441,,Heinrich Julius Holtzmann,1877,ger,1,8,NT,open,unheld-nt,,full digital exists (ht allow); artifact may still be scarce,
9780524026465,,Martin Luther,1917,ger,1,8,NT,open,unheld-nt,,full digital exists (ht allow); artifact may still be scarce,
9780524026588,,Edvard Lehmann,1913,ger,1,8,NT,open,unheld-nt,,full digital exists (ht allow); artifact may still be scarce,
9780524026625,,,1859,fre,1,8,NT,open,unheld-nt,,full digital exists (ht allow); artifact may still be scarce,
9780524026694,,Albert Tschepe,1906,ger,1,8,NT,open,unheld-nt,,full digital exists (ht allow); artifact may still be scarce,
9780524026731,,A. de Vlieger,1903,fre,1,8,NT,open,unheld-nt,,full digital exists (ht allow); artifact may still be scarce,
9780524026809,,Heinrich von Wlislocki,1891,ger,1,8,NT,open,unheld-nt,,full digital exists (ht allow); artifact may still be scarce,
9780524026816,,Heinrich von Wlislocki,1893,ger,1,8,NT,open,unheld-nt,,full digital exists (ht allow); artifact may still be scarce,
9780524026830,,Richard Wünsch,1898,ger,1,8,NT,open,unheld-nt,,full digital exists (ht allow); artifact may still be scarce,
9780524027158,,Friedrich Giesebrecht,1904,ger,1,8,NT,open,unheld-nt,,full digital exists (ht allow); artifact may still be scarce,
9780524027240,,Johann Wasiljev,1902,ger,1,8,NT,open,unheld-nt,,full digital exists (ht allow); artifact may still be scarce,
9780524027271,,F. Wipprecht,1902,ger,1,8,NT,open,unheld-nt,,full digital exists (ht allow); artifact may still be scarce,
9780524027288,,Minori Yasuda,1893,ger,1,8,NT,open,unheld-nt,,full digital exists (ht allow); artifact may still be scarce,
9780524027745,,Wilhelm Martin Leberecht De Wette,1806,ger,1,8,NT,open,unheld-nt,,full digital exists (ht allow); artifact may still be scarce,
9780524027769,,Ludwig Johannes Frohnmeyer; I. Benzinger,1905,ger,1,8,NT,open,unheld-nt,,full digital exists (ht allow); artifact may still be scarce,
9780524027820,,Flavius Josephus,1885,grc,1,8,NT,open,unheld-nt,,full digital exists (ht allow); artifact may still be scarce,
9780524027875,,Friedrich Kauffmann,1899,ger,1,8,NT,open,unheld-nt,,full digital exists (ht allow); artifact may still be scarce,
9780524027929,,Carl Adolf Cornelius,1895,ger,1,8,NT,open,unheld-nt,,full digital exists (ht allow); artifact may still be scarce,
9780524028308,,J. F. Köstering,1867,ger,1,8,NT,open,unheld-nt,,full digital exists (ht allow); artifact may still be scarce,
9780524028582,,Wilhelm Laible,1912,ger,1,8,NT,open,unheld-nt,,full digital exists (ht allow); artifact may still be scarce,
9780524028803,,Alfons Bellesheim,1890,ger,1,8,NT,open,unheld-nt,,full digital exists (ht allow); artifact may still be scarce,
9780524028995,,F. H. Reusch,1883,ger,1,8,NT,open,unheld-nt,,full digital exists (ht allow); artifact may still be scarce,
9780524029541,,Erich Foerster,1905,ger,1,8,NT,open,unheld-nt,,full digital exists (ht allow); artifact may still be scarce,
9780524029596,,Methodist Episcopal Church,1875,spa,1,8,NT,open,unheld-nt,,full digital exists (ht allow); artifact may still be scarce,
9780524030301,,P. Alphandéry,1903,fre,1,8,NT,open,unheld-nt,,full digital exists (ht allow); artifact may still be scarce,
9780524030363,,Hermann Baumgarten,1882,ger,1,8,NT,open,unheld-nt,,full digital exists (ht allow); artifact may still be scarce,
9780524030370,,Wilhelm Bender,1882,ger,1,8,NT,open,unheld-nt,,full digital exists (ht allow); artifact may still be scarce,
9780524030929,,Erich Foerster,1904,ger,1,8,NT,open,unheld-nt,,full digital exists (ht allow); artifact may still be scarce,
9780524031100,,Ernst Troeltsch,1904,ger,1,8,NT,open,unheld-nt,,full digital exists (ht allow); artifact may still be scarce,
9780524031124,,Philippus Baldaeus,1917,dut,1,8,NT,open,unheld-nt,,full digital exists (ht allow); artifact may still be scarce,
9780524031131,,Alfred Bertholet; Wilhelm Grube,1908,ger,1,8,NT,open,unheld-nt,,full digital exists (ht allow); artifact may still be scarce,
9780524031162,,Wolfgang Golther,1909,ger,1,8,NT,open,unheld-nt,,full digital exists (ht allow); artifact may still be scarce,
9780524031254,,Carl Scholl,1852,ger,1,8,NT,open,unheld-nt,,full digital exists (ht allow); artifact may still be scarce,
9780524031261,,"Tiele, C. P.",1886,ger,1,8,NT,open,unheld-nt,,full digital exists (ht allow); artifact may still be scarce,
9780524031278,,Muḥammad ibn ʻUmar Wāqidī,1882,ger,1,8,NT,open,unheld-nt,,full digital exists (ht allow); artifact may still be scarce,
9780524031650,,Friedrich Kapp,1884,ger,1,8,NT,open,unheld-nt,,full digital exists (ht allow); artifact may still be scarce,
9780524031780,,Walter Norden,1903,ger,1,8,NT,open,unheld-nt,,full digital exists (ht allow); artifact may still be scarce,
9780524032107,,L. E. Tony André,1899,fre,1,8,NT,open,unheld-nt,,full digital exists (ht allow); artifact may still be scarce,
9780524032220,,Moritz Brosch,1878,ger,1,8,NT,open,unheld-nt,,full digital exists (ht allow); artifact may still be scarce,
9780524032435,,"Nippold, Friedrich",1892,ger,1,8,NT,open,unheld-nt,,full digital exists (ht allow); artifact may still be scarce,
9780524032770,,Henry Cochin,1906,fre,1,8,NT,open,unheld-nt,,full digital exists (ht allow); artifact may still be scarce,
9780524033081,,Paul Oltramare,1909,fre,1,8,NT,open,unheld-nt,,full digital exists (ht allow); artifact may still be scarce,
9780524033449,,Karl von Hase,1877,ger,1,8,NT,open,unheld-nt,,full digital exists (ht allow); artifact may still be scarce,
9780524033906,,Ferdinand Christian Baur,1841,ger,1,8,NT,open,unheld-nt,,full digital exists (ht allow); artifact may still be scarce,
9780524033982,,Charles Freppel,1888,fre,1,8,NT,open,unheld-nt,,full digital exists (ht allow); artifact may still be scarce,
9780524034033,,Julius Köstlin,1875,ger,1,8,NT,open,unheld-nt,,full digital exists (ht allow); artifact may still be scarce,
9780524034088,,Girolamo Mancini,1891,ita,1,8,NT,open,unheld-nt,,full digital exists (ht allow); artifact may still be scarce,
9780524034095,,Jacques Matter,1840,fre,1,8,NT,open,unheld-nt,,full digital exists (ht allow); artifact may still be scarce,
9780524034118,,František Palacký,1873,ger,1,8,NT,open,unheld-nt,,full digital exists (ht allow); artifact may still be scarce,
9780524034200,,Albert Réville,1860,fre,1,8,NT,open,unheld-nt,,full digital exists (ht allow); artifact may still be scarce,
9780524034316,,Ernst Stähelin,1863,ger,1,8,NT,open,unheld-nt,,full digital exists (ht allow); artifact may still be scarce,
9780524034354,,Julius Wiggers,1842,ger,1,8,NT,open,unheld-nt,,full digital exists (ht allow); artifact may still be scarce,
9780524034408,,Ismar Elbogen,1913,ger,1,8,NT,open,unheld-nt,,full digital exists (ht allow); artifact may still be scarce,
9780524034835,,Otto Seemann,1888,ger,1,8,NT,open,unheld-nt,,full digital exists (ht allow); artifact may still be scarce,
9780524034927,,J. Chantrel,1861,fre,1,8,NT,open,unheld-nt,,full digital exists (ht allow); artifact may still be scarce,
9780524035214,,Wilhelm Maurenbrecher,1874,ger,1,8,NT,open,unheld-nt,,full digital exists (ht allow); artifact may still be scarce,
9780524035429,,Clement XIV Pope,1852,lat,1,8,NT,open,unheld-nt,,full digital exists (ht allow); artifact may still be scarce,
9780524035733,,Theodor Brieger,1903,ger,1,8,NT,open,unheld-nt,,full digital exists (ht allow); artifact may still be scarce,
9780524035740,,Theodor Brieger,1890,lat,1,8,NT,open,unheld-nt,,full digital exists (ht allow); artifact may still be scarce,
9780524035771,,Ernst von Dobschütz,1916,ger,1,8,NT,open,unheld-nt,,full digital exists (ht allow); artifact may still be scarce,
9780524035825,,Paul Jean Louis Gachon,1899,fre,1,8,NT,open,unheld-nt,,full digital exists (ht allow); artifact may still be scarce,
9780524035832,,Henri de Genouillac,1907,fre,1,8,NT,open,unheld-nt,,full digital exists (ht allow); artifact may still be scarce,
9780524036365,,A. Eekhof,1913,dut,1,8,NT,open,unheld-nt,,full digital exists (ht allow); artifact may still be scarce,
9780524036433,,W. Hadorn,1907,ger,1,8,NT,open,unheld-nt,,full digital exists (ht allow); artifact may still be scarce,
9780524036693,,Théophile Roller,1881,fre,1,8,NT,open,unheld-nt,,full digital exists (ht allow); artifact may still be scarce,
9780524036792,,Wolfgang Reichel,1897,ger,1,8,NT,open,unheld-nt,,full digital exists (ht allow); artifact may still be scarce,
9780524036822,,Richard Schmidt,1908,ger,1,8,NT,open,unheld-nt,,full digital exists (ht allow); artifact may still be scarce,
9780524037515,,"Athanasius Saint, Patriarch of Alexandria",1908,fre,1,8,NT,open,unheld-nt,,full digital exists (ht allow); artifact may still be scarce,
9780524037676,,Désiré Mercier,1917,fre,1,8,NT,open,unheld-nt,,full digital exists (ht allow); artifact may still be scarce,
9780524038154,,G. H. M. Delprat,1856,dut,1,8,NT,open,unheld-nt,,full digital exists (ht allow); artifact may still be scarce,
9780524038307,,Adolphe Franck,1869,fre,1,8,NT,open,unheld-nt,,full digital exists (ht allow); artifact may still be scarce,
9780524038413,,József Ferencz,1879,ger,1,8,NT,open,unheld-nt,,full digital exists (ht allow); artifact may still be scarce,
9780524038512,,"Meaux, Marie Camille Alfred vicomte de",1893,fre,1,8,NT,open,unheld-nt,,full digital exists (ht allow); artifact may still be scarce,
9780524038703,,"Bunsen, Christian Karl Josias Freiherr von; Adolf Kamphausen; Heinrich Julius Holtzmann",1858,ger,1,8,NT,open,unheld-nt,,full digital exists (ht allow); artifact may still be scarce,
9780524038802,,Wilhelm Gesenius,1810,ger,1,8,NT,open,unheld-nt,,full digital exists (ht allow); artifact may still be scarce,
9780524038895,,Theodor Brieger,1897,ger,1,8,NT,open,unheld-nt,,full digital exists (ht allow); artifact may still be scarce,
9780524038918,,Constantinople (Ecumenical patriarchate). Patriarch (1901-1912 : Ioakeim III),1904,gre,1,8,NT,open,unheld-nt,,full digital exists (ht allow); artifact may still be scarce,
9780524039021,,Richard Adelbert Lipsius,1855,lat,1,8,NT,open,unheld-nt,,full digital exists (ht allow); artifact may still be scarce,
9780524039137,,Odilo Rottmanner,1892,ger,1,8,NT,open,unheld-nt,,full digital exists (ht allow); artifact may still be scarce,
9780524039779,,Rudolf Knopf,1909,ger,1,8,NT,open,unheld-nt,,full digital exists (ht allow); artifact may still be scarce,
9780524040249,,Muhammad ibn Ismail Bukhari,1906,ara,1,8,NT,open,unheld-nt,,full digital exists (ht allow); artifact may still be scarce,
9780524040256,,Adolphe Franck,1843,fre,1,8,NT,open,unheld-nt,,full digital exists (ht allow); artifact may still be scarce,
9780524040362,,Anton Baumstark,1904,ita,1,8,NT,open,unheld-nt,,full digital exists (ht allow); artifact may still be scarce,
9780524040454,,Prosper Guéranger,1843,fre,1,8,NT,open,unheld-nt,,full digital exists (ht allow); artifact may still be scarce,
9780524040720,,"Hermes, Georg",1834,ger,1,8,NT,open,unheld-nt,,full digital exists (ht allow); artifact may still be scarce,
9780524041017,,Simon Konrad Landersdorfer,1910,ger,1,8,NT,open,unheld-nt,,full digital exists (ht allow); artifact may still be scarce,
9780524041147,,G. Stöckhardt,1915,ger,1,8,NT,open,unheld-nt,,full digital exists (ht allow); artifact may still be scarce,
9780524041161,,Wilhelm Volck,1884,ger,1,8,NT,open,unheld-nt,,full digital exists (ht allow); artifact may still be scarce,
9780524041284,,Ernst Diehl,1911,lat,1,8,NT,open,unheld-nt,,full digital exists (ht allow); artifact may still be scarce,
9780524041321,,Adolf von Harnack,1883,ger,1,8,NT,open,unheld-nt,,full digital exists (ht allow); artifact may still be scarce,
9780524041369,,Willem Pieter Cornelis Knuttel,1877,dut,1,8,NT,open,unheld-nt,,full digital exists (ht allow); artifact may still be scarce,
9780524041376,,Walther Köhler,1910,ger,1,8,NT,open,unheld-nt,,full digital exists (ht allow); artifact may still be scarce,
9780524041482,,Friedrich Rode,1877,ger,1,8,NT,open,unheld-nt,,full digital exists (ht allow); artifact may still be scarce,
9780524041581,,Ernst Diehl,1910,lat,1,8,NT,open,unheld-nt,,full digital exists (ht allow); artifact may still be scarce,
9780524041611,,George Foucart,1912,fre,1,8,NT,open,unheld-nt,,full digital exists (ht allow); artifact may still be scarce,
9780524041628,,Otto Gruppe,1887,ger,1,8,NT,open,unheld-nt,,full digital exists (ht allow); artifact may still be scarce,
9780524041659,,C. v. Orelli,1911,ger,1,8,NT,open,unheld-nt,,full digital exists (ht allow); artifact may still be scarce,
9780524041666,,Franz Richter,1911,lat,1,8,NT,open,unheld-nt,,full digital exists (ht allow); artifact may still be scarce,
9780524041673,,Leopold von Schroeder,1914,ger,1,8,NT,open,unheld-nt,,full digital exists (ht allow); artifact may still be scarce,
9780524041734,,Pietro Gasparri,1893,lat,1,8,NT,open,unheld-nt,,full digital exists (ht allow); artifact may still be scarce,
9780524041888,,Josef Bohatec,1909,ger,1,8,NT,open,unheld-nt,,full digital exists (ht allow); artifact may still be scarce,
9780524041918,,Henri Heyer,1909,fre,1,8,NT,open,unheld-nt,,full digital exists (ht allow); artifact may still be scarce,
9780524041925,,Aemilius Ludwig Richter,1846,ger,1,8,NT,open,unheld-nt,,full digital exists (ht allow); artifact may still be scarce,
9780524041949,,Georges Lafaye,1884,fre,1,8,NT,open,unheld-nt,,full digital exists (ht allow); artifact may still be scarce,
9780524042182,,Th Kliefoth,1858,ger,1,8,NT,open,unheld-nt,,full digital exists (ht allow); artifact may still be scarce,
9780524043165,,Friedrich Adolph Philippi,1836,lat,1,8,NT,open,unheld-nt,,full digital exists (ht allow); artifact may still be scarce,
9780524043172,,Reinhold Röhricht,1901,ger,1,8,NT,open,unheld-nt,,full digital exists (ht allow); artifact may still be scarce,
9780524043219,,Erich Ziebarth,1910,ger,1,8,NT,open,unheld-nt,,full digital exists (ht allow); artifact may still be scarce,
9780524043233,,Auguste Bouché-Leclercq,1879,fre,1,8,NT,open,unheld-nt,,full digital exists (ht allow); artifact may still be scarce,
9780524043288,,Ikhwān al-Ṣafāʼ,1871,ger,1,8,NT,open,unheld-nt,,full digital exists (ht allow); artifact may still be scarce,
9780524043295,,Ikhwān al-Ṣafāʼ; Friedrich Dieterici,1872,ger,1,8,NT,open,unheld-nt,,full digital exists (ht allow); artifact may still be scarce,
9780524043318,,Ikhwān al-Ṣafāʼ,1876,ger,1,8,NT,open,unheld-nt,,full digital exists (ht allow); artifact may still be scarce,
9780524043325,,Ikhwān al-Ṣafāʼ,1865,ger,1,8,NT,open,unheld-nt,,full digital exists (ht allow); artifact may still be scarce,
9780524043349,,Paul Fiebig,1916,ger,1,8,NT,open,unheld-nt,,full digital exists (ht allow); artifact may still be scarce,
9780524043462,,"Nissen, Heinrich",1906,ger,1,8,NT,open,unheld-nt,,full digital exists (ht allow); artifact may still be scarce,
9780524043585,,J. Friedrich,1877,ger,1,8,NT,open,unheld-nt,,full digital exists (ht allow); artifact may still be scarce,
9780524043998,,Hermann Gunkel,1916,ger,1,8,NT,open,unheld-nt,,full digital exists (ht allow); artifact may still be scarce,
9780524044063,,"Krüger, Gustav",1896,ger,1,8,NT,open,unheld-nt,,full digital exists (ht allow); artifact may still be scarce,
9780524044476,,Félix Bovet,1872,fre,1,8,NT,open,unheld-nt,,full digital exists (ht allow); artifact may still be scarce,
9780524044643,,Anton Jirku,1912,ger,1,8,NT,open,unheld-nt,,full digital exists (ht allow); artifact may still be scarce,
9780524044650,,Anton Jirku,1914,ger,1,8,NT,open,unheld-nt,,full digital exists (ht allow); artifact may still be scarce,
9780524044742,,Edouard Rabaud,1883,fre,1,8,NT,open,unheld-nt,,full digital exists (ht allow); artifact may still be scarce,
9780524044766,,Alfred Rahlfs,1904,ger,1,8,NT,open,unheld-nt,,full digital exists (ht allow); artifact may still be scarce,
9780524044773,,Alfred Rahlfs,1907,ger,1,8,NT,open,unheld-nt,,full digital exists (ht allow); artifact may still be scarce,
9780524044865,,C. P. Caspari,1883,lat,1,8,NT,open,unheld-nt,,full digital exists (ht allow); artifact may still be scarce,
9780524044872,,Carl Adolf Cornelius,1851,ger,1,8,NT,open,unheld-nt,,full digital exists (ht allow); artifact may still be scarce,
9780524044889,,Konrad Eubel,1906,ger,1,8,NT,open,unheld-nt,,full digital exists (ht allow); artifact may still be scarce,
9780524044964,,Hans Lietzmann,1906,grc,1,8,NT,open,unheld-nt,,full digital exists (ht allow); artifact may still be scarce,
9780524045015,,Universität Wittenberg,1894,lat,1,8,NT,open,unheld-nt,,full digital exists (ht allow); artifact may still be scarce,
9780524045046,,Abel Bergaigne,1878,fre,1,8,NT,open,unheld-nt,,full digital exists (ht allow); artifact may still be scarce,
9780524045114,,Richard Garbe,1896,ger,1,8,NT,open,unheld-nt,,full digital exists (ht allow); artifact may still be scarce,
9780524045152,,J. A. Hartung,1836,ger,1,8,NT,open,unheld-nt,,full digital exists (ht allow); artifact may still be scarce,
9780524045299,,L.-F.-Alfred Maury,1864,fre,1,8,NT,open,unheld-nt,,full digital exists (ht allow); artifact may still be scarce,
9780524045305,,Wolfgang Menzel,1870,ger,1,8,NT,open,unheld-nt,,full digital exists (ht allow); artifact may still be scarce,
9780524045329,,Ditlef Nielsen,1904,ger,1,8,NT,open,unheld-nt,,full digital exists (ht allow); artifact may still be scarce,
9780524045350,,"Schneider, Hermann",1910,ger,1,8,NT,open,unheld-nt,,full digital exists (ht allow); artifact may still be scarce,
9780524045756,,Hermann Gunkel,1900,ger,1,8,NT,open,unheld-nt,,full digital exists (ht allow); artifact may still be scarce,
9780524045909,,"Rohrbach, Paul",1914,ger,1,8,NT,open,unheld-nt,,full digital exists (ht allow); artifact may still be scarce,
9780524046180,,Albert Leitzmann,1910,gmh,1,8,NT,open,unheld-nt,,full digital exists (ht allow); artifact may still be scarce,
9780524046197,,W. (Wilhelm) Liebenam,1909,ger,1,8,NT,open,unheld-nt,,full digital exists (ht allow); artifact may still be scarce,
9780524046210,,Paul Merker,1913,ger,1,8,NT,open,unheld-nt,,full digital exists (ht allow); artifact may still be scarce,
9780524046333,,E. Amélineau,1893,fre,1,8,NT,open,unheld-nt,,full digital exists (ht allow); artifact may still be scarce,
9780524046357,,F. Bleckmann,1913,grc,1,8,NT,open,unheld-nt,,full digital exists (ht allow); artifact may still be scarce,
9780524046425,,Jules Augustin Girard,1869,fre,1,8,NT,open,unheld-nt,,full digital exists (ht allow); artifact may still be scarce,
9780524046432,,Konrad Jander,1913,grc,1,8,NT,open,unheld-nt,,full digital exists (ht allow); artifact may still be scarce,
9780524046463,,Adhémard Leclère,1916,fre,1,8,NT,open,unheld-nt,,full digital exists (ht allow); artifact may still be scarce,
9780524046531,,Otto Schroeder,1915,lat,1,8,NT,open,unheld-nt,,full digital exists (ht allow); artifact may still be scarce,
9780524046555,,Friedrich von Spiegel,1864,ger,1,8,NT,open,unheld-nt,,full digital exists (ht allow); artifact may still be scarce,
9780524046678,,Augustine of Hippo,1905,lat,1,8,NT,open,unheld-nt,,full digital exists (ht allow); artifact may still be scarce,
9780524046692,,Anton Baumstark,1909,grc,1,8,NT,open,unheld-nt,,full digital exists (ht allow); artifact may still be scarce,
9780524046777,,"Giese, Friedrich",1912,lat,1,8,NT,open,unheld-nt,,full digital exists (ht allow); artifact may still be scarce,
9780524046791,,Hans Lietzmann,1903,ger,1,8,NT,open,unheld-nt,,full digital exists (ht allow); artifact may still be scarce,
9780524046807,,Hans Lietzmann,1910,lat,1,8,NT,open,unheld-nt,,full digital exists (ht allow); artifact may still be scarce,
9780524046838,,Martin Luther,1907,ger,1,8,NT,open,unheld-nt,,full digital exists (ht allow); artifact may still be scarce,
9780524046852,,Philipp Melanchthon,1912,ger,1,8,NT,open,unheld-nt,,full digital exists (ht allow); artifact may still be scarce,
9780524046906,,Edward Young,1910,ger,1,8,NT,open,unheld-nt,,full digital exists (ht allow); artifact may still be scarce,
9780524046913,,Apollonius Dyscolus,1911,grc,1,8,NT,open,unheld-nt,,full digital exists (ht allow); artifact may still be scarce,
9780524046920,,Aristophanes,1911,grc,1,8,NT,open,unheld-nt,,full digital exists (ht allow); artifact may still be scarce,
9780524046982,,Cratippus of Athens; Justus Hermann Lipsius,1916,grc,1,8,NT,open,unheld-nt,,full digital exists (ht allow); artifact may still be scarce,
9780524047019,,Menander of Athens,1909,grc,1,8,NT,open,unheld-nt,,full digital exists (ht allow); artifact may still be scarce,
9780524047026,,Willy Staerk,1910,heb,1,8,NT,open,unheld-nt,,full digital exists (ht allow); artifact may still be scarce,
9780524047033,,"Nachmanson, Ernst",1913,grc,1,8,NT,open,unheld-nt,,full digital exists (ht allow); artifact may still be scarce,
9780524047064,,Arthur Ungnad,1916,tur,1,8,NT,open,unheld-nt,,full digital exists (ht allow); artifact may still be scarce,
9780524047088,,Ulrich von Wilamowitz-Moellendorff,1916,grc,1,8,NT,open,unheld-nt,,full digital exists (ht allow); artifact may still be scarce,
9780524047132,,Alfred Uckeley,1912,ger,1,8,NT,open,unheld-nt,,full digital exists (ht allow); artifact may still be scarce,
9780524047217,,Paul Fiebig,1914,heb,1,8,NT,open,unheld-nt,,full digital exists (ht allow); artifact may still be scarce,
9780524047477,,Carl Clemen,1904,lat,1,8,NT,open,unheld-nt,,full digital exists (ht allow); artifact may still be scarce,
9780524047491,,Johannes Meinhold; Hans Lietzmann,1905,heb,1,8,NT,open,unheld-nt,,full digital exists (ht allow); artifact may still be scarce,
9780524047590,,Ptolemy the Gnostic,1904,grc,1,8,NT,open,unheld-nt,,full digital exists (ht allow); artifact may still be scarce,
9780524047866,,François Lenormant,1883,fre,1,8,NT,open,unheld-nt,,full digital exists (ht allow); artifact may still be scarce,
9780524047989,,Judah ben David Ḥayyuj,1897,heb,1,8,NT,open,unheld-nt,,full digital exists (ht allow); artifact may still be scarce,
9780524048153,,Heinrich Weinel,1904,ger,1,8,NT,open,unheld-nt,,full digital exists (ht allow); artifact may still be scarce,
9780524048313,,Johannes Jacob Bleeker,1897,dut,1,8,NT,open,unheld-nt,,full digital exists (ht allow); artifact may still be scarce,
9780524048580,,"Becker, W. A.",1880,ger,1,8,NT,open,unheld-nt,,full digital exists (ht allow); artifact may still be scarce,
9780524048603,,Ferdinand Heigl,1900,ger,1,8,NT,open,unheld-nt,,full digital exists (ht allow); artifact may still be scarce,
9780524048641,,August Preuner,1864,ger,1,8,NT,open,unheld-nt,,full digital exists (ht allow); artifact may still be scarce,
9780524048665,,Albert Réville,1889,fre,1,8,NT,open,unheld-nt,,full digital exists (ht allow); artifact may still be scarce,
9780524048689,,Alfred Roussel,1916,fre,1,8,NT,open,unheld-nt,,full digital exists (ht allow); artifact may still be scarce,
9780524048726,,H. Trilles,1912,fre,1,8,NT,open,unheld-nt,,full digital exists (ht allow); artifact may still be scarce,
9780524048740,,Leopold Zunz,1865,ger,1,8,NT,open,unheld-nt,,full digital exists (ht allow); artifact may still be scarce,
9780524048962,,"Baudissin, Wolf Wilhelm Graf von",1914,ger,1,8,NT,open,unheld-nt,,full digital exists (ht allow); artifact may still be scarce,
9780524049099,,Oswald Köhler,1895,ger,1,8,NT,open,unheld-nt,,full digital exists (ht allow); artifact may still be scarce,
9780524049594,,Moritz von Engelhardt,1878,ger,1,8,NT,open,unheld-nt,,full digital exists (ht allow); artifact may still be scarce,
9780524049617,,C. Lenient,1866,fre,1,8,NT,open,unheld-nt,,full digital exists (ht allow); artifact may still be scarce,
9780524049792,,Octave Depont,1897,fre,1,8,NT,open,unheld-nt,,full digital exists (ht allow); artifact may still be scarce,
9780524049921,,Carl Twesten,1872,ger,1,8,NT,open,unheld-nt,,full digital exists (ht allow); artifact may still be scarce,
9780524049952,,Leopold Zunz,1845,ger,1,8,NT,open,unheld-nt,,full digital exists (ht allow); artifact may still be scarce,
9780524050507,,Wilhelm Nowack,1875,ger,1,8,NT,open,unheld-nt,,full digital exists (ht allow); artifact may still be scarce,
9780524050651,,"Weiss, Bernhard",1902,ger,1,8,NT,open,unheld-nt,,full digital exists (ht allow); artifact may still be scarce,
9780524051306,,Karl Axenfeld,1904,ger,1,8,NT,open,unheld-nt,,full digital exists (ht allow); artifact may still be scarce,
9780524051320,,Adolf Baum,1887,ger,1,8,NT,open,unheld-nt,,full digital exists (ht allow); artifact may still be scarce,
9780524051429,,Franz Diekamp,1899,ger,1,8,NT,open,unheld-nt,,full digital exists (ht allow); artifact may still be scarce,
9780524051450,,Adolf von Harnack,1892,ger,1,8,NT,open,unheld-nt,,full digital exists (ht allow); artifact may still be scarce,
9780524051566,,H. U. Meyboom,1888,dut,1,8,NT,open,unheld-nt,,full digital exists (ht allow); artifact may still be scarce,
9780524051597,,Christian Palmer,1877,ger,1,8,NT,open,unheld-nt,,full digital exists (ht allow); artifact may still be scarce,
9780524051603,,J. B. Pitra,1864,lat,1,8,NT,open,unheld-nt,,full digital exists (ht allow); artifact may still be scarce,
9780524051689,,Franz Bopp,1857,ger,1,8,NT,open,unheld-nt,,full digital exists (ht allow); artifact may still be scarce,
9780524051801,,L. A. Johnston,1910,swe,1,8,NT,open,unheld-nt,,full digital exists (ht allow); artifact may still be scarce,
9780524052112,,Émile Ferrière,1884,fre,1,8,NT,open,unheld-nt,,full digital exists (ht allow); artifact may still be scarce,
9780524052235,,"Kittel, Rudolf",1903,ger,1,8,NT,open,unheld-nt,,full digital exists (ht allow); artifact may still be scarce,
9780524052396,,G. Stöckhardt,1912,ger,1,8,NT,open,unheld-nt,,full digital exists (ht allow); artifact may still be scarce,
9780524052563,,Georg Klingenburg,1912,ger,1,8,NT,open,unheld-nt,,full digital exists (ht allow); artifact may still be scarce,
9780524052822,,Alfred Götze,1912,ger,1,8,NT,open,unheld-nt,,full digital exists (ht allow); artifact may still be scarce,
9780524053102,,Otto Clemen,1911,ger,1,8,NT,open,unheld-nt,,full digital exists (ht allow); artifact may still be scarce,
9780524053171,,F. Génin,1844,fre,1,8,NT,open,unheld-nt,,full digital exists (ht allow); artifact may still be scarce,
9780524053300,,"Reuss, Eduard",1904,ger,1,8,NT,open,unheld-nt,,full digital exists (ht allow); artifact may still be scarce,
9780524053447,,Johann Jakob Meyer,1915,ger,1,8,NT,open,unheld-nt,,full digital exists (ht allow); artifact may still be scarce,
9780524053997,,"Cramer, J. A.",1838,grc,1,8,NT,open,unheld-nt,,full digital exists (ht allow); artifact may still be scarce,
9780524054444,,Theodor de Quervain,1906,ger,1,8,NT,open,unheld-nt,,full digital exists (ht allow); artifact may still be scarce,
9780524054499,,Tor Andræ,1918,ger,1,8,NT,open,unheld-nt,,full digital exists (ht allow); artifact may still be scarce,
9780524054512,,Heinrich Brugsch,1881,ger,1,8,NT,open,unheld-nt,,full digital exists (ht allow); artifact may still be scarce,
9780524054529,,Heinrich Brugsch,1885,ger,1,8,NT,open,unheld-nt,,full digital exists (ht allow); artifact may still be scarce,
9780524054598,,J. Hesse,1883,ger,1,8,NT,open,unheld-nt,,full digital exists (ht allow); artifact may still be scarce,
9780524054604,,Hermann Jacobsohn,1910,lat,1,8,NT,open,unheld-nt,,full digital exists (ht allow); artifact may still be scarce,
9780524054611,,Eugène Lefébure,1874,fre,1,8,NT,open,unheld-nt,,full digital exists (ht allow); artifact may still be scarce,
9780524054642,,Alexander Olivieri,1915,grc,1,8,NT,open,unheld-nt,,full digital exists (ht allow); artifact may still be scarce,
9780524054864,,J. G. R. Acquoy,1888,dut,1,8,NT,open,unheld-nt,,full digital exists (ht allow); artifact may still be scarce,
9780524055144,,Erwin Preuschen,1907,ger,1,8,NT,open,unheld-nt,,full digital exists (ht allow); artifact may still be scarce,
9780524055236,,Eberhard Vischer,1900,ger,1,8,NT,open,unheld-nt,,full digital exists (ht allow); artifact may still be scarce,
9780524055274,,Euripides,1913,grc,1,8,NT,open,unheld-nt,,full digital exists (ht allow); artifact may still be scarce,
9780524055281,,Sophocles,1913,grc,1,8,NT,open,unheld-nt,,full digital exists (ht allow); artifact may still be scarce,
9780524055793,,Sebastian Euringer,1911,ger,1,8,NT,open,unheld-nt,,full digital exists (ht allow); artifact may still be scarce,
9780524055892,,Ambrose Reger,1898,ger,1,8,NT,open,unheld-nt,,full digital exists (ht allow); artifact may still be scarce,
9780524055953,,Ernest Renan,1882,fre,1,8,NT,open,unheld-nt,,full digital exists (ht allow); artifact may still be scarce,
9780524056080,,E. Dentler,1908,ger,1,8,NT,open,unheld-nt,,full digital exists (ht allow); artifact may still be scarce,
9780524056226,,Heinrich Mosler,1884,ger,1,8,NT,open,unheld-nt,,full digital exists (ht allow); artifact may still be scarce,
9780524056240,,Johannes Nikel,1908,ger,1,8,NT,open,unheld-nt,,full digital exists (ht allow); artifact may still be scarce,
9780524056301,,Ignaz Rohr,1911,ger,1,8,NT,open,unheld-nt,,full digital exists (ht allow); artifact may still be scarce,
9780524056455,,Petrus Dausch,1914,ger,1,8,NT,open,unheld-nt,,full digital exists (ht allow); artifact may still be scarce,
9780524056530,,J. M. S. Baljon,1904,dut,1,8,NT,open,unheld-nt,,full digital exists (ht allow); artifact may still be scarce,
9780524056561,,"Barnabé d'Alsace, père, O.F.M.",1903,fre,1,8,NT,open,unheld-nt,,full digital exists (ht allow); artifact may still be scarce,
9780524056585,,Vincent Rose,1904,fre,1,8,NT,open,unheld-nt,,full digital exists (ht allow); artifact may still be scarce,
9780524056608,,V. Zapletal,1907,ger,1,8,NT,open,unheld-nt,,full digital exists (ht allow); artifact may still be scarce,
9780524056691,,J. Flamion,1911,fre,1,8,NT,open,unheld-nt,,full digital exists (ht allow); artifact may still be scarce,
9780524056707,,Stanislas Gamber,1899,fre,1,8,NT,open,unheld-nt,,full digital exists (ht allow); artifact may still be scarce,
9780524056769,,Jakob Horovitz,1904,ger,1,8,NT,open,unheld-nt,,full digital exists (ht allow); artifact may still be scarce,
9780524057032,,Maurice Vernes,1914,fre,1,8,NT,open,unheld-nt,,full digital exists (ht allow); artifact may still be scarce,
9780524057322,,Alfred Jeremias,1904,ger,1,8,NT,open,unheld-nt,,full digital exists (ht allow); artifact may still be scarce,
9780524057490,,Joh Steinbeck,1908,ger,1,8,NT,open,unheld-nt,,full digital exists (ht allow); artifact may still be scarce,
9780524057537,,Gottfried Traub,1905,ger,1,8,NT,open,unheld-nt,,full digital exists (ht allow); artifact may still be scarce,
9780524057667,,Mark Lidzbarski,1915,ger,1,8,NT,open,unheld-nt,,full digital exists (ht allow); artifact may still be scarce,
9780524057889,,J. M. S. Baljon,1908,dut,1,8,NT,open,unheld-nt,,full digital exists (ht allow); artifact may still be scarce,
9780524057933,,Paul Torge,1914,ger,1,8,NT,open,unheld-nt,,full digital exists (ht allow); artifact may still be scarce,
9780524057995,,Wilhelm Caspari,1910,ger,1,8,NT,open,unheld-nt,,full digital exists (ht allow); artifact may still be scarce,
9780524058121,,M. Lepin,1907,fre,1,8,NT,open,unheld-nt,,full digital exists (ht allow); artifact may still be scarce,
9780524058152,,Friedrich Nägelsbach,1916,ger,1,8,NT,open,unheld-nt,,full digital exists (ht allow); artifact may still be scarce,
9780524058176,,Gust. Fr Oehler,1845,ger,1,8,NT,open,unheld-nt,,full digital exists (ht allow); artifact may still be scarce,
9780524058251,,William Wrede,1907,ger,1,8,NT,open,unheld-nt,,full digital exists (ht allow); artifact may still be scarce,
9780524058299,,Johannes Itjeshorst,1917,dut,1,8,NT,open,unheld-nt,,full digital exists (ht allow); artifact may still be scarce,
9780524058305,,Andreas Rudolff-Bodenstein von Karlstadt,1907,ger,1,8,NT,open,unheld-nt,,full digital exists (ht allow); artifact may still be scarce,
9780524058350,,"Arneth, Franz Hektor Ritter von",1895,ger,1,8,NT,open,unheld-nt,,full digital exists (ht allow); artifact may still be scarce,
9780524058596,,ʼJigs-med-nam-mkhaʼ,1892,ger,1,8,NT,open,unheld-nt,,full digital exists (ht allow); artifact may still be scarce,
9780524058695,,Christian Pesch,1888,ger,1,8,NT,open,unheld-nt,,full digital exists (ht allow); artifact may still be scarce,
9780524058831,,"Reuter, Hermann",1860,ger,1,8,NT,open,unheld-nt,,full digital exists (ht allow); artifact may still be scarce,
9780524058978,,Arthur Allgeier,1911,ger,1,8,NT,open,unheld-nt,,full digital exists (ht allow); artifact may still be scarce,
9780524058992,,"Barnabé d'Alsace, père, O.F.M.",1905,fre,1,8,NT,open,unheld-nt,,full digital exists (ht allow); artifact may still be scarce,
9780524059166,,Julius Kögel,1908,ger,1,8,NT,open,unheld-nt,,full digital exists (ht allow); artifact may still be scarce,
9780524059173,,Julius Kögel,1902,ger,1,8,NT,open,unheld-nt,,full digital exists (ht allow); artifact may still be scarce,
9780524059180,,Eduard König,1907,ger,1,8,NT,open,unheld-nt,,full digital exists (ht allow); artifact may still be scarce,
9780524059241,,Wilhelm Lotz,1883,lat,1,8,NT,open,unheld-nt,,full digital exists (ht allow); artifact may still be scarce,
9780524059272,,Tycho Mommsen,1895,ger,1,8,NT,open,unheld-nt,,full digital exists (ht allow); artifact may still be scarce,
9780524059586,,Martin Joseph Routh,1846,lat,1,8,NT,open,unheld-nt,,full digital exists (ht allow); artifact may still be scarce,
9780524059593,,Ceslaus M. Schneider,1884,ger,1,8,NT,open,unheld-nt,,full digital exists (ht allow); artifact may still be scarce,
9780524059678,,J. Barth,1889,ger,1,8,NT,open,unheld-nt,,full digital exists (ht allow); artifact may still be scarce,
9780524059685,,Jan Theodoor Beelen,1857,lat,1,8,NT,open,unheld-nt,,full digital exists (ht allow); artifact may still be scarce,
9780524059821,,Albert Houtin,1906,fre,1,8,NT,open,unheld-nt,,full digital exists (ht allow); artifact may still be scarce,
9780524059869,,"Īshōʻdād of Merv, Bishop of Ḥĕdhatha",1907,ger,1,8,NT,open,unheld-nt,,full digital exists (ht allow); artifact may still be scarce,
9780524059920,,"Müller, Gottlieb Pfarrer",1910,ger,1,8,NT,open,unheld-nt,,full digital exists (ht allow); artifact may still be scarce,
9780524059937,,Justus Olshausen,1861,ger,1,8,NT,open,unheld-nt,,full digital exists (ht allow); artifact may still be scarce,
9780524060223,,"Klee, Heinrich",1844,ger,1,8,NT,open,unheld-nt,,full digital exists (ia hit); artifact may still be scarce,
9780524060414,,Wilhelm Caspari,1908,ger,1,8,NT,open,unheld-nt,,full digital exists (ht allow); artifact may still be scarce,
9780524061145,,Edwin Cone Bissell,1884,heb,1,8,NT,open,unheld-nt,,full digital exists (ht allow); artifact may still be scarce,
9780524061183,,Martin Brückner,1910,ger,1,8,NT,open,unheld-nt,,full digital exists (ht allow); artifact may still be scarce,
9780524061299,,Paul Fiebig,1905,ger,1,8,NT,open,unheld-nt,,full digital exists (ht allow); artifact may still be scarce,
9780524061442,,"Kittel, Gerhard",1914,ger,1,8,NT,open,unheld-nt,,full digital exists (ht allow); artifact may still be scarce,
9780524061473,,Carl Meinhof,1913,ger,1,8,NT,open,unheld-nt,,full digital exists (ht allow); artifact may still be scarce,
9780524061480,,"Meyer, Arnold",1905,ger,1,8,NT,open,unheld-nt,,full digital exists (ht allow); artifact may still be scarce,
9780524061497,,Lodovico Antonio Muratori,1908,lat,1,8,NT,open,unheld-nt,,full digital exists (ht allow); artifact may still be scarce,
9780524061589,,Adolf Schlatter,1916,ger,1,8,NT,open,unheld-nt,,full digital exists (ht allow); artifact may still be scarce,
9780524061664,,"Preller, Ludwig",1881,ger,1,8,NT,open,unheld-nt,,full digital exists (ht allow); artifact may still be scarce,
9780524062104,,Heinrich Kihn,1880,ger,1,8,NT,open,unheld-nt,,full digital exists (ht allow); artifact may still be scarce,
9780524062159,,Moor l'abbé de,1895,fre,1,8,NT,open,unheld-nt,,full digital exists (ht allow); artifact may still be scarce,
9780524062265,,E. Amélineau,1908,fre,1,8,NT,open,unheld-nt,,full digital exists (ht allow); artifact may still be scarce,
9780524062340,,Richard Wünsch,1907,grc,1,8,NT,open,unheld-nt,,full digital exists (ht allow); artifact may still be scarce,
9780524062739,,S. Neitz,1862,ger,1,8,NT,open,unheld-nt,,full digital exists (ht allow); artifact may still be scarce,
9780524063439,,Willy Staerk,1913,ger,1,8,NT,open,unheld-nt,,full digital exists (ht allow); artifact may still be scarce,
9780524063590,,Augustin Theiner,1835,ger,1,8,NT,open,unheld-nt,,full digital exists (ht allow); artifact may still be scarce,
9780524064252,,Karl Friedr. Aug Kahnis,1871,ger,1,8,NT,open,unheld-nt,,full digital exists (ht allow); artifact may still be scarce,
9780524065136,,"Peters, Norbert",1914,ger,1,8,NT,open,unheld-nt,,full digital exists (ht allow); artifact may still be scarce,
9780524065211,,J. C. Matthes,1859,lat,1,8,NT,open,unheld-nt,,full digital exists (ht allow); artifact may still be scarce,
9780524065228,,F. Nork,1842,ger,1,8,NT,open,unheld-nt,,full digital exists (ht allow); artifact may still be scarce,
9780524065785,,Alfred Rahlfs,1914,ger,1,8,NT,open,unheld-nt,,full digital exists (ht allow); artifact may still be scarce,
9780524065853,,J. de Zwaan,1909,dut,1,8,NT,open,unheld-nt,,full digital exists (ht allow); artifact may still be scarce,
9780524066737,,C. F. W. Walther,1881,ger,1,8,NT,open,unheld-nt,,full digital exists (ht allow); artifact may still be scarce,
9780524066805,,Georg Richter,1912,ger,1,8,NT,open,unheld-nt,,full digital exists (ht allow); artifact may still be scarce,
9780524066898,,C. Meiners,1806,ger,1,8,NT,open,unheld-nt,,full digital exists (ht allow); artifact may still be scarce,
9780524066997,,Nicolaus Nilles,1885,lat,1,8,NT,open,unheld-nt,,full digital exists (ht allow); artifact may still be scarce,
9780524067369,,Julius Boehmer,1902,ger,1,8,NT,open,unheld-nt,,full digital exists (ht allow); artifact may still be scarce,
9780524067888,,C. P. Caspari,1849,ger,1,8,NT,open,unheld-nt,,full digital exists (ht allow); artifact may still be scarce,
9780524067987,,Georg Richter,1908,ger,1,8,NT,open,unheld-nt,,full digital exists (ht allow); artifact may still be scarce,
9780524068304,,Alexander Reifferscheid,1889,ger,1,8,NT,open,unheld-nt,,full digital exists (ht allow); artifact may still be scarce,
9780524068373,,Friedrich Giesebrecht,1905,ger,1,8,NT,open,unheld-nt,,full digital exists (ht allow); artifact may still be scarce,
9780524068526,,"Petermann, Jul. Henr.",1864,lat,1,8,NT,open,unheld-nt,,full digital exists (ht allow); artifact may still be scarce,
9780524068595,,Richard Rothe,1878,ger,1,8,NT,open,unheld-nt,,full digital exists (ht allow); artifact may still be scarce,
9780524068762,,E. A. Mayer,1895,ger,1,8,NT,open,unheld-nt,,full digital exists (ht allow); artifact may still be scarce,
9780524068892,,"Frobenius, Leo",1904,ger,1,8,NT,open,unheld-nt,,full digital exists (ht allow); artifact may still be scarce,
9780524068908,,Franz Xaver Kugler,1910,ger,1,8,NT,open,unheld-nt,,full digital exists (ht allow); artifact may still be scarce,
9780524068922,,Manu,1887,san,1,8,NT,open,unheld-nt,,full digital exists (ht allow); artifact may still be scarce,
9780524069271,,Morris Jastrow Jr.,1912,ger,1,8,NT,open,unheld-nt,,full digital exists (ht allow); artifact may still be scarce,
9780524069318,,J. G. Müller,1855,ger,1,8,NT,open,unheld-nt,,full digital exists (ht allow); artifact may still be scarce,
9780524069387,,"Tiele, C. P.",1872,dut,1,8,NT,open,unheld-nt,,full digital exists (ht allow); artifact may still be scarce,
9780524069448,,Johann Bugenhagen,1912,ger,1,8,NT,open,unheld-nt,,full digital exists (ht allow); artifact may still be scarce,
9780524069714,,Hippocrates,1913,ger,1,8,NT,open,unheld-nt,,full digital exists (ht allow); artifact may still be scarce,
9780524069738,,"Walleser, Max",1914,ger,1,8,NT,open,unheld-nt,,full digital exists (ht allow); artifact may still be scarce,
9780524070581,,Paul Kahle,1913,ger,1,8,NT,open,unheld-nt,,full digital exists (ht allow); artifact may still be scarce,
9780524070673,,ʻAlī Muḥammad Shīrāzī Bāb,1911,fre,1,8,NT,open,unheld-nt,,full digital exists (ht allow); artifact may still be scarce,
9780524070826,,August Tholuck,1821,lat,1,8,NT,open,unheld-nt,,full digital exists (ht allow); artifact may still be scarce,
9780524071212,,Aegidius Gutbier,1836,lat,1,8,NT,open,unheld-nt,,full digital exists (ht allow); artifact may still be scarce,
9780524071403,,Alfred Hillebrandt,1879,ger,1,8,NT,open,unheld-nt,,full digital exists (ht allow); artifact may still be scarce,
9780524071410,,Manu,1893,fre,1,8,NT,open,unheld-nt,,full digital exists (ht allow); artifact may still be scarce,
9780524071472,,Leopold von Schroeder,1892,ger,1,8,NT,open,unheld-nt,,full digital exists (ht allow); artifact may still be scarce,
9780524071748,,Aug Bisping,1855,ger,1,8,NT,open,unheld-nt,,full digital exists (ht allow); artifact may still be scarce,
9780524071779,,Aug Bisping,1860,ger,1,8,NT,open,unheld-nt,,full digital exists (ht allow); artifact may still be scarce,
9780524071793,,Aug Bisping,1858,ger,1,8,NT,open,unheld-nt,,full digital exists (ht allow); artifact may still be scarce,
9780524072196,,Bruno Lindner,1878,ger,1,8,NT,open,unheld-nt,,full digital exists (ht allow); artifact may still be scarce,
9780524072653,,R. J. W. Rudolph,1901,dut,1,8,NT,open,unheld-nt,,full digital exists (ht allow); artifact may still be scarce,
9780524072820,,Leopold Fonck,1915,lat,1,8,NT,open,unheld-nt,,full digital exists (ht allow); artifact may still be scarce,
9780524072868,,Paul Wurm,1899,ger,1,8,NT,open,unheld-nt,,full digital exists (ht allow); artifact may still be scarce,
9780524073216,,M. B. Landstad,1909,dan,1,8,NT,open,unheld-nt,,full digital exists (ht allow); artifact may still be scarce,
9780524073483,,Théodore de Bèze,1883,fre,1,8,NT,open,unheld-nt,,full digital exists (ht allow); artifact may still be scarce,
9780524073742,,R. Otto Franke,1913,ger,1,8,NT,open,unheld-nt,,full digital exists (ht allow); artifact may still be scarce,
9780524074268,,A. H. de Hartog,1911,dut,1,8,NT,open,unheld-nt,,full digital exists (ht allow); artifact may still be scarce,
9780524074367,,E. F. Kruijf,1894,dut,1,8,NT,open,unheld-nt,,full digital exists (ht allow); artifact may still be scarce,
9780524074640,,Samuel Schoch,1902,dut,1,8,NT,open,unheld-nt,,full digital exists (ht allow); artifact may still be scarce,
9780524074978,,"Paul Deussen; Strauss, Otto",1906,ger,1,8,NT,open,unheld-nt,,full digital exists (ht allow); artifact may still be scarce,
9780524075203,,,1907,dut,1,8,NT,open,unheld-nt,,full digital exists (ht allow); artifact may still be scarce,
9780524075227,,A. Haagensen,1879,dan,1,8,NT,open,unheld-nt,,full digital exists (ht allow); artifact may still be scarce,
9780524075456,,Bernard Carra de Vaux,1900,fre,1,8,NT,open,unheld-nt,,full digital exists (ht allow); artifact may still be scarce,
9780524076521,,Joseph Guriel,1860,syr,1,8,NT,open,unheld-nt,,full digital exists (ht allow); artifact may still be scarce,
9780524076668,,Karl Eugen Neumann,1892,ger,1,8,NT,open,unheld-nt,,full digital exists (ht allow); artifact may still be scarce,
9780524077221,,Ludwig Bach,1900,ger,1,8,NT,open,unheld-nt,,full digital exists (ht allow); artifact may still be scarce,
9780524077245,,M. Berthelot,1897,fre,1,8,NT,open,unheld-nt,,full digital exists (ht allow); artifact may still be scarce,
9780524077252,,E. Blochet,1903,fre,1,8,NT,open,unheld-nt,,full digital exists (ht allow); artifact may still be scarce,
9780524077283,,Lazarus Goldschmidt,1916,ger,1,8,NT,open,unheld-nt,,full digital exists (ht allow); artifact may still be scarce,
9780524077474,,W. J. van Douwen,1898,dut,1,8,NT,open,unheld-nt,,full digital exists (ht allow); artifact may still be scarce,
9780524077849,,Clément Huart,1897,fre,1,8,NT,open,unheld-nt,,full digital exists (ht allow); artifact may still be scarce,
9780524077955,,"Schmidt, Wilhelm",1912,ger,1,8,NT,open,unheld-nt,,full digital exists (ht allow); artifact may still be scarce,
9780524078679,,Karl Ecke,1911,ger,1,8,NT,open,unheld-nt,,full digital exists (ht allow); artifact may still be scarce,
9780524078853,,Joh. Wilh. Friedr Höfling,1854,ger,1,8,NT,open,unheld-nt,,full digital exists (ht allow); artifact may still be scarce,
9780524078952,,Julius Köstlin,1852,ger,1,8,NT,open,unheld-nt,,full digital exists (ht allow); artifact may still be scarce,
9780524078969,,A. Kuyper,1899,dut,1,8,NT,open,unheld-nt,,full digital exists (ht allow); artifact may still be scarce,
9780524079348,,Dhaneśvarasūri,1858,ger,1,8,NT,open,unheld-nt,,full digital exists (ht allow); artifact may still be scarce,
9780524079447,,老子,1870,ger,1,8,NT,open,unheld-nt,,full digital exists (ht allow); artifact may still be scarce,
9780524079454,,老子,1909,fre,1,8,NT,open,unheld-nt,,full digital exists (ht allow); artifact may still be scarce,
9780524079713,,K. H. Gez. von Schéele,1895,swe,1,8,NT,open,unheld-nt,,full digital exists (ht allow); artifact may still be scarce,
9780524079911,,"Bauer, Hans",1918,ger,1,8,NT,open,unheld-nt,,full digital exists (ht allow); artifact may still be scarce,
9780524079997,,Michael Huber,1910,ger,1,8,NT,open,unheld-nt,,full digital exists (ht allow); artifact may still be scarce,
9780524080269,,Otto Procksch,1899,ger,1,8,NT,open,unheld-nt,,full digital exists (ht allow); artifact may still be scarce,
9780524080290,,Léon Feer,1891,fre,1,8,NT,open,unheld-nt,,full digital exists (ht allow); artifact may still be scarce,
9780524080306,,Walther Bleibtreu,1906,ger,1,8,NT,open,unheld-nt,,full digital exists (ht allow); artifact may still be scarce,
9780524080436,,W. E. Cousins,1896,mlg,1,8,NT,open,unheld-nt,,full digital exists (ht allow); artifact may still be scarce,
9780524080504,,Gustav Karpeles,1886,ger,1,8,NT,open,unheld-nt,,full digital exists (ht allow); artifact may still be scarce,
9780524080528,,L. Leblois,1883,fre,1,8,NT,open,unheld-nt,,full digital exists (ht allow); artifact may still be scarce,
9780524080832,,Karl Friedr. Aug Kahnis,1842,ger,1,8,NT,open,unheld-nt,,full digital exists (ht allow); artifact may still be scarce,
9780524081549,,Martin Buber,1916,ger,1,8,NT,open,unheld-nt,,full digital exists (ht allow); artifact may still be scarce,
9780524081600,,Clément Huart,1912,fre,1,8,NT,open,unheld-nt,,full digital exists (ht allow); artifact may still be scarce,
9780524081808,,D. I. Maurophrydēs,1871,gre,1,8,NT,open,unheld-nt,,full digital exists (ht allow); artifact may still be scarce,
9780524082041,,Joh. Joseph Klem Waldis,1908,lat,1,8,NT,open,unheld-nt,,full digital exists (ht allow); artifact may still be scarce,
9780524082140,,Albert Bonus,1896,syr,1,8,NT,open,unheld-nt,,full digital exists (ht allow); artifact may still be scarce,
9780524082379,,Alfred Fouillée,1874,fre,1,8,NT,open,unheld-nt,,full digital exists (ht allow); artifact may still be scarce,
9780524082997,,"Petermann, Jul. Henr.",1867,syr,1,8,NT,open,unheld-nt,,full digital exists (ht allow); artifact may still be scarce,
9780524083017,,Fr Laouenan,1884,fre,1,8,NT,open,unheld-nt,,full digital exists (ht allow); artifact may still be scarce,
9780524083086,,Georg Curtius,1879,ger,1,8,NT,open,unheld-nt,,full digital exists (ht allow); artifact may still be scarce,
9780524083154,,Carl Brockelmann; Franz Nikolaus Finck; Johannes Leipoldt; Enno Littmann,1907,ger,1,8,NT,open,unheld-nt,,full digital exists (ht allow); artifact may still be scarce,
9780524083383,,Gustav Theodor Fechner,1861,ger,1,8,NT,open,unheld-nt,,full digital exists (ht allow); artifact may still be scarce,
9780524083482,,Hermann Lotze,1885,ger,1,8,NT,open,unheld-nt,,full digital exists (ht allow); artifact may still be scarce,
9780524083659,,Etienne Giran,1914,fre,1,8,NT,open,unheld-nt,,full digital exists (ht allow); artifact may still be scarce,
9780524084007,,Prosper Alfaric,1918,fre,1,8,NT,open,unheld-nt,,full digital exists (ht allow); artifact may still be scarce,
9780524084267,,Heinrich Heidenheimer,1881,ger,1,8,NT,open,unheld-nt,,full digital exists (ht allow); artifact may still be scarce,
9780524085042,,Caspar Riffel,1845,ger,1,8,NT,open,unheld-nt,,full digital exists (ht allow); artifact may still be scarce,
9780524085059,,S. T. Bloomfield,1837,grc,1,8,NT,open,unheld-nt,,full digital exists (ht allow); artifact may still be scarce,
9780524085158,,Wilhelm Behaghel,1910,ger,1,8,NT,open,unheld-nt,,full digital exists (ht allow); artifact may still be scarce,
9780524085264,,Pierrefleur grand banderet d'Orbe,1856,fre,1,8,NT,open,unheld-nt,,full digital exists (ht allow); artifact may still be scarce,
9780524085301,,Jules Simon,1845,fre,1,8,NT,open,unheld-nt,,full digital exists (ht allow); artifact may still be scarce,
9780524085462,,Karl Ludwig Michelet,1837,ger,1,8,NT,open,unheld-nt,,full digital exists (ht allow); artifact may still be scarce,
9780524085547,,Tilmann Pesch,1877,ger,1,8,NT,open,unheld-nt,,full digital exists (ht allow); artifact may still be scarce,
9780524085585,,Karl Rosenkranz,1834,ger,1,8,NT,open,unheld-nt,,full digital exists (ht allow); artifact may still be scarce,
9780524085868,,Wacław Sobieski,1902,pol,1,8,NT,open,unheld-nt,,full digital exists (ht allow); artifact may still be scarce,
9780524086070,,"Hummelauer, Fr. von",1877,ger,1,8,NT,open,unheld-nt,,full digital exists (ht allow); artifact may still be scarce,
9780524086087,,Franz Kaulen,1884,ger,1,8,NT,open,unheld-nt,,full digital exists (ht allow); artifact may still be scarce,
9780524086193,,Paul Rabaut,1884,fre,1,8,NT,open,unheld-nt,,full digital exists (ht allow); artifact may still be scarce,
9780524086315,,Julius Hamberger,1855,ger,1,8,NT,open,unheld-nt,,full digital exists (ht allow); artifact may still be scarce,
9780524086346,,W. Windelband,1907,ger,1,8,NT,open,unheld-nt,,full digital exists (ht allow); artifact may still be scarce,
9780524086452,,Charles Secrétan,1857,fre,1,8,NT,open,unheld-nt,,full digital exists (ht allow); artifact may still be scarce,
9780524086513,,J. C. F. Steudel,1834,ger,1,8,NT,open,unheld-nt,,full digital exists (ht allow); artifact may still be scarce,
9780524086544,,G. Tiberghien,1844,fre,1,8,NT,open,unheld-nt,,full digital exists (ht allow); artifact may still be scarce,
9780524087138,,Jules Bonnet,1861,fre,1,8,NT,open,unheld-nt,,full digital exists (ht allow); artifact may still be scarce,
9780524087244,,Clement I Pope,1854,ger,1,8,NT,open,unheld-nt,,full digital exists (ht allow); artifact may still be scarce,
9780524087305,,Ant. J. Baumgartner,1889,fre,1,8,NT,open,unheld-nt,,full digital exists (ht allow); artifact may still be scarce,
9780524087381,,Félix Bungener,1862,fre,1,8,NT,open,unheld-nt,,full digital exists (ht allow); artifact may still be scarce,
9780524087497,,E. Doumergue,1904,dut,1,8,NT,open,unheld-nt,,full digital exists (ht allow); artifact may still be scarce,
9780524087503,,E. Doumergue,1903,dut,1,8,NT,open,unheld-nt,,full digital exists (ht allow); artifact may still be scarce,
9780524087626,,Tadeusz Grabowski,1908,pol,1,8,NT,open,unheld-nt,,full digital exists (ht allow); artifact may still be scarce,
9780524087824,,J. K. F. Knaake,1908,ger,1,8,NT,open,unheld-nt,,full digital exists (ht allow); artifact may still be scarce,
9780524087916,,Joh. Wilh. Friedr Höfling,1846,ger,1,8,NT,open,unheld-nt,,full digital exists (ht allow); artifact may still be scarce,
9780524088234,,B. Vaurigaud,1870,fre,1,8,NT,open,unheld-nt,,full digital exists (ht allow); artifact may still be scarce,
9780524088449,,Otto Zöckler,1897,ger,1,8,NT,open,unheld-nt,,full digital exists (ht allow); artifact may still be scarce,
9780524088487,,Carl Georg Heinrich Lentz,1834,ger,1,8,NT,open,unheld-nt,,full digital exists (ht allow); artifact may still be scarce,
9780524088531,,Georg Benedikt Winer,1838,ger,1,8,NT,open,unheld-nt,,full digital exists (ht allow); artifact may still be scarce,
9780524088913,,E. H. Berger,1904,ger,1,8,NT,open,unheld-nt,,full digital exists (ht allow); artifact may still be scarce,
9780559666117,,Miguel Ramos Carrión; Vital Aza; George Carter Howland,1901,spa,1,8,NT,open,unheld-nt,,full digital exists (ht allow); artifact may still be scarce,
9780576114912,,Johann Georg Kroenlein,1889,ger,1,8,NT,open,multi,"dnb,loc",full digital exists (ht allow); artifact may still be scarce,
9780655212751,,Herwarth Walden,1918,ger,1,8,NT,open,unheld-nt,,full digital exists (ht allow); artifact may still be scarce,
9780665060137,,J. I. Desroches,1879,fre,1,8,NT,open,unheld-nt,,full digital exists (ht allow); artifact may still be scarce,
9780665115998,,Jean Claude Panet,1875,fre,1,8,NT,open,unheld-nt,,full digital exists (ht allow); artifact may still be scarce,
9780665176807,,Pierre-Jean de Smet,1875,fre,1,8,NT,open,unheld-nt,,full digital exists (ht allow); artifact may still be scarce,
9780665200403,,Sébastien Rasles,1858,fre,1,8,NT,open,unheld-nt,,full digital exists (ht allow); artifact may still be scarce,
9780665200496,,François Jolliet de Montigny,1861,fre,1,8,NT,open,unheld-nt,,full digital exists (ht allow); artifact may still be scarce,
9780665214448,,Franc̜ois Xavier Noiseux,1834,fre,1,8,NT,open,unheld-nt,,full digital exists (ht allow); artifact may still be scarce,
9780665361029,,Jérôme Lalemant,1663,fre,1,8,NT,open,unheld-nt,,full digital exists (ht allow); artifact may still be scarce,
9780665362163,,François-Alexandre-Frédéric duc de La Rochefoucauld-Liancourt,1800,fre,1,8,NT,open,unheld-nt,,full digital exists (ht allow); artifact may still be scarce,
9780665362460,,Luc Merlet,1858,fre,1,8,NT,open,unheld-nt,,full digital exists (ht allow); artifact may still be scarce,
9780665362484,,E. Rameau,1859,fre,1,8,NT,open,unheld-nt,,full digital exists (ht allow); artifact may still be scarce,
9780665364259,,François Le Mercier,1666,fre,1,8,NT,open,unheld-nt,,full digital exists (ht allow); artifact may still be scarce,
9780665364372,,Jean Holmes,1857,fre,1,8,NT,open,unheld-nt,,full digital exists (ht allow); artifact may still be scarce,
9780665364808,,Jacques Labrie,1827,fre,1,8,NT,open,unheld-nt,,full digital exists (ht allow); artifact may still be scarce,
9780665364822,,Hubert LaRue,1862,fre,1,8,NT,open,unheld-nt,,full digital exists (ht allow); artifact may still be scarce,
9780665364853,,Louis Bertrand de La Tour,1761,fre,1,8,NT,open,unheld-nt,,full digital exists (ht allow); artifact may still be scarce,
9780665364884,,Charles-Honoré Laverdière,1866,fre,1,8,NT,open,unheld-nt,,full digital exists (ht allow); artifact may still be scarce,
9780665364914,,Paul Le Jeune,1638,fre,1,8,NT,open,unheld-nt,,full digital exists (ht allow); artifact may still be scarce,
9780665366819,,Louis Hennepin,1711,fre,1,8,NT,open,unheld-nt,,full digital exists (ht allow); artifact may still be scarce,
9780665390982,,É. Hamon,1891,fre,1,8,NT,open,unheld-nt,,full digital exists (ht allow); artifact may still be scarce,
9780665407819,,Pierre-Jean de Smet,1848,fre,1,8,NT,open,unheld-nt,,full digital exists (ht allow); artifact may still be scarce,
9780665438172,,"Wrangel, Ferdinand Petrovich baron",1839,ger,1,8,NT,open,unheld-nt,,full digital exists (ht allow); artifact may still be scarce,
9780665444968,,Jean-B.-A Ferland,1854,fre,1,8,NT,open,unheld-nt,,full digital exists (ht allow); artifact may still be scarce,
9780665484681,,Charles-François Baillargeon,1861,fre,1,8,NT,open,unheld-nt,,full digital exists (ht allow); artifact may still be scarce,
9780665506741,,Joannes Marius,1746,fre,1,8,NT,open,unheld-nt,,full digital exists (ht allow); artifact may still be scarce,
9780665532757,,Flavien Durocher,1847,cre,1,8,NT,open,unheld-nt,,full digital exists (ht allow); artifact may still be scarce,
9780665632761,,F Dassié,1677,fre,1,8,NT,open,unheld-nt,,full digital exists (ht allow); artifact may still be scarce,
9780710086990,,Buddhaghosa,1924,pli,1,8,NT,open,unheld-nt,,full digital exists (ht allow); artifact may still be scarce,
9780790511580,,Heinrich Julius Holtzmann,1863,ger,1,8,NT,open,unheld-nt,,full digital exists (ht allow); artifact may still be scarce,
9780790517940,,Alfred Resch,1893,ger,1,8,NT,open,unheld-nt,,full digital exists (ht allow); artifact may still be scarce,
9780790518848,,Adolf von Harnack,1884,ger,1,8,NT,open,unheld-nt,,full digital exists (ht allow); artifact may still be scarce,
9780790519906,,Adolf Hilgenfeld,1850,ger,1,8,NT,open,unheld-nt,,full digital exists (ht allow); artifact may still be scarce,
9780790526096,,Arthur Titius,1895,ger,1,8,NT,open,unheld-nt,,full digital exists (ht allow); artifact may still be scarce,
9780790527307,,Otto Procksch,1906,ger,1,8,NT,open,unheld-nt,,full digital exists (ht allow); artifact may still be scarce,
9780790527406,,"Smend, Rudolf",1886,ger,1,8,NT,open,unheld-nt,,full digital exists (ht allow); artifact may still be scarce,
9780790533520,,Hans Lietzmann,1897,ger,1,8,NT,open,unheld-nt,,full digital exists (ht allow); artifact may still be scarce,
9780790544861,,Christian Bartholmèss,1850,fre,1,8,NT,open,unheld-nt,,full digital exists (ht allow); artifact may still be scarce,
9780790546971,,Waldemar Kawerau,1892,ger,1,8,NT,open,unheld-nt,,full digital exists (ht allow); artifact may still be scarce,
9780790547787,,"Wintzingeroda-Knorr, Levin Freiherr von",1892,ger,1,8,NT,open,unheld-nt,,full digital exists (ht allow); artifact may still be scarce,
9780790562896,,G. de Félice,1864,fre,1,8,NT,open,unheld-nt,,full digital exists (ht allow); artifact may still be scarce,
9780790563022,,Albert Michael Koeniger,1905,ger,1,8,NT,open,unheld-nt,,full digital exists (ht allow); artifact may still be scarce,
9780790574363,,Theodor Camerer,1903,ger,1,8,NT,open,unheld-nt,,full digital exists (ht allow); artifact may still be scarce,
9780790574448,,Julius Kaftan,1888,ger,1,8,NT,open,unheld-nt,,full digital exists (ht allow); artifact may still be scarce,
9780790575117,,Johannes Heinrich August Ebrard,1876,ger,1,8,NT,open,unheld-nt,,full digital exists (ht allow); artifact may still be scarce,
9780790575230,,Friedrich Reinhard Lipsius,1904,ger,1,8,NT,open,unheld-nt,,full digital exists (ht allow); artifact may still be scarce,
9780790575629,,E. Caro,1852,fre,1,8,NT,open,unheld-nt,,full digital exists (ht allow); artifact may still be scarce,
9780790575636,,Leopold Dukes,1868,ger,1,8,NT,open,unheld-nt,,full digital exists (ht allow); artifact may still be scarce,
9780790575766,,Emil Feuerlein,1855,ger,1,8,NT,open,unheld-nt,,full digital exists (ht allow); artifact may still be scarce,
9780790575773,,Engelbert Lorenz Fischer,1878,ger,1,8,NT,open,unheld-nt,,full digital exists (ht allow); artifact may still be scarce,
9780790575780,,Karl Phil Fischer,1865,ger,1,8,NT,open,unheld-nt,,full digital exists (ht allow); artifact may still be scarce,
9780790575865,,Jakob Frohschammer,1879,ger,1,8,NT,open,unheld-nt,,full digital exists (ht allow); artifact may still be scarce,
9780790576046,,Alexander von Oettingen,1882,ger,1,8,NT,open,unheld-nt,,full digital exists (ht allow); artifact may still be scarce,
9780790576312,,"Grabmann, Martin",1906,ger,1,8,NT,open,unheld-nt,,full digital exists (ht allow); artifact may still be scarce,
9780790576473,,A. Hilgenfeld,1848,ger,1,8,NT,open,unheld-nt,,full digital exists (ht allow); artifact may still be scarce,
9780790576589,,"Liebmann, Otto",1900,ger,1,8,NT,open,unheld-nt,,full digital exists (ht allow); artifact may still be scarce,
9780790577241,,Albert Dufourcq,1905,fre,1,8,NT,open,unheld-nt,,full digital exists (ht allow); artifact may still be scarce,
9780790577319,,Gustav Theodor Fechner,1882,ger,1,8,NT,open,unheld-nt,,full digital exists (ht allow); artifact may still be scarce,
9780790577456,,Constantin Gutberlet,1893,ger,1,8,NT,open,unheld-nt,,full digital exists (ht allow); artifact may still be scarce,
9780790577548,,Eduard von Hartmann,1896,ger,1,8,NT,open,unheld-nt,,full digital exists (ht allow); artifact may still be scarce,
9780790577616,,Sytze Hoekstra,1861,dut,1,8,NT,open,unheld-nt,,full digital exists (ht allow); artifact may still be scarce,
9780790577623,,Rudolf Hugo Hofmann,1866,ger,1,8,NT,open,unheld-nt,,full digital exists (ht allow); artifact may still be scarce,
9780790577982,,Philipp Bloch; Wilhelm Bacher,1908,ger,1,8,NT,open,unheld-nt,,full digital exists (ht allow); artifact may still be scarce,
9780790578071,,Moriz Carriere,1887,ger,1,8,NT,open,unheld-nt,,full digital exists (ht allow); artifact may still be scarce,
9780790579221,,Giordano Bruno,1888,ita,1,8,NT,open,unheld-nt,,full digital exists (ht allow); artifact may still be scarce,
9780790579290,,Arthur Drews,1907,ger,1,8,NT,open,unheld-nt,,full digital exists (ht allow); artifact may still be scarce,
9780790579344,,Jakob Frohschammer,1854,ger,1,8,NT,open,unheld-nt,,full digital exists (ht allow); artifact may still be scarce,
9780790579382,,Jacob Guttmann,1902,ger,1,8,NT,open,unheld-nt,,full digital exists (ht allow); artifact may still be scarce,
9780790579412,,Karl Heim,1904,ger,1,8,NT,open,unheld-nt,,full digital exists (ht allow); artifact may still be scarce,
9780790579429,,"Herrmann, Wilhelm",1904,ger,1,8,NT,open,unheld-nt,,full digital exists (ht allow); artifact may still be scarce,
9780790579610,,Hermann Lotze,1857,ger,1,8,NT,open,unheld-nt,,full digital exists (ht allow); artifact may still be scarce,
9780790579702,,Henri-Louis-Charles Maret,1856,fre,1,8,NT,open,unheld-nt,,full digital exists (ht allow); artifact may still be scarce,
9780790579948,,Rudolf Otto,1909,ger,1,8,NT,open,unheld-nt,,full digital exists (ht allow); artifact may still be scarce,
9780790583136,,Frederick Field,1867,heb,1,8,NT,open,unheld-nt,,full digital exists (ht allow); artifact may still be scarce,
9780790583181,,Carlo Vercellone,1860,lat,1,8,NT,open,unheld-nt,,full digital exists (ht allow); artifact may still be scarce,
9780790583204,,Georg Benedikt Winer; Julius Fürst,1864,ger,1,8,NT,open,unheld-nt,,full digital exists (ht allow); artifact may still be scarce,
9780790583525,,Georg Benedikt Winer; Paul Wilhelm Schmiedel,1894,ger,1,8,NT,open,unheld-nt,,full digital exists (ht allow); artifact may still be scarce,
9780790585666,,Bernhard Riggenbach,1888,ger,1,8,NT,open,unheld-nt,,full digital exists (ht allow); artifact may still be scarce,
9780790585772,,Erich Schaeder,1905,ger,1,8,NT,open,unheld-nt,,full digital exists (ht allow); artifact may still be scarce,
9780790585819,,"Seeberg, Reinhold",1903,ger,1,8,NT,open,unheld-nt,,full digital exists (ht allow); artifact may still be scarce,
9780790586441,,Maximilian Drossbach,1858,ger,1,8,NT,open,unheld-nt,,full digital exists (ht allow); artifact may still be scarce,
9780790586663,,"Janet, Paul",1897,fre,1,8,NT,open,unheld-nt,,full digital exists (ht allow); artifact may still be scarce,
9780790586717,,Francis Patrick Kenrick,1858,lat,1,8,NT,open,unheld-nt,,full digital exists (ht allow); artifact may still be scarce,
9780790586748,,"Kittlitz, Richard Freiherr von",1867,ger,1,8,NT,open,unheld-nt,,full digital exists (ht allow); artifact may still be scarce,
9780790586816,,Constantin von Kügelgen,1896,ger,1,8,NT,open,unheld-nt,,full digital exists (ht allow); artifact may still be scarce,
9780790586823,,Constantin von Kügelgen,1901,ger,1,8,NT,open,unheld-nt,,full digital exists (ht allow); artifact may still be scarce,
9780790586878,,Heinrich Lang,1868,ger,1,8,NT,open,unheld-nt,,full digital exists (ht allow); artifact may still be scarce,
9780790587158,,F. Palhoriès,1908,fre,1,8,NT,open,unheld-nt,,full digital exists (ht allow); artifact may still be scarce,
9780790587318,,Charles Secrétan,1883,fre,1,8,NT,open,unheld-nt,,full digital exists (ht allow); artifact may still be scarce,
9780790587424,,"Ueberweg, Friedrich",1862,lat,1,8,NT,open,unheld-nt,,full digital exists (ht allow); artifact may still be scarce,
9780790587738,,Marie Thomas Coconnier,1890,fre,1,8,NT,open,unheld-nt,,full digital exists (ht allow); artifact may still be scarce,
9780790587844,,August Johannes Dorner,1903,ger,1,8,NT,open,unheld-nt,,full digital exists (ht allow); artifact may still be scarce,
9780790588001,,Léon Gry,1904,fre,1,8,NT,open,unheld-nt,,full digital exists (ht allow); artifact may still be scarce,
9780790588209,,Hermann Kutter,1908,ger,1,8,NT,open,unheld-nt,,full digital exists (ht allow); artifact may still be scarce,
9780790588308,,Richard Adelbert Lipsius,1853,ger,1,8,NT,open,unheld-nt,,full digital exists (ht allow); artifact may still be scarce,
9780790588667,,"Noack, Ludwig",1861,ger,1,8,NT,open,unheld-nt,,full digital exists (ht allow); artifact may still be scarce,
9780790588780,,Wilhelm Schmidt,1908,ger,1,8,NT,open,unheld-nt,,full digital exists (ht allow); artifact may still be scarce,
9780790589190,,Albert Stöckl,1864,ger,1,8,NT,open,unheld-nt,,full digital exists (ht allow); artifact may still be scarce,
9780790589213,,J. Storz,1882,ger,1,8,NT,open,unheld-nt,,full digital exists (ht allow); artifact may still be scarce,
9780790589312,,Gustav Teichmüller,1879,ger,1,8,NT,open,unheld-nt,,full digital exists (ht allow); artifact may still be scarce,
9780790589329,,Gustav Teichmüller,1882,ger,1,8,NT,open,unheld-nt,,full digital exists (ht allow); artifact may still be scarce,
9780790589718,,"Werner, Karl",1861,ger,1,8,NT,open,unheld-nt,,full digital exists (ht allow); artifact may still be scarce,
9780790590080,,Martin Kähler,1904,ger,1,8,NT,open,unheld-nt,,full digital exists (ht allow); artifact may still be scarce,
9780790590158,,Kurd Lasswitz,1902,ger,1,8,NT,open,unheld-nt,,full digital exists (ht allow); artifact may still be scarce,
9780790590431,,Paul Natorp,1908,ger,1,8,NT,open,unheld-nt,,full digital exists (ht allow); artifact may still be scarce,
9780790590608,,"Pfleiderer, Otto",1893,ger,1,8,NT,open,unheld-nt,,full digital exists (ht allow); artifact may still be scarce,
9780790590615,,"Pfleiderer, Otto",1879,ger,1,8,NT,open,unheld-nt,,full digital exists (ht allow); artifact may still be scarce,
9780790590738,,Aimé Puech,1888,fre,1,8,NT,open,unheld-nt,,full digital exists (ht allow); artifact may still be scarce,
9780790590813,,Max Wilhelm Theodor Reischle,1886,ger,1,8,NT,open,unheld-nt,,full digital exists (ht allow); artifact may still be scarce,
9780790590943,,Pierre Rousselot,1908,fre,1,8,NT,open,unheld-nt,,full digital exists (ht allow); artifact may still be scarce,
9780790590974,,W. Rudin,1880,swe,1,8,NT,open,unheld-nt,,full digital exists (ht allow); artifact may still be scarce,
9780790591162,,Aristides,1894,ger,1,8,NT,open,unheld-nt,,full digital exists (ht allow); artifact may still be scarce,
9780790591353,,Wilhelm Bender,1876,ger,1,8,NT,open,unheld-nt,,full digital exists (ht allow); artifact may still be scarce,
9780790591407,,Karl Bernhard Bornhäuser,1903,ger,1,8,NT,open,unheld-nt,,full digital exists (ht allow); artifact may still be scarce,
9780790591483,,Franz Brentano,1867,ger,1,8,NT,open,unheld-nt,,full digital exists (ht allow); artifact may still be scarce,
9780790591490,,Auguste Théodore Paul Broglie,1906,fre,1,8,NT,open,unheld-nt,,full digital exists (ht allow); artifact may still be scarce,
9780790591650,,E. Caro,1868,fre,1,8,NT,open,unheld-nt,,full digital exists (ht allow); artifact may still be scarce,
9780790591858,,"Wilhelm Dilthey; Riehl, Alois",1907,ger,1,8,NT,open,unheld-nt,,full digital exists (ht allow); artifact may still be scarce,
9780790591889,,Johann Georg Dreydorff,1870,ger,1,8,NT,open,unheld-nt,,full digital exists (ht allow); artifact may still be scarce,
9780790592237,,Georg Wilhelm Friedrich Hegel,1906,ger,1,8,NT,open,unheld-nt,,full digital exists (ht allow); artifact may still be scarce,
9780790592497,,Sebastian Brunner,1852,ger,1,8,NT,open,unheld-nt,,full digital exists (ht allow); artifact may still be scarce,
9780790592930,,Albert Kalthoff,1900,ger,1,8,NT,open,unheld-nt,,full digital exists (ht allow); artifact may still be scarce,
9780790592961,,Heinrich Lang,1872,ger,1,8,NT,open,unheld-nt,,full digital exists (ht allow); artifact may still be scarce,
9780790593388,,Jacques Matter,1865,fre,1,8,NT,open,unheld-nt,,full digital exists (ht allow); artifact may still be scarce,
9780790593661,,E. Caro,1889,fre,1,8,NT,open,unheld-nt,,full digital exists (ht allow); artifact may still be scarce,
9780790593722,,"Corblet, Jules",1885,fre,1,8,NT,open,unheld-nt,,full digital exists (ht allow); artifact may still be scarce,
9780790593746,,"Dyroff, Adolf",1902,ger,1,8,NT,open,unheld-nt,,full digital exists (ht allow); artifact may still be scarce,
9780790593753,,Johannes Heinrich August Ebrard,1862,ger,1,8,NT,open,unheld-nt,,full digital exists (ht allow); artifact may still be scarce,
9780790593784,,Jakob Frohschammer,1889,ger,1,8,NT,open,unheld-nt,,full digital exists (ht allow); artifact may still be scarce,
9780790593845,,J. W. Hanne,1850,ger,1,8,NT,open,unheld-nt,,full digital exists (ht allow); artifact may still be scarce,
9780790593852,,J. W. Hanne,1865,ger,1,8,NT,open,unheld-nt,,full digital exists (ht allow); artifact may still be scarce,
9780790593883,,Wilhelm Herrmann,1842,ger,1,8,NT,open,unheld-nt,,full digital exists (ht allow); artifact may still be scarce,
9780790593944,,Karl Friedr. Aug Kahnis,1868,ger,1,8,NT,open,unheld-nt,,full digital exists (ht allow); artifact may still be scarce,
9780790594033,,Engelbert Krebs,1906,ger,1,8,NT,open,unheld-nt,,full digital exists (ht allow); artifact may still be scarce,
9780790594057,,Karl Künstle,1905,ger,1,8,NT,open,unheld-nt,,full digital exists (ht allow); artifact may still be scarce,
9780790594064,,Karl Künstle,1900,ger,1,8,NT,open,unheld-nt,,full digital exists (ht allow); artifact may still be scarce,
9780790594200,,Hugo Münsterberg,1908,ger,1,8,NT,open,unheld-nt,,full digital exists (ht allow); artifact may still be scarce,
9780790594279,,"Noack, Ludwig",1856,ger,1,8,NT,open,unheld-nt,,full digital exists (ht allow); artifact may still be scarce,
9780790594293,,Origen,1896,grc,1,8,NT,open,unheld-nt,,full digital exists (ht allow); artifact may still be scarce,
9780790594743,,Georg Runze,1877,ger,1,8,NT,open,unheld-nt,,full digital exists (ht allow); artifact may still be scarce,
9780790595009,,Joseph Mausbach,1909,ger,1,8,NT,open,unheld-nt,,full digital exists (ht allow); artifact may still be scarce,
9780790595344,,August Neander,1851,ger,1,8,NT,open,unheld-nt,,full digital exists (ht allow); artifact may still be scarce,
9780790595757,,Edmund Pfleiderer,1881,ger,1,8,NT,open,unheld-nt,,full digital exists (ht allow); artifact may still be scarce,
9780790596051,,Joseph Hubert Reinkens,1866,ger,1,8,NT,open,unheld-nt,,full digital exists (ht allow); artifact may still be scarce,
9780790596150,,Albrecht Ritschl,1890,ger,1,8,NT,open,unheld-nt,,full digital exists (ht allow); artifact may still be scarce,
9780790596280,,"Schmidt, Charles",1841,ger,1,8,NT,open,unheld-nt,,full digital exists (ht allow); artifact may still be scarce,
9780790596327,,"Seeberg, Reinhold",1901,ger,1,8,NT,open,unheld-nt,,full digital exists (ht allow); artifact may still be scarce,
9780790596334,,"Seeberg, Reinhold",1900,ger,1,8,NT,open,unheld-nt,,full digital exists (ht allow); artifact may still be scarce,
9780790597195,,Ernst Troeltsch,1909,ger,1,8,NT,open,unheld-nt,,full digital exists (ht allow); artifact may still be scarce,
9780790597256,,"Vacherot, E.",1884,fre,1,8,NT,open,unheld-nt,,full digital exists (ht allow); artifact may still be scarce,
9780790597317,,A. F. C. Vilmar,1872,ger,1,8,NT,open,unheld-nt,,full digital exists (ht allow); artifact may still be scarce,
9780790597751,,Th Kliefoth,1886,ger,1,8,NT,open,unheld-nt,,full digital exists (ht allow); artifact may still be scarce,
9780790597850,,Richard Adelbert Lipsius,1873,ger,1,8,NT,open,unheld-nt,,full digital exists (ht allow); artifact may still be scarce,
9780790598314,,Cornelis Opzoomer,1875,dut,1,8,NT,open,unheld-nt,,full digital exists (ht allow); artifact may still be scarce,
9780790598567,,Karl Rosenkranz,1845,ger,1,8,NT,open,unheld-nt,,full digital exists (ht allow); artifact may still be scarce,
9780790598673,,Édouard Sayous,1880,fre,1,8,NT,open,unheld-nt,,full digital exists (ht allow); artifact may still be scarce,
9780790599205,,Paul Diebow,1894,ger,1,8,NT,open,unheld-nt,,full digital exists (ht allow); artifact may still be scarce,
9780790599236,,"Fischer, Max",1899,ger,1,8,NT,open,unheld-nt,,full digital exists (ht allow); artifact may still be scarce,
9780790599519,,Sebastian Hahn,1905,ger,1,8,NT,open,unheld-nt,,full digital exists (ht allow); artifact may still be scarce,
9780790599595,,Carl Friedrich Heman,1875,ger,1,8,NT,open,unheld-nt,,full digital exists (ht allow); artifact may still be scarce,
9780804429511,,Karl Vossler,1926,ger,1,8,NT,open,unheld-nt,,full digital exists (ht allow); artifact may still be scarce,
9780837011615,,G. Horner,1898,cop,1,8,NT,open,unheld-nt,,full digital exists (ht allow); artifact may still be scarce,
9780837012018,,Laur Reinke,1857,ger,1,8,NT,open,unheld-nt,,full digital exists (ht allow); artifact may still be scarce,
9780837012971,,Constantin von Tischendorf,1852,grc,1,8,NT,open,unheld-nt,,full digital exists (ht allow); artifact may still be scarce,
9780837013046,,James Wilson Bright; Lancelot Minor Harris,1904,ang,1,8,NT,open,unheld-nt,,full digital exists (ht allow); artifact may still be scarce,
9780837013138,,Julius Friedrich Böttcher,1866,ger,1,8,NT,open,unheld-nt,,full digital exists (ht allow); artifact may still be scarce,
9780837013473,,Heinrich Graetz,1882,ger,1,8,NT,open,unheld-nt,,full digital exists (ht allow); artifact may still be scarce,
9780837014036,,Franz Birklein,1888,ger,1,8,NT,open,unheld-nt,,full digital exists (ht allow); artifact may still be scarce,
9780837014272,,Adolf Dyroff,1892,ger,1,8,NT,open,unheld-nt,,full digital exists (ht allow); artifact may still be scarce,
9780837015132,,Albert Fuchs,1902,ger,1,8,NT,open,unheld-nt,,full digital exists (ht allow); artifact may still be scarce,
9780837015989,,Konrad Schodorf,1904,ger,1,8,NT,open,unheld-nt,,full digital exists (ht allow); artifact may still be scarce,
9780837017204,,Bruch Dr; Daniel Schenkel,1869,ger,1,8,NT,open,unheld-nt,,full digital exists (ht allow); artifact may still be scarce,
9780837017402,,Jacob Freudenthal,1875,ger,1,8,NT,open,unheld-nt,,full digital exists (ht allow); artifact may still be scarce,
9780837017891,,Paul de Lagarde; Alfred Rahlfs,1892,syr,1,8,NT,open,unheld-nt,,full digital exists (ht allow); artifact may still be scarce,
9780837017914,,Oskar E̊duardovich Lemm,1885,cop,1,8,NT,open,unheld-nt,,full digital exists (ht allow); artifact may still be scarce,
9780837017945,,James Smith,1853,grc,1,8,NT,open,unheld-nt,,full digital exists (ht allow); artifact may still be scarce,
9780837018065,,Gustav Beermann; Caspar René Gregory,1913,grc,1,8,NT,open,unheld-nt,,full digital exists (ht allow); artifact may still be scarce,
9780837018089,,Paul de Lagarde,1867,ara,1,8,NT,open,unheld-nt,,full digital exists (ht allow); artifact may still be scarce,
9780837018140,,Antonio Maria Ceriani,1864,grc,1,8,NT,open,unheld-nt,,full digital exists (ht allow); artifact may still be scarce,
9780837018218,,"Paul de Lagarde; Epiphanius Saint, Bp. of Constantia in Cyprus",1880,syr,1,8,NT,open,unheld-nt,,full digital exists (ht allow); artifact may still be scarce,
9780837018386,,Paul de Lagarde,1884,per,1,8,NT,open,unheld-nt,,full digital exists (ht allow); artifact may still be scarce,
9780837018553,,Israel Lévi,1898,fre,1,8,NT,open,unheld-nt,,full digital exists (ht allow); artifact may still be scarce,
9780837018720,,Franz Delitzsch,1877,heb,1,8,NT,open,unheld-nt,,full digital exists (ht allow); artifact may still be scarce,
9780837018751,,Carl Brockelmann,1908,ger,1,8,NT,open,unheld-nt,,full digital exists (ht allow); artifact may still be scarce,
9780837018782,,Wilhelm Martin Leberecht De Wette,1830,lat,1,8,NT,open,unheld-nt,,full digital exists (ht allow); artifact may still be scarce,
9780837018980,,W. Emery Barnes,1914,syr,1,8,NT,open,unheld-nt,,full digital exists (ht allow); artifact may still be scarce,
9780837019314,,Fr. von Hummelauer,1897,lat,1,8,NT,open,unheld-nt,,full digital exists (ht allow); artifact may still be scarce,
9780837019451,,Eduard König,1901,ger,1,8,NT,open,unheld-nt,,full digital exists (ht allow); artifact may still be scarce,
9780837019482,,Franz Zorell,1911,grc,1,8,NT,open,unheld-nt,,full digital exists (ht allow); artifact may still be scarce,
9780837019512,,Michael Hetzenauer,1914,lat,1,8,NT,open,unheld-nt,,full digital exists (ht allow); artifact may still be scarce,
9780837019680,,Wilhelm Gesenius; Emil Roediger,1829,lat,1,8,NT,open,unheld-nt,,full digital exists (ht allow); artifact may still be scarce,
9780837019864,,Friedrich Brandscheid,1901,grc,1,8,NT,open,unheld-nt,,full digital exists (ht allow); artifact may still be scarce,
9780837026053,,C. P. Caspari,1879,ger,1,8,NT,open,unheld-nt,,full digital exists (ht allow); artifact may still be scarce,
9780837051345,,Johannes Henricus Scholten,1869,ger,1,8,NT,open,unheld-nt,,full digital exists (ht allow); artifact may still be scarce,
9780837053592,,Willy Staerk,1905,ger,1,8,NT,open,unheld-nt,,full digital exists (ht allow); artifact may still be scarce,
9780837064031,,Wilhelm Martin Leberecht De Wette,1865,ger,1,8,NT,open,unheld-nt,,full digital exists (ht allow); artifact may still be scarce,
9780837077017,,Georg Friedrich Grotefend,1852,ger,1,8,NT,open,unheld-nt,,full digital exists (ht allow); artifact may still be scarce,
9780837080833,,Rudolf Baxmann,1868,ger,1,8,NT,open,unheld-nt,,full digital exists (ht allow); artifact may still be scarce,
9780837090689,,C. P. Hofstede de Groot,1877,dut,1,8,NT,open,unheld-nt,,full digital exists (ht allow); artifact may still be scarce,
9780837092928,,Karl Heinrich Adelbert Lipsius,1863,ger,1,8,NT,open,unheld-nt,,full digital exists (ht allow); artifact may still be scarce,
9780837093789,,Moritz Drechsler,1837,ger,1,8,NT,open,unheld-nt,,full digital exists (ht allow); artifact may still be scarce,
9780837094991,,Ernst Ranke,1868,lat,1,8,NT,open,unheld-nt,,full digital exists (ht allow); artifact may still be scarce,
9780837096360,,Hermann Kutter,1897,ger,1,8,NT,open,unheld-nt,,full digital exists (ht allow); artifact may still be scarce,
9780837096605,,Eberhard Vischer; Adolf von Harnack,1886,ger,1,8,NT,open,unheld-nt,,full digital exists (ht allow); artifact may still be scarce,
9780859644167,,"Daniel von Papenbroeck; Johannes Bolland; Godefridus Henschenius; Chadwyck-Healey Ltd; Chadwyck-Healey, Inc",1643,lat,1,8,NT,open,unheld-nt,,full digital exists (ht allow); artifact may still be scarce,
9780859644174,,"Daniel von Papenbroeck; Johannes Bolland; Godefridus Henschenius; Chadwyck-Healey Ltd; Chadwyck-Healey, Inc",1643,lat,1,8,NT,open,unheld-nt,,full digital exists (ht allow); artifact may still be scarce,
9780988099708,,Otto Julius Bierbaum,1908,ger,1,8,NT,open,unheld-nt,,full digital exists (ht allow); artifact may still be scarce,
9781113645654,,L. v. Bar,1886,ger,1,8,NT,open,unheld-nt,,full digital exists (ht allow); artifact may still be scarce,
9781360087474,,Albert Delatour,1886,fre,1,8,NT,open,unheld-nt,,full digital exists (ht allow); artifact may still be scarce,
9781494859848,,Stacey Atkinson,1924,ger,1,8,NT,open,unheld-nt,,full digital exists (ht allow); artifact may still be scarce,
9781578980666,,"Gay, Jules",1900,fre,1,8,NT,open,unheld-nt,,full digital exists (ht allow); artifact may still be scarce,
9781844849925,,Valery Yakovlevich Bryusov,1922,rus,1,8,NT,open,unheld-nt,,full digital exists (ht allow); artifact may still be scarce,
9781881713128,,Benito Pérez Galdós; James Geddes; Joseph C Palamountain; Joseph C. Palamountain,1923,spa,1,8,NT,open,unheld-nt,,full digital exists (ht allow); artifact may still be scarce,
9781932983944,,Stefan Zweig,1922,ger,1,8,NT,open,single,bnf,full digital exists (ht allow); artifact may still be scarce,
9781939728128,,Rainer Maria Rilke,1909,ger,1,8,NT,open,unheld-nt,,full digital exists (ht allow); artifact may still be scarce,
9782017117049,,Raffaele Garofalo,1892,fre,1,8,NT,open,single,bnf,full digital exists (ht allow); artifact may still be scarce,
9782081404502,,Aeschylus,1889,fre,1,8,NT,open,single,bnf,full digital exists (ht allow); artifact may still be scarce,
9782251002170,,Plato,1920,fre,1,8,NT,open,single,loc,full digital exists (ht allow); artifact may still be scarce,
9782251010533,,Cicero,1922,fre,1,8,NT,open,unheld-nt,,full digital exists (ht allow); artifact may still be scarce,
9782251010915,,J. Vessereau,1923,fre,1,8,NT,open,unheld-nt,,full digital exists (ht allow); artifact may still be scarce,
9782253007579,,François Mauriac,1923,fre,1,8,NT,open,unheld-nt,,full digital exists (ht allow); artifact may still be scarce,
9782265031722,,Abdülhak Hâmit,1878,ota,1,8,NT,open,unheld-nt,,full digital exists (ht allow); artifact may still be scarce,
9782503360294,,François Benoit,1911,fre,1,8,NT,open,unheld-nt,,full digital exists (ht allow); artifact may still be scarce,
9782706301575,,Alfred Baudrillart,1912,fre,1,8,NT,open,multi,"bnf,dnb,loc",full digital exists (ht allow); artifact may still be scarce,
9782711751204,,Louis Dufestel,1920,fre,1,8,NT,open,unheld-nt,,full digital exists (ht allow); artifact may still be scarce,
9782717701005,,Bibliothèque nationale de France.,1897,fre,1,8,NT,open,multi,"dnb,loc",full digital exists (ht allow); artifact may still be scarce,
9782723300209,,Abbaye de Saint-Corneille de Compiègne.,1904,fre,1,8,NT,open,single,loc,full digital exists (ht allow); artifact may still be scarce,
9782724700121,,Max van Berchem; Institut français d'archéologie orientale du Caire,1894,fre,1,8,NT,open,single,loc,full digital exists (ht allow); artifact may still be scarce,
9782730702720,,Jules Janin,1881,fre,1,8,NT,open,unheld-nt,,full digital exists (ht allow); artifact may still be scarce,
9782764804896,,M. Joseph Lavallée; Gaspare De Gregori,1847,fre,1,8,NT,open,unheld-nt,,full digital exists (ht allow); artifact may still be scarce,
9782842850562,,Robert Abbot of Chocques.,1873,fre,1,8,NT,open,unheld-nt,,full digital exists (ht allow); artifact may still be scarce,
9782860380003,,Archives départementales de l'Isère.,1900,fre,1,8,NT,open,single,loc,full digital exists (ht allow); artifact may still be scarce,
9782860520010,,Archives départementales de la Haute-Marne.,1909,fre,1,8,NT,open,single,loc,full digital exists (ht allow); artifact may still be scarce,
9782906655256,,Jacques Canut,1900,fre,1,8,NT,open,unheld-nt,,full digital exists (ht allow); artifact may still be scarce,
9782909848105,,Poggio Bracciolini; Étienne Wolff,1878,fre,1,8,NT,open,unheld-nt,,full digital exists (ht allow); artifact may still be scarce,
9782924461402,,Éric de Belleval,1926,fre,1,8,NT,open,unheld-nt,,full digital exists (ht allow); artifact may still be scarce,
9782950478603,,Gustave de Beaumont,1839,fre,1,8,NT,open,unheld-nt,,full digital exists (ht allow); artifact may still be scarce,
9782980418150,,"Lorrain, Jean",1899,fre,1,8,NT,open,unheld-nt,,full digital exists (ht allow); artifact may still be scarce,
9783055006210,,Johann Christian Poggendorff,1863,ger,1,8,NT,open,single,dnb,full digital exists (ht allow); artifact may still be scarce,
9783055016721,,Johann Christian Poggendorff,1863,ger,1,8,NT,open,single,dnb,full digital exists (ht allow); artifact may still be scarce,
9783110023091,,Attilio Degrassi,1893,lat,1,8,NT,open,single,dnb,full digital exists (ht allow); artifact may still be scarce,
9783110024883,,Gustav Pfannmüller,1923,ger,1,8,NT,open,single,dnb,full digital exists (ht allow); artifact may still be scarce,
9783110024975,,Īvan I︠A︡kovlevich Korostovet︠s,1926,ger,1,8,NT,open,single,dnb,full digital exists (ht allow); artifact may still be scarce,
9783110049169,,J. Kirchner,1916,lat,1,8,NT,open,unheld-nt,,full digital exists (ht allow); artifact may still be scarce,
9783110070019,,F. Hiller von Gaertringen,1903,lat,1,8,NT,open,unheld-nt,,full digital exists (ht allow); artifact may still be scarce,
9783110121520,,Arthur Ernest Gordon,1863,lat,1,8,NT,open,multi,"bnf,dnb",full digital exists (ht allow); artifact may still be scarce,
9783205784883,,Harold Steinacker; Lothar Gross; Christian Lackner; Claudia Feller; Stefan Seitschek; Universität Wien. Institut für Österreichische Geschichtsforschung; Institut für Österreichische Geschichtsforschung,1905,ger,1,8,NT,open,single,dnb,full digital exists (ht allow); artifact may still be scarce,
9783402059968,,H. Hoogeweg,1847,lat,1,8,NT,open,single,dnb,full digital exists (ht allow); artifact may still be scarce,
9783404051212,,Hanns Heinz Ewers,1911,ger,1,8,NT,open,single,dnb,full digital exists (ht allow); artifact may still be scarce,
9783406318634,,Jean Doignon,1900,ger,1,8,NT,open,multi,"dnb,loc",full digital exists (ht allow); artifact may still be scarce,
9783406338274,,Wolfgang Kunkel,1900,ger,1,8,NT,open,multi,"dnb,loc",full digital exists (ht allow); artifact may still be scarce,
9783428560073,,"Duncker, Max.",1887,ger,1,8,NT,open,single,dnb,full digital exists (ht allow); artifact may still be scarce,
9783473558803,,Carl Spitteler,1889,ger,1,8,NT,open,unheld-nt,,full digital exists (ht allow); artifact may still be scarce,
9783484800878,,Hermann Diener,1916,ger,1,8,NT,open,single,dnb,full digital exists (ht allow); artifact may still be scarce,
9783484801004,,Dieter Brosius; Karl Borchardt,1900,lat,1,8,NT,open,multi,"dnb,loc",full digital exists (ht allow); artifact may still be scarce,
9783486565126,,Ernst Ochs,1925,ger,1,8,NT,open,unheld-nt,,full digital exists (ht allow); artifact may still be scarce,
9783486565560,,Ernst Ochs,1925,ger,1,8,NT,open,unheld-nt,,full digital exists (ht allow); artifact may still be scarce,
9783486566277,,Ernst Ochs,1925,ger,1,8,NT,open,unheld-nt,,full digital exists (ht allow); artifact may still be scarce,
9783486567335,,Ernst Ochs,1925,ger,1,8,NT,open,unheld-nt,,full digital exists (ht allow); artifact may still be scarce,
9783486568356,,Ernst Ochs,1925,ger,1,8,NT,open,unheld-nt,,full digital exists (ht allow); artifact may still be scarce,
9783486577389,,Ernst Ochs,1925,ger,1,8,NT,open,unheld-nt,,full digital exists (ht allow); artifact may still be scarce,
9783486578362,,Ernst Ochs,1925,ger,1,8,NT,open,unheld-nt,,full digital exists (ht allow); artifact may still be scarce,
9783486583533,,Harold Steinacker; Lothar Gross; Christian Lackner; Claudia Feller; Stefan Seitschek; Universität Wien. Institut für Österreichische Geschichtsforschung; Institut für Österreichische Geschichtsforschung,1905,ger,1,8,NT,open,single,dnb,full digital exists (ht allow); artifact may still be scarce,
9783486592276,,Harold Steinacker; Lothar Gross; Christian Lackner; Claudia Feller; Stefan Seitschek; Universität Wien. Institut für Österreichische Geschichtsforschung; Institut für Österreichische Geschichtsforschung,1905,ger,1,8,NT,open,single,dnb,full digital exists (ht allow); artifact may still be scarce,
9783487043760,,Georg Friedrich Creuzer,1900,ger,1,8,NT,open,multi,"dnb,loc",full digital exists (ht allow); artifact may still be scarce,
9783492027212,,Paul Stefan,1912,ger,1,8,NT,open,multi,"dnb,loc",full digital exists (ht allow); artifact may still be scarce,
9783510431410,,Erwin Lindner,1924,ger,1,8,NT,open,multi,"dnb,loc",full digital exists (ht allow); artifact may still be scarce,
9783511049317,,"Beyer, Heinrich historian, comp; Leopold Eltester",1860,ger,1,8,NT,open,single,dnb,full digital exists (ht allow); artifact may still be scarce,
9783515041478,,Paracelsus,1923,ger,1,8,NT,open,single,dnb,full digital exists (ht allow); artifact may still be scarce,
9783515054034,,Adolf Tobler,1915,ger,1,8,NT,open,single,loc,full digital exists (ht allow); artifact may still be scarce,
9783518188668,,Heinrich von Kleist,1921,ger,1,8,NT,open,single,dnb,full digital exists (ht allow); artifact may still be scarce,
9783527401413,,Johann Christian Poggendorff,1863,ger,1,8,NT,open,single,dnb,full digital exists (ht allow); artifact may still be scarce,
9783535005641,,Robert Koldewey,1900,ger,1,8,NT,open,single,dnb,full digital exists (ht allow); artifact may still be scarce,
9783598775444,,Ludwig Mitteis; Ulrich Wilcken,1906,ger,1,8,NT,open,multi,"dnb,loc",full digital exists (ht allow); artifact may still be scarce,
9783642903762,,,1905,ger,1,8,NT,open,unheld-nt,,full digital exists (ht allow); artifact may still be scarce,
9783688110094,,Herwarth Walden,1918,ger,1,8,NT,open,single,dnb,full digital exists (ht allow); artifact may still be scarce,
9783702905538,,Harold Steinacker; Lothar Gross; Christian Lackner; Claudia Feller; Stefan Seitschek; Universität Wien. Institut für Österreichische Geschichtsforschung; Institut für Österreichische Geschichtsforschung,1905,ger,1,8,NT,open,single,dnb,full digital exists (ht allow); artifact may still be scarce,
9783740000059,,"Akademie der Wissenschaften, Berlin",1914,ger,1,8,NT,open,single,dnb,full digital exists (ht allow); artifact may still be scarce,
9783760024158,,Hermann Krummacher,1882,ger,1,8,NT,open,single,dnb,full digital exists (ht allow); artifact may still be scarce,
9783770076123,,Ernst Landsberg,1914,ger,1,8,NT,open,multi,"dnb,loc",full digital exists (ht allow); artifact may still be scarce,
9783773555014,,Ricarda Huch,1902,ger,1,8,NT,open,single,dnb,full digital exists (ht allow); artifact may still be scarce,
9783775250481,,Fredegar.; Bruno Krusch,1888,lat,1,8,NT,open,single,dnb,full digital exists (ht allow); artifact may still be scarce,
9783777203072,,Prussia. Kommission für den Gesamtkatalog der Wiegendrucke,1925,ger,1,8,NT,open,unheld-nt,,full digital exists (ht allow); artifact may still be scarce,
9783777203386,,Prussia. Kommission für den Gesamtkatalog der Wiegendrucke,1925,ger,1,8,NT,open,unheld-nt,,full digital exists (ht allow); artifact may still be scarce,
9783777268149,,Prussia. Kommission für den Gesamtkatalog der Wiegendrucke,1925,ger,1,8,NT,open,single,dnb,full digital exists (ht allow); artifact may still be scarce,
9783777290041,,Prussia. Kommission für den Gesamtkatalog der Wiegendrucke,1925,ger,1,8,NT,open,unheld-nt,,full digital exists (ht allow); artifact may still be scarce,
9783791049960,,V. I︠A︡ Zheli︠e︡znov,1918,ger,1,8,NT,open,single,dnb,full digital exists (ht allow); artifact may still be scarce,
9783794602414,,Ernst Ochs,1925,ger,1,8,NT,open,unheld-nt,,full digital exists (ht allow); artifact may still be scarce,
9783794602544,,Ernst Ochs,1925,ger,1,8,NT,open,unheld-nt,,full digital exists (ht allow); artifact may still be scarce,
9783794602612,,Ernst Ochs,1925,ger,1,8,NT,open,unheld-nt,,full digital exists (ht allow); artifact may still be scarce,
9783794602667,,Ernst Ochs,1925,ger,1,8,NT,open,unheld-nt,,full digital exists (ht allow); artifact may still be scarce,
9783794602803,,Ernst Ochs,1925,ger,1,8,NT,open,unheld-nt,,full digital exists (ht allow); artifact may still be scarce,
9783794602988,,Ernst Ochs,1925,ger,1,8,NT,open,unheld-nt,,full digital exists (ht allow); artifact may still be scarce,
9783794603176,,Ernst Ochs,1925,ger,1,8,NT,open,unheld-nt,,full digital exists (ht allow); artifact may still be scarce,
9783794605248,,Ernst Ochs,1925,ger,1,8,NT,open,unheld-nt,,full digital exists (ht allow); artifact may still be scarce,
9783799561914,,Friedrich Andreae,1900,ger,1,8,NT,open,multi,"dnb,loc",full digital exists (ht allow); artifact may still be scarce,
9783826731945,,Michael Creizenach,1833,ger,1,8,NT,open,single,dnb,full digital exists (ht allow); artifact may still be scarce,
9783855356164,,Jean Richepin,1905,fre,1,8,NT,open,single,dnb,full digital exists (ht allow); artifact may still be scarce,
9783883791388,,Johann Wilhelm Petersen,1782,ger,1,8,NT,open,single,dnb,full digital exists (ht allow); artifact may still be scarce,
9783884020036,,Andreas Germershausen; Wolf-Dieter Narr; Komitee für Grundrechte und Demokratie (Germany); Medico International (Organization),1888,ger,1,8,NT,open,single,dnb,full digital exists (ht allow); artifact may still be scarce,
9783890866796,,Edgar Hilsenrath,1917,ger,1,8,NT,open,single,dnb,full digital exists (ht allow); artifact may still be scarce,
9783900656256,,Graphische Sammlung Albertina.,1926,ger,1,8,NT,open,single,loc,full digital exists (ht allow); artifact may still be scarce,
9783920307091,,Reinhold Steig,1892,ger,1,8,NT,open,multi,"dnb,loc",full digital exists (ht allow); artifact may still be scarce,
9783944180779,,Karl Wolfskehl,1908,ger,1,8,NT,open,unheld-nt,,full digital exists (ht allow); artifact may still be scarce,
9783949203107,,Hans Müller,1919,ger,1,8,NT,open,single,dnb,full digital exists (ht allow); artifact may still be scarce,
9784772210720,,Kenjirō Fujioka,1883,jpn,1,8,NT,open,unheld-nt,,full digital exists (ht allow); artifact may still be scarce,
9784897600413,,Shinji Katsuki,1876,jpn,1,8,NT,open,unheld-nt,,full digital exists (ht allow); artifact may still be scarce,
9784903824000,,,1908,jpn,1,8,NT,open,unheld-nt,,full digital exists (ht allow); artifact may still be scarce,
9785020094833,,Peter I Emperor of Russia,1887,rus,1,8,NT,open,single,loc,full digital exists (ht allow); artifact may still be scarce,
9785020260818,,,1917,rus,1,8,NT,open,unheld-nt,,full digital exists (ht allow); artifact may still be scarce,
9785212003438,,N. I͡A Agnivt͡sev,1923,rus,1,8,NT,open,single,loc,full digital exists (ht allow); artifact may still be scarce,
9785669970086,,E. N. Shchepkina,1914,rus,1,8,NT,open,unheld-nt,,full digital exists (ht allow); artifact may still be scarce,
9785952412002,,N. I. Berezin,1902,rus,1,8,NT,open,unheld-nt,,full digital exists (ht allow); artifact may still be scarce,
9788085938142,,Rainer Maria Rilke,1899,ger,1,8,NT,open,single,dnb,full digital exists (ht allow); artifact may still be scarce,
9788090046108,,Ladislav Klíma,1900,cze,1,8,NT,open,single,loc,full digital exists (ht allow); artifact may still be scarce,
9788270610273,,Ludvig Holm-Olsen,1910,gem,1,8,NT,open,single,loc,full digital exists (ht allow); artifact may still be scarce,
9788299067904,,Lorens Berg,1920,nor,1,8,NT,open,unheld-nt,,full digital exists (ht allow); artifact may still be scarce,
9788301003982,,Michał Federowski,1897,pol,1,8,NT,open,unheld-nt,,full digital exists (ht allow); artifact may still be scarce,
9788385213253,,Władysław Pociecha; Stanisław Górski; Piotr Tomicki; Wincenty Urban; Andrzej Wyczański; Ryszard Marciniak; Poland. Sovereigns. (1507-48 : Zygmunt I); Kórnik. Biblioteka Kórnicka,1852,und,1,8,NT,open,unheld-nt,,full digital exists (ht allow); artifact may still be scarce,
9788400042059,,Luis Iscla Rovira,1629,spa,1,8,NT,open,unheld-nt,,full digital exists (ht allow); artifact may still be scarce,
9788409433490,,Rafael Alberto Arrieta,1906,spa,1,8,NT,open,unheld-nt,,full digital exists (ht allow); artifact may still be scarce,
9788424925536,,Juan Luis Vives,1919,spa,1,8,NT,open,unheld-nt,,full digital exists (ht allow); artifact may still be scarce,
9788427303232,,Antoni Maria Alcover i Sureda,1900,cat,1,8,NT,open,single,loc,full digital exists (ht allow); artifact may still be scarce,
9788450535679,,Juan Gómez de Mora,1632,spa,1,8,NT,open,single,loc,full digital exists (ht allow); artifact may still be scarce,
9788472560147,,Félix Torres Amat,1836,spa,1,8,NT,open,single,loc,full digital exists (ht allow); artifact may still be scarce,
9788475689524,,Otto Kohlmeyer,1924,ger,1,8,NT,open,single,dnb,full digital exists (ht allow); artifact may still be scarce,
9788478264452,,,1926,cat,1,8,NT,open,single,loc,full digital exists (ht allow); artifact may still be scarce,
9788478265695,,,1926,cat,1,8,NT,open,single,loc,full digital exists (ht allow); artifact may still be scarce,
9788488594020,,Conrado Rodríguez Maffiotte,1900,spa,1,8,NT,open,single,loc,full digital exists (ht allow); artifact may still be scarce,
9788492291793,,Federico Abad,1910,spa,1,8,NT,open,unheld-nt,,full digital exists (ht allow); artifact may still be scarce,
9788521000310,,Eça de Queirós; Agostinho de Campos,1922,por,1,8,NT,open,unheld-nt,,full digital exists (ht allow); artifact may still be scarce,
9788570192004,,Joaquim Nabuco,1869,por,1,8,NT,open,single,loc,full digital exists (ht allow); artifact may still be scarce,
9788671310475,,Izidor Cankar; Franc Ksaver Lukman,1925,slv,1,8,NT,open,multi,"dnb,loc",full digital exists (ht allow); artifact may still be scarce,
9788702058413,,Rolf Scheen,1807,dan,1,8,NT,open,unheld-nt,,full digital exists (ht allow); artifact may still be scarce,
9788721002855,,Karen Marie Edelfeldt,1885,dan,1,8,NT,open,single,loc,full digital exists (ht allow); artifact may still be scarce,
9788787435024,,,1839,dan,1,8,NT,open,unheld-nt,,full digital exists (ht allow); artifact may still be scarce,
9788788718676,,Morten Korch,1920,dan,1,8,NT,open,unheld-nt,,full digital exists (ht allow); artifact may still be scarce,
9788804567356,,Paolo Segneri,1822,ita,1,8,NT,open,unheld-nt,,full digital exists (ht allow); artifact may still be scarce,
9788872450543,,Vincenzo De Vit,1875,ita,1,8,NT,open,unheld-nt,,full digital exists (ht allow); artifact may still be scarce,
9788884196880,,Charles Augustin Sainte-Beuve,1888,fre,1,8,NT,open,unheld-nt,,full digital exists (ht allow); artifact may still be scarce,
9788887501087,,Manfredi Fasulo,1899,ita,1,8,NT,open,single,loc,full digital exists (ht allow); artifact may still be scarce,
9788971050934,,Chʻung-hoe Kim,1900,kor,1,8,NT,open,single,loc,full digital exists (ht allow); artifact may still be scarce,
9789061861027,,Université catholique de Louvain (1835-1969),1880,dut,1,8,NT,open,single,loc,full digital exists (ht allow); artifact may still be scarce,
9789064120848,,Rudolf van de Perre,1901,dut,1,8,NT,open,unheld-nt,,full digital exists (ht allow); artifact may still be scarce,
9789076988979,,Arthur Czwalina,1925,ger,1,8,NT,open,unheld-nt,,full digital exists (ht allow); artifact may still be scarce,
9789163168444,,Gösta Johannesson; Ludvig Magnus Bååth,1925,swe,1,8,NT,open,unheld-nt,,full digital exists (ht allow); artifact may still be scarce,
9789163363696,,Gösta Johannesson; Ludvig Magnus Bååth,1925,swe,1,8,NT,open,unheld-nt,,full digital exists (ht allow); artifact may still be scarce,
9789172300040,,Georg Stiernhielm,1900,swe,1,8,NT,open,single,loc,full digital exists (ht allow); artifact may still be scarce,
9789174020892,,Bengt O. H. Johansson,1924,swe,1,8,NT,open,single,loc,full digital exists (ht allow); artifact may still be scarce,
9789185050901,,Sweden. Riksdagen. Borgarståndet,1720,swe,1,8,NT,open,unheld-nt,,full digital exists (ht allow); artifact may still be scarce,
9789185050925,,Sweden. Riksdagen. Borgarståndet,1720,swe,1,8,NT,open,unheld-nt,,full digital exists (ht allow); artifact may still be scarce,
9789185943289,,Sweden. Riksdagen. Borgarståndet,1720,swe,1,8,NT,open,unheld-nt,,full digital exists (ht allow); artifact may still be scarce,
9789401421997,,Georg Daniel Karl Treu,1898,ger,1,8,NT,open,unheld-nt,,full digital exists (ht allow); artifact may still be scarce,
9789508500250,,,1900,spa,1,8,NT,open,single,loc,full digital exists (ht allow); artifact may still be scarce,
9789536576012,,Vatroslav Rožić,1913,hrv,1,8,NT,open,unheld-nt,,full digital exists (ht allow); artifact may still be scarce,
9789539645012,,Franjo Bučar,1910,hrv,1,8,NT,open,single,dnb,full digital exists (ht allow); artifact may still be scarce,
9789545230134,,"Narodna biblioteka ""Sv. sv. Kiril i Metodiĭ.""",1910,bul,1,8,NT,open,single,loc,full digital exists (ht allow); artifact may still be scarce,
9789609081139,,Ēlias A. Tsitselēs,1900,gre,1,8,NT,open,single,loc,full digital exists (ht allow); artifact may still be scarce,
9789612180096,,Janez Evangelist Krek,1923,slv,1,8,NT,open,unheld-nt,,full digital exists (ht allow); artifact may still be scarce,
9789630504577,,Imre Szentpétery,1912,hun,1,8,NT,open,unheld-nt,,full digital exists (ht allow); artifact may still be scarce,
9789632078991,,"Malonyay, Dezső",1907,hun,1,8,NT,open,single,loc,full digital exists (ht allow); artifact may still be scarce,
9789652170071,,Victor Guérin,1900,heb,1,8,NT,open,single,loc,full digital exists (ht allow); artifact may still be scarce,
9789726722656,,José Carlos Gomes da Silva,1900,por,1,8,NT,open,single,loc,full digital exists (ht allow); artifact may still be scarce,
9789732706534,,Adolf Schullerus,1908,ger,1,8,NT,open,single,dnb,full digital exists (ht allow); artifact may still be scarce,
9789732708576,,Adolf Schullerus,1908,ger,1,8,NT,open,single,dnb,full digital exists (ht allow); artifact may still be scarce,
9789993811152,,Petar Kočić,1910,srp,1,8,NT,open,single,loc,full digital exists (ht allow); artifact may still be scarce,
9789995488499,,Alonso de Villegas,1612,spa,1,8,NT,open,unheld-nt,,full digital exists (ht allow); artifact may still be scarce,
9798628416297,,,1889,ger,1,8,NT,open,unheld-nt,,full digital exists (ht allow); artifact may still be scarce,
4026411114705,,,1856,,1,7,NT,open,unheld-nt,,full digital exists (ht allow); artifact may still be scarce,
9780030385438,,Rinehart and Winston Holt,1720,,1,7,NT,open,unheld-nt,,full digital exists (ia hit); artifact may still be scarce,
9780030440458,,A.M Levenson,1963,und,1,7,NT,open,unheld-nt,,full digital exists (ia hit); artifact may still be scarce,
9780048820044,,Aeschylus; Gilbert Murray,1844,,1,7,NT,open,unheld-nt,,full digital exists (ht allow); artifact may still be scarce,
9780060687335,,,1904,,1,7,NT,open,unheld-nt,,full digital exists (ht allow); artifact may still be scarce,
9780071180788,,KALTHOFF,1877,,1,7,NT,open,single,loc,full digital exists (ia hit); artifact may still be scarce,
9780071221450,,John R. Commons,1898,,1,7,NT,open,unheld-nt,,full digital exists (ia hit); artifact may still be scarce,
9780071315197,,Rachels,1721,,1,7,NT,open,unheld-nt,,full digital exists (ia hit); artifact may still be scarce,
9780072487299,,Erich Helfert,1800,,1,7,NT,open,single,loc,full digital exists (ia hit); artifact may still be scarce,
9780073528700,,Nisreen Bahnan John Richardson,1913,,1,7,NT,open,unheld-nt,,full digital exists (ia hit); artifact may still be scarce,
9780076629435,,David N. Shier;Jackie L. Butler;Ricki Lewis,1515,,1,7,NT,open,unheld-nt,,full digital exists (ia hit); artifact may still be scarce,
9780077308070,,Mary Ann Anderson,1909,,1,7,NT,open,unheld-nt,,full digital exists (ia hit); artifact may still be scarce,
9780080901053,,Denis Diderot; Jean Le Rond d'Alembert,1969,fre,1,7,NT,open,unheld-nt,,full digital exists (ht allow); artifact may still be scarce,
9780198111047,,Charles Plummer; John Earle,1952,und,1,7,NT,open,unheld-nt,,full digital exists (ht allow); artifact may still be scarce,
9780198145387,,Lysias,1931,grc,1,7,NT,open,unheld-nt,,full digital exists (ht allow); artifact may still be scarce,
9780297748120,,,1901,,1,7,NT,open,unheld-nt,,full digital exists (ht allow); artifact may still be scarce,
9780321277428,,,1882,,1,7,NT,open,unheld-nt,,full digital exists (ia hit); artifact may still be scarce,
9780333071533,,Cicero,1901,,1,7,NT,open,unheld-nt,,full digital exists (ht allow); artifact may still be scarce,
9780340021828,,Gust. Fr Oehler,1874,,1,7,NT,open,unheld-nt,,full digital exists (ht allow); artifact may still be scarce,
9780404005979,,Harry Maync,1969,ger,1,7,NT,open,unheld-nt,,full digital exists (ht allow); artifact may still be scarce,
9780404048792,,Vilfredo Pareto,1969,fre,1,7,NT,open,unheld-nt,,full digital exists (ht allow); artifact may still be scarce,
9780434990696,,Longus,1916,,1,7,NT,open,unheld-nt,,full digital exists (ht allow); artifact may still be scarce,
9780435383015,,Hermann Uhde,1878,,1,7,NT,open,unheld-nt,,full digital exists (ht allow); artifact may still be scarce,
9780445004795,,,1857,,1,7,NT,open,unheld-nt,,full digital exists (ht allow); artifact may still be scarce,
9780465058846,,,1908,,1,7,NT,open,unheld-nt,,full digital exists (ht allow); artifact may still be scarce,
9780465096237,,"Magruder, Allan Bowie",1891,,1,7,NT,open,unheld-nt,,full digital exists (ht allow); artifact may still be scarce,
9780469340503,,,1857,,1,7,NT,open,unheld-nt,,full digital exists (ht allow); artifact may still be scarce,
9780486202716,,Joseph Rosenberg,1962,mul,1,7,NT,open,single,loc,full digital exists (ia hit); artifact may still be scarce,
9780486211756,,"Johnson, William E.",1924,,1,7,NT,open,unheld-nt,,full digital exists (ia hit); artifact may still be scarce,
9780495279365,,Linda A. Mooney,1904,,1,7,NT,open,unheld-nt,,full digital exists (ia hit); artifact may still be scarce,
9780495411246,,Jean Landa Pytel,1910,,1,7,NT,open,unheld-nt,,full digital exists (ia hit); artifact may still be scarce,
9780495598244,,,1913,,1,7,NT,open,unheld-nt,,full digital exists (ia hit); artifact may still be scarce,
9780524036129,,Alfred Edye Manning Foster,1914,,1,7,NT,open,unheld-nt,,full digital exists (ht allow); artifact may still be scarce,
9780524037041,,Hannah Frances Davidson,1915,,1,7,NT,open,unheld-nt,,full digital exists (ht allow); artifact may still be scarce,
9780524073223,,E. Manford; John S. Sweeney,1870,,1,7,NT,open,unheld-nt,,full digital exists (ht allow); artifact may still be scarce,
9780576033060,,Alfred Schreiner,1969,fre,1,7,NT,open,unheld-nt,,full digital exists (ht allow); artifact may still be scarce,
9780576034432,,Edouard Chavannes,1969,fre,1,7,NT,open,single,loc,full digital exists (ht allow); artifact may still be scarce,
9780576034449,,Léon Wieger,1969,fre,1,7,NT,open,single,loc,full digital exists (ht allow); artifact may still be scarce,
9780576035798,,Raphaël Du Mans,1969,fre,1,7,NT,open,single,loc,full digital exists (ht allow); artifact may still be scarce,
9780576722063,,Guido Panciroli,1968,lat,1,7,NT,open,unheld-nt,,full digital exists (ht allow); artifact may still be scarce,
9780576801119,,Myer David Davis,1969,heb,1,7,NT,open,single,loc,full digital exists (ht allow); artifact may still be scarce,
9780576991278,,John Duns Scotus,1969,lat,1,7,NT,open,unheld-nt,,full digital exists (ht allow); artifact may still be scarce,
9780576991285,,John Baconthorpe,1969,lat,1,7,NT,open,unheld-nt,,full digital exists (ht allow); artifact may still be scarce,
9780576991544,,Catholic Church,1969,lat,1,7,NT,open,unheld-nt,,full digital exists (ht allow); artifact may still be scarce,
9780576994651,,Guillaume Budé,1967,lat,1,7,NT,open,single,loc,full digital exists (ht allow); artifact may still be scarce,
9780578110035,,"Jojo Sayson,James Riordan",1912,,1,7,NT,open,unheld-nt,,full digital exists (ia hit); artifact may still be scarce,
9780590740807,,,1885,,1,7,NT,open,unheld-nt,,full digital exists (ht allow); artifact may still be scarce,
9780600628385,,,1838,,1,7,NT,open,unheld-nt,,full digital exists (ia hit); artifact may still be scarce,
9780600630302,,Gill Paul,1828,,1,7,NT,open,unheld-nt,,full digital exists (ia hit); artifact may still be scarce,
9780601196326,,,1901,,1,7,NT,open,unheld-nt,,full digital exists (ht allow); artifact may still be scarce,
9780603035906,,Tom Hutchinson,1901,,1,7,NT,open,unheld-nt,,full digital exists (ia hit); artifact may still be scarce,
9780603564758,,,1900,,1,7,NT,open,unheld-nt,,full digital exists (ia hit); artifact may still be scarce,
9780603571626,,,1862,,1,7,NT,open,unheld-nt,,full digital exists (ia hit); artifact may still be scarce,
9780606167611,,,1924,,1,7,NT,open,unheld-nt,,full digital exists (ia hit); artifact may still be scarce,
9780613004503,,Emily Herman,1917,,1,7,NT,open,unheld-nt,,full digital exists (ia hit); artifact may still be scarce,
9780613128759,,William Preston,1903,,1,7,NT,open,unheld-nt,,full digital exists (ia hit); artifact may still be scarce,
9780618321155,,HILL,1900,,1,7,NT,open,unheld-nt,,full digital exists (ia hit); artifact may still be scarce,
9780618324750,,BARKER,1900,,1,7,NT,open,unheld-nt,,full digital exists (ia hit); artifact may still be scarce,
9780618438907,,MOELLER,1900,,1,7,NT,open,unheld-nt,,full digital exists (ia hit); artifact may still be scarce,
9780618439355,,ALEXANDER,1900,,1,7,NT,open,unheld-nt,,full digital exists (ia hit); artifact may still be scarce,
9780618443284,,WALZ,1900,,1,7,NT,open,unheld-nt,,full digital exists (ia hit); artifact may still be scarce,
9780665062735,,"Lafontaine, L. H. Sir",1859,,1,7,NT,open,unheld-nt,,full digital exists (ht allow); artifact may still be scarce,
9780665186431,,George Vancouver,1807,,1,7,NT,open,unheld-nt,,full digital exists (ht allow); artifact may still be scarce,
9780665286278,,Union typographique de Québec no 302.,1896,,1,7,NT,open,unheld-nt,,full digital exists (ht allow); artifact may still be scarce,
9780665286308,,Université Laval. Faculté des arts.,1869,,1,7,NT,open,unheld-nt,,full digital exists (ht allow); artifact may still be scarce,
9780665286315,,University of Ottawa.; Université d'Ottaw,1891,,1,7,NT,open,unheld-nt,,full digital exists (ht allow); artifact may still be scarce,
9780665286513,,,1896,,1,7,NT,open,unheld-nt,,full digital exists (ht allow); artifact may still be scarce,
9780665286568,,,1888,,1,7,NT,open,unheld-nt,,full digital exists (ht allow); artifact may still be scarce,
9780665286780,,France. Conseil d'État,1767,,1,7,NT,open,unheld-nt,,full digital exists (ht allow); artifact may still be scarce,
9780665287381,,J. A. Plinguet,1866,,1,7,NT,open,unheld-nt,,full digital exists (ht allow); artifact may still be scarce,
9780665287411,,,1897,,1,7,NT,open,unheld-nt,,full digital exists (ht allow); artifact may still be scarce,
9780665287978,,L. O. Gauthier,1867,,1,7,NT,open,unheld-nt,,full digital exists (ht allow); artifact may still be scarce,
9780665289651,,Methodist Church (Canada),1899,,1,7,NT,open,unheld-nt,,full digital exists (ht allow); artifact may still be scarce,
9780665289934,,Johann Christoph Adelung,1809,,1,7,NT,open,unheld-nt,,full digital exists (ht allow); artifact may still be scarce,
9780665290930,,"Lemieux, Gale & Cie",1898,,1,7,NT,open,unheld-nt,,full digital exists (ht allow); artifact may still be scarce,
9780665291012,,Ligne nationale.,1880,,1,7,NT,open,unheld-nt,,full digital exists (ht allow); artifact may still be scarce,
9780674992313,,Isocrates,1928,gre,1,7,NT,open,unheld-nt,,full digital exists (ht allow); artifact may still be scarce,
9780674992429,,Lucan,1969,und,1,7,NT,open,unheld-nt,,full digital exists (ht allow); artifact may still be scarce,
9780674993310,,Ammianus Marcellinus,1940,lat,1,7,NT,open,unheld-nt,,full digital exists (ht allow); artifact may still be scarce,
9780674993624,,Titus Maccius Plautus,1938,mul,1,7,NT,open,unheld-nt,,full digital exists (ht allow); artifact may still be scarce,
9780674993655,,Ammianus Marcellinus,1940,lat,1,7,NT,open,unheld-nt,,full digital exists (ht allow); artifact may still be scarce,
9780692130889,,,1900,,1,7,NT,open,unheld-nt,,full digital exists (ia hit); artifact may still be scarce,
9780692232828,,Bruce Johnson,1914,,1,7,NT,open,unheld-nt,,full digital exists (ia hit); artifact may still be scarce,
9780701114145,,Frank Whitehead,1966,und,1,7,NT,open,unheld-nt,,full digital exists (ia hit); artifact may still be scarce,
9780705405973,,Time-Life Books,1920,,1,7,NT,open,unheld-nt,,full digital exists (ia hit); artifact may still be scarce,
9780705406000,,Time-Life Books,1920,,1,7,NT,open,unheld-nt,,full digital exists (ia hit); artifact may still be scarce,
9780705406055,,Time-Life Books,1920,,1,7,NT,open,unheld-nt,,full digital exists (ia hit); artifact may still be scarce,
9780705406079,,Time-Life Books,1920,,1,7,NT,open,unheld-nt,,full digital exists (ia hit); artifact may still be scarce,
9780705406086,,Time-Life Books,1920,,1,7,NT,open,unheld-nt,,full digital exists (ia hit); artifact may still be scarce,
9780705406239,,Time-Life Books,1920,,1,7,NT,open,unheld-nt,,full digital exists (ia hit); artifact may still be scarce,
9780705406253,,Oliver E. Allen; Time-Life Books,1920,,1,7,NT,open,unheld-nt,,full digital exists (ia hit); artifact may still be scarce,
9780705406314,,A. B. C. Whipple,1920,,1,7,NT,open,unheld-nt,,full digital exists (ia hit); artifact may still be scarce,
9780705407908,,Time-Life Books,1920,,1,7,NT,open,unheld-nt,,full digital exists (ia hit); artifact may still be scarce,
9780705408448,,Time-Life Books,1920,,1,7,NT,open,unheld-nt,,full digital exists (ia hit); artifact may still be scarce,
9780715603253,,,1913,,1,7,NT,open,unheld-nt,,full digital exists (ht allow); artifact may still be scarce,
9780722538586,,,1857,,1,7,NT,open,unheld-nt,,full digital exists (ht allow); artifact may still be scarce,
9780761708797,,,1892,,1,7,NT,open,unheld-nt,,full digital exists (ht allow); artifact may still be scarce,
9780781272001,,Thomas Dekker,1925,,1,7,NT,open,unheld-nt,,full digital exists (ht allow); artifact may still be scarce,
9780781274920,,Emery Edward Neff,1926,,1,7,NT,open,unheld-nt,,full digital exists (ia hit); artifact may still be scarce,
9780781287074,,"Paulding, James Kirke",1846,,1,7,NT,open,unheld-nt,,full digital exists (ht allow); artifact may still be scarce,
9780788413438,,Union Publishing Company,1883,,1,7,NT,open,unheld-nt,,full digital exists (ht allow); artifact may still be scarce,
9780788415678,,Delmar R. Lowell,1899,,1,7,NT,open,unheld-nt,,full digital exists (ht allow); artifact may still be scarce,
9780800708528,,"Smith, Gipsy, 1860-1947",1905,,1,7,NT,open,unheld-nt,,full digital exists (ht allow); artifact may still be scarce,
9780802016072,,Voltaire,1969,fre,1,7,NT,open,unheld-nt,,full digital exists (ia hit); artifact may still be scarce,
9780803251892,,University of Nebraska Pr,1920,,1,7,NT,open,unheld-nt,,full digital exists (ia hit); artifact may still be scarce,
9780803871991,,,1900,,1,7,NT,open,single,dnb,full digital exists (ia hit); artifact may still be scarce,
9780804188579,,Mindy Kaling,1780,,1,7,NT,open,unheld-nt,,full digital exists (ia hit); artifact may still be scarce,
9780804604215,,,1906,,1,7,NT,open,unheld-nt,,full digital exists (ia hit); artifact may still be scarce,
9780809421084,,,1860,,1,7,NT,open,unheld-nt,,full digital exists (ht allow); artifact may still be scarce,
9780813680033,,MODERN CURRICULUM PRESS,1901,,1,7,NT,open,unheld-nt,,full digital exists (ia hit); artifact may still be scarce,
9780819602237,,Lascelles Abercrombie,1926,,1,7,NT,open,unheld-nt,,full digital exists (ia hit); artifact may still be scarce,
9780819701787,,,1860,,1,7,NT,open,unheld-nt,,full digital exists (ht allow); artifact may still be scarce,
9780821551011,,Sam Greenlee,1900,,1,7,NT,open,unheld-nt,,full digital exists (ia hit); artifact may still be scarce,
9780821551028,,-,1900,,1,7,NT,open,unheld-nt,,full digital exists (ia hit); artifact may still be scarce,
9780821566312,,Jerome Shostak,1783,,1,7,NT,open,unheld-nt,,full digital exists (ia hit); artifact may still be scarce,
9780821579008,,-,1900,,1,7,NT,open,unheld-nt,,full digital exists (ia hit); artifact may still be scarce,
9780825800405,,Jakob Dont,1903,,1,7,NT,open,unheld-nt,,full digital exists (ht allow); artifact may still be scarce,
9780825803734,,O. Franz,1906,,1,7,NT,open,unheld-nt,,full digital exists (ht allow); artifact may still be scarce,
9780825803765,,Tchaikovsky,1919,,1,7,NT,open,unheld-nt,,full digital exists (ht allow); artifact may still be scarce,
9780825806834,,Friedrich Kuhlau,1917,,1,7,NT,open,unheld-nt,,full digital exists (ht allow); artifact may still be scarce,
9780825809200,,E.F. Goldman,1921,,1,7,NT,open,unheld-nt,,full digital exists (ht allow); artifact may still be scarce,
9780825823206,,Bainbridge Crist,1917,,1,7,NT,open,unheld-nt,,full digital exists (ht allow); artifact may still be scarce,
9780833715012,,Jesús Guzmán y Raz Guzmán,1930,spa,1,7,NT,open,single,loc,full digital exists (ht allow); artifact may still be scarce,
9780836919196,,"Engel, Carl, 1883-1944.",1921,,1,7,NT,open,single,loc,full digital exists (ht allow); artifact may still be scarce,
9780837480060,,,1900,,1,7,NT,open,unheld-nt,,full digital exists (ia hit); artifact may still be scarce,
9780838818879,,,1656,,1,7,NT,open,unheld-nt,,full digital exists (ia hit); artifact may still be scarce,
9780840022165,,Rick Daniels,1912,,1,7,NT,open,unheld-nt,,full digital exists (ia hit); artifact may still be scarce,
9780840028525,,,1913,,1,7,NT,open,unheld-nt,,full digital exists (ia hit); artifact may still be scarce,
9780840049322,,Donald Ogden Stewart,1912,,1,7,NT,open,unheld-nt,,full digital exists (ia hit); artifact may still be scarce,
9780840733047,,Vernon McGee,1920,,1,7,NT,open,unheld-nt,,full digital exists (ia hit); artifact may still be scarce,
9780851661476,,,1948,ger,1,7,NT,open,unheld-nt,,full digital exists (ht allow); artifact may still be scarce,
9780857058485,,,1835,,1,7,NT,open,unheld-nt,,full digital exists (ht allow); artifact may still be scarce,
9780857077783,,,1878,,1,7,NT,open,unheld-nt,,full digital exists (ia hit); artifact may still be scarce,
9780857079763,,Jo Nesbø,1702,,1,7,NT,open,unheld-nt,,full digital exists (ia hit); artifact may still be scarce,
9780857328724,,Kaplan Publishing,1638,,1,7,NT,open,unheld-nt,,full digital exists (ia hit); artifact may still be scarce,
9780857361035,,"RAE,J",1746,,1,7,NT,open,unheld-nt,,full digital exists (ia hit); artifact may still be scarce,
9780857362247,,Trinity College London,1824,,1,7,NT,open,unheld-nt,,full digital exists (ia hit); artifact may still be scarce,
9780873340472,,"Lieberman, Saul",1955,heb,1,7,NT,open,single,loc,full digital exists (ht allow); artifact may still be scarce,
9780887242427,,,1905,,1,7,NT,open,unheld-nt,,full digital exists (ht allow); artifact may still be scarce,
9780893711634,,Philippe Quinault,1802,,1,7,NT,open,unheld-nt,,full digital exists (ht allow); artifact may still be scarce,
9780900177026,,H.O. Coxe,1969,lat,1,7,NT,open,single,loc,full digital exists (ht allow); artifact may still be scarce,
9780900874291,,,1883,,1,7,NT,open,unheld-nt,,full digital exists (ht allow); artifact may still be scarce,
9780907210016,,,1921,,1,7,NT,open,unheld-nt,,full digital exists (ht allow); artifact may still be scarce,
9780912422237,,J. M. S. Daurignac,1865,,1,7,NT,open,unheld-nt,,full digital exists (ht allow); artifact may still be scarce,
9780945971351,,Emilie van Kerckhoff,1912,,1,7,NT,open,unheld-nt,,full digital exists (ht allow); artifact may still be scarce,
9780953815241,,Hugo Arnold,1824,,1,7,NT,open,unheld-nt,,full digital exists (ia hit); artifact may still be scarce,
9780955029844,,Tim Healy,1884,,1,7,NT,open,unheld-nt,,full digital exists (ia hit); artifact may still be scarce,
9780955033896,,Alan Cliff,1600,,1,7,NT,open,unheld-nt,,full digital exists (ia hit); artifact may still be scarce,
9780955698538,,,1887,,1,7,NT,open,unheld-nt,,full digital exists (ia hit); artifact may still be scarce,
9780955809019,,Papercut,1709,,1,7,NT,open,unheld-nt,,full digital exists (ia hit); artifact may still be scarce,
9780955964022,,Keith Richardson,1756,,1,7,NT,open,unheld-nt,,full digital exists (ia hit); artifact may still be scarce,
9780955997211,,Steve Bennett,1600,,1,7,NT,open,unheld-nt,,full digital exists (ia hit); artifact may still be scarce,
9780956018410,,Peter Cusack,1700,,1,7,NT,open,multi,"bnf,dnb",full digital exists (ia hit); artifact may still be scarce,
9780956067722,,"Haslam, Mark, Hall, June",1844,,1,7,NT,open,unheld-nt,,full digital exists (ia hit); artifact may still be scarce,
9780956269317,,Alis Rowe,1686,,1,7,NT,open,unheld-nt,,full digital exists (ia hit); artifact may still be scarce,
9780956428509,,Andrew D. Owen,1850,,1,7,NT,open,unheld-nt,,full digital exists (ia hit); artifact may still be scarce,
9780956435538,,Rowles Sarah,1784,,1,7,NT,open,unheld-nt,,full digital exists (ia hit); artifact may still be scarce,
9780956572905,,Central Illustration Agency,1700,,1,7,NT,open,unheld-nt,,full digital exists (ia hit); artifact may still be scarce,
9780956857699,,E. V. Lucas,1915,,1,7,NT,open,unheld-nt,,full digital exists (ht allow); artifact may still be scarce,
9780956882707,,Anne Bradford,1870,,1,7,NT,open,unheld-nt,,full digital exists (ia hit); artifact may still be scarce,
9780970553102,,,1910,,1,7,NT,open,unheld-nt,,full digital exists (ht allow); artifact may still be scarce,
9780986242106,,,1868,,1,7,NT,open,unheld-nt,,full digital exists (ia hit); artifact may still be scarce,
9780988496699,,,1816,,1,7,NT,open,unheld-nt,,full digital exists (ia hit); artifact may still be scarce,
9780988812307,,David E. Appel,1750,,1,7,NT,open,unheld-nt,,full digital exists (ia hit); artifact may still be scarce,
9780989263405,,,1914,,1,7,NT,open,unheld-nt,,full digital exists (ia hit); artifact may still be scarce,
9780989707206,,Melody Ashling Kloepfer,1914,,1,7,NT,open,unheld-nt,,full digital exists (ia hit); artifact may still be scarce,
9780991648825,,Helen Buell Whitworth,1915,,1,7,NT,open,unheld-nt,,full digital exists (ia hit); artifact may still be scarce,
9780992625405,,Brian Close,1840,,1,7,NT,open,unheld-nt,,full digital exists (ia hit); artifact may still be scarce,
9781013124570,,,1816,,1,7,NT,open,unheld-nt,,full digital exists (ht allow); artifact may still be scarce,
9781111830045,,,1913,,1,7,NT,open,unheld-nt,,full digital exists (ia hit); artifact may still be scarce,
9781111830120,,Spinelli Garcia Floo,1656,,1,7,NT,open,unheld-nt,,full digital exists (ia hit); artifact may still be scarce,
9781111830847,,,1913,,1,7,NT,open,unheld-nt,,full digital exists (ia hit); artifact may still be scarce,
9781111831790,,Andreatta Ferraro,1913,,1,7,NT,open,unheld-nt,,full digital exists (ia hit); artifact may still be scarce,
9781111832452,,Diana Kendall,1913,,1,7,NT,open,unheld-nt,,full digital exists (ia hit); artifact may still be scarce,
9781111833022,,Raimes,1913,,1,7,NT,open,unheld-nt,,full digital exists (ia hit); artifact may still be scarce,
9781111833053,,Newell Prindle Riddl,1913,,1,7,NT,open,unheld-nt,,full digital exists (ia hit); artifact may still be scarce,
9781111833770,,Jon Shepard,1913,,1,7,NT,open,unheld-nt,,full digital exists (ia hit); artifact may still be scarce,
9781111833923,,Pentak Roth,1913,,1,7,NT,open,unheld-nt,,full digital exists (ia hit); artifact may still be scarce,
9781111834739,,,1913,,1,7,NT,open,unheld-nt,,full digital exists (ia hit); artifact may still be scarce,
9781111835033,,,1913,,1,7,NT,open,unheld-nt,,full digital exists (ia hit); artifact may still be scarce,
9781111835392,,"Cavanaugh, John C., Kail, Robert V., Jr.",1777,,1,7,NT,open,unheld-nt,,full digital exists (ia hit); artifact may still be scarce,
9781111835552,,Harrington,1913,,1,7,NT,open,unheld-nt,,full digital exists (ia hit); artifact may still be scarce,
9781111835965,,Vanblerkom,1913,,1,7,NT,open,unheld-nt,,full digital exists (ia hit); artifact may still be scarce,
9781111836368,,,1913,,1,7,NT,open,unheld-nt,,full digital exists (ia hit); artifact may still be scarce,
9781111836597,,Denham Lobeck,1913,,1,7,NT,open,unheld-nt,,full digital exists (ia hit); artifact may still be scarce,
9781111837235,,,1913,,1,7,NT,open,unheld-nt,,full digital exists (ia hit); artifact may still be scarce,
9781111837242,,Perry,1913,,1,7,NT,open,unheld-nt,,full digital exists (ia hit); artifact may still be scarce,
9781111837495,,Weiten,1913,,1,7,NT,open,unheld-nt,,full digital exists (ia hit); artifact may still be scarce,
9781111837884,,,1913,,1,7,NT,open,unheld-nt,,full digital exists (ia hit); artifact may still be scarce,
9781111837938,,Raquel Chang Rodriguez,1913,,1,7,NT,open,unheld-nt,,full digital exists (ia hit); artifact may still be scarce,
9781111838096,,Fichner Rathus,1913,,1,7,NT,open,unheld-nt,,full digital exists (ia hit); artifact may still be scarce,
9781111838140,,Jurmain Kilgore Trev,1913,,1,7,NT,open,unheld-nt,,full digital exists (ia hit); artifact may still be scarce,
9781111839215,,,1913,,1,7,NT,open,unheld-nt,,full digital exists (ia hit); artifact may still be scarce,
9781116083811,,W. M. Hetherington,1852,,1,7,NT,open,unheld-nt,,full digital exists (ht allow); artifact may still be scarce,
9781116566123,,,1892,,1,7,NT,open,unheld-nt,,full digital exists (ht allow); artifact may still be scarce,
9781117340258,,,1891,,1,7,NT,open,unheld-nt,,full digital exists (ht allow); artifact may still be scarce,
9781125118160,,G. W. Kitchin,1897,,1,7,NT,open,unheld-nt,,full digital exists (ht allow); artifact may still be scarce,
9781375521222,,J. T. Wood,1877,,1,7,NT,open,unheld-nt,,full digital exists (ht allow); artifact may still be scarce,
9781402192807,,,1863,,1,7,NT,open,unheld-nt,,full digital exists (ht allow); artifact may still be scarce,
9781404791312,,Sigmund Gottfried Spaeth,1924,,1,7,NT,open,unheld-nt,,full digital exists (ia hit); artifact may still be scarce,
9781405339001,,DK Publishing,1800,,1,7,NT,open,unheld-nt,,full digital exists (ia hit); artifact may still be scarce,
9781405492911,,David Simons,1891,,1,7,NT,open,unheld-nt,,full digital exists (ia hit); artifact may still be scarce,
9781406263404,,,1893,,1,7,NT,open,unheld-nt,,full digital exists (ht allow); artifact may still be scarce,
9781406335132,,,1900,,1,7,NT,open,unheld-nt,,full digital exists (ia hit); artifact may still be scarce,
9781406335156,,,1900,,1,7,NT,open,unheld-nt,,full digital exists (ia hit); artifact may still be scarce,
9781406335163,,,1900,,1,7,NT,open,unheld-nt,,full digital exists (ia hit); artifact may still be scarce,
9781406360110,,First News (UK) Limited,1800,,1,7,NT,open,unheld-nt,,full digital exists (ia hit); artifact may still be scarce,
9781406360370,,Cassandra Clare,1837,,1,7,NT,open,unheld-nt,,full digital exists (ia hit); artifact may still be scarce,
9781407148748,,Liz Pichon,1844,,1,7,NT,open,unheld-nt,,full digital exists (ia hit); artifact may still be scarce,
9781418163778,,Archibald Henderson,1915,,1,7,NT,open,unheld-nt,,full digital exists (ht allow); artifact may still be scarce,
9781424214266,,,1912,,1,7,NT,open,unheld-nt,,full digital exists (ht allow); artifact may still be scarce,
9781439257968,,Norman Nabutola,1902,,1,7,NT,open,unheld-nt,,full digital exists (ht allow); artifact may still be scarce,
9781465250087,,,1753,,1,7,NT,open,unheld-nt,,full digital exists (ia hit); artifact may still be scarce,
9781465250650,,Thomas E Larson,1753,,1,7,NT,open,unheld-nt,,full digital exists (ia hit); artifact may still be scarce,
9781471120022,,Abbi Glines,1800,,1,7,NT,open,unheld-nt,,full digital exists (ia hit); artifact may still be scarce,
9781471143861,,,1886,,1,7,NT,open,unheld-nt,,full digital exists (ia hit); artifact may still be scarce,
9781471147753,,Lele Pons & Melissa de la Cruz,1849,,1,7,NT,open,unheld-nt,,full digital exists (ia hit); artifact may still be scarce,
9781472121448,,M.C. Beaton,1752,,1,7,NT,open,unheld-nt,,full digital exists (ia hit); artifact may still be scarce,
9781472215246,,,1900,,1,7,NT,open,unheld-nt,,full digital exists (ia hit); artifact may still be scarce,
9781472349088,,,1808,,1,7,NT,open,unheld-nt,,full digital exists (ia hit); artifact may still be scarce,
9781472388384,,Disney;,1800,,1,7,NT,open,unheld-nt,,full digital exists (ia hit); artifact may still be scarce,
9781487200077,,,1885,,1,7,NT,open,unheld-nt,,full digital exists (ht allow); artifact may still be scarce,
9781495124631,,"Kennedy, William",1925,,1,7,NT,open,unheld-nt,,full digital exists (ht allow); artifact may still be scarce,
9781508410584,,Andrew Murray,1895,,1,7,NT,open,unheld-nt,,full digital exists (ht allow); artifact may still be scarce,
9781508693802,,Walter Besant,1882,,1,7,NT,open,unheld-nt,,full digital exists (ia hit); artifact may still be scarce,
9781508929567,,J. Walker McSpadden,1912,,1,7,NT,open,unheld-nt,,full digital exists (ia hit); artifact may still be scarce,
9781509715749,,,1712,,1,7,NT,open,unheld-nt,,full digital exists (ia hit); artifact may still be scarce,
9781509807383,,,1900,,1,7,NT,open,unheld-nt,,full digital exists (ia hit); artifact may still be scarce,
9781509807406,,,1900,,1,7,NT,open,unheld-nt,,full digital exists (ia hit); artifact may still be scarce,
9781509807413,,,1900,,1,7,NT,open,unheld-nt,,full digital exists (ia hit); artifact may still be scarce,
9781509807536,,,1900,,1,7,NT,open,unheld-nt,,full digital exists (ia hit); artifact may still be scarce,
9781509807550,,,1900,,1,7,NT,open,unheld-nt,,full digital exists (ia hit); artifact may still be scarce,
9781509807611,,,1900,,1,7,NT,open,unheld-nt,,full digital exists (ia hit); artifact may still be scarce,
9781509807635,,Annie Murray,1900,,1,7,NT,open,unheld-nt,,full digital exists (ia hit); artifact may still be scarce,
9781510544468,,Edith Abbott,1924,,1,7,NT,open,unheld-nt,,full digital exists (ht allow); artifact may still be scarce,
9781511546836,,Ms Ella S. Armitage,1912,,1,7,NT,open,unheld-nt,,full digital exists (ia hit); artifact may still be scarce,
9781548512972,,Andrew Murray,1896,,1,7,NT,open,unheld-nt,,full digital exists (ht allow); artifact may still be scarce,
9781559280082,,,1863,,1,7,NT,open,unheld-nt,,full digital exists (ht allow); artifact may still be scarce,
9781560041641,,,1885,,1,7,NT,open,unheld-nt,,full digital exists (ht allow); artifact may still be scarce,
9781572743465,,Henrique Coelho Netto,1924,,1,7,NT,open,unheld-nt,,full digital exists (ht allow); artifact may still be scarce,
9781584263654,,Ann Barta,1707,,1,7,NT,open,unheld-nt,,full digital exists (ia hit); artifact may still be scarce,
9781591363279,,Sandra Rittman,1602,,1,7,NT,open,unheld-nt,,full digital exists (ia hit); artifact may still be scarce,
9781591942016,,John Langan,1900,,1,7,NT,open,unheld-nt,,full digital exists (ia hit); artifact may still be scarce,
9781593575779,,Roberta Ryan Jerry Ryan,1601,,1,7,NT,open,unheld-nt,,full digital exists (ia hit); artifact may still be scarce,
9781594421327,,,1855,,1,7,NT,open,unheld-nt,,full digital exists (ia hit); artifact may still be scarce,
9781594864599,,Loren Cordain; Joe Friel,1605,,1,7,NT,open,unheld-nt,,full digital exists (ia hit); artifact may still be scarce,
9781595305084,,Walker Lamond,1838,,1,7,NT,open,unheld-nt,,full digital exists (ia hit); artifact may still be scarce,
9781598034943,,,1773,,1,7,NT,open,unheld-nt,,full digital exists (ia hit); artifact may still be scarce,
9781619274488,,Phone Number List | Databases List,1895,,1,7,NT,open,unheld-nt,,full digital exists (ht allow); artifact may still be scarce,
9781619561731,,,1830,,1,7,NT,open,unheld-nt,,full digital exists (ht allow); artifact may still be scarce,
9781783420599,,Red Lemon Press,1848,,1,7,NT,open,unheld-nt,,full digital exists (ia hit); artifact may still be scarce,
9781783422210,,"Linford, Jenny, Evans, Fay, Tavendale, James",1797,,1,7,NT,open,unheld-nt,,full digital exists (ia hit); artifact may still be scarce,
9781783938117,,Make Believe Ideas,1811,,1,7,NT,open,unheld-nt,,full digital exists (ia hit); artifact may still be scarce,
9781784154486,,,1767,,1,7,NT,open,unheld-nt,,full digital exists (ia hit); artifact may still be scarce,
9781784158057,,Kaplan Publishing,1803,,1,7,NT,open,unheld-nt,,full digital exists (ia hit); artifact may still be scarce,
9781784158378,,Kaplan Publishing,1853,,1,7,NT,open,unheld-nt,,full digital exists (ia hit); artifact may still be scarce,
9781844192151,,EDUCATIONAL EXPERTS,1628,,1,7,NT,open,unheld-nt,,full digital exists (ia hit); artifact may still be scarce,
9781844193448,,Alison Head,1604,,1,7,NT,open,unheld-nt,,full digital exists (ia hit); artifact may still be scarce,
9781844197002,,Louis Fidge; Christine Moorcroft,1800,,1,7,NT,open,unheld-nt,,full digital exists (ia hit); artifact may still be scarce,
9781845022693,,Ralph Milne,1754,,1,7,NT,open,unheld-nt,,full digital exists (ia hit); artifact may still be scarce,
9781845333553,,See Image,1500,,1,7,NT,open,unheld-nt,,full digital exists (ia hit); artifact may still be scarce,
9781845335885,,Ian Hodgson,1750,,1,7,NT,open,unheld-nt,,full digital exists (ia hit); artifact may still be scarce,
9781845337322,,Royal Horticultural Society,1575,,1,7,NT,open,unheld-nt,,full digital exists (ia hit); artifact may still be scarce,
9781845356057,,,1781,,1,7,NT,open,unheld-nt,,full digital exists (ia hit); artifact may still be scarce,
9781845356156,,,1733,,1,7,NT,open,unheld-nt,,full digital exists (ia hit); artifact may still be scarce,
9781845893378,,,1908,,1,7,NT,open,unheld-nt,,full digital exists (ht allow); artifact may still be scarce,
9781870166119,,,1910,,1,7,NT,open,unheld-nt,,full digital exists (ht allow); artifact may still be scarce,
9781870166133,,,1913,,1,7,NT,open,unheld-nt,,full digital exists (ht allow); artifact may still be scarce,
9781870345286,,David Bassau,1828,,1,7,NT,open,unheld-nt,,full digital exists (ia hit); artifact may still be scarce,
9781872458991,,,1707,,1,7,NT,open,unheld-nt,,full digital exists (ia hit); artifact may still be scarce,
9781873176221,,Cathy Bolton,1900,,1,7,NT,open,unheld-nt,,full digital exists (ia hit); artifact may still be scarce,
9781881189657,,Craig Hill,1794,,1,7,NT,open,unheld-nt,,full digital exists (ia hit); artifact may still be scarce,
9781885846174,,Dr. Dwight F. Damon,1817,,1,7,NT,open,unheld-nt,,full digital exists (ia hit); artifact may still be scarce,
9781890160517,,,1656,,1,7,NT,open,unheld-nt,,full digital exists (ia hit); artifact may still be scarce,
9781891656231,,,1922,,1,7,NT,open,unheld-nt,,full digital exists (ht allow); artifact may still be scarce,
9781906051440,,,1657,,1,7,NT,open,unheld-nt,,full digital exists (ia hit); artifact may still be scarce,
9781906326333,,John Gallagher,1838,,1,7,NT,open,unheld-nt,,full digital exists (ia hit); artifact may still be scarce,
9781906525262,,Gloria Nicol,1847,,1,7,NT,open,unheld-nt,,full digital exists (ia hit); artifact may still be scarce,
9781906736620,,Janette Kelso,1757,,1,7,NT,open,unheld-nt,,full digital exists (ia hit); artifact may still be scarce,
9781906761561,,PATRICIA MACNAIR,1856,,1,7,NT,open,unheld-nt,,full digital exists (ia hit); artifact may still be scarce,
9781906841270,,Gillian Sargent,1789,,1,7,NT,open,unheld-nt,,full digital exists (ia hit); artifact may still be scarce,
9781906873288,,Keith Temple,1600,,1,7,NT,open,unheld-nt,,full digital exists (ia hit); artifact may still be scarce,
9781906965228,,,1822,,1,7,NT,open,unheld-nt,,full digital exists (ia hit); artifact may still be scarce,
9781907104602,,Misc,1860,,1,7,NT,open,unheld-nt,,full digital exists (ia hit); artifact may still be scarce,
9782010007705,,Alexandre Dumas,1969,fre,1,7,NT,open,unheld-nt,,full digital exists (ht allow); artifact may still be scarce,
9782012916432,,Breton M.,1818,,1,7,NT,open,unheld-nt,,full digital exists (ht allow); artifact may still be scarce,
9782013238571,,Jehan Bouvelet; Edgar J. Bradby,1929,fre,1,7,NT,open,single,bnf,full digital exists (ht allow); artifact may still be scarce,
9782070213627,,Alexandre Vialatte,1928,fre,1,7,NT,open,single,loc,full digital exists (ht allow); artifact may still be scarce,
9782070367887,,Roger Martin du Gard,1951,fre,1,7,NT,open,unheld-nt,,full digital exists (ia hit); artifact may still be scarce,
9782070394852,,Michel Mohrt,1969,fre,1,7,NT,open,unheld-nt,,full digital exists (ia hit); artifact may still be scarce,
9782070584215,,Sara Cone Bryant,1926,,1,7,NT,open,single,bnf,full digital exists (ia hit); artifact may still be scarce,
9782070630431,,Thimothee de Fombelle,1813,,1,7,NT,open,single,bnf,full digital exists (ia hit); artifact may still be scarce,
9782070652990,,A. A. Milne,1812,,1,7,NT,open,single,bnf,full digital exists (ia hit); artifact may still be scarce,
9782100486588,,"Leriche, Maurice",1924,,1,7,NT,open,unheld-nt,,full digital exists (ht allow); artifact may still be scarce,
9782203187016,,Armand Rio,1930,fre,1,7,NT,open,unheld-nt,,full digital exists (ht allow); artifact may still be scarce,
9782215183129,,,1910,,1,7,NT,open,single,bnf,full digital exists (ht allow); artifact may still be scarce,
9782251000121,,P. Waltz; G Soury,1957,fre,1,7,NT,open,unheld-nt,,full digital exists (ht allow); artifact may still be scarce,
9782251000183,,Felix Buffiere,1960,fre,1,7,NT,open,unheld-nt,,full digital exists (ht allow); artifact may still be scarce,
9782280046718,,,1888,,1,7,NT,open,unheld-nt,,full digital exists (ht allow); artifact may still be scarce,
9782501015967,,,1891,,1,7,NT,open,unheld-nt,,full digital exists (ht allow); artifact may still be scarce,
9782705302672,,Louis Jalabert,1929,fre,1,7,NT,open,unheld-nt,,full digital exists (ht allow); artifact may still be scarce,
9782705650698,,Pierre Duhem,1965,fre,1,7,NT,open,unheld-nt,,full digital exists (ht allow); artifact may still be scarce,
9782713100017,,"Exposition internationale des arts décoratifs et industriels modernes (1925 Paris, France)",1925,,1,7,NT,open,unheld-nt,,full digital exists (ht allow); artifact may still be scarce,
9782719103708,,K. T. Khairallah,1912,,1,7,NT,open,unheld-nt,,full digital exists (ht allow); artifact may still be scarce,
9782720401473,,André Vaillant,1928,fre,1,7,NT,open,single,loc,full digital exists (ht allow); artifact may still be scarce,
9782723496254,,Charles Victor Langlois,1886,,1,7,NT,open,single,bnf,full digital exists (ht allow); artifact may still be scarce,
9782724284409,,"Saint-Ildephont, Guillaume-René Lefébure baron de",1771,,1,7,NT,open,unheld-nt,,full digital exists (ht allow); artifact may still be scarce,
9782733841600,,,1917,,1,7,NT,open,single,bnf,full digital exists (ia hit); artifact may still be scarce,
9782737001147,,Jean de La Fontaine,1757,,1,7,NT,open,unheld-nt,,full digital exists (ia hit); artifact may still be scarce,
9782738124586,,Mark Williams,1640,,1,7,NT,open,unheld-nt,,full digital exists (ia hit); artifact may still be scarce,
9782742419302,,,1895,,1,7,NT,open,unheld-nt,,full digital exists (ht allow); artifact may still be scarce,
9782742425112,,Stockholms stads statistiska kontor,1914,,1,7,NT,open,unheld-nt,,full digital exists (ht allow); artifact may still be scarce,
9782742427994,,,1774,,1,7,NT,open,unheld-nt,,full digital exists (ht allow); artifact may still be scarce,
9782742434176,,,1884,,1,7,NT,open,unheld-nt,,full digital exists (ht allow); artifact may still be scarce,
9782742450107,,,1923,,1,7,NT,open,unheld-nt,,full digital exists (ht allow); artifact may still be scarce,
9782743410865,,La Motte,1880,,1,7,NT,open,unheld-nt,,full digital exists (ht allow); artifact may still be scarce,
9782745977984,,Henrik Pontoppidan,1927,fre,1,7,NT,open,single,bnf,full digital exists (ht allow); artifact may still be scarce,
9782749815084,,,1919,,1,7,NT,open,unheld-nt,,full digital exists (ht allow); artifact may still be scarce,
9782764804377,,"Pratt, S. G.",1912,,1,7,NT,open,unheld-nt,,full digital exists (ht allow); artifact may still be scarce,
9782876284630,,,1912,,1,7,NT,open,unheld-nt,,full digital exists (ht allow); artifact may still be scarce,
9782890076846,,Lucien Campeau,1967,fre,1,7,NT,open,single,loc,full digital exists (ht allow); artifact may still be scarce,
9782891116800,,,1921,,1,7,NT,open,unheld-nt,,full digital exists (ht allow); artifact may still be scarce,
9782896388530,,,1843,,1,7,NT,open,unheld-nt,,full digital exists (ht allow); artifact may still be scarce,
9782909052519,,Yvonne Schultz,1930,fre,1,7,NT,open,unheld-nt,,full digital exists (ht allow); artifact may still be scarce,
9782911191169,,Fantin-Latour Mme.,1969,fre,1,7,NT,open,unheld-nt,,full digital exists (ht allow); artifact may still be scarce,
9782922827705,,,1966,fre,1,7,NT,open,unheld-nt,,full digital exists (ia hit); artifact may still be scarce,
9782924261095,,"Nordau, Max Simon",1891,,1,7,NT,open,unheld-nt,,full digital exists (ht allow); artifact may still be scarce,
9783038312314,,,1900,,1,7,NT,open,single,dnb,full digital exists (ht allow); artifact may still be scarce,
9783110013993,,W. Henzen; G. B. de Rossi; E. Bormann; Christian Hulsen,1966,lat,1,7,NT,open,unheld-nt,,full digital exists (ht allow); artifact may still be scarce,
9783110014037,,Martin Bang,1967,lat,1,7,NT,open,unheld-nt,,full digital exists (ht allow); artifact may still be scarce,
9783110014105,,Karl Friedrich Wilhelm Zangemeister,1968,lat,1,7,NT,open,unheld-nt,,full digital exists (ht allow); artifact may still be scarce,
9783110014112,,August Mau,1968,lat,1,7,NT,open,unheld-nt,,full digital exists (ht allow); artifact may still be scarce,
9783110014129,,Christian Hülsen,1968,lat,1,7,NT,open,unheld-nt,,full digital exists (ht allow); artifact may still be scarce,
9783110014136,,Christian Hülsen,1968,lat,1,7,NT,open,unheld-nt,,full digital exists (ht allow); artifact may still be scarce,
9783110014259,,J. Kirchner,1967,lat,1,7,NT,open,unheld-nt,,full digital exists (ht allow); artifact may still be scarce,
9783110014266,,J. Kirchner,1967,lat,1,7,NT,open,unheld-nt,,full digital exists (ht allow); artifact may still be scarce,
9783110025170,,Friedrich Hiller von Gaertringen,1967,lat,1,7,NT,open,unheld-nt,,full digital exists (ht allow); artifact may still be scarce,
9783110025187,,J. Delamarre; F. Hiller von Gaertringen,1967,lat,1,7,NT,open,unheld-nt,,full digital exists (ht allow); artifact may still be scarce,
9783110025194,,C. Fredrich,1967,lat,1,7,NT,open,unheld-nt,,full digital exists (ht allow); artifact may still be scarce,
9783110025200,,E. Ziebarth,1967,lat,1,7,NT,open,unheld-nt,,full digital exists (ht allow); artifact may still be scarce,
9783110031881,,Karl Friedrich Wilhelm Zangemeister; Richard Schöne,1957,lat,1,7,NT,open,unheld-nt,,full digital exists (ht allow); artifact may still be scarce,
9783110031935,,W. Henzen; G. B. de Rossi; E. Bormann; Christian Hulsen,1951,lat,1,7,NT,open,unheld-nt,,full digital exists (ht allow); artifact may still be scarce,
9783110035247,,Wilhelm Henzen; Gian Battista De Rossi; Eugen Bormann; Christian Hülsen; Martin Bang,1960,lat,1,7,NT,open,unheld-nt,,full digital exists (ht allow); artifact may still be scarce,
9783110049176,,J. Kirchner,1927,lat,1,7,NT,open,unheld-nt,,full digital exists (ht allow); artifact may still be scarce,
9783110049183,,J. Kirchner,1931,lat,1,7,NT,open,unheld-nt,,full digital exists (ht allow); artifact may still be scarce,
9783110049190,,J. Kirchner,1935,lat,1,7,NT,open,unheld-nt,,full digital exists (ht allow); artifact may still be scarce,
9783110050745,,Michael Hayduck; Maximilianus Wallis,1960,lat,1,7,NT,open,unheld-nt,,full digital exists (ht allow); artifact may still be scarce,
9783110050974,,,1892,,1,7,NT,open,unheld-nt,,full digital exists (ht allow); artifact may still be scarce,
9783110067057,,J. Kirchner,1945,lat,1,7,NT,open,unheld-nt,,full digital exists (ht allow); artifact may still be scarce,
9783110165272,,Maximilianus Wallies,1891,,1,7,NT,open,unheld-nt,,full digital exists (ht allow); artifact may still be scarce,
9783110165289,,,1898,,1,7,NT,open,unheld-nt,,full digital exists (ht allow); artifact may still be scarce,
9783110165319,,,1895,,1,7,NT,open,unheld-nt,,full digital exists (ht allow); artifact may still be scarce,
9783110165333,,Paulus Wendland,1902,,1,7,NT,open,unheld-nt,,full digital exists (ht allow); artifact may still be scarce,
9783110165340,,Michael Hayduck,1888,,1,7,NT,open,unheld-nt,,full digital exists (ht allow); artifact may still be scarce,
9783110165357,,Johann Ludwig Heiberg,1894,,1,7,NT,open,unheld-nt,,full digital exists (ht allow); artifact may still be scarce,
9783110165364,,,1907,,1,7,NT,open,unheld-nt,,full digital exists (ht allow); artifact may still be scarce,
9783110165388,,,1895,,1,7,NT,open,unheld-nt,,full digital exists (ht allow); artifact may still be scarce,
9783110165401,,Wilhelm Stüve,1900,,1,7,NT,open,unheld-nt,,full digital exists (ht allow); artifact may still be scarce,
9783110165418,,Adolfus Busse; Maximilianus Wallies,1898,,1,7,NT,open,unheld-nt,,full digital exists (ht allow); artifact may still be scarce,
9783110165425,,Maximilianus Wallies,1909,,1,7,NT,open,unheld-nt,,full digital exists (ht allow); artifact may still be scarce,
9783110165432,,Michael Hayduck; Hieronymus Vitelli,1962,lat,1,7,NT,open,unheld-nt,,full digital exists (ht allow); artifact may still be scarce,
9783110165456,,Hieronymus Vitelli,1887,,1,7,NT,open,unheld-nt,,full digital exists (ht allow); artifact may still be scarce,
9783110165463,,Hieronymus Vitelli,1888,,1,7,NT,open,unheld-nt,,full digital exists (ht allow); artifact may still be scarce,
9783110165470,,Michael Hayduck,1885,,1,7,NT,open,unheld-nt,,full digital exists (ht allow); artifact may still be scarce,
9783110165487,,Gustav Heylbut,1889,,1,7,NT,open,unheld-nt,,full digital exists (ht allow); artifact may still be scarce,
9783110165500,,Michael Hayduck,1907,,1,7,NT,open,unheld-nt,,full digital exists (ht allow); artifact may still be scarce,
9783110165517,,Hugo Rabe,1896,,1,7,NT,open,unheld-nt,,full digital exists (ht allow); artifact may still be scarce,
9783129093405,,Eduard Mörike,1968,ger,1,7,NT,open,multi,"dnb,loc",full digital exists (ht allow); artifact may still be scarce,
9783150140796,,,1803,,1,7,NT,open,single,dnb,full digital exists (ht allow); artifact may still be scarce,
9783150206485,,,1846,,1,7,NT,open,single,dnb,full digital exists (ht allow); artifact may still be scarce,
9783150227114,,,1880,,1,7,NT,open,single,dnb,full digital exists (ht allow); artifact may still be scarce,
9783337874070,,,1876,,1,7,NT,open,single,dnb,full digital exists (ht allow); artifact may still be scarce,
9783423280297,,,1899,,1,7,NT,open,single,dnb,full digital exists (ht allow); artifact may still be scarce,
9783442084562,,,1842,,1,7,NT,open,single,dnb,full digital exists (ia hit); artifact may still be scarce,
9783442745029,,Pliny the Elder,1781,,1,7,NT,open,single,dnb,full digital exists (ht allow); artifact may still be scarce,
9783458089674,,,1926,,1,7,NT,open,unheld-nt,,full digital exists (ht allow); artifact may still be scarce,
9783458332008,,,1897,,1,7,NT,open,single,dnb,full digital exists (ht allow); artifact may still be scarce,
9783468273704,,,1917,,1,7,NT,open,single,dnb,full digital exists (ht allow); artifact may still be scarce,
9783484801370,,"Catholic Church. Legates, nuncios, etc. Germany",1968,ger,1,7,NT,open,single,dnb,full digital exists (ht allow); artifact may still be scarce,
9783486560138,,Bayerische Akademie der Wissenschaften. Historische Kommission.,1948,ger,1,7,NT,open,single,dnb,full digital exists (ht allow); artifact may still be scarce,
9783486566192,,Bayerische Akademie der Wissenschaften.,1893,,1,7,NT,open,multi,"dnb,loc",full digital exists (ht allow); artifact may still be scarce,
9783492272476,,,1878,,1,7,NT,open,single,dnb,full digital exists (ht allow); artifact may still be scarce,
9783499133831,,Max Dessoir,1947,ger,1,7,NT,open,single,dnb,full digital exists (ht allow); artifact may still be scarce,
9783502509103,,,1926,,1,7,NT,open,single,dnb,full digital exists (ht allow); artifact may still be scarce,
9783510420001,,Hans Luebbert; Ernst Ehrenbaum; Gerhard Meseck,1967,ger,1,7,NT,open,unheld-nt,,full digital exists (ht allow); artifact may still be scarce,
9783525303054,,Wilhelm Dilthey,1961,ger,1,7,NT,open,multi,"dnb,loc",full digital exists (ht allow); artifact may still be scarce,
9783538060371,,Johann Jakob Moser,1777,,1,7,NT,open,unheld-nt,,full digital exists (ht allow); artifact may still be scarce,
9783575331632,,Karl Baedeker (Firm),1894,,1,7,NT,open,single,dnb,full digital exists (ht allow); artifact may still be scarce,
9783596307500,,,1906,,1,7,NT,open,single,dnb,full digital exists (ht allow); artifact may still be scarce,
9783596902125,,,1880,,1,7,NT,open,single,dnb,full digital exists (ht allow); artifact may still be scarce,
9783642519116,,Fritz Haber,1927,ger,1,7,NT,open,unheld-nt,,full digital exists (ht allow); artifact may still be scarce,
9783723516744,,W. F. Lofthouse,1923,,1,7,NT,open,single,dnb,full digital exists (ht allow); artifact may still be scarce,
9783755780632,,,1894,,1,7,NT,open,single,dnb,full digital exists (ht allow); artifact may still be scarce,
9783765811869,,,1852,,1,7,NT,open,single,dnb,full digital exists (ht allow); artifact may still be scarce,
9783770104185,,Emil Nolde,1967,ger,1,7,NT,open,multi,"dnb,loc",full digital exists (ia hit); artifact may still be scarce,
9783770740147,,,1841,,1,7,NT,open,single,dnb,full digital exists (ia hit); artifact may still be scarce,
9783770805808,,Philipps-Universität Marburg.,1927,ger,1,7,NT,open,multi,"dnb,loc",full digital exists (ht allow); artifact may still be scarce,
9783770806027,,Werner Georg Kümmel,1965,ger,1,7,NT,open,multi,"dnb,loc",full digital exists (ia hit); artifact may still be scarce,
9783775251921,,Raphael Kühner,1966,ger,1,7,NT,open,single,dnb,full digital exists (ht allow); artifact may still be scarce,
9783787306145,,Georg Wilhelm Friedrich Hegel,1968,ger,1,7,NT,open,multi,"dnb,loc",full digital exists (ht allow); artifact may still be scarce,
9783801225094,,Sozialdemokratische Partei Deutschlands.,1898,,1,7,NT,open,single,dnb,full digital exists (ht allow); artifact may still be scarce,
9783827000705,,,1906,,1,7,NT,open,single,dnb,full digital exists (ht allow); artifact may still be scarce,
9783846027103,,,1922,,1,7,NT,open,unheld-nt,,full digital exists (ht allow); artifact may still be scarce,
9783864073595,,KONEMANN,1900,,1,7,NT,open,unheld-nt,,full digital exists (ia hit); artifact may still be scarce,
9783869416496,,VV. AA.,1900,,1,7,NT,open,unheld-nt,,full digital exists (ia hit); artifact may still be scarce,
9783884000540,,Henrik Ibsen,1916,,1,7,NT,open,single,dnb,full digital exists (ht allow); artifact may still be scarce,
9783893501250,,,1918,,1,7,NT,open,unheld-nt,,full digital exists (ht allow); artifact may still be scarce,
9783933614605,,,1889,,1,7,NT,open,single,dnb,full digital exists (ht allow); artifact may still be scarce,
9783934491052,,,1902,,1,7,NT,open,single,dnb,full digital exists (ht allow); artifact may still be scarce,
9783948137458,,,1906,,1,7,NT,open,single,dnb,full digital exists (ht allow); artifact may still be scarce,
9783948682507,,,1922,,1,7,NT,open,single,dnb,full digital exists (ht allow); artifact may still be scarce,
9783949452284,,Friedrich Durrenmatt,1920,,1,7,NT,open,single,dnb,full digital exists (ht allow); artifact may still be scarce,
9783965465060,,,1922,,1,7,NT,open,single,dnb,full digital exists (ht allow); artifact may still be scarce,
9783990186008,,Georg E. Burckhardt,1916,,1,7,NT,open,single,dnb,full digital exists (ht allow); artifact may still be scarce,
9783992003174,,William Kingdon Clifford,1905,,1,7,NT,open,single,dnb,full digital exists (ht allow); artifact may still be scarce,
9785300025649,,,1920,,1,7,NT,open,unheld-nt,,full digital exists (ht allow); artifact may still be scarce,
9785551122746,,"Morse, John T. Jr",1899,,1,7,NT,open,unheld-nt,,full digital exists (ht allow); artifact may still be scarce,
9785699058631,,"Einhorn, David",1922,,1,7,NT,open,unheld-nt,,full digital exists (ht allow); artifact may still be scarce,
9785880187065,,,1920,,1,7,NT,open,unheld-nt,,full digital exists (ht allow); artifact may still be scarce,
9785926819486,,,1831,,1,7,NT,open,unheld-nt,,full digital exists (ht allow); artifact may still be scarce,
9785955006222,,,1858,,1,7,NT,open,unheld-nt,,full digital exists (ht allow); artifact may still be scarce,
9788300000739,,Oskar Kolberg,1961,pol,1,7,NT,open,unheld-nt,,full digital exists (ht allow); artifact may still be scarce,
9788304004771,,Stanisław Bąk,1966,pol,1,7,NT,open,single,loc,full digital exists (ht allow); artifact may still be scarce,
9788304005723,,Stanisław Bąk,1966,pol,1,7,NT,open,single,loc,full digital exists (ht allow); artifact may still be scarce,
9788385209348,,Wiktor Dzierzykraj Stokalski,1927,pol,1,7,NT,open,single,loc,full digital exists (ht allow); artifact may still be scarce,
9788412380040,,,1914,,1,7,NT,open,unheld-nt,,full digital exists (ht allow); artifact may still be scarce,
9788423904525,,William Shakespeare,1944,spa,1,7,NT,open,unheld-nt,,full digital exists (ht allow); artifact may still be scarce,
9788485027095,,Antonio de León Pinelo,1958,spa,1,7,NT,open,unheld-nt,,full digital exists (ht allow); artifact may still be scarce,
9788489780590,,"Gourcy, Conrad comte de",1849,,1,7,NT,open,unheld-nt,,full digital exists (ht allow); artifact may still be scarce,
9788492520282,,"LAMET,PEDRO MIGUEL",1900,,1,7,NT,open,unheld-nt,,full digital exists (ia hit); artifact may still be scarce,
9788492534821,,Jim Davis,1900,,1,7,NT,open,unheld-nt,,full digital exists (ia hit); artifact may still be scarce,
9788492728114,,Erofeiev Venedikt,1900,,1,7,NT,open,unheld-nt,,full digital exists (ia hit); artifact may still be scarce,
