work_key,isbn13,title,author,year,edition_count,language,sources_checked,surrogates,class,rule
9780940069619,9780940069619,Collaboration handbook,Michael Barry Winer,1994,2,eng,"gb,ia",,RED-UNVERIFIED,no-surrogate+holdings-unknown
9780940069039,9780940069039,Collaboration handbook,Michael Barry Winer,1994,2,eng,"gb,ia",ia:lending,GREEN,public-surrogate
9788070412299,9788070412299,Cesta ke svobodné škole,Vladimír Václavík,1995,1,cze,"gb,ia",,RED-UNVERIFIED,no-surrogate+holdings-unknown
9780407010550,9780407010550,Diagnostic Ultrasound of the Lower Abdomen,A. Trenta,1985,2,eng,"gb,ia",,RED-UNVERIFIED,no-surrogate+holdings-unknown
9780128112601,9780128112601,Prevention of Cardiovascular Disease Through the Mediterranean Diet,"Almudena Sánchez Villegas, Ana Sanchez-Taínta",2017,2,eng,"gb,ia",gb:partial,RED-UNVERIFIED,no-surrogate+holdings-unknown
9780128112595,9780128112595,Prevention of Cardiovascular Disease Through the Mediterranean Diet,"Almudena Sánchez Villegas, Ana Sanchez-Taínta",2017,2,eng,"gb,ia",ia:public,GREEN,public-surrogate
9781509215188,9781509215188,Every Death You Take,Misty Simon,2017,1,eng,"gb,ia",,RED-UNVERIFIED,no-surrogate+holdings-unknown
9784902625943,9784902625943,アメリカ捜查法,"ジョシュア・ドレスラー, アラン・C.ミカエル, 指宿信",2014,1,jpn,"gb,ia",,RED-UNVERIFIED,no-surrogate+holdings-unknown
9782893937830,9782893937830,POOH SEASON (I CAN SPOT),,2000,1,,"gb,ia",ia:public;ia:public;ia:public,GREEN,public-surrogate
9788489618657,9788489618657,Ropa De Fuego / Clothes of Fire (Nueva Biblioteca: Ropa De Fuego),Marcos Herrera,2001,1,spa,"gb,ia",ia:public;ia:lending,GREEN,public-surrogate
9781729173077,9781729173077,Meine Wechseljahre,Charlotte Greiffenberg,2018,1,ger,"gb,ia",,RED-UNVERIFIED,no-surrogate+holdings-unknown
9782816101515,9782816101515,Stockholm en quelques jours (French Edition),Becky Ohlsen,2010,1,,"gb,ia",ia:public;ia:public;ia:lending,GREEN,public-surrogate
9781911110873,9781911110873,The Horse’s Arse,Laura Gascoigne,2017,1,,"gb,ia",ia:public;ia:public;ia:public,GREEN,public-surrogate
9781425190149,9781425190149,Festivals and Delicacies from India,Rajani Vaidya,2009,1,,"gb,ia",ia:public;ia:lending,GREEN,public-surrogate
9787562068600,9787562068600,"著作权法第三次修正下的""限制与例外""制度应用研究",曾琳,2016,1,chi,"gb,ia",,RED-UNVERIFIED,no-surrogate+holdings-unknown
9780450493652,9780450493652,The Breed Woman (Edge),George G. Gilman,1989,1,,"gb,ia",,RED-UNVERIFIED,no-surrogate+holdings-unknown
9782891443531,9782891443531,Les pronoms,Françoise Tchou,2002,1,fre,"gb,ia",ia:public;ia:lending,GREEN,public-surrogate
9781082498312,9781082498312,The Ridiculously Simple Guide to Sketch App,Scott La Counte,2019,2,eng,"gb,ia",,RED-UNVERIFIED,no-surrogate+holdings-unknown
9781629179278,9781629179278,The Ridiculously Simple Guide to Sketch App,Scott La Counte,2019,2,eng,"gb,ia",,RED-UNVERIFIED,no-surrogate+holdings-unknown
9781675660621,9781675660621,Looking Past the Horizon,Tammy Lee Rowles,2019,1,eng,"gb,ia",,RED-UNVERIFIED,no-surrogate+holdings-unknown
9780942299564,9780942299564,Vie des formes,Henri Focillon,1934,12,eng,"gb,ia",ia:public;ia:public;ia:public;ia:lending,GREEN,public-surrogate
9780942299571,9780942299571,Vie des formes,Henri Focillon,1934,12,eng,"gb,ia",ia:public;ia:lending,GREEN,public-surrogate
9781634602679,9781634602679,Intellectual property,"Shubha Ghosh, Richard S. Gruner, Jay P. Kesan, Robert I. Reis",2007,5,eng,"gb,ia",ia:public;ia:public,GREEN,public-surrogate
9780314265050,9780314265050,Intellectual property,"Shubha Ghosh, Richard S. Gruner, Jay P. Kesan, Robert I. Reis",2007,5,eng,"gb,ia",ia:public;ia:public;ia:lending,GREEN,public-surrogate
9781634608862,9781634608862,Intellectual property,"Shubha Ghosh, Richard S. Gruner, Jay P. Kesan, Robert I. Reis",2007,5,eng,"gb,ia",,RED-UNVERIFIED,no-surrogate+holdings-unknown
9780314168016,9780314168016,Intellectual property,"Shubha Ghosh, Richard S. Gruner, Jay P. Kesan, Robert I. Reis",2007,5,eng,"gb,ia",ia:lending,GREEN,public-surrogate
9781343764033,9781343764033,Report on Paleontology Volume 4,1863-1915 New Jersey. Geological Survey,2015,1,,"gb,ia",,RED-UNVERIFIED,no-surrogate+holdings-unknown
9780996643405,9780996643405,Seasonal Affective Disorder treatment,Jozzie Ray,2015,1,eng,"gb,ia",ia:public;ia:public;ia:lending,GREEN,public-surrogate
9788489736252,9788489736252,En sueños he llorado,Alberto Laiseca,2001,1,spa,"gb,ia",,RED-UNVERIFIED,no-surrogate+holdings-unknown
9788876182297,9788876182297,I giorni della merla,Manuele Fior,2016,1,,"gb,ia",,RED-UNVERIFIED,no-surrogate+holdings-unknown
9780198391371,9780198391371,Cyberbee Break Out,Mike Tucker,2014,1,eng,"gb,ia",,RED-UNVERIFIED,no-surrogate+holdings-unknown
9783876200811,9783876200811,"Gottes Werk, der Mensch",Barbara Albrecht,1982,1,ger,"gb,ia",,RED-UNVERIFIED,no-surrogate+holdings-unknown
9781521326282,9781521326282,Guardians 2 - Hour of Darkness,Brian West,2017,1,eng,"gb,ia",,RED-UNVERIFIED,no-surrogate+holdings-unknown
9783831107766,9783831107766,Mord Zweiten Grades,David Niemann,2000,1,eng,"gb,ia",gb:partial,RED-UNVERIFIED,no-surrogate+holdings-unknown
9781463430733,9781463430733,Fighting Bob,Bob Stockton,2011,1,,"gb,ia",ia:public;ia:public,GREEN,public-surrogate
9780717233564,9780717233564,Surf and Destroy                     C/W95/Us,Cmgep          32400,1996,1,,"gb,ia",,RED-UNVERIFIED,no-surrogate+holdings-unknown
9781878427755,9781878427755,The 20th Century's Most Celebrated Comedians (Tape #5),Publishing Group Cimino,1999,1,eng,"gb,ia",,RED-UNVERIFIED,no-surrogate+holdings-unknown
9780553565249,9780553565249,The Unlikely Angel,Betina Krahn,1996,1,eng,"gb,ia",ia:public;ia:public,GREEN,public-surrogate
9783447024471,9783447024471,Die häufigsten Akzenttypen in der russischen Flexion,Siegfried Tornow,1984,1,ger,"gb,ia",,RED-UNVERIFIED,no-surrogate+holdings-unknown
9784800302250,9784800302250,Eiga senden mirakuru wārudo,Morihiko Saitō,2013,1,jpn,"gb,ia",,RED-UNVERIFIED,no-surrogate+holdings-unknown
9780198037064,9780198037064,Handbook of psychotherapy integration,"John C. Norcross, Marvin R. Goldfried",1992,3,eng,"gb,ia",gb:partial,RED-UNVERIFIED,no-surrogate+holdings-unknown
9780465028795,9780465028795,Handbook of psychotherapy integration,"John C. Norcross, Marvin R. Goldfried",1992,3,eng,"gb,ia",ia:lending,GREEN,public-surrogate
9780190690465,9780190690465,Handbook of psychotherapy integration,"John C. Norcross, Marvin R. Goldfried",1992,3,eng,"gb,ia",gb:partial,RED-UNVERIFIED,no-surrogate+holdings-unknown
9780801080616,9780801080616,12 sermons on faith,Charles Haddon Spurgeon,1975,1,eng,"gb,ia",,RED-UNVERIFIED,no-surrogate+holdings-unknown
9783320029555,9783320029555,TATort und TATsache,Germany) Ferienakademie der Stipendiatinnen und Stipendiaten der Rosa-Luxemburg-Stiftung (4th 2003 Augustusburg,2004,1,ger,"gb,ia",,RED-UNVERIFIED,no-surrogate+holdings-unknown
9781588987563,9781588987563,A View of Dreams,Jen Selinsky,2002,1,eng,"gb,ia",ia:lending,GREEN,public-surrogate
9781345846041,9781345846041,"Philosophical Transactions, Giving Some Accompt Of The Present Undertakings, Studies, And Labours Of The Ingenious In Many Considerable Parts Of The World, Volume 64",Royal Society (Great Britain),2015,1,,"gb,ia",,RED-UNVERIFIED,no-surrogate+holdings-unknown
9783322861580,9783322861580,Programmieren in COBOL 85,Wolf-Michael Kähler,1991,1,ger,"gb,ia",,RED-UNVERIFIED,no-surrogate+holdings-unknown
9781414009032,9781414009032,The Adventures of Woody the Woodchuck,Charlene Pasik,2004,1,eng,"gb,ia",,RED-UNVERIFIED,no-surrogate+holdings-unknown
9781796227796,9781796227796,Sognatore Dell'Altrove,"Christian Capomolla, Fabio Bella",2019,1,ita,"gb,ia",,RED-UNVERIFIED,no-surrogate+holdings-unknown
9780809590780,9780809590780,Senator Joe McCarthy,Richard Halworth Rovere,1979,4,eng,"gb,ia",,RED-UNVERIFIED,no-surrogate+holdings-unknown
9780061319709,9780061319709,Senator Joe McCarthy,Richard Halworth Rovere,1979,4,eng,"gb,ia",ia:public;ia:public;ia:lending,GREEN,public-surrogate
9780253343833,9780253343833,Is Language a Music?,David Lidov,2004,1,eng,"gb,ia",gb:partial;ia:public;ia:public;ia:public;ia:lending,GREEN,public-surrogate
9781385955215,9781385955215,"Briefwechsel Zwischen Wilhelm Dilthey und Dem Grafen Paul Yorck V. Wartenburg, 1877-1897","Wilhelm, Dilthey",2018,2,ger,"gb,ia",,RED-UNVERIFIED,no-surrogate+holdings-unknown
9781015589629,9781015589629,"Briefwechsel Zwischen Wilhelm Dilthey und Dem Grafen Paul Yorck V. Wartenburg, 1877-1897","Wilhelm, Dilthey",2018,2,ger,"gb,ia",,RED-UNVERIFIED,no-surrogate+holdings-unknown
9780941130813,9780941130813,Wilderness ranch,Dayton O. Hyde,1988,1,eng,"gb,ia",ia:public,GREEN,public-surrogate
9783828011373,9783828011373,"Entschuldigung, dass ich geboren bin",Elisabeth Edwards,2000,1,ger,"gb,ia",,RED-UNVERIFIED,no-surrogate+holdings-unknown
9788888643328,9788888643328,L'archivio di Pippo,Paolo Fazzini,2005,1,ita,"gb,ia",,RED-UNVERIFIED,no-surrogate+holdings-unknown
9789659047093,9789659047093,ha-Madrikh ha-meḳutsar le-zevel enoshi,Joseph Jenkins,2014,1,heb,"gb,ia",,RED-UNVERIFIED,no-surrogate+holdings-unknown
9783956768699,9783956768699,Landhaus Am Rhein / Band IV,Berthold Auerbach,2015,1,ger,"gb,ia",gb:partial,RED-UNVERIFIED,no-surrogate+holdings-unknown
9781495159114,9781495159114,Knowing the Knower,Lex Neale,2015,1,eng,"gb,ia",,RED-UNVERIFIED,no-surrogate+holdings-unknown
9780597333163,9780597333163,LABORATORY CORP. OF AMERICA HOLDINGS,ICON Group Ltd.,2000,2,,"gb,ia",,RED-UNVERIFIED,no-surrogate+holdings-unknown
9780597173615,9780597173615,LABORATORY CORP. OF AMERICA HOLDINGS,ICON Group Ltd.,2000,2,,"gb,ia",,RED-UNVERIFIED,no-surrogate+holdings-unknown
9781426333651,9781426333651,Sports Sticker Activity Book,National Geographic Kids,2019,1,eng,"gb,ia",ia:public;ia:public,GREEN,public-surrogate
9788252186628,9788252186628,For deg,Oskar Stein Bjørlykke,2014,1,nor,"gb,ia",,RED-UNVERIFIED,no-surrogate+holdings-unknown
9780757394454,9780757394454,Teen's Guide to Christian Living,"Bettie B. Youngs, Leigh Youngs Jennifer",2010,2,eng,"gb,ia",,RED-UNVERIFIED,no-surrogate+holdings-unknown
9780757308208,9780757308208,Teen's Guide to Christian Living,"Bettie B. Youngs, Leigh Youngs Jennifer",2010,2,eng,"gb,ia",,RED-UNVERIFIED,no-surrogate+holdings-unknown
9780863035371,9780863035371,The Motto Excelsior - Drug Release,V. C. De Vere,1996,1,eng,"gb,ia",,RED-UNVERIFIED,no-surrogate+holdings-unknown
9782870092507,9782870092507,Dictionnaire des facteurs d'instruments de musique en Wallonie à Bruxelles du 9e siècle à nos jours,Bessiere J,1986,2,fre,"gb,ia",gb:partial,RED-UNVERIFIED,no-surrogate+holdings-unknown
9781913029470,9781913029470,AUDINT#Unsound,"Steve Goodman, Toby Heys, Eleni Ikoniadou",2019,1,eng,"gb,ia",gb:partial,RED-UNVERIFIED,no-surrogate+holdings-unknown
9781505367454,9781505367454,Scargill Reservoir Lake Fun Book,Jobe Leonard,2014,1,eng,"gb,ia",,RED-UNVERIFIED,no-surrogate+holdings-unknown
9780824798895,9780824798895,Dermatological and transdermal formulations,Kenneth A. Walters,2002,4,eng,"gb,ia",ia:public;ia:public,GREEN,public-surrogate
9780367396343,9780367396343,Dermatological and transdermal formulations,Kenneth A. Walters,2002,4,eng,"gb,ia",,RED-UNVERIFIED,no-surrogate+holdings-unknown
9781280108082,9781280108082,Dermatological and transdermal formulations,Kenneth A. Walters,2002,4,eng,"gb,ia",,RED-UNVERIFIED,no-surrogate+holdings-unknown
9780429164323,9780429164323,Dermatological and transdermal formulations,Kenneth A. Walters,2002,4,eng,"gb,ia",,RED-UNVERIFIED,no-surrogate+holdings-unknown
9789023675082,9789023675082,Scheepsjournal van Arthur Ducroo,Edgar du Perron,1990,1,dut,"gb,ia",,RED-UNVERIFIED,no-surrogate+holdings-unknown
9781108014205,9781108014205,Memoirs of dr. joseph priestley,Thomas Cooper Joseph Priestley,2010,1,eng,"gb,ia",gb:partial,RED-UNVERIFIED,no-surrogate+holdings-unknown
9780115152184,9780115152184,Information Technology and Management Awareness : Advanced Information Technologies,"Northcott, Jim., Ian Christie, Annette Walling",1990,1,,"gb,ia",,RED-UNVERIFIED,no-surrogate+holdings-unknown
9780486153483,9780486153483,101 questions about the seashore,Sy Barlowe,1997,3,eng,"gb,ia",gb:partial,RED-UNVERIFIED,no-surrogate+holdings-unknown
9781306362016,9781306362016,101 questions about the seashore,Sy Barlowe,1997,3,eng,"gb,ia",,RED-UNVERIFIED,no-surrogate+holdings-unknown
9780486299143,9780486299143,101 questions about the seashore,Sy Barlowe,1997,3,eng,"gb,ia",gb:partial;ia:lending;ia:public;ia:public;ia:public;ia:public,GREEN,public-surrogate
9781553415770,9781553415770,Piedmont & Liguria Map by ITMB,International Travel Maps and Books,2006,1,eng,"gb,ia",,RED-UNVERIFIED,no-surrogate+holdings-unknown
9789756267745,9789756267745,Türkiye Türkçesinde cümle öğelerine yeni bir bakış,Alaeddin Mehmedoğlu,2006,1,tur,"gb,ia",,RED-UNVERIFIED,no-surrogate+holdings-unknown
9788498731972,9788498731972,Madrid. 500 imágenes antiguas (con estuche) (Spanish Edition),Ediciones La Librería,2012,1,,"gb,ia",ia:public;ia:public,GREEN,public-surrogate
9781469294148,9781469294148,The Sherbrooke Twins,Catherine Coulter,2013,1,,"gb,ia",,RED-UNVERIFIED,no-surrogate+holdings-unknown
9788774963417,9788774963417,Kvindernes bog,Jytte Rex,1972,1,dan,"gb,ia",,RED-UNVERIFIED,no-surrogate+holdings-unknown
9781450567787,9781450567787,How to Get Rid of Pimples,Terry Goodheart,2010,1,eng,"gb,ia",,RED-UNVERIFIED,no-surrogate+holdings-unknown
9780812020724,9780812020724,"Barron's how to prepare for the graduate record examination, GREbiology test",C. Leland Rodgers,1983,1,eng,"gb,ia",,RED-UNVERIFIED,no-surrogate+holdings-unknown
9781595558183,9781595558183,Decision at Fletcher's Mill,David Caringer,2019,3,eng,"gb,ia",,RED-UNVERIFIED,no-surrogate+holdings-unknown
9781595557896,9781595557896,Decision at Fletcher's Mill,David Caringer,2019,3,eng,"gb,ia",ia:public;ia:public,GREEN,public-surrogate
9781595557940,9781595557940,Decision at Fletcher's Mill,David Caringer,2019,3,eng,"gb,ia",gb:partial,RED-UNVERIFIED,no-surrogate+holdings-unknown
9781108427258,9781108427258,Dispute Settlement Reports 2016,World Trade Organization,2017,6,eng,"gb,ia",,RED-UNVERIFIED,no-surrogate+holdings-unknown
9781108427951,9781108427951,Dispute Settlement Reports 2016,World Trade Organization,2017,6,eng,"gb,ia",,RED-UNVERIFIED,no-surrogate+holdings-unknown
9781108428019,9781108428019,Dispute Settlement Reports 2016,World Trade Organization,2017,6,eng,"gb,ia",,RED-UNVERIFIED,no-surrogate+holdings-unknown
9781108427975,9781108427975,Dispute Settlement Reports 2016,World Trade Organization,2017,6,eng,"gb,ia",,RED-UNVERIFIED,no-surrogate+holdings-unknown
9781108427968,9781108427968,Dispute Settlement Reports 2016,World Trade Organization,2017,6,eng,"gb,ia",,RED-UNVERIFIED,no-surrogate+holdings-unknown
9781108428002,9781108428002,Dispute Settlement Reports 2016,World Trade Organization,2017,6,eng,"gb,ia",,RED-UNVERIFIED,no-surrogate+holdings-unknown
9783777284279,9783777284279,Die datierten Handschriften der Stadt- und Universitätsbibliothek Frankfurt am Main,Stadt- und Universitätsbibliothek Frankfurt am Main.,1984,1,ger,"gb,ia",,RED-UNVERIFIED,no-surrogate+holdings-unknown
9780700013623,9780700013623,Calorie deficiencies and protein deficiencies,"R. A. McCance, E. M. Widdowson",1968,2,eng,"gb,ia",ia:public;ia:public,GREEN,public-surrogate
9783870399764,9783870399764,Carl Krümmel und die nationalsozialistische Leibeserziehung,Horst Ueberhorst,1976,1,ger,"gb,ia",,RED-UNVERIFIED,no-surrogate+holdings-unknown
9781796357202,9781796357202,96th Birthday Guestbook,Emily Kingsmith,2019,1,eng,"gb,ia",,RED-UNVERIFIED,no-surrogate+holdings-unknown
9781487583118,9781487583118,Dreams of Speech and Violence,William New,2019,1,eng,"gb,ia",,RED-UNVERIFIED,no-surrogate+holdings-unknown
9789575499662,9789575499662,藝術與自然的融合,Mingli Lin,2011,1,chi,"gb,ia",,RED-UNVERIFIED,no-surrogate+holdings-unknown
9788487464812,9788487464812,Torres y castillos de la Cantabria medieval,José Miguel Muñoz Jiménez,1993,1,spa,"gb,ia",,RED-UNVERIFIED,no-surrogate+holdings-unknown
9787547419342,9787547419342,Huang Yi nian pu chu bian,Guodong Yang,2017,1,chi,"gb,ia",,RED-UNVERIFIED,no-surrogate+holdings-unknown
9780373707058,9780373707058,The Trouble with Texans,Maggie Simpson,1996,3,eng,"gb,ia",gb:partial;ia:public;ia:public;ia:lending,GREEN,public-surrogate
9781459277991,9781459277991,The Trouble with Texans,Maggie Simpson,1996,3,eng,"gb,ia",gb:partial,RED-UNVERIFIED,no-surrogate+holdings-unknown
9781299375093,9781299375093,The Trouble with Texans,Maggie Simpson,1996,3,eng,"gb,ia",,RED-UNVERIFIED,no-surrogate+holdings-unknown
9781620921623,9781620921623,Plymouth Voyager y Chrysler Town & Country Haynes Manual de Reparacion Por 1996 Al 2002,Editors of Haynes Manuals,2015,1,spa,"gb,ia",,RED-UNVERIFIED,no-surrogate+holdings-unknown
9781432572778,9781432572778,Heal Thyself,Ruthanna Schenck,1928,2,eng,"gb,ia",,RED-UNVERIFIED,no-surrogate+holdings-unknown
9789539798800,9789539798800,Peta Božja zapovijed,Vinko Falak,2000,2,hrv,"gb,ia",,RED-UNVERIFIED,no-surrogate+holdings-unknown
9789958703249,9789958703249,Peta Božja zapovijed,Vinko Falak,2000,2,hrv,"gb,ia",,RED-UNVERIFIED,no-surrogate+holdings-unknown
9781403453365,9781403453365,"Robert Fulton (Lives and Times (Des Plaines, Ill.).)",Jennifer Blizin Gillis,2004,1,eng,"gb,ia",ia:lending,GREEN,public-surrogate
9782913566026,9782913566026,"L' Epau, l'abbaye d'une reine",Etienne Bouton,1999,1,fre,"gb,ia",,RED-UNVERIFIED,no-surrogate+holdings-unknown
9780837045504,9780837045504,The Jews,E. M. Myers,1985,1,eng,"gb,ia",gb:public,GREEN,public-surrogate
9780078737565,9780078737565,The American Journey To World War I Student Tech Tools CD set (Discovering Our Past Grade 8),,2006,1,,"gb,ia",,RED-UNVERIFIED,no-surrogate+holdings-unknown
9780309210201,9780309210201,Legal Strategies in Childhood Obesity Prevention,"Institute of Medicine, Food and Nutrition Board, Standing Committee on Childhood Obesity Prevention, Stephen Olson, Nicole Ferring Holovach",2011,4,eng,"gb,ia",,RED-UNVERIFIED,no-surrogate+holdings-unknown
9781283253499,9781283253499,Legal Strategies in Childhood Obesity Prevention,"Institute of Medicine, Food and Nutrition Board, Standing Committee on Childhood Obesity Prevention, Stephen Olson, Nicole Ferring Holovach",2011,4,eng,"gb,ia",,RED-UNVERIFIED,no-surrogate+holdings-unknown
9780309210232,9780309210232,Legal Strategies in Childhood Obesity Prevention,"Institute of Medicine, Food and Nutrition Board, Standing Committee on Childhood Obesity Prevention, Stephen Olson, Nicole Ferring Holovach",2011,4,eng,"gb,ia",,RED-UNVERIFIED,no-surrogate+holdings-unknown
9780309210225,9780309210225,Legal Strategies in Childhood Obesity Prevention,"Institute of Medicine, Food and Nutrition Board, Standing Committee on Childhood Obesity Prevention, Stephen Olson, Nicole Ferring Holovach",2011,4,eng,"gb,ia",,RED-UNVERIFIED,no-surrogate+holdings-unknown
9781852841218,9781852841218,Atholl Glens (Scottish Glens),Peter D.Koch- Osborne,1999,1,eng,"gb,ia",ia:public,GREEN,public-surrogate
9783928312080,9783928312080,Der Athletenvater Theodor Siebert (1866-1961),Bernd Wedemeyer,1999,1,ger,"gb,ia",,RED-UNVERIFIED,no-surrogate+holdings-unknown
9781732481626,9781732481626,Jolly Jane,Chad Richardson,2018,1,eng,"gb,ia",,RED-UNVERIFIED,no-surrogate+holdings-unknown
9781402056079,9781402056079,Concepts in plant metabolomics,,2007,1,eng,"gb,ia",,RED-UNVERIFIED,no-surrogate+holdings-unknown
9781905209354,9781905209354,"Analysis and Control of Linear Systems (Control Systems, Robotics, and Manufacturing)",Philippe de Larminat,2006,1,eng,"gb,ia",ia:public;ia:public,GREEN,public-surrogate
9781433966576,9781433966576,The life of Paul Revere =,Maria Nelson,2012,1,eng,"gb,ia",ia:public;ia:public;ia:public;ia:lending,GREEN,public-surrogate
9783000495663,9783000495663,"""Denn ich habe vieles mit Herzblut gemalt""",Wenzel Hablik,2015,1,ger,"gb,ia",,RED-UNVERIFIED,no-surrogate+holdings-unknown
9780316943581,9780316943581,Social Problems,"John B. Williamson, Linda Evans",1974,5,eng,"gb,ia",,RED-UNVERIFIED,no-surrogate+holdings-unknown
9780673396075,9780673396075,Social Problems,"John B. Williamson, Linda Evans",1974,5,eng,"gb,ia",ia:public,GREEN,public-surrogate
9780316943604,9780316943604,Social Problems,"John B. Williamson, Linda Evans",1974,5,eng,"gb,ia",,RED-UNVERIFIED,no-surrogate+holdings-unknown
9781280814174,9781280814174,Kinship matters,"Fatemeh Ebtehaj, Bridget Lindley, Martin P. M. Richards",2006,4,eng,"gb,ia",,RED-UNVERIFIED,no-surrogate+holdings-unknown
9781847312792,9781847312792,Kinship matters,"Fatemeh Ebtehaj, Bridget Lindley, Martin P. M. Richards",2006,4,eng,"gb,ia",gb:partial,RED-UNVERIFIED,no-surrogate+holdings-unknown
9781841136974,9781841136974,Kinship matters,"Fatemeh Ebtehaj, Bridget Lindley, Martin P. M. Richards",2006,4,eng,"gb,ia",,RED-UNVERIFIED,no-surrogate+holdings-unknown
9783805572484,9783805572484,Replication-competent viruses for cancer therapy,"S. D. Rabkin, W. Preiser",2001,1,eng,"gb,ia",,RED-UNVERIFIED,no-surrogate+holdings-unknown
9789982075305,9789982075305,Breaking the conspiracy of silence through national dialogue,"Elias Muma, Telesphore-George Mpundu",2018,1,eng,"gb,ia",,RED-UNVERIFIED,no-surrogate+holdings-unknown
9781515132233,9781515132233,Plutovskoy Roman,,2015,1,rus,"gb,ia",,RED-UNVERIFIED,no-surrogate+holdings-unknown
9781285883892,9781285883892,Acp Accounting Graduate Capstone 2013,,2013,1,eng,"gb,ia",,RED-UNVERIFIED,no-surrogate+holdings-unknown
9789600503401,9789600503401,Roupel,Chrēstos Zalokōstas,1991,1,gre,"gb,ia",,RED-UNVERIFIED,no-surrogate+holdings-unknown
9788671250436,9788671250436,Kvadratura jugoslavenskog kruga,Srđan Španović,1989,1,hrv,"gb,ia",,RED-UNVERIFIED,no-surrogate+holdings-unknown
9781466132467,9781466132467,Abducted (A Twisted Tale),Scarlett Nighte,2011,1,eng,"gb,ia",,RED-UNVERIFIED,no-surrogate+holdings-unknown
9781844487387,9781844487387,Start Origami,Mark Bolitho,2012,1,eng,"gb,ia",ia:public;ia:public;ia:lending,GREEN,public-surrogate
9781981850396,9781981850396,Libro para Colorear per niños de 8 Años,Libro Para Colorear En Formato Apaisado,2017,1,spa,"gb,ia",,RED-UNVERIFIED,no-surrogate+holdings-unknown
9783453094970,9783453094970,Der Tanz der Rose,Bernhard Hennen,2000,1,ger,"gb,ia",,RED-UNVERIFIED,no-surrogate+holdings-unknown
9781588463746,9781588463746,Night Horrors,Benjamin Baugh,2009,1,eng,"gb,ia",,RED-UNVERIFIED,no-surrogate+holdings-unknown
9787545802177,9787545802177,Shi wei,Ertian Zhang,1926,3,chi,"gb,ia",,RED-UNVERIFIED,no-surrogate+holdings-unknown
9788322928127,9788322928127,Public relations Polski w okresie kandydowania do Unii Europejskiej,Marta Ryniejska-Kiełdanowicz,2007,1,pol,"gb,ia",,RED-UNVERIFIED,no-surrogate+holdings-unknown
9780328628384,9780328628384,Reading 2011 Spanish Leveled Reader 6-Pck Grade 6. 4. 3 below un Regalo Muy Especial,Scott Foresman,2010,1,eng,"gb,ia",,RED-UNVERIFIED,no-surrogate+holdings-unknown
9789380131009,9789380131009,Kamalinīce jāḷe,Kr̥shṇarāva Paṇḍharīnātha Deśapāṇḍe,2009,3,mar,"gb,ia",,RED-UNVERIFIED,no-surrogate+holdings-unknown
9780344199431,9780344199431,"Madame Royale, Daughter of Louis XVI and Marie Antoinette",Ernest Daudet,2018,1,,"gb,ia",,RED-UNVERIFIED,no-surrogate+holdings-unknown
9789972606557,9789972606557,Escena primordial y otros poemas,Chrystian Iván Zegarra Benites,2007,1,spa,"gb,ia",,RED-UNVERIFIED,no-surrogate+holdings-unknown
9788496871830,9788496871830,7 BROTHERS 02. SANGRE QUE MANA,"JOHN WOO,GARTH ENNIS,JEEVAN KANG,",2008,1,,"gb,ia",,RED-UNVERIFIED,no-surrogate+holdings-unknown
9780160580147,9780160580147,Here comes La Niña,United States. Congress. House. Committee on Science. Subcommittee on Energy and Environment.,1999,1,eng,"gb,ia",gb:public,GREEN,public-surrogate
9780719511257,9780719511257,Plants and animals of pond and stream,Willem Jeremias Prud'homme van Reine,1957,1,eng,"gb,ia",ia:public;ia:public,GREEN,public-surrogate
9780665726750,9780665726750,Your boy,George A. Dickinson,1994,1,eng,"gb,ia",,RED-UNVERIFIED,no-surrogate+holdings-unknown
9781378296028,9781378296028,Novels; Volume 1,George Sand,2018,1,eng,"gb,ia",,RED-UNVERIFIED,no-surrogate+holdings-unknown
9783765080203,9783765080203,Bruchsal wie es war,Otto Bernhard Roegele,1955,2,ger,"gb,ia",,RED-UNVERIFIED,no-surrogate+holdings-unknown
9783487116938,9783487116938,El conocimiento geográfico de la costa noroccidental de África en Plinio,Antonio Santana Santana,2002,1,spa,"gb,ia",,RED-UNVERIFIED,no-surrogate+holdings-unknown
9780697004093,9780697004093,Advanced ear training,Bruce Benward,1985,1,,"gb,ia",ia:public,GREEN,public-surrogate
9781514359051,9781514359051,Healing Discipleship Guidebook,Dick Evans,2015,1,,"gb,ia",,RED-UNVERIFIED,no-surrogate+holdings-unknown
9781514812143,9781514812143,"Books for Babies: You Are Our Dream Come True : (Story Book, Baby Books, Picture Book, Best Books for Baby)",Bedtime Stories,2015,1,eng,"gb,ia",,RED-UNVERIFIED,no-surrogate+holdings-unknown
9780748705191,9780748705191,Bon Voyage,Stanley Thornes,1990,1,eng,"gb,ia",,RED-UNVERIFIED,no-surrogate+holdings-unknown
9780910587365,9780910587365,"Marital property, taxation, and estate planning in Wisconsin",Howard S. Erlanger,1991,1,eng,"gb,ia",,RED-UNVERIFIED,no-surrogate+holdings-unknown
9780415026390,9780415026390,Interactive morphonology,Martin Maiden,1991,1,eng,"gb,ia",,UNKNOWN,source-unavailable
9781528913874,9781528913874,Age of Storms,Peter Kysel,2017,2,eng,"gb,ia",,RED-UNVERIFIED,no-surrogate+holdings-unknown
9781973829799,9781973829799,Age of Storms,Peter Kysel,2017,2,eng,"gb,ia",,RED-UNVERIFIED,no-surrogate+holdings-unknown
9789505870172,9789505870172,Tablas de Intereses Para Epocas de Alta Inflacion,Simon Abel Groll,1985,1,spa,"gb,ia",,RED-UNVERIFIED,no-surrogate+holdings-unknown
9781799219323,9781799219323,"Fett Verbrennen Am Bauch überwinde Die Fettlogik und Nehme Ab,",Lisa Wünsche,2019,1,ger,"gb,ia",,RED-UNVERIFIED,no-surrogate+holdings-unknown
9789654560078,9789654560078,Mavo le-sefer Halakhot pesuḳot,Neil Danzig,1993,2,heb,"gb,ia",,RED-UNVERIFIED,no-surrogate+holdings-unknown
9780563528456,9780563528456,"""Steptoe and Son"" (BBC Radio Collection)","Ray Galton, Alan Simpson",2002,1,,"gb,ia",,RED-UNVERIFIED,no-surrogate+holdings-unknown
9780673207234,9780673207234,Pasos y puentes,Bernadette M. Reynolds,1989,1,,"gb,ia",ia:public;ia:public;ia:lending,GREEN,public-surrogate
9788492453634,9788492453634,Problemas resueltos de teoría de redes,José Espí López,2009,1,,"gb,ia",,RED-UNVERIFIED,no-surrogate+holdings-unknown
9781726471121,9781726471121,Week Organizer - Tasks of 3 Years in One Book,Till Hunter,2018,2,eng,"gb,ia",,RED-UNVERIFIED,no-surrogate+holdings-unknown
9781726471343,9781726471343,Week Organizer - Tasks of 3 Years in One Book,Till Hunter,2018,2,eng,"gb,ia",,RED-UNVERIFIED,no-surrogate+holdings-unknown
9781494227708,9781494227708,Villa Mizner,"Richard René Silvin, Richard Silvin",2014,2,eng,"gb,ia",,RED-UNVERIFIED,no-surrogate+holdings-unknown
9781884886744,9781884886744,Villa Mizner,"Richard René Silvin, Richard Silvin",2014,2,eng,"gb,ia",ia:public;ia:public,GREEN,public-surrogate
9780961614416,9780961614416,"A museum guide to Washington, D.C","Ross, Betty.",1986,2,eng,"gb,ia",,RED-UNVERIFIED,no-surrogate+holdings-unknown
9780961614409,9780961614409,"A museum guide to Washington, D.C","Ross, Betty.",1986,2,eng,"gb,ia",ia:lending,GREEN,public-surrogate
9780905105932,9780905105932,Round Oak primitive methodist chapel,,1986,1,eng,"gb,ia",,RED-UNVERIFIED,no-surrogate+holdings-unknown
9780048549655,9780048549655,Roberto Clemente (A Play),,1974,1,eng,"gb,ia",,RED-UNVERIFIED,no-surrogate+holdings-unknown
9781686247279,9781686247279,Dementia Log Book,Waterline Publishing,2019,1,eng,"gb,ia",,RED-UNVERIFIED,no-surrogate+holdings-unknown
9780844736570,9780844736570,Foreign Aid and American Purpose,Nick Eberstadt,1988,1,eng,"gb,ia",ia:public;ia:public;ia:lending,GREEN,public-surrogate
9780844736587,9780844736587,Foreign Aid and American Purpose,Nick Eberstadt,1988,1,eng,"gb,ia",ia:lending,GREEN,public-surrogate
9780893401405,9780893401405,The case of the green-eyed sister,Erle Stanley Gardner,1953,11,ger,"gb,ia",,RED-UNVERIFIED,no-surrogate+holdings-unknown
9781504061278,9781504061278,The case of the green-eyed sister,Erle Stanley Gardner,1953,11,ger,"gb,ia",gb:partial,RED-UNVERIFIED,no-surrogate+holdings-unknown
9780345378729,9780345378729,The case of the green-eyed sister,Erle Stanley Gardner,1953,11,ger,"gb,ia",ia:public,GREEN,public-surrogate
9781504061353,9781504061353,The case of the green-eyed sister,Erle Stanley Gardner,1953,11,ger,"gb,ia",ia:public,GREEN,public-surrogate
9780583116312,9780583116312,The case of the green-eyed sister,Erle Stanley Gardner,1953,11,ger,"gb,ia",ia:public;ia:public,GREEN,public-surrogate
9788427207165,9788427207165,The case of the green-eyed sister,Erle Stanley Gardner,1953,11,ger,"gb,ia",,RED-UNVERIFIED,no-surrogate+holdings-unknown
9783548016429,9783548016429,The case of the green-eyed sister,Erle Stanley Gardner,1953,11,ger,"gb,ia",,RED-UNVERIFIED,no-surrogate+holdings-unknown
9785883732132,9785883732132,The case of the green-eyed sister,Erle Stanley Gardner,1953,11,ger,"gb,ia",,RED-UNVERIFIED,no-surrogate+holdings-unknown
9798718234640,9798718234640,Interplanetary Hunter,Arthur K. Barnes,1956,6,eng,"gb,ia",,RED-UNVERIFIED,no-surrogate+holdings-unknown
9798721051333,9798721051333,Interplanetary Hunter,Arthur K. Barnes,1956,6,eng,"gb,ia",,RED-UNVERIFIED,no-surrogate+holdings-unknown
9781633550124,9781633550124,Interplanetary Hunter,Arthur K. Barnes,1956,6,eng,"gb,ia",gb:partial,RED-UNVERIFIED,no-surrogate+holdings-unknown
9798490779162,9798490779162,Interplanetary Hunter,Arthur K. Barnes,1956,6,eng,"gb,ia",,RED-UNVERIFIED,no-surrogate+holdings-unknown
9781987693638,9781987693638,Interplanetary Hunter,Arthur K. Barnes,1956,6,eng,"gb,ia",,RED-UNVERIFIED,no-surrogate+holdings-unknown
9789241300599,9789241300599,Administration of Environmental Health Programmes (Public Health Papers),World Health Organization (WHO),1975,1,eng,"gb,ia",,RED-UNVERIFIED,no-surrogate+holdings-unknown
9783036959405,9783036959405,Löwen wecken,Ayelet Gundar-Goshen,2016,1,,"gb,ia",ia:public;ia:public;ia:public;ia:lending,GREEN,public-surrogate
9780963666840,9780963666840,The great tradition,Michel Milonnet,1994,1,eng,"gb,ia",,RED-UNVERIFIED,no-surrogate+holdings-unknown
9780963666833,9780963666833,The great tradition,Michel Milonnet,1994,1,eng,"gb,ia",,RED-UNVERIFIED,no-surrogate+holdings-unknown
9780863275166,9780863275166,All Ireland Championship,Brian Carthy,1995,1,,"gb,ia",,RED-UNVERIFIED,no-surrogate+holdings-unknown
9780415430951,9780415430951,"Post-conflict heritage, postcolonial tourism",Tim Winter,2007,1,eng,"gb,ia",,RED-UNVERIFIED,no-surrogate+holdings-unknown
9783752828672,9783752828672,Die Küche Florenz,Jacopo Carbone,2018,1,ger,"gb,ia",,RED-UNVERIFIED,no-surrogate+holdings-unknown
9781416033684,9781416033684,Atlas of head & neck surgery,"James I. Cohen, Gary L. Clayman",2011,1,eng,"gb,ia",,RED-UNVERIFIED,no-surrogate+holdings-unknown
9780077434113,9780077434113,McGraw-Hill's taxation of individuals,"Brian C. Spilker, Benjamin Campbell Ayers",2013,2,eng,"gb,ia",ia:public;ia:public;ia:public;ia:lending;ia:lending,GREEN,public-surrogate
9780077631857,9780077631857,McGraw-Hill's taxation of individuals,"Brian C. Spilker, Benjamin Campbell Ayers",2013,2,eng,"gb,ia",ia:lending,GREEN,public-surrogate
9780077631741,9780077631741,McGraw-Hill's taxation of individuals,"Brian C. Spilker, Benjamin Campbell Ayers",2013,2,eng,"gb,ia",ia:public;ia:lending,GREEN,public-surrogate
9789654074483,9789654074483,ʻAl ha-ḳeriʾah,Marcel Proust,2003,1,heb,"gb,ia",,RED-UNVERIFIED,no-surrogate+holdings-unknown
9781545487204,9781545487204,Alone Volume 3,Shawn Downey,2017,1,eng,"gb,ia",,RED-UNVERIFIED,no-surrogate+holdings-unknown
9780110347080,9780110347080,Removal and Disposal of Vehicles   Regulations 1993,Great Britain Staff,1993,1,,"gb,ia",,RED-UNVERIFIED,no-surrogate+holdings-unknown
9780979381119,9780979381119,Gerontological nursing review and resource manual,,2007,1,eng,"gb,ia",ia:public;ia:public;ia:public,GREEN,public-surrogate
9780333763179,9780333763179,Mastering Database Design (Macmillan Master Series (Computing)),Holding Helen,1999,1,,"gb,ia",ia:public;ia:lending,GREEN,public-surrogate
9781343584358,9781343584358,The Century Dictionary And Cyclopedia,Anonymous,2015,1,,"gb,ia",,RED-UNVERIFIED,no-surrogate+holdings-unknown
9788475226385,9788475226385,Gramática de los complementos temporales,Luis García Fernández,2000,1,,"gb,ia",,RED-UNVERIFIED,no-surrogate+holdings-unknown
9781760553197,9781760553197,Laugh Your Head Off Again and Again,,2017,1,,"gb,ia",ia:public;ia:public;ia:lending,GREEN,public-surrogate
9781980727453,9781980727453,Screwtape Takes Note,Nathan Spinaze,2018,1,eng,"gb,ia",,RED-UNVERIFIED,no-surrogate+holdings-unknown
9785040062676,9785040062676,Dzhikhad po-russki,Lev Puchkov,2001,1,rus,"gb,ia",gb:partial,RED-UNVERIFIED,no-surrogate+holdings-unknown
9782298141863,9782298141863,L'Attaque des Titans Vol. 21 & 22,諫山創,2018,1,,"gb,ia",,RED-UNVERIFIED,no-surrogate+holdings-unknown
9781899998371,9781899998371,Target Readers,David Webb,1998,3,,"gb,ia",ia:public;ia:public;ia:lending,GREEN,public-surrogate
9781899998357,9781899998357,Target Readers,David Webb,1998,3,,"gb,ia",ia:public,GREEN,public-surrogate
9781899998388,9781899998388,Target Readers,David Webb,1998,3,,"gb,ia",,RED-UNVERIFIED,no-surrogate+holdings-unknown
9788417057817,9788417057817,Tu suelo pélvico en forma,"Belén López Mazarías, Esther García Martín",2019,1,,"gb,ia",ia:public;ia:public,GREEN,public-surrogate
9780674014527,9780674014527,Raising the Bar,William P. Alford,2006,1,eng,"gb,ia",ia:public;ia:public,GREEN,public-surrogate
9781634765114,9781634765114,La Saveur de l'Amour,"Andrew Grey, Cassandre Noel",2015,1,,"gb,ia",,RED-UNVERIFIED,no-surrogate+holdings-unknown
9789649115399,9789649115399,"Mānī, Mānīgarī, Ṣūfīgarī",ʻAlī Muḥammad Āqā Muḥammadī,2005,1,per,"gb,ia",,RED-UNVERIFIED,no-surrogate+holdings-unknown
9781511748889,9781511748889,Overview of the Unique Challenges and Opportunities Facing Native American Indian Youth,Robert Scott,2015,1,eng,"gb,ia",,RED-UNVERIFIED,no-surrogate+holdings-unknown
9780802080790,9780802080790,The Society of Renaissance Florence,Gene A. Brucker,1998,1,eng,"gb,ia",gb:partial,RED-UNVERIFIED,no-surrogate+holdings-unknown
9781559630009,9781559630009,Rush to burn,Newsday Inc.,1989,2,eng,"gb,ia",ia:public;ia:public;ia:public;ia:lending;ia:lending;ia:lending,GREEN,public-surrogate
9781610913201,9781610913201,Rush to burn,Newsday Inc.,1989,2,eng,"gb,ia",gb:partial,RED-UNVERIFIED,no-surrogate+holdings-unknown
9781559630016,9781559630016,Rush to burn,Newsday Inc.,1989,2,eng,"gb,ia",ia:lending;ia:lending;ia:lending,GREEN,public-surrogate
9781426800597,9781426800597,The Glass Slipper Project,Dara Girard,2007,1,eng,"gb,ia",,RED-UNVERIFIED,no-surrogate+holdings-unknown
9781986935432,9781986935432,"Piper : Piper Lined Personalized Girls Lined Journal, Notebook, Blank Book. Large Attractive Journal",Glitzy Glitzy,2018,1,eng,"gb,ia",,RED-UNVERIFIED,no-surrogate+holdings-unknown
9780814902639,9780814902639,Peter the Great,N.B. Baker,1943,1,,"gb,ia",ia:public;ia:public,GREEN,public-surrogate
9787516105085,9787516105085,Huan jing fan zui ji ben wen ti yan jiu,Binbin Liu,2012,1,chi,"gb,ia",,RED-UNVERIFIED,no-surrogate+holdings-unknown
9781572623040,9781572623040,The Earth's Fractured Surface (NG Environmental Maps),National Geographic Society,1999,1,eng,"gb,ia",,RED-UNVERIFIED,no-surrogate+holdings-unknown
9782012355262,9782012355262,Contes russes et ukrainiens,Ivan Sergeevich Turgenev,1999,1,,"gb,ia",,RED-UNVERIFIED,no-surrogate+holdings-unknown
9783486029635,9783486029635,"Algebra, 10. Jahrgangsstufe","Friedrich Barth, Reinhold Federle, Rudolf. Haller",2000,1,,"gb,ia",,RED-UNVERIFIED,no-surrogate+holdings-unknown
9780822223573,9780822223573,Farragut North,Beau Willimon,2009,1,eng,"gb,ia",gb:partial;ia:public;ia:public;ia:lending,GREEN,public-surrogate
9789965693625,9789965693625,Tu̇nemel,Zharas Sărsek,2008,1,kaz,"gb,ia",,RED-UNVERIFIED,no-surrogate+holdings-unknown
9781616085612,9781616085612,The Ultimate Guide to Fishing Skills Tactics and Techniques,Jay Cassell,2012,1,,"gb,ia",ia:public,GREEN,public-surrogate
9782081648036,9782081648036,La Princesse qui détestait les princes charmants,Paul Thiès,2000,1,,"gb,ia",ia:public;ia:public;ia:lending,GREEN,public-surrogate
9780851512884,9780851512884,Haggai Malachi and Zechariah,T.V. Moore,1979,1,,"gb,ia",ia:public;ia:public;ia:lending,GREEN,public-surrogate
9781107406179,9781107406179,Value Creation and Sport Management,"Sandalio Gómez, Kimio Kase, Ignacio Urrutia",2010,5,eng,"gb,ia",,RED-UNVERIFIED,no-surrogate+holdings-unknown
9781139921381,9781139921381,Value Creation and Sport Management,"Sandalio Gómez, Kimio Kase, Ignacio Urrutia",2010,5,eng,"gb,ia",,RED-UNVERIFIED,no-surrogate+holdings-unknown
9780511762765,9780511762765,Value Creation and Sport Management,"Sandalio Gómez, Kimio Kase, Ignacio Urrutia",2010,5,eng,"gb,ia",,RED-UNVERIFIED,no-surrogate+holdings-unknown
9781322065960,9781322065960,Value Creation and Sport Management,"Sandalio Gómez, Kimio Kase, Ignacio Urrutia",2010,5,eng,"gb,ia",,RED-UNVERIFIED,no-surrogate+holdings-unknown
9781139905787,9781139905787,Value Creation and Sport Management,"Sandalio Gómez, Kimio Kase, Ignacio Urrutia",2010,5,eng,"gb,ia",,RED-UNVERIFIED,no-surrogate+holdings-unknown
9787515003016,9787515003016,Ling dao gan bu kai wei bo,Yan Cui,2012,1,chi,"gb,ia",ia:lending,GREEN,public-surrogate
9780273616887,9780273616887,Telemarketing tactics,Michael Stevens,1995,1,eng,"gb,ia",,RED-UNVERIFIED,no-surrogate+holdings-unknown
9785288002472,9785288002472,Sistemy parallelʹnoĭ pami͡ati,E. A. Metlit͡skiĭ,1989,1,rus,"gb,ia",,RED-UNVERIFIED,no-surrogate+holdings-unknown
9789401008587,9789401008587,Nanostructured Carbon for Advanced Applications,"Giorgio Benedek, P. Milani, V. G. Ralchenko",2012,1,eng,"gb,ia",gb:partial,RED-UNVERIFIED,no-surrogate+holdings-unknown
9789100459567,9789100459567,Så var det,Gösta Bohman,1983,1,swe,"gb,ia",,RED-UNVERIFIED,no-surrogate+holdings-unknown
9781457957642,9781457957642,Volo Di Immagini,Domenico Marchi,2012,1,eng,"gb,ia",,RED-UNVERIFIED,no-surrogate+holdings-unknown
9781512253641,9781512253641,Ask the Angels,Jared Vansloten,2015,1,eng,"gb,ia",,RED-UNVERIFIED,no-surrogate+holdings-unknown
9782890221338,9782890221338,Pour une gestion adaptée des services documentaires,Jean-Marc Alain,1988,1,fre,"gb,ia",ia:public;ia:public,GREEN,public-surrogate
9783525335260,9783525335260,Landesgeschichte heute,"Klaus Fehn, Carl-Hans Hauptmeyer",1987,1,ger,"gb,ia",,RED-UNVERIFIED,no-surrogate+holdings-unknown
9788561818128,9788561818128,Meios de comunicação na migração,Pedro Russi Duarte,2010,1,por,"gb,ia",,RED-UNVERIFIED,no-surrogate+holdings-unknown
9788497272537,9788497272537,Intervención Educativa en la Discapacidad Intelectual.,"José Manuel Moreno Manso, Pedro Javier Montero González",2007,1,,"gb,ia",,RED-UNVERIFIED,no-surrogate+holdings-unknown
9780801855641,9780801855641,Pediatric infectious diseases,Gary J. Noel,1997,1,eng,"gb,ia",ia:public;ia:public;ia:public;ia:lending,GREEN,public-surrogate
9780801855634,9780801855634,Pediatric infectious diseases,Gary J. Noel,1997,1,eng,"gb,ia",ia:lending,GREEN,public-surrogate
9781091561748,9781091561748,The Boxer : A Complete and Comprehensive Owners Guide to,Michael Stonewood,2019,1,,"gb,ia",,RED-UNVERIFIED,no-surrogate+holdings-unknown
9781089327998,9781089327998,My Sticker Collecting Album,Kate Mill,2019,1,eng,"gb,ia",,RED-UNVERIFIED,no-surrogate+holdings-unknown
9780041320039,9780041320039,Release from nervous tension,David Harold Fink,1954,5,eng,"gb,ia",ia:public;ia:public,GREEN,public-surrogate
9780041320046,9780041320046,Release from nervous tension,David Harold Fink,1954,5,eng,"gb,ia",,RED-UNVERIFIED,no-surrogate+holdings-unknown
9788188794317,9788188794317,Dhammapada,Tārārāma.,2006,1,hin,"gb,ia",,RED-UNVERIFIED,no-surrogate+holdings-unknown
9789948037552,9789948037552,Lam aʻud ṣaghīrah,Naif the raper,2008,1,ara,"gb,ia",,RED-UNVERIFIED,no-surrogate+holdings-unknown
9781414375090,9781414375090,Girls Life Application Study Bible NLT,Tyndale,2013,1,,"gb,ia",,RED-UNVERIFIED,no-surrogate+holdings-unknown
9781522845959,9781522845959,Death Mage,John Forrester,2015,1,,"gb,ia",,RED-UNVERIFIED,no-surrogate+holdings-unknown
9780936179087,9780936179087,Exploring the Country Inns of North Carolina,Farris J. Corey,1987,1,,"gb,ia",ia:public;ia:public;ia:lending,GREEN,public-surrogate
9788484651444,9788484651444,Preparación de las Oposiciones para el ingreso en el Cuerpo de Profesores de Educación Secundaria,Carlos RODRÍGUEZ LÓPEZ,2004,1,,"gb,ia",,RED-UNVERIFIED,no-surrogate+holdings-unknown
9782846270403,9782846270403,"Hugo, romantisme et révolution",Pierre Laforgue,2001,1,fre,"gb,ia",gb:partial,RED-UNVERIFIED,no-surrogate+holdings-unknown
9780837088662,9780837088662,Homonyme Wurzeln im Syrischen,Friedrich Schulthess,1900,2,ger,"gb,ia",gb:public,GREEN,public-surrogate
9781482619065,9781482619065,Commodore,Simon Sobo,2013,1,eng,"gb,ia",,RED-UNVERIFIED,no-surrogate+holdings-unknown
9781021412508,9781021412508,Reminiscences of an ex-detective,Francis Carlin,1920,9,eng,"gb,ia",,RED-UNVERIFIED,no-surrogate+holdings-unknown
9781019583692,9781019583692,Reminiscences of an ex-detective,Francis Carlin,1920,9,eng,"gb,ia",,RED-UNVERIFIED,no-surrogate+holdings-unknown
9781461274438,9781461274438,A Network Orange,Richard Crandall,1998,3,eng,"gb,ia",,RED-UNVERIFIED,no-surrogate+holdings-unknown
9781461221722,9781461221722,A Network Orange,Richard Crandall,1998,3,eng,"gb,ia",gb:partial,RED-UNVERIFIED,no-surrogate+holdings-unknown
9781461221739,9781461221739,A Network Orange,Richard Crandall,1998,3,eng,"gb,ia",,RED-UNVERIFIED,no-surrogate+holdings-unknown
9781938055096,9781938055096,Dust jacket,Alexis Orgera,2013,1,eng,"gb,ia",ia:public;ia:public;ia:lending,GREEN,public-surrogate
9781501712845,9781501712845,Whales,"Philip S. Hammond, Sonja Heinrich, Peter L. Tyack",2017,2,eng,"gb,ia",,RED-UNVERIFIED,no-surrogate+holdings-unknown
9780565094126,9780565094126,Whales,"Philip S. Hammond, Sonja Heinrich, Peter L. Tyack",2017,2,eng,"gb,ia",ia:public,GREEN,public-surrogate
9780803975613,9780803975613,A citizens' Europe,"Allan Rosas, Esko Antola",1995,3,eng,"gb,ia",ia:public;ia:public;ia:lending,GREEN,public-surrogate
9780803975606,9780803975606,A citizens' Europe,"Allan Rosas, Esko Antola",1995,3,eng,"gb,ia",ia:public;ia:lending,GREEN,public-surrogate
9781785912993,9781785912993,Alpha Stars Ss,Stephen Rickard,2015,1,eng,"gb,ia",,RED-UNVERIFIED,no-surrogate+holdings-unknown
9789963906000,9789963906000,Privacy,Olga Geōrgiadē-Van der Pol,2005,1,eng,"gb,ia",,RED-UNVERIFIED,no-surrogate+holdings-unknown
9780496436736,9780496436736,A longitudinal study of intercultural discourse in a master's thesis project group,Elizabeth R. Axelson,2003,1,eng,"gb,ia",,RED-UNVERIFIED,no-surrogate+holdings-unknown
9781880977101,9781880977101,The Next Hedgerow,Peter Rutkoff,2004,1,eng,"gb,ia",ia:public;ia:public;ia:public,GREEN,public-surrogate
9781697909234,9781697909234,Willis Willowby,Arfaras,2019,1,eng,"gb,ia",,RED-UNVERIFIED,no-surrogate+holdings-unknown
9781588207111,9781588207111,Sister Sunshine,"Walt Trott, Bill Carlisle",2000,1,eng,"gb,ia",,RED-UNVERIFIED,no-surrogate+holdings-unknown
9780387825366,9780387825366,Österreichisches Zwangsvollstreckungsrecht,Richard Holzhammer,1974,4,ger,"gb,ia",,RED-UNVERIFIED,no-surrogate+holdings-unknown
9780387821672,9780387821672,Österreichisches Zwangsvollstreckungsrecht,Richard Holzhammer,1974,4,ger,"gb,ia",,RED-UNVERIFIED,no-surrogate+holdings-unknown
9783211825365,9783211825365,Österreichisches Zwangsvollstreckungsrecht,Richard Holzhammer,1974,4,ger,"gb,ia",,RED-UNVERIFIED,no-surrogate+holdings-unknown
9780387812137,9780387812137,Österreichisches Zwangsvollstreckungsrecht,Richard Holzhammer,1974,4,ger,"gb,ia",,RED-UNVERIFIED,no-surrogate+holdings-unknown
9780387815831,9780387815831,Österreichisches Zwangsvollstreckungsrecht,Richard Holzhammer,1974,4,ger,"gb,ia",,RED-UNVERIFIED,no-surrogate+holdings-unknown
9783211821671,9783211821671,Österreichisches Zwangsvollstreckungsrecht,Richard Holzhammer,1974,4,ger,"gb,ia",,RED-UNVERIFIED,no-surrogate+holdings-unknown
9781546301332,9781546301332,Ranorex Test Automation Guide,"Ranorex, Roland Enzinger, Tobias Walter, Christoph Preschern, Gabor Herget",2013,4,eng,"gb,ia",,RED-UNVERIFIED,no-surrogate+holdings-unknown
9781535161305,9781535161305,Ranorex Test Automation Guide,"Ranorex, Roland Enzinger, Tobias Walter, Christoph Preschern, Gabor Herget",2013,4,eng,"gb,ia",,RED-UNVERIFIED,no-surrogate+holdings-unknown
9781517581213,9781517581213,Ranorex Test Automation Guide,"Ranorex, Roland Enzinger, Tobias Walter, Christoph Preschern, Gabor Herget",2013,4,eng,"gb,ia",,RED-UNVERIFIED,no-surrogate+holdings-unknown
9781492217947,9781492217947,Ranorex Test Automation Guide,"Ranorex, Roland Enzinger, Tobias Walter, Christoph Preschern, Gabor Herget",2013,4,eng,"gb,ia",,RED-UNVERIFIED,no-surrogate+holdings-unknown
9788187728016,9788187728016,Subversive interventions,Abhinav Sinha,2019,1,eng,"gb,ia",,RED-UNVERIFIED,no-surrogate+holdings-unknown
9781556232084,9781556232084,Leveraged management buyouts,Yakov Amihud,1989,1,eng,"gb,ia",ia:public;ia:public;ia:public;ia:public;ia:lending,GREEN,public-surrogate
9780135189696,9780135189696,MyStatLab with Pearson EText -- Standalone Access Card -- for Stats,"Richard D. De Veaux, Paul F. Velleman, David E. Bock",2019,1,eng,"gb,ia",,RED-UNVERIFIED,no-surrogate+holdings-unknown
9781645080015,9781645080015,Teaching Them Obedience in All Things : ,Edgar J. Elliston,1999,2,eng,"gb,ia",gb:partial,RED-UNVERIFIED,no-surrogate+holdings-unknown
9781645085201,9781645085201,Teaching Them Obedience in All Things : ,Edgar J. Elliston,1999,2,eng,"gb,ia",,RED-UNVERIFIED,no-surrogate+holdings-unknown
9780415287685,9780415287685,"Children, youth, and development",Nicola Ansell,2005,1,eng,"gb,ia",ia:lending,GREEN,public-surrogate
9780415287692,9780415287692,"Children, youth, and development",Nicola Ansell,2005,1,eng,"gb,ia",gb:partial;ia:public;ia:public;ia:public;ia:public;ia:public;ia:lending,GREEN,public-surrogate
9780486200699,9780486200699,Ruritania,Anthony Hope,2000,1,,"gb,ia",,RED-UNVERIFIED,no-surrogate+holdings-unknown
9781795633680,9781795633680,SKOLE Av ATHENS,Haluk Çay,2019,1,nor,"gb,ia",,RED-UNVERIFIED,no-surrogate+holdings-unknown
9780833033321,9780833033321,Building Better Homes,Scott Hassell,2003,1,eng,"gb,ia",ia:public;ia:lending;ia:public,GREEN,public-surrogate
9789996187698,9789996187698,Drug Abuse Prevention Library,,1995,1,,"gb,ia",,RED-UNVERIFIED,no-surrogate+holdings-unknown
9781291816037,9781291816037,Armand Ovvero le Stagioni in Citt,Andrea Camilletti,2014,1,eng,"gb,ia",gb:partial,RED-UNVERIFIED,no-surrogate+holdings-unknown
9780198645351,9780198645351,The compact Oxford-Hachette French dictionary,Marie-Hélène Corréard,1995,1,eng,"gb,ia",ia:lending,GREEN,public-surrogate
9781975750992,9781975750992,"She Wanted The Streets, He Wanted Her Heart",A. J. Davidson,2017,1,,"gb,ia",ia:public;ia:public,GREEN,public-surrogate
9781849461573,9781849461573,"Murder, medicine and motherhood",Emma Cunliffe,2011,3,eng,"gb,ia",ia:public;ia:public,GREEN,public-surrogate
9781847316608,9781847316608,"Murder, medicine and motherhood",Emma Cunliffe,2011,3,eng,"gb,ia",gb:partial,RED-UNVERIFIED,no-surrogate+holdings-unknown
9781283340243,9781283340243,"Murder, medicine and motherhood",Emma Cunliffe,2011,3,eng,"gb,ia",,RED-UNVERIFIED,no-surrogate+holdings-unknown
9785699629176,9785699629176,Chas pered rassvetom,Tatʹi︠a︡na Korsakova,2013,1,rus,"gb,ia",ia:public;ia:public;ia:public;ia:lending,GREEN,public-surrogate
9781452859576,9781452859576,My Handsome Vampire,Vianka Van Bokkem,2010,1,eng,"gb,ia",,RED-UNVERIFIED,no-surrogate+holdings-unknown
9780597426575,9780597426575,ARMITAGE BROTHERS PLC,ICON Group Ltd.,2000,2,,"gb,ia",,RED-UNVERIFIED,no-surrogate+holdings-unknown
9780597351327,9780597351327,ARMITAGE BROTHERS PLC,ICON Group Ltd.,2000,2,,"gb,ia",,RED-UNVERIFIED,no-surrogate+holdings-unknown
9781505265514,9781505265514,Johnny Lazarus in Vinnie's Steal Attempt,Mr Keith Poletiek,2014,1,,"gb,ia",ia:public;ia:public;ia:public;ia:lending,GREEN,public-surrogate
9781322093109,9781322093109,Best Easy Day Hikes Yellowstone National Park,Bill Schneider,2011,1,eng,"gb,ia",,RED-UNVERIFIED,no-surrogate+holdings-unknown
9783810750235,9783810750235,"Sprache, Literatur, Deutschunterricht","Karl Otto Frank, Kurt Abels, Peter Christoph Kern",1982,1,ger,"gb,ia",,RED-UNVERIFIED,no-surrogate+holdings-unknown
9789023654599,9789023654599,Muren doorbreken,Mireille Cottenjé,1980,1,dut,"gb,ia",,RED-UNVERIFIED,no-surrogate+holdings-unknown
9783662131046,9783662131046,Technische Strömungslehre,Bruno Eck,1966,1,ger,"gb,ia",,RED-UNVERIFIED,no-surrogate+holdings-unknown
9783662131053,9783662131053,Technische Strömungslehre,Bruno Eck,1966,1,ger,"gb,ia",,RED-UNVERIFIED,no-surrogate+holdings-unknown
9780268005917,9780268005917,Studies in the Management of Not-For-Profit Institutions,Ray M. Powell,1988,1,eng,"gb,ia",ia:public,GREEN,public-surrogate
9784811324821,9784811324821,Denderano,Natsuhiko Kyōgoku,2018,1,jpn,"gb,ia",,RED-UNVERIFIED,no-surrogate+holdings-unknown
9785996104314,9785996104314,Resot︠s︡ializat︠s︡ii︠a︡ osuzhdennykh sredstvami obrazovatelʹnogo prostranstva,N. I. Skok,2011,1,rus,"gb,ia",,RED-UNVERIFIED,no-surrogate+holdings-unknown
9781498563383,9781498563383,"Retelling the Past in Contemporary Greek Literature, Film, and Popular Culture","Trine Stauning Willert, Gerasimus Katsan, Georgia Aitaki",2019,1,eng,"gb,ia",,RED-UNVERIFIED,no-surrogate+holdings-unknown
9788426705709,9788426705709,Tablas Universales Towers Para Seleccion de Microp,D. T. Towers,2000,1,spa,"gb,ia",,RED-UNVERIFIED,no-surrogate+holdings-unknown
9780538688505,9780538688505,"Microsoft Word 2000, QuickTorial",Patricia Murphy,2000,1,eng,"gb,ia",,RED-UNVERIFIED,no-surrogate+holdings-unknown
9780538688499,9780538688499,"Microsoft Word 2000, QuickTorial",Patricia Murphy,2000,1,eng,"gb,ia",,RED-UNVERIFIED,no-surrogate+holdings-unknown
9780521268226,9780521268226,Jane Austen,Todd,2000,1,eng,"gb,ia",,RED-UNVERIFIED,no-surrogate+holdings-unknown
9781653497690,9781653497690,"Im Okay, Your Okay Now Lets Go to Work",Reasons Arts,2019,1,eng,"gb,ia",,RED-UNVERIFIED,no-surrogate+holdings-unknown
9781980209652,9781980209652,Piecing Fabrics - Mending Lives,Cleo Lampos,2018,1,eng,"gb,ia",,RED-UNVERIFIED,no-surrogate+holdings-unknown
9783805522908,9783805522908,"Standardization of nomenclature, diagnostic criteria and diagnostic methodology for diseases of the liver and biliary tract",Carroll Moton Leevy,1976,1,eng,"gb,ia",,RED-UNVERIFIED,no-surrogate+holdings-unknown
9783038135319,9783038135319,"Advanced Research on Mechanical Engineering, Industry and Manufacturing Engineering","Helen Zhang, David Jin",2011,1,eng,"gb,ia",gb:partial,RED-UNVERIFIED,no-surrogate+holdings-unknown
9782702131589,9782702131589,Les éclats du rire,Antoine de Baecque,2000,1,fre,"gb,ia",,RED-UNVERIFIED,no-surrogate+holdings-unknown
9781565237148,9781565237148,The paddling chef,Dian Weimer,2012,1,eng,"gb,ia",ia:public;ia:public;ia:lending,GREEN,public-surrogate
9788439510246,9788439510246,Biblioteca de los Jóvenes Castores 4,Antonio Sama Delgado,1989,1,spa,"gb,ia",,RED-UNVERIFIED,no-surrogate+holdings-unknown
9780660193052,9780660193052,The Great Books (This Morning),"Bruce Meyer, Michael Enright",2004,1,eng,"gb,ia",,RED-UNVERIFIED,no-surrogate+holdings-unknown
9788546213368,9788546213368,História militar,"Fernando da Silva Rodrigues, José Miguel Arias Neto",2018,1,por,"gb,ia",,RED-UNVERIFIED,no-surrogate+holdings-unknown
9780865305885,9780865305885,Science Investigations Grades 4-5,Imogene Forte,2003,1,eng,"gb,ia",ia:public;ia:public;ia:public;ia:lending,GREEN,public-surrogate
9789061434306,9789061434306,Hij kan me de bout hachelen met zijn vorstendommetje,Hans Boland,2017,1,dut,"gb,ia",,RED-UNVERIFIED,no-surrogate+holdings-unknown
9780333546628,9780333546628,Macmillan Bookshelf,Peter Buckley,1991,1,,"gb,ia",,RED-UNVERIFIED,no-surrogate+holdings-unknown
9781842462881,9781842462881,Montiniaceae,B. Verdcourt,1973,1,eng,"gb,ia",,RED-UNVERIFIED,no-surrogate+holdings-unknown
9781731103994,9781731103994,Henry J. Parks and the Crystal Blades,"Della Kyllingmark, Mary Harrington, Lori Kyllingmark, Annetta Kyllingmark, Troy Worden",2018,1,eng,"gb,ia",,RED-UNVERIFIED,no-surrogate+holdings-unknown
9781411497788,9781411497788,iPod and iTunes,Quamut,2010,1,,"gb,ia",ia:public;ia:public;ia:public,GREEN,public-surrogate
9780750247979,9780750247979,Muhammad and Islam,"Ruth Nason, Stephen White-Thomson",2006,1,,"gb,ia",ia:public;ia:public;ia:public;ia:lending,GREEN,public-surrogate
9780328588480,9780328588480,Reading 2011 Spanish Leveled Reader 6-Pack Grade 1 Unit 1 Week 4 Below-level,Scott Foresman,2009,1,eng,"gb,ia",,RED-UNVERIFIED,no-surrogate+holdings-unknown
9789974002111,9789974002111,Acerca de la fundación del Banco de la República Oriental del Uruguay,Benjamín Nahum,2003,1,spa,"gb,ia",,RED-UNVERIFIED,no-surrogate+holdings-unknown
9780075602477,9780075602477,Complete Problem Solving Concepts of Fitness and Wellness,,1997,1,,"gb,ia",ia:public;ia:public;ia:lending,GREEN,public-surrogate
9781677201716,9781677201716,Sanders,,2019,1,eng,"gb,ia",,RED-UNVERIFIED,no-surrogate+holdings-unknown
9783112331750,9783112331750,Italien und der Deutsche Humanismus in der Neulateinischen Lyrik,Georg Ellinger,1929,2,ger,"gb,ia",,RED-UNVERIFIED,no-surrogate+holdings-unknown
9783112331767,9783112331767,Italien und der Deutsche Humanismus in der Neulateinischen Lyrik,Georg Ellinger,1929,2,ger,"gb,ia",gb:partial,RED-UNVERIFIED,no-surrogate+holdings-unknown
9780553228656,9780553228656,Misplaced persons,Lee Harding,1984,1,eng,"gb,ia",,RED-UNVERIFIED,no-surrogate+holdings-unknown
9787540320867,9787540320867,Bao sun du hong lou,Yihou Zhou,2011,1,chi,"gb,ia",,RED-UNVERIFIED,no-surrogate+holdings-unknown
9781466369412,9781466369412,Living Hell,Marcia Wilson,2011,1,eng,"gb,ia",,RED-UNVERIFIED,no-surrogate+holdings-unknown
9781699579015,9781699579015,Tennis,Lustige Tennis Monatsplaner Publishing,2019,1,,"gb,ia",,RED-UNVERIFIED,no-surrogate+holdings-unknown
9780882907130,9780882907130,Preparing the Elders of Israel to Save the Constitution,Steve M. Thomas,2002,1,eng,"gb,ia",ia:public,GREEN,public-surrogate
9781326048891,9781326048891,Young Eagles,Bill Leedham,2014,1,,"gb,ia",,RED-UNVERIFIED,no-surrogate+holdings-unknown
9780160492723,9780160492723,Decisions of the Federal Labor Relations Authority Vol. 52,U. S. Federal Labor Relations Authority Staff,1998,1,eng,"gb,ia",gb:public,GREEN,public-surrogate
9789794594278,9789794594278,Nilai dan manfaat sastra daerah Jambi,H. Idris Djakfar,1994,1,ind,"gb,ia",,RED-UNVERIFIED,no-surrogate+holdings-unknown
9780405057274,9780405057274,Contributions to the history of American ornithology,,1974,1,eng,"gb,ia",ia:public;ia:public,GREEN,public-surrogate
9787805468099,9787805468099,陕西漢畫,张鴻修,1994,1,chi,"gb,ia",,RED-UNVERIFIED,no-surrogate+holdings-unknown
9780723010517,9780723010517,Harper Collins Atlas of World History,Geoffrey Barraclough,1999,1,,"gb,ia",ia:public;ia:public;ia:public,GREEN,public-surrogate
9780431154015,9780431154015,Bonfire Night (Don't Forget),Monica Hughes        ,2002,2,,"gb,ia",ia:public;ia:lending;ia:public;ia:public,GREEN,public-surrogate
9780431154084,9780431154084,Bonfire Night (Don't Forget),Monica Hughes        ,2002,2,,"gb,ia",ia:public;ia:lending;ia:public;ia:public;ia:public,GREEN,public-surrogate
9780346124080,9780346124080,For Those Who Sell,J. S. Crockett,1979,1,,"gb,ia",ia:public;ia:public;ia:lending,GREEN,public-surrogate
9781979472968,9781979472968,Joy of National Parks XXVIII,Laurel Sobol,2017,1,eng,"gb,ia",,RED-UNVERIFIED,no-surrogate+holdings-unknown
9788957692356,9788957692356,K'allal wi ŭi p'yŏnghwa,Chong-sŏk Yi,2014,1,kor,"gb,ia",,RED-UNVERIFIED,no-surrogate+holdings-unknown
9781973494850,9781973494850,Big Chav Greek Wedding,Paul Richard Scott,2017,1,eng,"gb,ia",,RED-UNVERIFIED,no-surrogate+holdings-unknown
9780684827650,9780684827650,Theory and Practice in Clinical Social Work,Jerrold R. Brandell,1997,3,eng,"gb,ia",gb:partial;ia:public;ia:lending,GREEN,public-surrogate
9781452217253,9781452217253,Theory and Practice in Clinical Social Work,Jerrold R. Brandell,1997,3,eng,"gb,ia",,RED-UNVERIFIED,no-surrogate+holdings-unknown
9798823361767,9798823361767,Theory and Practice in Clinical Social Work,Jerrold R. Brandell,1997,3,eng,"gb,ia",,RED-UNVERIFIED,no-surrogate+holdings-unknown
9788489862425,9788489862425,La vida en las estepas de Aragón,,2004,1,,"gb,ia",,RED-UNVERIFIED,no-surrogate+holdings-unknown
9781408152546,9781408152546,Three Lives of Lucie Cabrol,"Complicite, John Berger",2014,2,eng,"gb,ia",,RED-UNVERIFIED,no-surrogate+holdings-unknown
9781408152553,9781408152553,Three Lives of Lucie Cabrol,"Complicite, John Berger",2014,2,eng,"gb,ia",gb:partial,RED-UNVERIFIED,no-surrogate+holdings-unknown
9788813281984,9788813281984,Giurisprudenza romana e diritto privato europeo,Luigi Garofalo,2008,1,ita,"gb,ia",,RED-UNVERIFIED,no-surrogate+holdings-unknown
9781884233517,9781884233517,Statistica - Visual Basic Primer,StatSoft,2004,1,,"gb,ia",ia:public,GREEN,public-surrogate
9780890810521,9780890810521,The success principle,"Johnson, Dave",1976,1,eng,"gb,ia",ia:public;ia:lending,GREEN,public-surrogate
9788469754412,9788469754412,Sanación del alma,Laín García Calvo,2017,1,,"gb,ia",,RED-UNVERIFIED,no-surrogate+holdings-unknown
9789688569771,9789688569771,"Caos, orden y desorden",José Jesús Borjón Nieto,2002,1,spa,"gb,ia",gb:partial,RED-UNVERIFIED,no-surrogate+holdings-unknown
9781016835398,9781016835398,"Sir Roger de Coverley Papers from the Spectator,",Joseph Addison,1905,5,eng,"gb,ia",,RED-UNVERIFIED,no-surrogate+holdings-unknown
9781341455001,9781341455001,"Sir Roger de Coverley Papers from the Spectator,",Joseph Addison,1905,5,eng,"gb,ia",ia:public;ia:lending,GREEN,public-surrogate
9781016840255,9781016840255,"Sir Roger de Coverley Papers from the Spectator,",Joseph Addison,1905,5,eng,"gb,ia",,RED-UNVERIFIED,no-surrogate+holdings-unknown
9780991050659,9780991050659,Sparks from His Heart,"Father Frank Parish, S.J.",2016,1,,"gb,ia",ia:public;ia:lending,GREEN,public-surrogate
9780780284531,9780780284531,My helicopter ride,Dot Meharry,1997,1,eng,"gb,ia",ia:public;ia:public;ia:lending,GREEN,public-surrogate
9780194757041,9780194757041,Panorama 2,Kathy Flynn,2006,3,eng,"gb,ia",,RED-UNVERIFIED,no-surrogate+holdings-unknown
9780194305440,9780194305440,Panorama 2,Kathy Flynn,2006,3,eng,"gb,ia",ia:public;ia:public;ia:lending,GREEN,public-surrogate
9780194757027,9780194757027,Panorama 2,Kathy Flynn,2006,3,eng,"gb,ia",,RED-UNVERIFIED,no-surrogate+holdings-unknown
9780852988190,9780852988190,Combustion in steam raising plant,,1992,1,eng,"gb,ia",ia:public;ia:public;ia:lending,GREEN,public-surrogate
9787562248590,9787562248590,Mei Guangdi wen cun,Guangdi Mei,2011,1,chi,"gb,ia",,RED-UNVERIFIED,no-surrogate+holdings-unknown
9780660149387,9780660149387,"Industrial Relations Legislation in Canada, 1993-1994",Labour Canada,1993,3,eng,"gb,ia",ia:public;ia:public,GREEN,public-surrogate
9789507543302,9789507543302,39 años en divisiones inferiores,Jorge Griffa,2011,1,spa,"gb,ia",,RED-UNVERIFIED,no-surrogate+holdings-unknown
9780785133124,9780785133124,Incredible Hercules: Against the World,"Greg Pak, Fred Van Lente",2008,1,,"gb,ia",ia:lending,GREEN,public-surrogate
9781533152046,9781533152046,HAND OF GOD,PETER THORN,2016,1,eng,"gb,ia",gb:partial;ia:public;ia:public;ia:lending,GREEN,public-surrogate
9781433392221,9781433392221,Poesia? Que horror! (Poetry? Yuck!),Kathleen C. Petersen,2007,1,spa,"gb,ia",ia:lending,GREEN,public-surrogate
9781433300202,9781433300202,Poesia? Que horror! (Poetry? Yuck!),Kathleen C. Petersen,2007,1,spa,"gb,ia",gb:public;ia:public;ia:public;ia:public,GREEN,public-surrogate
9789944795364,9789944795364,Protestan Ahlaki ve Kapitalizmin Ruhu,Milay Kokturk Max Weber,2000,1,,"gb,ia",,RED-UNVERIFIED,no-surrogate+holdings-unknown
9781474222044,9781474222044,Oh What a Lovely War,"Steve Lewis, Joan Littlewood, Chris Megson",2006,7,eng,"gb,ia",gb:partial,RED-UNVERIFIED,no-surrogate+holdings-unknown
9781472584663,9781472584663,Oh What a Lovely War,"Steve Lewis, Joan Littlewood, Chris Megson",2006,7,eng,"gb,ia",gb:partial,RED-UNVERIFIED,no-surrogate+holdings-unknown
9781472584656,9781472584656,Oh What a Lovely War,"Steve Lewis, Joan Littlewood, Chris Megson",2006,7,eng,"gb,ia",,RED-UNVERIFIED,no-surrogate+holdings-unknown
9781474222051,9781474222051,Oh What a Lovely War,"Steve Lewis, Joan Littlewood, Chris Megson",2006,7,eng,"gb,ia",gb:partial,RED-UNVERIFIED,no-surrogate+holdings-unknown
9781472584649,9781472584649,Oh What a Lovely War,"Steve Lewis, Joan Littlewood, Chris Megson",2006,7,eng,"gb,ia",ia:public;ia:lending,GREEN,public-surrogate
9781474261302,9781474261302,Oh What a Lovely War,"Steve Lewis, Joan Littlewood, Chris Megson",2006,7,eng,"gb,ia",,RED-UNVERIFIED,no-surrogate+holdings-unknown
9780413775467,9780413775467,Oh What a Lovely War,"Steve Lewis, Joan Littlewood, Chris Megson",2006,7,eng,"gb,ia",ia:public;ia:public;ia:public,GREEN,public-surrogate
9780714829142,9780714829142,Salk Institute,James Steele,1993,1,eng,"gb,ia",,RED-UNVERIFIED,no-surrogate+holdings-unknown
9780924922756,9780924922756,Perception (Philosophical Issues Series No 7) (Philosophical Issues Series No 7),Enrique Villanueva,1996,1,eng,"gb,ia",,RED-UNVERIFIED,no-surrogate+holdings-unknown
9782750904067,9782750904067,"Henri Ghéon, camarade de Gide",Catherine Boschian-Campaner,2008,1,fre,"gb,ia",,RED-UNVERIFIED,no-surrogate+holdings-unknown
9783540290025,9783540290025,Computer Aided Systems Theory - EUROCAST 2005,,2005,1,eng,"gb,ia",,RED-UNVERIFIED,no-surrogate+holdings-unknown
9788476726440,9788476726440,Historias del Misisipi,Mark Twain,2000,1,,"gb,ia",ia:public;ia:public,GREEN,public-surrogate
9781519051165,9781519051165,"Steamboat Navigation on the Missouri River : (Abridged, Annotated)",Hiram Martin Chittenden,2016,1,eng,"gb,ia",,RED-UNVERIFIED,no-surrogate+holdings-unknown
9781516512119,9781516512119,Organizational Behavior,Beth Chung,2016,2,eng,"gb,ia",,RED-UNVERIFIED,no-surrogate+holdings-unknown
9781516512126,9781516512126,Organizational Behavior,Beth Chung,2016,2,eng,"gb,ia",,RED-UNVERIFIED,no-surrogate+holdings-unknown
9781398724402,9781398724402,Lights Out Liverpool,Maureen Lee,2011,2,eng,"gb,ia",,RED-UNVERIFIED,no-surrogate+holdings-unknown
9780990312062,9780990312062,"I, John Culpepper",Lori Crane,2015,2,eng,"gb,ia",,RED-UNVERIFIED,no-surrogate+holdings-unknown
9780990312055,9780990312055,"I, John Culpepper",Lori Crane,2015,2,eng,"gb,ia",,RED-UNVERIFIED,no-surrogate+holdings-unknown
9780855970918,9780855970918,Eucharist and Holy Spirit,John H. McKenna,1975,1,eng,"gb,ia",ia:public,GREEN,public-surrogate
9786055166878,9786055166878,Fatih Sultan Mehmed'e Nasihatler,Sultan Murad Han,2015,1,,"gb,ia",,RED-UNVERIFIED,no-surrogate+holdings-unknown
9783925544149,9783925544149,Bilder aus Schottland,Karl Johaentges,1995,1,ger,"gb,ia",,RED-UNVERIFIED,no-surrogate+holdings-unknown
9780808569824,9780808569824,Garfield Out to Lunch,Jim Davis,1999,1,eng,"gb,ia",ia:public;ia:public;ia:lending,GREEN,public-surrogate
9780837369792,9780837369792,Graduate School Foreign Language Test (Gsflt) - Spanish (Admission Test Series),Jack Rudman,1997,1,eng,"gb,ia",,RED-UNVERIFIED,no-surrogate+holdings-unknown
9780618309832,9780618309832,American Experiment Volume 1 And History Cd,Gillon,2002,1,eng,"gb,ia",,RED-UNVERIFIED,no-surrogate+holdings-unknown
9781533195685,9781533195685,First Person Paramount,Ambrose Pratt,2016,1,eng,"gb,ia",,RED-UNVERIFIED,no-surrogate+holdings-unknown
9783858450074,9783858450074,Venezuela,Joaquin Duderstadt,1973,1,eng,"gb,ia",,RED-UNVERIFIED,no-surrogate+holdings-unknown
9782916123271,9782916123271,À la recherche de la parole perdue,Jacques Thomas,2009,1,fre,"gb,ia",,RED-UNVERIFIED,no-surrogate+holdings-unknown
9786020476612,9786020476612,A Poem with Your Name,Adi K.,2018,1,,"gb,ia",,RED-UNVERIFIED,no-surrogate+holdings-unknown
9781868885985,9781868885985,Against the world,Jeremy Brown Shearar,2011,1,eng,"gb,ia",,RED-UNVERIFIED,no-surrogate+holdings-unknown
9780328704538,9780328704538,Science 2012 Chapter Booklet Grade 4 Chapter 09,Scott Foresman,2011,1,eng,"gb,ia",,RED-UNVERIFIED,no-surrogate+holdings-unknown
9787800805684,9787800805684,Ren kou jian kang yu Zhongguo jian kang bao zhang zhi du yan jiu,Junlin Liang,2006,1,chi,"gb,ia",,RED-UNVERIFIED,no-surrogate+holdings-unknown
9787520129763,9787520129763,Mai xiang gong jian gong xiang de quan mian xiao kang she hui,"Wenhong Zhang, Haidong Zhang",2018,1,chi,"gb,ia",,RED-UNVERIFIED,no-surrogate+holdings-unknown
9780859400091,9780859400091,Pitfall,Paul Ritchie,1973,1,eng,"gb,ia",ia:public;ia:public;ia:lending,GREEN,public-surrogate
9780551019010,9780551019010,Jonah's Change of Mind (Read Along with Me),"Colin Smithson, Sheila Smithson",1990,1,,"gb,ia",,RED-UNVERIFIED,no-surrogate+holdings-unknown
9781408832387,9781408832387,Elk Stopped Play,Charlie Connelly,2014,1,eng,"gb,ia",gb:partial;ia:lending,GREEN,public-surrogate
9786077663317,9786077663317,Aproximaciones y reintegros,Carlos Monsiváis,2012,1,spa,"gb,ia",,RED-UNVERIFIED,no-surrogate+holdings-unknown
9781136341946,9781136341946,Judging passions,Roger Giner-Sorolla,2012,7,eng,"gb,ia",gb:partial,RED-UNVERIFIED,no-surrogate+holdings-unknown
9781848720688,9781848720688,Judging passions,Roger Giner-Sorolla,2012,7,eng,"gb,ia",ia:public;ia:public;ia:lending,GREEN,public-surrogate
9780203123874,9780203123874,Judging passions,Roger Giner-Sorolla,2012,7,eng,"gb,ia",,RED-UNVERIFIED,no-surrogate+holdings-unknown
9781138891531,9781138891531,Judging passions,Roger Giner-Sorolla,2012,7,eng,"gb,ia",,RED-UNVERIFIED,no-surrogate+holdings-unknown
9781136341892,9781136341892,Judging passions,Roger Giner-Sorolla,2012,7,eng,"gb,ia",,RED-UNVERIFIED,no-surrogate+holdings-unknown
9781136341915,9781136341915,Judging passions,Roger Giner-Sorolla,2012,7,eng,"gb,ia",,RED-UNVERIFIED,no-surrogate+holdings-unknown
9781136341939,9781136341939,Judging passions,Roger Giner-Sorolla,2012,7,eng,"gb,ia",gb:partial,RED-UNVERIFIED,no-surrogate+holdings-unknown
9780769639611,9780769639611,"Extreme Readers Teaching Guide, Level 3",School Specialty Publishing,2004,1,eng,"gb,ia",,RED-UNVERIFIED,no-surrogate+holdings-unknown
9781416996750,9781416996750,The best mom,Sarah Willson,2010,1,eng,"gb,ia",ia:public;ia:lending;ia:lending;ia:public,GREEN,public-surrogate
9784641131903,9784641131903,"行政組織法, 公務員法, 公物法",Katsuya Uga,2008,3,jpn,"gb,ia",,RED-UNVERIFIED,no-surrogate+holdings-unknown
9784641130340,9784641130340,"行政組織法, 公務員法, 公物法",Katsuya Uga,2008,3,jpn,"gb,ia",,RED-UNVERIFIED,no-surrogate+holdings-unknown
9784641131224,9784641131224,"行政組織法, 公務員法, 公物法",Katsuya Uga,2008,3,jpn,"gb,ia",,RED-UNVERIFIED,no-surrogate+holdings-unknown
9781537124469,9781537124469,Lady Susan,Jane Austen,2016,6,eng,"gb,ia",,RED-UNVERIFIED,no-surrogate+holdings-unknown
9781543172973,9781543172973,Lady Susan,Jane Austen,2016,6,eng,"gb,ia",,RED-UNVERIFIED,no-surrogate+holdings-unknown
9781540388476,9781540388476,Lady Susan,Jane Austen,2016,6,eng,"gb,ia",,RED-UNVERIFIED,no-surrogate+holdings-unknown
9781533113481,9781533113481,Lady Susan,Jane Austen,2016,6,eng,"gb,ia",,RED-UNVERIFIED,no-surrogate+holdings-unknown
9781544086958,9781544086958,Lady Susan,Jane Austen,2016,6,eng,"gb,ia",,RED-UNVERIFIED,no-surrogate+holdings-unknown
9781542416764,9781542416764,Lady Susan,Jane Austen,2016,6,eng,"gb,ia",,RED-UNVERIFIED,no-surrogate+holdings-unknown
9781986515566,9781986515566,Your Life Sucks No More,Paul Levin,2018,1,eng,"gb,ia",,RED-UNVERIFIED,no-surrogate+holdings-unknown
9788873264057,9788873264057,"""Le forme in novi corpi trasformate""",Valeria Merola,2018,1,ita,"gb,ia",,RED-UNVERIFIED,no-surrogate+holdings-unknown
9780910051224,9780910051224,Legal Marketer's Deskbook,John T. Duffy,2003,1,eng,"gb,ia",ia:public;ia:public;ia:public;ia:lending,GREEN,public-surrogate
9783161459733,9783161459733,Jahrbuch des Offentlichen Rechts der Gegenwart. Neue Folge,Peter Haberle,1983,12,ger,"gb,ia",gb:partial,RED-UNVERIFIED,no-surrogate+holdings-unknown
9783161483172,9783161483172,Jahrbuch des Offentlichen Rechts der Gegenwart. Neue Folge,Peter Haberle,1983,12,ger,"gb,ia",,RED-UNVERIFIED,no-surrogate+holdings-unknown
9783161498985,9783161498985,Jahrbuch des Offentlichen Rechts der Gegenwart. Neue Folge,Peter Haberle,1983,12,ger,"gb,ia",,RED-UNVERIFIED,no-surrogate+holdings-unknown
9783161477430,9783161477430,Jahrbuch des Offentlichen Rechts der Gegenwart. Neue Folge,Peter Haberle,1983,12,ger,"gb,ia",gb:partial,RED-UNVERIFIED,no-surrogate+holdings-unknown
9783161456558,9783161456558,Jahrbuch des Offentlichen Rechts der Gegenwart. Neue Folge,Peter Haberle,1983,12,ger,"gb,ia",gb:partial,RED-UNVERIFIED,no-surrogate+holdings-unknown
9783166447452,9783166447452,Jahrbuch des Offentlichen Rechts der Gegenwart. Neue Folge,Peter Haberle,1983,12,ger,"gb,ia",gb:partial,RED-UNVERIFIED,no-surrogate+holdings-unknown
9783161462276,9783161462276,Jahrbuch des Offentlichen Rechts der Gegenwart. Neue Folge,Peter Haberle,1983,12,ger,"gb,ia",gb:partial,RED-UNVERIFIED,no-surrogate+holdings-unknown
9783166454610,9783166454610,Jahrbuch des Offentlichen Rechts der Gegenwart. Neue Folge,Peter Haberle,1983,12,ger,"gb,ia",gb:partial,RED-UNVERIFIED,no-surrogate+holdings-unknown
9783161486227,9783161486227,Jahrbuch des Offentlichen Rechts der Gegenwart. Neue Folge,Peter Haberle,1983,12,ger,"gb,ia",,RED-UNVERIFIED,no-surrogate+holdings-unknown
9783161472466,9783161472466,Jahrbuch des Offentlichen Rechts der Gegenwart. Neue Folge,Peter Haberle,1983,12,ger,"gb,ia",gb:partial,RED-UNVERIFIED,no-surrogate+holdings-unknown
9783161488252,9783161488252,Jahrbuch des Offentlichen Rechts der Gegenwart. Neue Folge,Peter Haberle,1983,12,ger,"gb,ia",,RED-UNVERIFIED,no-surrogate+holdings-unknown
9783161459030,9783161459030,Jahrbuch des Offentlichen Rechts der Gegenwart. Neue Folge,Peter Haberle,1983,12,ger,"gb,ia",gb:partial,RED-UNVERIFIED,no-surrogate+holdings-unknown
9789793778051,9789793778051,Oh no!,Inneke Basuki,2005,1,ind,"gb,ia",,RED-UNVERIFIED,no-surrogate+holdings-unknown
9780497586072,9780497586072,The World Market for Dextrins and Other Modified Starches,Philip M. Parker,2005,2,eng,"gb,ia",,RED-UNVERIFIED,no-surrogate+holdings-unknown
9780597826337,9780597826337,The World Market for Dextrins and Other Modified Starches,Philip M. Parker,2005,2,eng,"gb,ia",,RED-UNVERIFIED,no-surrogate+holdings-unknown
9783772014710,9783772014710,Conrad's narrative voice,Werner Senn,1980,2,eng,"gb,ia",ia:public;ia:public;ia:lending,GREEN,public-surrogate
9789004339828,9789004339828,Conrad's narrative voice,Werner Senn,1980,2,eng,"gb,ia",,RED-UNVERIFIED,no-surrogate+holdings-unknown
9783534132768,9783534132768,Des Gottes Einzigkeit,Oswald Loretz,1997,1,ger,"gb,ia",ia:public;ia:lending,GREEN,public-surrogate
9781911035954,9781911035954,A Practical Guide to Marketing for Lawyers,"Catherine Bailey, Jennet Ingram",2018,1,,"gb,ia",,RED-UNVERIFIED,no-surrogate+holdings-unknown
9780412468704,9780412468704,Aural Rehabilitation,Raymond H. Hull,1991,4,eng,"gb,ia",ia:lending,GREEN,public-surrogate
9780769301273,9780769301273,Aural Rehabilitation,Raymond H. Hull,1991,4,eng,"gb,ia",,RED-UNVERIFIED,no-surrogate+holdings-unknown
9781565936829,9781565936829,Aural Rehabilitation,Raymond H. Hull,1991,4,eng,"gb,ia",ia:lending;ia:public,GREEN,public-surrogate
9780905725130,9780905725130,Junior Schools Focus on Worship,Jane Maltby,1977,1,eng,"gb,ia",,RED-UNVERIFIED,no-surrogate+holdings-unknown
9781470075194,9781470075194,Battle Studies,Du Picq,2012,1,eng,"gb,ia",,RED-UNVERIFIED,no-surrogate+holdings-unknown
9789980018663,9789980018663,Emisik talfut kelewse sang =,Summer Institute of Linguistics. Papua New Guinea Branch,1997,1,paa,"gb,ia",,RED-UNVERIFIED,no-surrogate+holdings-unknown
9781512293562,9781512293562,Livre « Reliez les Points » Pour Enfants 2,Spudtc Publishing Ltd,2015,1,fre,"gb,ia",,RED-UNVERIFIED,no-surrogate+holdings-unknown
9780813909035,9780813909035,Austrian Solution,Robert A. Bauer,1982,2,eng,"gb,ia",ia:public;ia:lending,GREEN,public-surrogate
9781533439178,9781533439178,You Sissy Bundle,Jada Jackson,2016,1,eng,"gb,ia",,RED-UNVERIFIED,no-surrogate+holdings-unknown
9780881550658,9780881550658,The ECK JR 2 discourses,"Mary Carroll, Fraser MacDonald",1988,1,eng,"gb,ia",ia:lending,GREEN,public-surrogate
9781674116532,9781674116532,Future Now?,"Erin Conlan, Sheryl Torr-Brown Ph D, Kelly Simpson",2019,1,eng,"gb,ia",,RED-UNVERIFIED,no-surrogate+holdings-unknown
9780879734367,9780879734367,Dare to rejoice,Jean-Marie Lustiger,1990,1,eng,"gb,ia",,RED-UNVERIFIED,no-surrogate+holdings-unknown
9788772652511,9788772652511,Women and law in southern Africa,Gretelise Holm,1995,1,eng,"gb,ia",,RED-UNVERIFIED,no-surrogate+holdings-unknown
9783640393817,9783640393817,ELTERNGELD - EINE ÖKONOMISCHE UND JURISTISCHE ANALYSE,Alexandra Kloß,2009,1,ger,"gb,ia",gb:partial,RED-UNVERIFIED,no-surrogate+holdings-unknown
9780618002757,9780618002757,Divided by a common language,Christopher Davies,1997,2,eng,"gb,ia",gb:partial;ia:public;ia:public;ia:lending,GREEN,public-surrogate
9780966094572,9780966094572,Divided by a common language,Christopher Davies,1997,2,eng,"gb,ia",ia:lending,GREEN,public-surrogate
9780806902029,9780806902029,Auction!,William C Ketchum,1980,1,eng,"gb,ia",ia:lending,GREEN,public-surrogate
9780857208132,9780857208132,"Then Came You [May 31, 2012] Weiner, Jennifer",Jennifer Weiner,2017,1,,"gb,ia",ia:public;ia:public;ia:lending,GREEN,public-surrogate
9783832953959,9783832953959,Die Zukunft des Verwaltungsverfahrensrechts,"Martin Burgi, Klaus Schönenbroicher",2010,1,ger,"gb,ia",,RED-UNVERIFIED,no-surrogate+holdings-unknown
9789590502804,9789590502804,Como Mejorar Su Ortografia?,Luz M. Hernandez Hernandez,2002,1,spa,"gb,ia",ia:public;ia:public;ia:lending,GREEN,public-surrogate
9781483583655,9781483583655,Kay Timoun,Anita Thorstad,2016,2,eng,"gb,ia",,RED-UNVERIFIED,no-surrogate+holdings-unknown
9781483583662,9781483583662,Kay Timoun,Anita Thorstad,2016,2,eng,"gb,ia",,RED-UNVERIFIED,no-surrogate+holdings-unknown
9784874241288,9784874241288,"""Wa"" to ""ga""",Hisashi Noda,1996,1,jpn,"gb,ia",,RED-UNVERIFIED,no-surrogate+holdings-unknown
9781619420472,9781619420472,Osteocalcin,Masayoshi Yamaguchi,2011,1,eng,"gb,ia",,RED-UNVERIFIED,no-surrogate+holdings-unknown
9781532163876,9781532163876,Military Submarines,Martha London,2019,1,,"gb,ia",ia:public,GREEN,public-surrogate
9780815187820,9780815187820,Fixed prosthodontics,Keith E. Thayer,1984,1,eng,"gb,ia",ia:public;ia:public,GREEN,public-surrogate
9788910401131,9788910401131,Hanʼguk chŏngchʻiron,Un-t'ae Kim,1976,2,kor,"gb,ia",,RED-UNVERIFIED,no-surrogate+holdings-unknown
9783492019101,9783492019101,GRIECHISCHE GÖTTER Ihr Gestaltwandel Aus Den Bewusstseinsstufen Des Menschen Dargestellt an Den Bildwerken,Hans Walter,1971,1,ger,"gb,ia",ia:public;ia:public,GREEN,public-surrogate
9781796976991,9781796976991,Carezze,Fabio PASCALE,2019,1,ita,"gb,ia",,RED-UNVERIFIED,no-surrogate+holdings-unknown
9781976894329,9781976894329,Smalltalk,Martin Kunze,2018,1,ger,"gb,ia",,RED-UNVERIFIED,no-surrogate+holdings-unknown
9780757617270,9780757617270,"The 2000 Import and Export Market for Beans, Peas, Lentils and Other Legumes in Nicaragua (World Trade Report)","Peas, Lentils The Beans, Other Legumes Research Group",2001,1,,"gb,ia",,RED-UNVERIFIED,no-surrogate+holdings-unknown
9781095122686,9781095122686,6 Years Old And Awesome At Darts,Krazed Scribblers,2019,1,,"gb,ia",,RED-UNVERIFIED,no-surrogate+holdings-unknown
9781723007255,9781723007255,Lad and the Lion,Edgar Rice Burroughs,2018,1,eng,"gb,ia",,RED-UNVERIFIED,no-surrogate+holdings-unknown
9789063694357,9789063694357,"Different Brains, Different Approach",Huub van Osch,2017,1,eng,"gb,ia",ia:public;ia:public,GREEN,public-surrogate
9788439331490,9788439331490,Dietaris de la Generalitat de Catalunya,,1994,1,cat,"gb,ia",,RED-UNVERIFIED,no-surrogate+holdings-unknown
9781644615362,9781644615362,Enciclopedia Familiar Del Perro,"Catherine Dauvergne, Florence Desachy",2018,1,spa,"gb,ia",gb:partial,RED-UNVERIFIED,no-surrogate+holdings-unknown
9781555137793,9781555137793,The Little Children Visit Jesus (My Bible Book),Dennis Hockerman,1987,1,eng,"gb,ia",ia:public;ia:public;ia:public,GREEN,public-surrogate
9788203090622,9788203090622,Fra år til år,Sidsel Mørck,1978,1,nor,"gb,ia",,RED-UNVERIFIED,no-surrogate+holdings-unknown
9781870084550,9781870084550,James Bond 007,Mike Grell,1989,2,,"gb,ia",,RED-UNVERIFIED,no-surrogate+holdings-unknown
9781870084604,9781870084604,James Bond 007,Mike Grell,1989,2,,"gb,ia",,RED-UNVERIFIED,no-surrogate+holdings-unknown
9781476751450,9781476751450,Hard choices,Hillary Rodham Clinton,2014,5,eng,"gb,ia",gb:partial;ia:public;ia:public;ia:public,GREEN,public-surrogate
9781467689267,9781467689267,Hard choices,Hillary Rodham Clinton,2014,5,eng,"gb,ia",,RED-UNVERIFIED,no-surrogate+holdings-unknown
9781471131530,9781471131530,Hard choices,Hillary Rodham Clinton,2014,5,eng,"gb,ia",gb:partial,RED-UNVERIFIED,no-surrogate+holdings-unknown
9781476751474,9781476751474,Hard choices,Hillary Rodham Clinton,2014,5,eng,"gb,ia",gb:partial;ia:public;ia:public;ia:public;ia:public;ia:lending,GREEN,public-surrogate
9781925030471,9781925030471,Hard choices,Hillary Rodham Clinton,2014,5,eng,"gb,ia",gb:partial,RED-UNVERIFIED,no-surrogate+holdings-unknown
9781410471000,9781410471000,Hard choices,Hillary Rodham Clinton,2014,5,eng,"gb,ia",ia:public;ia:lending,GREEN,public-surrogate
9781077893894,9781077893894,Blank Sumo Wrestling Comic Book,Comicco Publishing,2019,1,eng,"gb,ia",,RED-UNVERIFIED,no-surrogate+holdings-unknown
9780125129107,9780125129107,Handbook of Thin Film Materials,Hari Singh Nalwa,2002,5,eng,"gb,ia",ia:public;ia:public;ia:lending;ia:lending;ia:lending;ia:lending;ia:lending,GREEN,public-surrogate
9780125129091,9780125129091,Handbook of Thin Film Materials,Hari Singh Nalwa,2002,5,eng,"gb,ia",ia:lending;ia:lending;ia:lending;ia:lending;ia:lending,GREEN,public-surrogate
9780125129138,9780125129138,Handbook of Thin Film Materials,Hari Singh Nalwa,2002,5,eng,"gb,ia",ia:public;ia:public;ia:lending;ia:lending;ia:lending;ia:lending;ia:lending,GREEN,public-surrogate
9780125129121,9780125129121,Handbook of Thin Film Materials,Hari Singh Nalwa,2002,5,eng,"gb,ia",ia:public;ia:public;ia:lending;ia:lending;ia:lending;ia:lending;ia:lending,GREEN,public-surrogate
9780125129114,9780125129114,Handbook of Thin Film Materials,Hari Singh Nalwa,2002,5,eng,"gb,ia",ia:public;ia:public;ia:lending;ia:lending;ia:lending;ia:lending;ia:lending,GREEN,public-surrogate
9789971988692,9789971988692,Durable stability in Southeast Asia,Kusuma Snitwongse,1987,1,eng,"gb,ia",ia:public,GREEN,public-surrogate
9781608469840,9781608469840,Human Highlight,"Idris Goodwin, Kevin Coval",2018,1,eng,"gb,ia",ia:public;ia:public;ia:public,GREEN,public-surrogate
9781416024255,9781416024255,Saunders Clinical Skills for Medical Assistants: Disk Three,Saunders,2006,1,eng,"gb,ia",,RED-UNVERIFIED,no-surrogate+holdings-unknown
9780595161805,9780595161805,The Kingdom of Tara,Bobby Cresci,2000,1,eng,"gb,ia",,RED-UNVERIFIED,no-surrogate+holdings-unknown
9780194460644,9780194460644,Join In Developing Conversation Strategies,JR. Archie Richards,2008,1,,"gb,ia",,RED-UNVERIFIED,no-surrogate+holdings-unknown
9781461424543,9781461424543,Knowledge Services Management,"Peter K. Mills, Kevin M. Snyder",2012,1,,"gb,ia",,RED-UNVERIFIED,no-surrogate+holdings-unknown
9780910059046,9780910059046,State laws and regulations governing newborn screening,Lori B. Andrews,1985,1,eng,"gb,ia",ia:public;ia:public;ia:lending,GREEN,public-surrogate
9781874774396,9781874774396,"Crisis and Achievement, 1939-1995 (The Kibbutz Movement: a History)",Henry Near,2008,1,eng,"gb,ia",,RED-UNVERIFIED,no-surrogate+holdings-unknown
9787805751535,9787805751535,Xin hua ri bao Chengdu ying ye fen chu shi gao,,1991,1,cmn,"gb,ia",,RED-UNVERIFIED,no-surrogate+holdings-unknown
9783668648432,9783668648432,Videoüberwachung. lösung Zur Gefahrenabwehr Oder der Nur eine Verlagerung der Kriminalität?,Liane Stolz,2018,1,ger,"gb,ia",,RED-UNVERIFIED,no-surrogate+holdings-unknown
9780872063389,9780872063389,Intensive English USA 2011,Carl De Angelis,2011,1,,"gb,ia",ia:public,GREEN,public-surrogate
9789637272035,9789637272035,Szántó Tibor és a Dunántúl,Tibor Tüskés,1988,1,hun,"gb,ia",,RED-UNVERIFIED,no-surrogate+holdings-unknown
9781411500273,9781411500273,"Nelson the newsboy, or, Afloat in New York","Horatio Alger, Jr.",1901,2,eng,"gb,ia",,RED-UNVERIFIED,no-surrogate+holdings-unknown
9781343899674,9781343899674,"The Deseret Weekly, Volume 38, Issue 1",Church of Jesus Christ of Latter-Day Saints.,2015,1,,"gb,ia",,RED-UNVERIFIED,no-surrogate+holdings-unknown
9781098015206,9781098015206,"The Facts, The Abuse, The Truth",John P Laws,2019,1,,"gb,ia",,RED-UNVERIFIED,no-surrogate+holdings-unknown
9780409868500,9780409868500,The law of evidence in civil cases,John Sopinka,1974,2,eng,"gb,ia",,RED-UNVERIFIED,no-surrogate+holdings-unknown
9781681463636,9781681463636,Beyond Lies the Wub,Philip K. Dick,2015,1,eng,"gb,ia",gb:partial,RED-UNVERIFIED,no-surrogate+holdings-unknown
9781853331626,9781853331626,"International Organizations and the Law of the Sea:Documentary Yearbook, 1987 (International Organizations and the Law of the Sea)",Netherlands Institute for the Law of the Sea Staff,1990,1,eng,"gb,ia",,RED-UNVERIFIED,no-surrogate+holdings-unknown
9780262283458,9780262283458,Mind Incarnate,Lawrence A. Shapiro,2004,2,eng,"gb,ia",,RED-UNVERIFIED,no-surrogate+holdings-unknown
9781417561780,9781417561780,Mind Incarnate,Lawrence A. Shapiro,2004,2,eng,"gb,ia",,RED-UNVERIFIED,no-surrogate+holdings-unknown
9789514625213,9789514625213,Creep of fresh-water ice at high homologous temperatures,Erkki K. M. Leppävuori,1976,1,eng,"gb,ia",,RED-UNVERIFIED,no-surrogate+holdings-unknown
9781798610916,9781798610916,Kino Amark and the Journey to Sonista,Nick O. Norton,2019,1,,"gb,ia",,RED-UNVERIFIED,no-surrogate+holdings-unknown
9787561610930,9787561610930,Liu yu kai fa gui hua fang fa yu shi jian,Guoqiang Yuan,1992,1,cmn,"gb,ia",,RED-UNVERIFIED,no-surrogate+holdings-unknown
9781502129062,9781502129062,Battles of the Civil War - Antietam - 6 Pack,Daniel Rosen,2015,3,eng,"gb,ia",,RED-UNVERIFIED,no-surrogate+holdings-unknown
9781502127105,9781502127105,Battles of the Civil War - Antietam - 6 Pack,Daniel Rosen,2015,3,eng,"gb,ia",,RED-UNVERIFIED,no-surrogate+holdings-unknown
9781502166128,9781502166128,Battles of the Civil War - Antietam - 6 Pack,Daniel Rosen,2015,3,eng,"gb,ia",,RED-UNVERIFIED,no-surrogate+holdings-unknown
9780062065353,9780062065353,The melt method,Sue Hitzmann,2013,4,eng,"gb,ia",ia:public;ia:public;ia:public;ia:public;ia:public;ia:public;ia:lending,GREEN,public-surrogate
9780062065360,9780062065360,The melt method,Sue Hitzmann,2013,4,eng,"gb,ia",ia:public;ia:public;ia:public;ia:lending,GREEN,public-surrogate
9780062065377,9780062065377,The melt method,Sue Hitzmann,2013,4,eng,"gb,ia",gb:partial,RED-UNVERIFIED,no-surrogate+holdings-unknown
9780062362933,9780062362933,The melt method,Sue Hitzmann,2013,4,eng,"gb,ia",gb:partial,RED-UNVERIFIED,no-surrogate+holdings-unknown
9781548026387,9781548026387,Software Development and Distribution Agreement - Legally Binding,Julien Coallier,2017,1,eng,"gb,ia",,RED-UNVERIFIED,no-surrogate+holdings-unknown
9782851190123,9782851190123,"René Magritte, signes et images",René Magritte,1977,3,eng,"gb,ia",,RED-UNVERIFIED,no-surrogate+holdings-unknown
9780801046438,9780801046438,Paul and the Competing Mission in Corinth,Michael D. Goulder,1998,1,eng,"gb,ia",,RED-UNVERIFIED,no-surrogate+holdings-unknown
9780996778565,9780996778565,No Title,C. C. Wyatt,2018,1,eng,"gb,ia",,RED-UNVERIFIED,no-surrogate+holdings-unknown
9788072627769,9788072627769,O hostitelích a hostech,Jiří Dienstbier,2011,1,cze,"gb,ia",,RED-UNVERIFIED,no-surrogate+holdings-unknown
9781718633964,9781718633964,FPY First Pass Yield,Gerardus Blokdyk,2018,1,eng,"gb,ia",,RED-UNVERIFIED,no-surrogate+holdings-unknown
9780566070235,9780566070235,Developments in dynamic and activity-based approaches to travel analysis,Peter Jones,1990,1,eng,"gb,ia",,RED-UNVERIFIED,no-surrogate+holdings-unknown
9781444630060,9781444630060,Growth of Religious Ideas - As Illustrated by the Great English Poets,"H. g. Rosedale, H. G. Rosedale",2009,1,eng,"gb,ia",,RED-UNVERIFIED,no-surrogate+holdings-unknown
9781731269515,9781731269515,Keimzeit,"Jurik Ley, Sven Svenson",2018,1,ger,"gb,ia",,RED-UNVERIFIED,no-surrogate+holdings-unknown
9780990655107,9780990655107,Living in San Miguel,John Scherber,2014,1,,"gb,ia",,RED-UNVERIFIED,no-surrogate+holdings-unknown
9780262517560,9780262517560,Beyond red and blue,Peter S. Wenz,2009,4,eng,"gb,ia",ia:public,GREEN,public-surrogate
9780262257466,9780262257466,Beyond red and blue,Peter S. Wenz,2009,4,eng,"gb,ia",,RED-UNVERIFIED,no-surrogate+holdings-unknown
9780262012959,9780262012959,Beyond red and blue,Peter S. Wenz,2009,4,eng,"gb,ia",ia:public;ia:lending;ia:public;ia:public,GREEN,public-surrogate
9780262254953,9780262254953,Beyond red and blue,Peter S. Wenz,2009,4,eng,"gb,ia",,RED-UNVERIFIED,no-surrogate+holdings-unknown
9781563117763,9781563117763,"Hell on land, disaster at sea","Fred E. Randle, William W. Hughes",2002,3,eng,"gb,ia",gb:partial,RED-UNVERIFIED,no-surrogate+holdings-unknown
9781630269562,9781630269562,"Hell on land, disaster at sea","Fred E. Randle, William W. Hughes",2002,3,eng,"gb,ia",,RED-UNVERIFIED,no-surrogate+holdings-unknown
9781419649509,9781419649509,Letters from Palestine,Fabrizio Galimberti,2006,2,eng,"gb,ia",,RED-UNVERIFIED,no-surrogate+holdings-unknown
9781419640261,9781419640261,Letters from Palestine,Fabrizio Galimberti,2006,2,eng,"gb,ia",,RED-UNVERIFIED,no-surrogate+holdings-unknown
9780359609116,9780359609116,Gettin' To Carryin' On,K.Lisette Stevens,2019,1,,"gb,ia",,RED-UNVERIFIED,no-surrogate+holdings-unknown
9786059897525,9786059897525,Hayatın emekçisi Sevgi Soysal sempozyumu,Nahit Kayabaşı,2018,1,tur,"gb,ia",,RED-UNVERIFIED,no-surrogate+holdings-unknown
9783428066667,9783428066667,"Judicial records, law reports, and the growth of case law",John Hamilton Baker,1989,1,eng,"gb,ia",,RED-UNVERIFIED,no-surrogate+holdings-unknown
9781798863930,9781798863930,Poesia para Maria Fernanda,C. J. Gallegos,2019,1,spa,"gb,ia",,RED-UNVERIFIED,no-surrogate+holdings-unknown
9789048531714,9789048531714,Trans-Himalayan Borderlands,"Dan Smyer Yu, Jean Michaud",2017,2,eng,"gb,ia",gb:partial,RED-UNVERIFIED,no-surrogate+holdings-unknown
9789462981928,9789462981928,Trans-Himalayan Borderlands,"Dan Smyer Yu, Jean Michaud",2017,2,eng,"gb,ia",ia:public;ia:public,GREEN,public-surrogate
9780335222513,9780335222513,Cinema Entertainment,"Gianluca Sergi, Alan Lovell",2009,2,eng,"gb,ia",ia:public;ia:public;ia:lending,GREEN,public-surrogate
9780335240449,9780335240449,Cinema Entertainment,"Gianluca Sergi, Alan Lovell",2009,2,eng,"gb,ia",gb:partial,RED-UNVERIFIED,no-surrogate+holdings-unknown
9780590447096,9780590447096,Sally's room,M. K. Brown,1992,1,eng,"gb,ia",ia:public;ia:public;ia:public;ia:lending,GREEN,public-surrogate
9781700405784,9781700405784,Adult Coloring Book - Zodiac,Emma & Sophia,2019,1,eng,"gb,ia",,RED-UNVERIFIED,no-surrogate+holdings-unknown
9783858236999,9783858236999,Beduinen im Negev,Elisabeth Biasio,1998,1,ger,"gb,ia",ia:lending,GREEN,public-surrogate
9788253707396,9788253707396,Bedriftstelling 1974,Norway. Statistisk sentralbyrå.,1977,3,nor,"gb,ia",,RED-UNVERIFIED,no-surrogate+holdings-unknown
9788253707495,9788253707495,Bedriftstelling 1974,Norway. Statistisk sentralbyrå.,1977,3,nor,"gb,ia",,RED-UNVERIFIED,no-surrogate+holdings-unknown
9788253708065,9788253708065,Bedriftstelling 1974,Norway. Statistisk sentralbyrå.,1977,3,nor,"gb,ia",,RED-UNVERIFIED,no-surrogate+holdings-unknown
9781723893650,9781723893650,100 Most Powerful Prayers for Misbehaving,Toby Peterson,2018,1,eng,"gb,ia",,RED-UNVERIFIED,no-surrogate+holdings-unknown
9781410481429,9781410481429,Maggie bright,Tracy Groot,2015,1,eng,"gb,ia",ia:public;ia:lending,GREEN,public-surrogate
9786079136246,9786079136246,La enseñanza y construcción de historias regionales de la arquitectura,"Foro de Historia y Crítica de la Arquitectura Mexicana (6th 2008 Colima, Colima, Mexico)",2011,1,spa,"gb,ia",ia:public;ia:public;ia:lending,GREEN,public-surrogate
9780850883756,9780850883756,Nid mudan mo'r mor,Marged Pritchard,1976,1,wel,"gb,ia",,RED-UNVERIFIED,no-surrogate+holdings-unknown
9781349361847,9781349361847,Central European History and the European Union,S. Kirschbaum,2007,2,eng,"gb,ia",,RED-UNVERIFIED,no-surrogate+holdings-unknown
9780230579538,9780230579538,Central European History and the European Union,S. Kirschbaum,2007,2,eng,"gb,ia",gb:partial,RED-UNVERIFIED,no-surrogate+holdings-unknown
9780739424063,9780739424063,Pendragon,Catherine Coulter,2002,1,,"gb,ia",,RED-UNVERIFIED,no-surrogate+holdings-unknown
9789992641750,9789992641750,Jumbo English Yearbook,Marie-Jose Shaw,1970,3,eng,"gb,ia",,RED-UNVERIFIED,no-surrogate+holdings-unknown
9789992641736,9789992641736,Jumbo English Yearbook,Marie-Jose Shaw,1970,3,eng,"gb,ia",,RED-UNVERIFIED,no-surrogate+holdings-unknown
9780820900001,9780820900001,Jumbo English Yearbook,Marie-Jose Shaw,1970,3,eng,"gb,ia",,RED-UNVERIFIED,no-surrogate+holdings-unknown
9780446324250,9780446324250,Heartbreaker,Jane Foster Thornton,1984,1,eng,"gb,ia",,RED-UNVERIFIED,no-surrogate+holdings-unknown
9782905262714,9782905262714,Le vent mauvais,Jean-Paul Malaval,1993,1,fre,"gb,ia",,RED-UNVERIFIED,no-surrogate+holdings-unknown
9788804617754,9788804617754,"Il diavolo, certamente",Andrea Camilleri,2012,1,ita,"gb,ia",ia:public;ia:lending,GREEN,public-surrogate
9780789715296,9780789715296,Using Java 1.2,"Weber, Joe",1998,1,eng,"gb,ia",ia:lending,GREEN,public-surrogate
9781087395586,9781087395586,Illusion Game,Timothy C. Ryan,2019,1,eng,"gb,ia",,RED-UNVERIFIED,no-surrogate+holdings-unknown
9780533120031,9780533120031,To See a Pimp in School,Chris Weaver,1997,1,eng,"gb,ia",ia:public;ia:lending,GREEN,public-surrogate
9780309137928,9780309137928,Sustainable critical infrastructure systems,"Toward Sustainable Critical Infrastructure Systems: Framing the Challenges Workshop (2008 Washington, D.C.)",2009,1,eng,"gb,ia",gb:partial;ia:public,GREEN,public-surrogate
9788813290948,9788813290948,Qualità della giustizia e indipendenza della magistratura nell'opinione dei magistrati italiani,Michele Sapignoli,2009,1,ita,"gb,ia",,RED-UNVERIFIED,no-surrogate+holdings-unknown
9785983930117,9785983930117,Nasledie komet,Nikolaĭ Alekseevich Kli︠u︡ev,2006,1,rus,"gb,ia",,RED-UNVERIFIED,no-surrogate+holdings-unknown
9780613915397,9780613915397,Gene wars,Kristin Dawkins,1997,3,eng,"gb,ia",,RED-UNVERIFIED,no-surrogate+holdings-unknown
9781888363487,9781888363487,Gene wars,Kristin Dawkins,1997,3,eng,"gb,ia",ia:lending,GREEN,public-surrogate
9781583224205,9781583224205,Gene wars,Kristin Dawkins,1997,3,eng,"gb,ia",gb:partial,RED-UNVERIFIED,no-surrogate+holdings-unknown
9780203981634,9780203981634,Language Society and Power,"Kenneth W. Thomas, Wareing",2002,2,eng,"gb,ia",,RED-UNVERIFIED,no-surrogate+holdings-unknown
9780203329139,9780203329139,Language Society and Power,"Kenneth W. Thomas, Wareing",2002,2,eng,"gb,ia",,RED-UNVERIFIED,no-surrogate+holdings-unknown
9780321172136,9780321172136,"Selections from Longman World History, Volume I",George F. Jewsbury,2002,1,eng,"gb,ia",ia:lending,GREEN,public-surrogate
9780139077593,9780139077593,Foundations of electronics,J. R. Cogdell,1999,1,eng,"gb,ia",ia:public,GREEN,public-surrogate
9781519638847,9781519638847,Abigail's Grand Adventure,Dawn Brown,2015,1,eng,"gb,ia",,RED-UNVERIFIED,no-surrogate+holdings-unknown
9781791768706,9781791768706,Butterfly Journal,Trueheart Designs,2018,1,eng,"gb,ia",,RED-UNVERIFIED,no-surrogate+holdings-unknown
9780899701769,9780899701769,"Socioeconomic Charactersitics of Medical Practice, 1984",Roger A. Reynolds,1988,1,,"gb,ia",ia:public,GREEN,public-surrogate
9781424148752,9781424148752,Warrior's Daughter,MaryAnn Easley,2007,1,eng,"gb,ia",,RED-UNVERIFIED,no-surrogate+holdings-unknown
9780665821578,9780665821578,Ressources du pays de Québec à Winnipeg le long de la ligne du Grand Trunk Pacific Railway (et carte),Henry M. Ami,1903,1,fre,"gb,ia",ia:public,GREEN,public-surrogate
9780405106378,9780405106378,The international legal status of the Kwantung leased territory,C. Walter Young,1931,3,eng,"gb,ia",,RED-UNVERIFIED,no-surrogate+holdings-unknown
9780333387948,9780333387948,Urban Transport,J. Whitelegg,1985,1,,"gb,ia",,RED-UNVERIFIED,no-surrogate+holdings-unknown
9782895792215,9782895792215,Les bonbons au miel,Laïla Héloua,2008,1,fre,"gb,ia",ia:public;ia:public;ia:public;ia:public;ia:lending,GREEN,public-surrogate
9780297179948,9780297179948,English Party Politics,,1970,1,eng,"gb,ia",ia:public;ia:public;ia:lending,GREEN,public-surrogate
9780716762195,9780716762195,Probability and Statistics Solutions Manual,"Michael J. Evans, Jeffrey S. Rosenthal",2006,1,eng,"gb,ia",,RED-UNVERIFIED,no-surrogate+holdings-unknown
9782843465949,9782843465949,De Nantes à Brest,"Jacques Guillet, Nathalie Couilloud",2015,1,fre,"gb,ia",,RED-UNVERIFIED,no-surrogate+holdings-unknown
9780784408148,9780784408148,Sedimentation engineering,American Society of Civil Engineers. Task Committee for the Preparation of the Manual on Sedimentation.,1975,2,eng,"gb,ia",,RED-UNVERIFIED,no-surrogate+holdings-unknown
9780872620018,9780872620018,Sedimentation engineering,American Society of Civil Engineers. Task Committee for the Preparation of the Manual on Sedimentation.,1975,2,eng,"gb,ia",ia:public;ia:lending,GREEN,public-surrogate
9789491736070,9789491736070,Over grenzen,Evert van der Zweerde,2017,1,dut,"gb,ia",,RED-UNVERIFIED,no-surrogate+holdings-unknown
9780874366907,9780874366907,Encyclopedia of Russian history,John Paxton,1993,1,eng,"gb,ia",ia:lending,GREEN,public-surrogate
9781548899479,9781548899479,Pixel-Perfect SimpleMyopia,Francis Gurtowski,2017,1,eng,"gb,ia",,RED-UNVERIFIED,no-surrogate+holdings-unknown
9789501512472,9789501512472,A toda maquina : Bill Gates y la creacion del imperio microsoft,,1992,1,,"gb,ia",,RED-UNVERIFIED,no-surrogate+holdings-unknown
9780140826166,9780140826166,From Egg to Adult,Michael Abercrombie,1971,1,eng,"gb,ia",,RED-UNVERIFIED,no-surrogate+holdings-unknown
9781511572941,9781511572941,Indiscreciones,Ismael Tuchi,2015,1,spa,"gb,ia",,RED-UNVERIFIED,no-surrogate+holdings-unknown
9782732888354,9782732888354,Le west highland white terrier,F. Deleidi,2007,1,fre,"gb,ia",ia:public;ia:public;ia:public;ia:lending,GREEN,public-surrogate
9781541908567,9781541908567,Simplified Money Tree - Children's Money and Saving Reference,Baby Professor,2017,1,eng,"gb,ia",,RED-UNVERIFIED,no-surrogate+holdings-unknown
9782915918090,9782915918090,Sur les ruines du Tchad,Arnaud Dingammadji,2009,1,fre,"gb,ia",,RED-UNVERIFIED,no-surrogate+holdings-unknown
9781326154578,9781326154578,Cow,Mysa Elsheikh,2015,1,eng,"gb,ia",,RED-UNVERIFIED,no-surrogate+holdings-unknown
9781539416005,9781539416005,A is for Asshole : Interesting Insults and Creative Curses for adults to color,Carolynn Schwartz,2016,1,,"gb,ia",,RED-UNVERIFIED,no-surrogate+holdings-unknown
9783884143872,9783884143872,Aufgehoben in der Gemeinde,Matthias Krisor,2005,1,ger,"gb,ia",,RED-UNVERIFIED,no-surrogate+holdings-unknown
9780946693009,9780946693009,Towards common ownership,LabourFinance & Industry Group.,1983,1,eng,"gb,ia",,RED-UNVERIFIED,no-surrogate+holdings-unknown
9781521226551,9781521226551,Por el Espacio Del Tiempo,"Jesús Arroyo Cruz, José Antonio Martínez Álvarez",2017,1,spa,"gb,ia",,RED-UNVERIFIED,no-surrogate+holdings-unknown
9788970880020,9788970880020,Kugŏ wa minjok munhwa,,1995,2,kor,"gb,ia",,RED-UNVERIFIED,no-surrogate+holdings-unknown
9781093751611,9781093751611,Proclamen Su Poder,Ralph Larson,2019,1,spa,"gb,ia",,RED-UNVERIFIED,no-surrogate+holdings-unknown
9781682131633,9781682131633,Step-by-step resumes for all construction trades,Evelyn U. Salvador,2016,1,eng,"gb,ia",,RED-UNVERIFIED,no-surrogate+holdings-unknown
9783050077437,9783050077437,Time Kai Doxa,Haritini Kotsidu,2014,1,ger,"gb,ia",gb:partial,RED-UNVERIFIED,no-surrogate+holdings-unknown
9785170112364,9785170112364,"Bolezni ot A do Ya. Klassifikatsiya, lechenie, predotvraschenie",,2002,1,,"gb,ia",,RED-UNVERIFIED,no-surrogate+holdings-unknown
9780692867617,9780692867617,Relevant Faith in the Twenty-First Century,Jo Ann W. Coles,2017,1,,"gb,ia",,RED-UNVERIFIED,no-surrogate+holdings-unknown
9789807801003,9789807801003,Francisco de Miranda en acción,Simón Trujillo,2016,1,spa,"gb,ia",,RED-UNVERIFIED,no-surrogate+holdings-unknown
9783639000092,9783639000092,Christian fatherhood in America,Justin Sands,2008,1,eng,"gb,ia",ia:public;ia:public;ia:lending,GREEN,public-surrogate
9789632717272,9789632717272,Barátok,"Berkesi, András",1982,1,hun,"gb,ia",,RED-UNVERIFIED,no-surrogate+holdings-unknown
9783849904807,9783849904807,DINOSAURIOS.,VARIOS,2013,1,,"gb,ia",,RED-UNVERIFIED,no-surrogate+holdings-unknown
9785939724784,9785939724784,Stanovlenie trinitarnogo myshlenii︠a︡,R. G. Barant︠s︡ev,2005,1,rus,"gb,ia",,RED-UNVERIFIED,no-surrogate+holdings-unknown
9789795510109,9789795510109,Aktivitas gempabumi di Indonesia,Engkon Kertapati,2006,1,ind,"gb,ia",,RED-UNVERIFIED,no-surrogate+holdings-unknown
9780000178046,9780000178046,Awen y Gael - Barddoniaeth Aeleg 1450-1914,John Stoddart,1987,1,wel,"gb,ia",,RED-UNVERIFIED,no-surrogate+holdings-unknown
9783786352105,9783786352105,Chemie. Chemie- Wissen. Sekundarstufe 1.,Günther Ziegelmaier,2001,1,,"gb,ia",,RED-UNVERIFIED,no-surrogate+holdings-unknown
9780954207946,9780954207946,Echoes in the darkness,Jannis Kounellis,2002,1,eng,"gb,ia",ia:public,GREEN,public-surrogate
9788476354179,9788476354179,La métrica española en su contexto románico,Isabel Paraíso Almansa,2000,1,spa,"gb,ia",ia:lending,GREEN,public-surrogate
9780947554958,9780947554958,Mosquito Pathfinder,Albert / Ian Smith,2004,1,eng,"gb,ia",,RED-UNVERIFIED,no-surrogate+holdings-unknown
9789995052171,9789995052171,Where decentratisation meets democracy,Kim Sedara,2007,1,eng,"gb,ia",,RED-UNVERIFIED,no-surrogate+holdings-unknown
9780071452083,9780071452083,Teach Yourself NLP (Teach Yourself),"Steve Bavister, Amanda Vickers",2005,1,eng,"gb,ia",ia:lending,GREEN,public-surrogate
9781565044197,9781565044197,Technocracy,"Phil Brucato, Mark Cenczyk",2000,1,eng,"gb,ia",,RED-UNVERIFIED,no-surrogate+holdings-unknown
9783848717286,9783848717286,Landsgemeinde Oder Urne - Was Ist Demokratischer?,Hans-Peter Schaub,2016,1,ger,"gb,ia",,RED-UNVERIFIED,no-surrogate+holdings-unknown
9781723987762,9781723987762,Gnosi,Boris Mouravieff,2018,3,ita,"gb,ia",,RED-UNVERIFIED,no-surrogate+holdings-unknown
9781724089540,9781724089540,Gnosi,Boris Mouravieff,2018,3,ita,"gb,ia",,RED-UNVERIFIED,no-surrogate+holdings-unknown
9781724087997,9781724087997,Gnosi,Boris Mouravieff,2018,3,ita,"gb,ia",,RED-UNVERIFIED,no-surrogate+holdings-unknown
9781539262947,9781539262947,Louisiana Practice,Bobby Marzine Harges,2019,1,eng,"gb,ia",,RED-UNVERIFIED,no-surrogate+holdings-unknown
9788975485176,9788975485176,Sarang man ŭronŭn salsu ŏpta,Aaron T. Beck,2001,1,kor,"gb,ia",,RED-UNVERIFIED,no-surrogate+holdings-unknown
9781791928612,9781791928612,Memory Manifestation,S. P. . D. Johnstone,2017,1,eng,"gb,ia",,RED-UNVERIFIED,no-surrogate+holdings-unknown
9789948209164,9789948209164,Ḥabl afkārī,ʻAbd Allāh Kaʻbī,2014,1,ara,"gb,ia",gb:partial,RED-UNVERIFIED,no-surrogate+holdings-unknown
9781701902664,9781701902664,Kalender 2020 Bester Buchhalter,BerufsKalender Publishing,2019,1,ger,"gb,ia",,RED-UNVERIFIED,no-surrogate+holdings-unknown
9781092435956,9781092435956,"Proud to Be from Hendersonville, Mississippi",Geonoted Geoproud,2019,1,eng,"gb,ia",,RED-UNVERIFIED,no-surrogate+holdings-unknown
9788787597708,9788787597708,Krisedigte,Jan Jensen,1979,1,dan,"gb,ia",,RED-UNVERIFIED,no-surrogate+holdings-unknown
9780393244946,9780393244946,Landscape at the End of the Century,Stephen Dunn,1992,1,eng,"gb,ia",gb:partial,RED-UNVERIFIED,no-surrogate+holdings-unknown
9780820330891,9780820330891,Cornbread Nation 4,John Shelton Reed,2008,1,,"gb,ia",gb:partial;ia:public;ia:public;ia:public;ia:lending,GREEN,public-surrogate
9781786437501,9781786437501,Intellectual Property Jurisdiction Strategies,Torsten B. Larsen,2017,1,eng,"gb,ia",,RED-UNVERIFIED,no-surrogate+holdings-unknown
9781539040590,9781539040590,Penguins Poems and Parables,Seth Neeley,2016,1,eng,"gb,ia",,RED-UNVERIFIED,no-surrogate+holdings-unknown
9781403461940,9781403461940,The home front,Brenda Williams,2005,1,eng,"gb,ia",ia:lending,GREEN,public-surrogate
9780431103846,9780431103846,The home front,Brenda Williams,2005,1,eng,"gb,ia",ia:lending,GREEN,public-surrogate
9782729894139,9782729894139,Le franc-parler de l'allemand,Marinier,1998,1,,"gb,ia",,RED-UNVERIFIED,no-surrogate+holdings-unknown
9783631524053,9783631524053,Rodins Gipse,Heike Höcherl,2003,1,ger,"gb,ia",,RED-UNVERIFIED,no-surrogate+holdings-unknown
9781579612764,9781579612764,"Financial Accounting & Reporting (Cpa Comprehensive Exam Review Financial Accounting and Reporting, Business Enterprises)",Nathan M. Bisk,2003,2,eng,"gb,ia",,RED-UNVERIFIED,no-surrogate+holdings-unknown
9781579613815,9781579613815,"Financial Accounting & Reporting (Cpa Comprehensive Exam Review Financial Accounting and Reporting, Business Enterprises)",Nathan M. Bisk,2003,2,eng,"gb,ia",ia:public;ia:public,GREEN,public-surrogate
9781517903350,9781517903350,Buildings and Landscapes 24. 1,"Anna Vemer Andrzejewski, Cynthia G. Falk",2017,1,eng,"gb,ia",ia:public,GREEN,public-surrogate
9780901308955,9780901308955,The Institute of Cost and Management Accountants,"Institute of Cost and Management Accountants., C.W. Banyard",1985,2,eng,"gb,ia",,RED-UNVERIFIED,no-surrogate+holdings-unknown
9780310910534,9780310910534,"Holy Bible, New International Version",,1984,1,,"gb,ia",,RED-UNVERIFIED,no-surrogate+holdings-unknown
9780958468091,9780958468091,Monitoring regional integration in Southern Africa,Anton Bösl,2007,1,eng,"gb,ia",,RED-UNVERIFIED,no-surrogate+holdings-unknown
9780446389761,9780446389761,In Search of Excellence Lessons From Ame,Thomas J. Peters,1988,1,eng,"gb,ia",ia:public,GREEN,public-surrogate
9788860565389,9788860565389,Variazioni dacostiane,Omero Proietti,2017,1,ita,"gb,ia",,RED-UNVERIFIED,no-surrogate+holdings-unknown
9783570101353,9783570101353,Feindbild Islam,Jürgen Todenhöfer,2011,1,ger,"gb,ia",,RED-UNVERIFIED,no-surrogate+holdings-unknown
9780874341072,9780874341072,Springhouse Drug Reference,Donna Hilton,1988,1,eng,"gb,ia",,RED-UNVERIFIED,no-surrogate+holdings-unknown
9781090795762,9781090795762,Travel Like a Local - Map of Manaus,Maxwell Fox,2019,1,eng,"gb,ia",,RED-UNVERIFIED,no-surrogate+holdings-unknown
9783945187654,9783945187654,Die Wannsee-Konferenz vom 20. Januar 1942,Kurt Pätzold,2016,1,ger,"gb,ia",,RED-UNVERIFIED,no-surrogate+holdings-unknown
9781565000117,9781565000117,Beginning Math Art Sums Eleven to Twenty/Workbook,Randy L. Wamack,1990,1,eng,"gb,ia",,RED-UNVERIFIED,no-surrogate+holdings-unknown
9783848741380,9783848741380,Einfuhrung in das Japanische Recht,"Johannes Kaspar, Oliver Schon",2017,1,ger,"gb,ia",,RED-UNVERIFIED,no-surrogate+holdings-unknown
9780543917102,9780543917102,History of the Land Question in the United States,Shosuke Sato,2001,3,eng,"gb,ia",,RED-UNVERIFIED,no-surrogate+holdings-unknown
9781022171091,9781022171091,History of the Land Question in the United States,Shosuke Sato,2001,3,eng,"gb,ia",,RED-UNVERIFIED,no-surrogate+holdings-unknown
9781020930386,9781020930386,History of the Land Question in the United States,Shosuke Sato,2001,3,eng,"gb,ia",,RED-UNVERIFIED,no-surrogate+holdings-unknown
9783534103263,9783534103263,"Theater, Film und Literatur in Frankreich",Franz-Josef Albersmeier,1992,1,ger,"gb,ia",,RED-UNVERIFIED,no-surrogate+holdings-unknown
9786077687986,9786077687986,América Latina y México en los albores de la guerra fría,Gregorio Sosenski D.,2013,1,spa,"gb,ia",,RED-UNVERIFIED,no-surrogate+holdings-unknown
9780590758079,9780590758079,Curious George takes a job,H. A. Rey,1975,1,,"gb,ia",,RED-UNVERIFIED,no-surrogate+holdings-unknown
9780464077701,9780464077701,Male Art Form,Blokes Books,2019,1,eng,"gb,ia",,RED-UNVERIFIED,no-surrogate+holdings-unknown
9781452768595,9781452768595,Republic of Mozambique,International Monetary Fund,2007,2,eng,"gb,ia",,RED-UNVERIFIED,no-surrogate+holdings-unknown
9781452716381,9781452716381,Republic of Mozambique,International Monetary Fund,2007,2,eng,"gb,ia",,RED-UNVERIFIED,no-surrogate+holdings-unknown
9780944508008,9780944508008,How to become a United States citizen,Sally Abel Schreuder,1988,1,eng,"gb,ia",ia:lending,GREEN,public-surrogate
9781453793978,9781453793978,Source,"Andrew Neis, David Christian, Peter Neis, Evan Behringer, Francesco Pontoriero",2010,1,eng,"gb,ia",,RED-UNVERIFIED,no-surrogate+holdings-unknown
9781349106882,9781349106882,Advances in the theory and measurement of unemployment,"Yoram Weiss, Gideon Fishelson",1989,2,eng,"gb,ia",gb:partial,RED-UNVERIFIED,no-surrogate+holdings-unknown
9780312027971,9780312027971,Advances in the theory and measurement of unemployment,"Yoram Weiss, Gideon Fishelson",1989,2,eng,"gb,ia",ia:public;ia:public,GREEN,public-surrogate
9780615147185,9780615147185,Tyler Trio Adventure Boston Tea Party (Tyler Trio Adventure),B.A. Parra,2007,1,eng,"gb,ia",,RED-UNVERIFIED,no-surrogate+holdings-unknown
9781511744744,9781511744744,Geometric Zentangle Basics : Learn to Draw Zentangle Patterns Step by Step Book 2,Jeet Gala,2015,1,eng,"gb,ia",,RED-UNVERIFIED,no-surrogate+holdings-unknown
9783862980499,9783862980499,Recht und Praxis des Versicherungsmaklers,Mario Zinnert,2008,1,gem,"gb,ia",,RED-UNVERIFIED,no-surrogate+holdings-unknown
9788652112630,9788652112630,Četiri slike Srpske Apokalipse,Goran Aranđelović,2013,1,srp,"gb,ia",,RED-UNVERIFIED,no-surrogate+holdings-unknown
9786051593456,9786051593456,Seyyid Tâhâ Hakkârî ve Nehrî dergâhı,Mehmet Saki Çakır,2017,1,tur,"gb,ia",,RED-UNVERIFIED,no-surrogate+holdings-unknown
9780101729529,9780101729529,Agreement between the government of the United Kingdom of Great Britain and Northern Ireland and the Government of the Islamic Republic of Pakistan on the transfer of Prisoners,Great Britain: Foreign and Commonwealth Office Staff,2007,1,eng,"gb,ia",,RED-UNVERIFIED,no-surrogate+holdings-unknown
9789592092556,9789592092556,La muerte en Cuba (Contemporaneos),"Figarola, Joel James.",1999,1,spa,"gb,ia",,RED-UNVERIFIED,no-surrogate+holdings-unknown
9781438204741,9781438204741,American Landscapes,Allyson Ricketts,2009,1,eng,"gb,ia",,RED-UNVERIFIED,no-surrogate+holdings-unknown
9780746500729,9780746500729,Traditions in Mysticism,M P Pandit,1987,1,,"gb,ia",,RED-UNVERIFIED,no-surrogate+holdings-unknown
9780916378776,9780916378776,Starting and Operating a Business in Connecticut (Starting and Operating a Business In...),"Oasis Press Editors, Ernst & Young LLP, Michael D. Jenkins",1988,1,eng,"gb,ia",,RED-UNVERIFIED,no-surrogate+holdings-unknown
9780665592072,9780665592072,A forgotten northern fortress,J. C. Schultz,1894,2,eng,"gb,ia",,RED-UNVERIFIED,no-surrogate+holdings-unknown
9780342462124,9780342462124,"Old World Background to American History; an Elementary History for the Grades or Junior High School. Rev. ed. of ""The Story of Europe,""",Samuel Bannister Harding,2018,1,,"gb,ia",,RED-UNVERIFIED,no-surrogate+holdings-unknown
9781578492923,9781578492923,"Follow the Leader ... if you dare (Childrens Activity Book Early Elementary, Camp Adventure - Spiritual 50 Days)",Mimi L. Larson,2003,1,eng,"gb,ia",,RED-UNVERIFIED,no-surrogate+holdings-unknown
9783638810128,9783638810128,Vergleich von Einsatz- und Mehrsatz-Training im Krafttraining bei Frauen,Justyna Riehl,2007,1,ger,"gb,ia",gb:partial,RED-UNVERIFIED,no-surrogate+holdings-unknown
9780713631005,9780713631005,Grannies and Grandads,"Sue Perry, Norma Wildman",1989,1,,"gb,ia",ia:public;ia:public;ia:public;ia:public;ia:public;ia:public;ia:lending,GREEN,public-surrogate
9780971998414,9780971998414,A Catechism for Small Children,Rufus S. Hill,2002,1,,"gb,ia",gb:partial,RED-UNVERIFIED,no-surrogate+holdings-unknown
9789957801588,9789957801588,تجويد آيات الرحمن في تلاوة القرآن,صبري، نائلة هاشم,2015,1,ara,"gb,ia",,RED-UNVERIFIED,no-surrogate+holdings-unknown
9788484890935,9788484890935,Memoria de la palabra,"Asociación Internacional ""Siglo de Oro"". Congreso Internacional, MarÃ­a Luisa Lobato, Francisco DomÃ­nguez Matito (eds.)",2004,2,spa,"gb,ia",ia:public;ia:lending,GREEN,public-surrogate
9780002233712,9780002233712,Well of Time Uk,Tom Henighan,1988,2,,"gb,ia",ia:lending,GREEN,public-surrogate
9783640573356,9783640573356,Die Darstellung der Wienand-Steiner Affäre und Karl Wienands in der Presse,Stefan Langenbach,2010,1,eng,"gb,ia",gb:partial,RED-UNVERIFIED,no-surrogate+holdings-unknown
9783472039976,9783472039976,Verhaltensauffällige Kinder in Schule und Familie. Neue Lösungen oder alte Rezepte?,Reinhard Voß,2000,1,,"gb,ia",,RED-UNVERIFIED,no-surrogate+holdings-unknown
9780852955284,9780852955284,Liquid hydrocarbon storage tank fires,Institution of Chemical Engineers (Great Britain),2008,2,eng,"gb,ia",ia:public;ia:public,GREEN,public-surrogate
9781910453056,9781910453056,Manila Harbour,Martin Granger,2015,2,eng,"gb,ia",ia:public,GREEN,public-surrogate
9781910453049,9781910453049,Manila Harbour,Martin Granger,2015,2,eng,"gb,ia",,RED-UNVERIFIED,no-surrogate+holdings-unknown
9788959194278,9788959194278,Olla ch'ikkosǔ,Hun Cho,2012,1,kor,"gb,ia",,RED-UNVERIFIED,no-surrogate+holdings-unknown
9781511514705,9781511514705,Classic Silent Films Poster Book,Jake Lenburg,2015,1,eng,"gb,ia",,RED-UNVERIFIED,no-surrogate+holdings-unknown
9789004178786,9789004178786,Evidence and interpretation in studies on early science and medicine,"John Emery Murdoch, Edith Dudley Sylla, William Royall Newman",2009,2,eng,"gb,ia",,RED-UNVERIFIED,no-surrogate+holdings-unknown
9780138149819,9780138149819,Administrative Law : Bureaucracy in a Democracy,"Daniel E. Hall, John Feldmeier",2008,1,eng,"gb,ia",,RED-UNVERIFIED,no-surrogate+holdings-unknown
9782847431940,9782847431940,La ville dans l'espace post-soviétique,"André Filler, Sofia Tchouikina",2017,1,fre,"gb,ia",,RED-UNVERIFIED,no-surrogate+holdings-unknown
9781904329060,9781904329060,Rupert Annual 2003,Pedigree Annuals,2002,1,,"gb,ia",ia:public;ia:public;ia:lending,GREEN,public-surrogate
9781458782359,9781458782359,Bowled Over,Oriard,2010,1,eng,"gb,ia",gb:partial,RED-UNVERIFIED,no-surrogate+holdings-unknown
9787519815042,9787519815042,中电投江西电力有限公司志(2003-2015),"""中电投江西电力有限公司志""编纂委员会",2018,1,chi,"gb,ia",,RED-UNVERIFIED,no-surrogate+holdings-unknown
9782268049380,9782268049380,La salle des professeurs,Gaston-Paul Effa,2004,1,fre,"gb,ia",,RED-UNVERIFIED,no-surrogate+holdings-unknown
9781935089452,9781935089452,Boots on the Ground with Music in My Hands,"Al Gould, Jackie Gould",2011,1,,"gb,ia",,RED-UNVERIFIED,no-surrogate+holdings-unknown
9788956692982,9788956692982,Paekche ŭi sumkyŏl,Chʻae-su Kim,2008,1,kor,"gb,ia",,RED-UNVERIFIED,no-surrogate+holdings-unknown
9788497857673,9788497857673,El arte de Walt Disney,AA. VV.,2011,1,,"gb,ia",,RED-UNVERIFIED,no-surrogate+holdings-unknown
9780517648315,9780517648315,Perfumes,,1987,1,eng,"gb,ia",,RED-UNVERIFIED,no-surrogate+holdings-unknown
9780763726072,9780763726072,Case Studies in Sport Psychology,Robert J. Rotella,2009,1,eng,"gb,ia",,RED-UNVERIFIED,no-surrogate+holdings-unknown
9788460470847,9788460470847,La Expresión comunicativa,Enrique Jesús Rodríguez Baltanás,1993,1,spa,"gb,ia",,RED-UNVERIFIED,no-surrogate+holdings-unknown
9787806886625,9787806886625,Bei zhe teng de shi jie,Guoqing Zhang,2011,1,chi,"gb,ia",,RED-UNVERIFIED,no-surrogate+holdings-unknown
9781078296472,9781078296472,Kritzelbuch von Ümmü,Nachwuchskünstler Publikationen,2019,1,,"gb,ia",,RED-UNVERIFIED,no-surrogate+holdings-unknown
9780859533188,9780859533188,I Love You Shyly and More Each Day--,Teresa O'Brien,1992,1,,"gb,ia",ia:public;ia:public,GREEN,public-surrogate
9782760605626,9782760605626,Lectures on Hilbert modular surfaces,Friedrich Hirzebruch,1981,1,eng,"gb,ia",,RED-UNVERIFIED,no-surrogate+holdings-unknown
9782868821324,9782868821324,Juan Uslé,Benjamin Weil,2017,1,fre,"gb,ia",,RED-UNVERIFIED,no-surrogate+holdings-unknown
9781850814719,9781850814719,A5 Quotations/Father Rfs987,,1996,1,,"gb,ia",ia:public;ia:public;ia:lending,GREEN,public-surrogate
9780543879387,9780543879387,Douze historiettes pour les enfants de six à huit ans,Madame Delarbre,2001,1,fre,"gb,ia",,RED-UNVERIFIED,no-surrogate+holdings-unknown
9786057671158,9786057671158,2 Hikaye 1 Kitap,Kolektif,2019,1,,"gb,ia",,RED-UNVERIFIED,no-surrogate+holdings-unknown
9781604138030,9781604138030,Nutrition and weight management,Lori A. Smolin,2010,1,eng,"gb,ia",ia:public;ia:public,GREEN,public-surrogate
9781687856487,9781687856487,In Loving Memory,Inspired Life,2019,4,eng,"gb,ia",,RED-UNVERIFIED,no-surrogate+holdings-unknown
9781687855565,9781687855565,In Loving Memory,Inspired Life,2019,4,eng,"gb,ia",,RED-UNVERIFIED,no-surrogate+holdings-unknown
9781688048652,9781688048652,In Loving Memory,Inspired Life,2019,4,eng,"gb,ia",,RED-UNVERIFIED,no-surrogate+holdings-unknown
9781687843319,9781687843319,In Loving Memory,Inspired Life,2019,4,eng,"gb,ia",,RED-UNVERIFIED,no-surrogate+holdings-unknown
9781910761021,9781910761021,Decolonizing Sexualities,,2016,1,,"gb,ia",ia:public,GREEN,public-surrogate
9781075254802,9781075254802,Je N’ai Jamais Demandé D’être La Meilleure Collègue Du Monde,Coccinelle Publication,2019,1,,"gb,ia",,RED-UNVERIFIED,no-surrogate+holdings-unknown
9789759918231,9789759918231,Almendro eşliğinde dans,Mayra Montero,2008,1,tur,"gb,ia",ia:public;ia:lending;ia:public;ia:public,GREEN,public-surrogate
9784104652044,9784104652044,Donna bianka =,Tetsuya Honda,2013,1,jpn,"gb,ia",,RED-UNVERIFIED,no-surrogate+holdings-unknown
9780226358000,9780226358000,Arguments for a non-transformational grammar,Richard A. Hudson,1976,2,eng,"gb,ia",,RED-UNVERIFIED,no-surrogate+holdings-unknown
9780226357997,9780226357997,Arguments for a non-transformational grammar,Richard A. Hudson,1976,2,eng,"gb,ia",ia:lending;ia:lending,GREEN,public-surrogate
9781617052149,9781617052149,Get the behavior you want--without being the parent you hate!,Deborah Gilboa,2014,4,eng,"gb,ia",gb:partial,RED-UNVERIFIED,no-surrogate+holdings-unknown
9781038764966,9781038764966,Get the behavior you want--without being the parent you hate!,Deborah Gilboa,2014,4,eng,"gb,ia",,RED-UNVERIFIED,no-surrogate+holdings-unknown
9781936303717,9781936303717,Get the behavior you want--without being the parent you hate!,Deborah Gilboa,2014,4,eng,"gb,ia",gb:partial;ia:public;ia:public,GREEN,public-surrogate
9781459683525,9781459683525,Get the behavior you want--without being the parent you hate!,Deborah Gilboa,2014,4,eng,"gb,ia",ia:public;ia:public,GREEN,public-surrogate
9781366497925,9781366497925,Don't Judge My First Book by This Cover,Suon-Oon Lim,2017,1,eng,"gb,ia",,RED-UNVERIFIED,no-surrogate+holdings-unknown
9780470702796,9780470702796,A companion to gender studies,"Philomena Essed, David Theo Goldberg, Audrey Lynn Kobayashi",2005,3,eng,"gb,ia",,RED-UNVERIFIED,no-surrogate+holdings-unknown
9781405165419,9781405165419,A companion to gender studies,"Philomena Essed, David Theo Goldberg, Audrey Lynn Kobayashi",2005,3,eng,"gb,ia",,RED-UNVERIFIED,no-surrogate+holdings-unknown
9780631221098,9780631221098,A companion to gender studies,"Philomena Essed, David Theo Goldberg, Audrey Lynn Kobayashi",2005,3,eng,"gb,ia",ia:public;ia:public;ia:lending;ia:lending,GREEN,public-surrogate
9781558881594,9781558881594,Encyclopaedia Caribbeana,Julian Granberry,1992,1,eng,"gb,ia",,RED-UNVERIFIED,no-surrogate+holdings-unknown
9787100129442,9787100129442,中亚萨曼王朝史研究,许序雅,2017,1,chi,"gb,ia",,RED-UNVERIFIED,no-surrogate+holdings-unknown
9788186945186,9788186945186,Human rights,,2005,1,eng,"gb,ia",,RED-UNVERIFIED,no-surrogate+holdings-unknown
9789612310981,9789612310981,Denarne reforme,Neven Borak,1998,1,slv,"gb,ia",,RED-UNVERIFIED,no-surrogate+holdings-unknown
9780263171884,9780263171884,Rosalyn and the Scoundrel,Anne Herries,2001,3,eng,"gb,ia",ia:public,GREEN,public-surrogate
9780263827217,9780263827217,Rosalyn and the Scoundrel,Anne Herries,2001,3,eng,"gb,ia",,RED-UNVERIFIED,no-surrogate+holdings-unknown
9780373304752,9780373304752,Rosalyn and the Scoundrel,Anne Herries,2001,3,eng,"gb,ia",,RED-UNVERIFIED,no-surrogate+holdings-unknown
9780779425587,9780779425587,Report of the Walkerton Inquiry,Dennis O'Connor,2002,1,eng,"gb,ia",ia:public;ia:public;ia:public;ia:public;ia:public;ia:lending,GREEN,public-surrogate
9780779425600,9780779425600,Report of the Walkerton Inquiry,Dennis O'Connor,2002,1,eng,"gb,ia",ia:public;ia:public;ia:public;ia:lending,GREEN,public-surrogate
9780779425594,9780779425594,Report of the Walkerton Inquiry,Dennis O'Connor,2002,1,eng,"gb,ia",ia:public;ia:public;ia:public;ia:lending,GREEN,public-surrogate
9780821850374,9780821850374,Topics in complex analysis,"American Mathematical Society. Meeting, American Mathematical Society",1985,1,eng,"gb,ia",gb:partial;ia:public,GREEN,public-surrogate
9781858912967,9781858912967,"The golden age of shopping, 1910-1940",Stephen Calloway,1996,1,eng,"gb,ia",ia:public;ia:lending,GREEN,public-surrogate
9781903781005,9781903781005,Counter,Malcolm Quinn,2002,1,eng,"gb,ia",,RED-UNVERIFIED,no-surrogate+holdings-unknown
9781450349123,9781450349123,Proceedings of the 18th ACM International Symposium on Mobile Ad Hoc Networking and Computing,Sharayu Moharir,2017,1,eng,"gb,ia",,RED-UNVERIFIED,no-surrogate+holdings-unknown
9780077103415,9780077103415,Legends from Ancient Worlds - Fast Tracks,REED,2002,1,,"gb,ia",ia:public;ia:public;ia:lending,GREEN,public-surrogate
9781794031029,9781794031029,Tutte le Canzoni Più Brutte Di Irama,Torpal Cueo,2019,1,ita,"gb,ia",,RED-UNVERIFIED,no-surrogate+holdings-unknown
9789715615266,9789715615266,Water for All Series 12,Asian Development Bank,2006,1,eng,"gb,ia",,RED-UNVERIFIED,no-surrogate+holdings-unknown
9780415864633,9780415864633,Modern English Grammar on Historical Principles,"O. Jesperson, P. Christophersen, N. Haislund, K. Schibsbye",2006,3,eng,"gb,ia",,RED-UNVERIFIED,no-surrogate+holdings-unknown
9780415402545,9780415402545,Modern English Grammar on Historical Principles,"O. Jesperson, P. Christophersen, N. Haislund, K. Schibsbye",2006,3,eng,"gb,ia",gb:partial,RED-UNVERIFIED,no-surrogate+holdings-unknown
9780203715970,9780203715970,Modern English Grammar on Historical Principles,"O. Jesperson, P. Christophersen, N. Haislund, K. Schibsbye",2006,3,eng,"gb,ia",,RED-UNVERIFIED,no-surrogate+holdings-unknown
9780198255864,9780198255864,Administrative Justice - Some Necessary Reforms,JUSTICE-All Souls Committee,1988,1,eng,"gb,ia",,RED-UNVERIFIED,no-surrogate+holdings-unknown
9780408115704,9780408115704,Mechanisms of Chemical Carcinogenesis,Dale E. Hathaway,1986,1,eng,"gb,ia",ia:public;ia:public,GREEN,public-surrogate
9780310205654,9780310205654,You can change the world,"Daphne Spraggett, Jill Johnstone, Johnstone, Patrick J. St. G.",1996,2,eng,"gb,ia",ia:public,GREEN,public-surrogate
9787500405405,9787500405405,Zhongguo yu Dong meng guo jia jing ji guan xi,"Bifan Cheng, Xiuyu Xie Chen",1989,1,chi,"gb,ia",,RED-UNVERIFIED,no-surrogate+holdings-unknown
9783778528549,9783778528549,Ausbildungshandbuch audiovisuelle Medienberufe 2.,,2002,1,,"gb,ia",,RED-UNVERIFIED,no-surrogate+holdings-unknown
9789024515653,9789024515653,KANT 2 (POCKET),CONRAN,2001,1,,"gb,ia",ia:public;ia:public;ia:lending,GREEN,public-surrogate
9781540478979,9781540478979,Votez Epicure,Philippe Bonneu,2016,1,fre,"gb,ia",,RED-UNVERIFIED,no-surrogate+holdings-unknown
9783112455678,9783112455678,Reform der Landpacht,Karl-August Crisolli,1930,2,ger,"gb,ia",,RED-UNVERIFIED,no-surrogate+holdings-unknown
9783112455685,9783112455685,Reform der Landpacht,Karl-August Crisolli,1930,2,ger,"gb,ia",,RED-UNVERIFIED,no-surrogate+holdings-unknown
9781095489888,9781095489888,"How to Live from Your Car, Van or RV",Harold Simpson,2019,1,eng,"gb,ia",,RED-UNVERIFIED,no-surrogate+holdings-unknown
9780252066757,9780252066757,Submarine Admiral,I J. Galantin,1997,1,eng,"gb,ia",gb:partial;ia:public;ia:public;ia:public;ia:lending,GREEN,public-surrogate
9788420904054,9788420904054,Los catalanes en Grecia,Kenneth Meyer Setton,1975,1,spa,"gb,ia",,RED-UNVERIFIED,no-surrogate+holdings-unknown
9781723979613,9781723979613,Erfolg Durch Rhetorik und Fokus,Geld Academy,2018,1,ger,"gb,ia",,RED-UNVERIFIED,no-surrogate+holdings-unknown
9780471689997,9780471689997,Clinical use of combinations of antibiotics,EORTC Symposium on Clinical Use of Combinations of Antibiotics Institut Jules Bordet 1974.,1975,1,eng,"gb,ia",ia:public,GREEN,public-surrogate
9783638836913,9783638836913,Henrik Ibsens Rosmersholm und Dessen Psychoanalytische Interpretation Nach Sigmund Freud,Christoph Eyring,2008,1,ger,"gb,ia",gb:partial,RED-UNVERIFIED,no-surrogate+holdings-unknown
9789241208451,9789241208451,Information support for new public health action at district level,,1994,1,eng,"gb,ia",,RED-UNVERIFIED,no-surrogate+holdings-unknown
9780070073951,9780070073951,Access to English as a second language,Robert G. Breckenridge,1973,5,eng,"gb,ia",,RED-UNVERIFIED,no-surrogate+holdings-unknown
9780070074002,9780070074002,Access to English as a second language,Robert G. Breckenridge,1973,5,eng,"gb,ia",,RED-UNVERIFIED,no-surrogate+holdings-unknown
9780070073968,9780070073968,Access to English as a second language,Robert G. Breckenridge,1973,5,eng,"gb,ia",ia:public;ia:public,GREEN,public-surrogate
9780070073999,9780070073999,Access to English as a second language,Robert G. Breckenridge,1973,5,eng,"gb,ia",ia:lending,GREEN,public-surrogate
9789882112940,9789882112940,Niu zai,Sima Wang,2011,1,chi,"gb,ia",,RED-UNVERIFIED,no-surrogate+holdings-unknown
9781519589538,9781519589538,Time Traveler and the Professor,"Joe Corso, Marina Shipova",2016,1,eng,"gb,ia",,RED-UNVERIFIED,no-surrogate+holdings-unknown
9789643154660,9789643154660,Tajārib al-umam,Aḥmad ibn Muḥammad Ibn Miskawayh,1997,1,per,"gb,ia",,RED-UNVERIFIED,no-surrogate+holdings-unknown
9781459254428,9781459254428,Harlequin Presents August 2013 - Bundle 1 Of 2,"Lynne Graham, Lucy Monroe, Annie West, Michelle Conder",2013,1,eng,"gb,ia",gb:partial,RED-UNVERIFIED,no-surrogate+holdings-unknown
9781496128454,9781496128454,Airflow and Indoor Air Quality Models of DOE Reference Commercial Buildings,nist,2014,1,eng,"gb,ia",,RED-UNVERIFIED,no-surrogate+holdings-unknown
9781457659164,9781457659164,Writer's Reference 7e & Writing about Writing,"Diana Hacker, Nancy Sommers, Elizabeth Wardle, Douglas Downs",2012,1,,"gb,ia",,RED-UNVERIFIED,no-surrogate+holdings-unknown
9780665160745,9780665160745,"The Province of British Columbia, Canada, its resources, commercial position and climate",Molyneux St. John,1886,2,eng,"gb,ia",ia:public,GREEN,public-surrogate
9781608186266,9781608186266,What Is Impressionism?,Kate Riggs,2016,2,eng,"gb,ia",ia:lending,GREEN,public-surrogate
9781628322248,9781628322248,What Is Impressionism?,Kate Riggs,2016,2,eng,"gb,ia",,RED-UNVERIFIED,no-surrogate+holdings-unknown
9781549875274,9781549875274,Our Depths,Dávid Natingga,2017,1,eng,"gb,ia",,RED-UNVERIFIED,no-surrogate+holdings-unknown
9783631469552,9783631469552,Das Hrpsiel in Der Ddr Themen Und Tendenzen (Forschungen zur Literatur- und Kulturgeschichte),S. Bolik,1994,1,eng,"gb,ia",,RED-UNVERIFIED,no-surrogate+holdings-unknown
9780108508776,9780108508776,Departmental Reports 2009,"Great Britain: H.M. Treasury, Stationery Office",2010,1,eng,"gb,ia",,RED-UNVERIFIED,no-surrogate+holdings-unknown
9783625005391,9783625005391,Tapas,VV. AA.,2014,1,,"gb,ia",,RED-UNVERIFIED,no-surrogate+holdings-unknown
9789733051053,9789733051053,Mircea Eliade,Gheorghe Glodeanu,1997,1,rum,"gb,ia",,RED-UNVERIFIED,no-surrogate+holdings-unknown
9780353424548,9780353424548,The Northrup-Northrop Genealogy,A Judd (Ansel Judd) 1833-191 Northrup,2018,1,,"gb,ia",,RED-UNVERIFIED,no-surrogate+holdings-unknown
9783528087623,9783528087623,Städtebau in Deutschland 1871-1914,Giorgio Piccinato,1983,1,ger,"gb,ia",ia:public;ia:public,GREEN,public-surrogate
9780330284332,9780330284332,A guide to saving and investment,James Rowlatt,1971,6,eng,"gb,ia",,RED-UNVERIFIED,no-surrogate+holdings-unknown
9780330280594,9780330280594,A guide to saving and investment,James Rowlatt,1971,6,eng,"gb,ia",,RED-UNVERIFIED,no-surrogate+holdings-unknown
9780330236119,9780330236119,A guide to saving and investment,James Rowlatt,1971,6,eng,"gb,ia",,RED-UNVERIFIED,no-surrogate+holdings-unknown
9780715354230,9780715354230,A guide to saving and investment,James Rowlatt,1971,6,eng,"gb,ia",,RED-UNVERIFIED,no-surrogate+holdings-unknown
9781854545534,9781854545534,"Michael Graves, buildings and projects, 1982-1989",Michael Graves,1990,1,eng,"gb,ia",ia:public;ia:public,GREEN,public-surrogate
9780327076452,9780327076452,Burns Indiana Statues Annotated 1998 Replacement Title 25,Lexis/Nexis,1999,1,,"gb,ia",ia:public;ia:public,GREEN,public-surrogate
9781475923124,9781475923124,Love Beyond the Footlights,Elizabeth Sharland,2012,1,eng,"gb,ia",,RED-UNVERIFIED,no-surrogate+holdings-unknown
9789973763020,9789973763020,Kitābat al-rawāsib fī al-ibdāʻ wa-al-ʻimrān,Muḥammad Kamāl Qaḥah,1990,1,ara,"gb,ia",,RED-UNVERIFIED,no-surrogate+holdings-unknown
9781855346451,9781855346451,A Winter Larder (Cook in Season from The Good Cook),Ellen Galford (Editor),1900,1,,"gb,ia",ia:public;ia:public,GREEN,public-surrogate
9780812498509,9780812498509,Alphabears,Kathleen Hague,1985,2,eng,"gb,ia",,RED-UNVERIFIED,no-surrogate+holdings-unknown
9780941078993,9780941078993,Alphabears,Kathleen Hague,1985,2,eng,"gb,ia",,RED-UNVERIFIED,no-surrogate+holdings-unknown
9787532129768,9787532129768,Riben xiao shuo jing dian,Weiqu Ye,2006,1,chi,"gb,ia",,RED-UNVERIFIED,no-surrogate+holdings-unknown
9780786488926,9780786488926,Raymond Chandler's Philip Marlowe,John Paul Athanasourelis,2011,1,eng,"gb,ia",gb:partial,RED-UNVERIFIED,no-surrogate+holdings-unknown
9785912506536,9785912506536,Mne nuzhna tvoi Ła li Łubov £-- a tak li e to?,Byron Katie,2010,1,rus,"gb,ia",,RED-UNVERIFIED,no-surrogate+holdings-unknown
9781315415604,9781315415604,Writing Archaeology,Brian Fagan,2016,2,eng,"gb,ia",gb:partial,RED-UNVERIFIED,no-surrogate+holdings-unknown
9781315415598,9781315415598,Writing Archaeology,Brian Fagan,2016,2,eng,"gb,ia",gb:partial,RED-UNVERIFIED,no-surrogate+holdings-unknown
9780941243179,9780941243179,Quality engineering series,"Genʾichi Taguchi, Yuin Wu",1900,3,eng,"gb,ia",ia:public;ia:public,GREEN,public-surrogate
9780941243094,9780941243094,Quality engineering series,"Genʾichi Taguchi, Yuin Wu",1900,3,eng,"gb,ia",,RED-UNVERIFIED,no-surrogate+holdings-unknown
9780941243117,9780941243117,Quality engineering series,"Genʾichi Taguchi, Yuin Wu",1900,3,eng,"gb,ia",,RED-UNVERIFIED,no-surrogate+holdings-unknown
9780941243162,9780941243162,Quality engineering series,"Genʾichi Taguchi, Yuin Wu",1900,3,eng,"gb,ia",,RED-UNVERIFIED,no-surrogate+holdings-unknown
9781118187548,9781118187548,New South Wales,"Frommer's Short, Frommer's ShortCuts",2011,1,eng,"gb,ia",,RED-UNVERIFIED,no-surrogate+holdings-unknown
9780671770525,9780671770525,"BEVERLY HILLS, 90210",Morris L. Cohen,1991,1,eng,"gb,ia",,RED-UNVERIFIED,no-surrogate+holdings-unknown
9781576855027,9781576855027,Goof-Proof Personal Finance (Goof-Proof),LearningExpress Editors,2003,1,eng,"gb,ia",,RED-UNVERIFIED,no-surrogate+holdings-unknown
9789985781579,9789985781579,Reĭn Maran,Ėsfirʹ Sokol,2001,1,rus,"gb,ia",,UNKNOWN,source-unavailable
9788573581997,9788573581997,Preservar as Matas,,1999,1,por,"gb,ia",,RED-UNVERIFIED,no-surrogate+holdings-unknown
9781443755481,9781443755481,Art of William Quiller Orchardson,Walter Armstrong,1895,6,eng,"gb,ia",,RED-UNVERIFIED,no-surrogate+holdings-unknown
9781018412481,9781018412481,Art of William Quiller Orchardson,Walter Armstrong,1895,6,eng,"gb,ia",,RED-UNVERIFIED,no-surrogate+holdings-unknown
9781018407517,9781018407517,Art of William Quiller Orchardson,Walter Armstrong,1895,6,eng,"gb,ia",,UNKNOWN,source-unavailable
9781378684238,9781378684238,Art of William Quiller Orchardson,Walter Armstrong,1895,6,eng,"gb,ia",,RED-UNVERIFIED,no-surrogate+holdings-unknown
9781443761918,9781443761918,Art of William Quiller Orchardson,Walter Armstrong,1895,6,eng,"gb,ia",,RED-UNVERIFIED,no-surrogate+holdings-unknown
9781844150021,9781844150021,Magnificent but not war,"Dixon, John",2003,1,eng,"gb,ia",,UNKNOWN,source-unavailable
9780758240293,9780758240293,Road trip of the living dead,Mark Henry,2009,3,eng,"gb,ia",,UNKNOWN,source-unavailable
9780758240309,9780758240309,Road trip of the living dead,Mark Henry,2009,3,eng,"gb,ia",gb:partial,RED-UNVERIFIED,no-surrogate+holdings-unknown
9780758225245,9780758225245,Road trip of the living dead,Mark Henry,2009,3,eng,"gb,ia",gb:partial;ia:lending,GREEN,public-surrogate
9781379593782,9781379593782,Davideis. The Life of David King of Israel : A Sacred Poem,Thomas Ellwood,2018,1,,"gb,ia",,UNKNOWN,source-unavailable
9789960205731,9789960205731,al-Dawah al-Abbasiyah wa-dawr al-Arab fiha,Ikram Muhammad Ibrahim Hujaylan,2000,1,ara,"gb,ia",,UNKNOWN,source-unavailable
9780545108775,9780545108775,Easy & Effective Writing Lessons for English Language Learners,Marilyn Pryle,2010,1,,"gb,ia",ia:public;ia:public;ia:lending,GREEN,public-surrogate
9781540647061,9781540647061,Occam's Razor,Carol Batchelor,2016,1,eng,"gb,ia",,UNKNOWN,source-unavailable
9781849466820,9781849466820,EU civil justice,"Burkhard Hess, Maria Bergström, Eva Storskrubb",2015,3,eng,"gb,ia",,RED-UNVERIFIED,no-surrogate+holdings-unknown
9781509901722,9781509901722,EU civil justice,"Burkhard Hess, Maria Bergström, Eva Storskrubb",2015,3,eng,"gb,ia",,UNKNOWN,source-unavailable
9781509901715,9781509901715,EU civil justice,"Burkhard Hess, Maria Bergström, Eva Storskrubb",2015,3,eng,"gb,ia",,UNKNOWN,source-unavailable
9780718112585,9780718112585,The great McGonagall scrap book,Spike Milligan,1975,1,eng,"gb,ia",ia:public;ia:public;ia:public;ia:public,GREEN,public-surrogate
9780804692410,9780804692410,The Negroes in America,Claude McKay,1979,1,eng,"gb,ia",,RED-UNVERIFIED,no-surrogate+holdings-unknown
9788484338215,9788484338215,Penúltimo nombre de guerra,Raúl Argemí,2004,1,spa,"gb,ia",,UNKNOWN,source-unavailable
9783407806628,9783407806628,Liebeskummer,Karel Eykman,1991,1,ger,"gb,ia",ia:lending,GREEN,public-surrogate
9780774800389,9780774800389,The reminiscences of Doctor John Sebastian Helmcken,John Sebastian Helmcken,1975,2,eng,"gb,ia",ia:public;ia:lending,GREEN,public-surrogate
9780433045847,9780433045847,Rigby Star Year 1,,2000,1,,"gb,ia",,RED-UNVERIFIED,no-surrogate+holdings-unknown
9780815326175,9780815326175,Surviving the streets,Rachel Pfeffer,1997,1,eng,"gb,ia",ia:public;ia:public;ia:lending,GREEN,public-surrogate
9781446639368,9781446639368,Between truth and Illusion,John O'Loughlin,2010,1,eng,"gb,ia",gb:partial,RED-UNVERIFIED,no-surrogate+holdings-unknown
9781092344951,9781092344951,For Men - Adult Coloring Book,Abigail & Isabella,2019,1,eng,"gb,ia",,UNKNOWN,source-unavailable
9781500254391,9781500254391,Lean Six Sigma Yellow Belt,Juran,2014,1,eng,"gb,ia",,RED-UNVERIFIED,no-surrogate+holdings-unknown
9789654870337,9789654870337,Shigaon shel zeman,Yisrael Lerman,1995,1,heb,"gb,ia",,UNKNOWN,source-unavailable
9781931808187,9781931808187,The Alpha Youth Middle School Manual,,1995,1,eng,"gb,ia",ia:public;ia:public,GREEN,public-surrogate
9783892980179,9783892980179,"Gottfried Graf, 1881-1938: Arbeiten auf Papier, 1915-1925",Gottfried Graf,1987,1,ger,"gb,ia",,UNKNOWN,source-unavailable
9780805780383,9780805780383,One hundred years of solitude,Regina Janes,1991,2,eng,"gb,ia",ia:lending,GREEN,public-surrogate
9780805779899,9780805779899,One hundred years of solitude,Regina Janes,1991,2,eng,"gb,ia",ia:lending,GREEN,public-surrogate
9781451914771,9781451914771,Information Content of Money in Forecasting Euro Area Inflation,"Emil Stavrev, Helge Berger",2008,3,eng,"gb,ia",,RED-UNVERIFIED,no-surrogate+holdings-unknown
9781451870244,9781451870244,Information Content of Money in Forecasting Euro Area Inflation,"Emil Stavrev, Helge Berger",2008,3,eng,"gb,ia",,RED-UNVERIFIED,no-surrogate+holdings-unknown
9781452749082,9781452749082,Information Content of Money in Forecasting Euro Area Inflation,"Emil Stavrev, Helge Berger",2008,3,eng,"gb,ia",,RED-UNVERIFIED,no-surrogate+holdings-unknown
9780596005443,9780596005443,R for Bioinformatics,"Kimberly Seefeld, Ernst Linder, Michael Reich",2004,1,eng,"gb,ia",,UNKNOWN,source-unavailable
9780780206373,9780780206373,Leaf rain (The book bank),Pauline Cartwright,1992,1,eng,"gb,ia",ia:public;ia:public,GREEN,public-surrogate
9783898117586,9783898117586,Nieder Mit Dem Krippenspiel!,Werner Kronenberg,2000,1,ger,"gb,ia",,UNKNOWN,source-unavailable
9781079736649,9781079736649,Prost,Oktoberfest & Wiesn Geschenk Publishing,2019,2,ger,"gb,ia",,UNKNOWN,source-unavailable
9781079737783,9781079737783,Prost,Oktoberfest & Wiesn Geschenk Publishing,2019,2,ger,"gb,ia",,RED-UNVERIFIED,no-surrogate+holdings-unknown
9781981206384,9781981206384,250 Hard Hidoku Puzzles 9x9,Anna Magey,2017,1,eng,"gb,ia",,UNKNOWN,source-unavailable
9780073377711,9780073377711,Law for business,A. James Barnes,2012,1,eng,"gb,ia",,UNKNOWN,source-unavailable
9781021236944,9781021236944,Premiers Exercices Grecs,Ragon E,2018,3,fre,"gb,ia",,UNKNOWN,source-unavailable
9780274781577,9780274781577,Premiers Exercices Grecs,Ragon E,2018,3,fre,"gb,ia",,RED-UNVERIFIED,no-surrogate+holdings-unknown
9781019468241,9781019468241,Premiers Exercices Grecs,Ragon E,2018,3,fre,"gb,ia",,RED-UNVERIFIED,no-surrogate+holdings-unknown
9780632045518,9780632045518,"Underground Clinical Vignettes: Pathophysiology, Volume 1",Tao Le,1999,2,eng,"gb,ia",ia:lending;ia:lending,GREEN,public-surrogate
9781890061173,9781890061173,"Underground Clinical Vignettes: Pathophysiology, Volume 1",Tao Le,1999,2,eng,"gb,ia",ia:public;ia:public,GREEN,public-surrogate
9781521536117,9781521536117,Bath Quotes,Holly Holly Galloway,2017,1,eng,"gb,ia",,RED-UNVERIFIED,no-surrogate+holdings-unknown
9780987621726,9780987621726,Uriels Gift,Edward Spellman,2017,1,,"gb,ia",,RED-UNVERIFIED,no-surrogate+holdings-unknown
9780802057754,9780802057754,Complete Poems,"Pratt, E. J.",1989,2,eng,"gb,ia",ia:public;ia:lending,GREEN,public-surrogate
9783879753017,9783879753017,Ware und Geld,"Wolf, Dieter",1985,1,ger,"gb,ia",,UNKNOWN,source-unavailable
9781460758014,9781460758014,Tech Diet,Brad Marshall,2019,1,eng,"gb,ia",,UNKNOWN,source-unavailable
9780312342432,9780312342432,The New York Times Simply Sunday Crosswords,New York Times,2005,1,eng,"gb,ia",,RED-UNVERIFIED,no-surrogate+holdings-unknown
9780954612023,9780954612023,The PostgreSQL Reference Manual Volume 1,The PostgreSQL Global Development Group,2007,1,eng,"gb,ia",ia:public;ia:lending;ia:lending,GREEN,public-surrogate
9783848789986,9783848789986,Europarecht,Nomos Verlagsgesellschaft,2018,2,ger,"gb,ia",,UNKNOWN,source-unavailable
9783848753222,9783848753222,Europarecht,Nomos Verlagsgesellschaft,2018,2,ger,"gb,ia",,RED-UNVERIFIED,no-surrogate+holdings-unknown
9780961647506,9780961647506,The Complete Medical School Preparation & Admissions Guide,Andrew Goliszek,1986,1,eng,"gb,ia",ia:public,GREEN,public-surrogate
9788361757689,9788361757689,Komentarz Jana z Dąbrówki do Kroniki biskupa Wincentego,"Andrzej Dąbrówka, Mikołaj Olszewski",2015,1,pol,"gb,ia",,UNKNOWN,source-unavailable
9789589733837,9789589733837,La guerra de los violines,Fernando Ayala Poveda,2016,2,spa,"gb,ia",,UNKNOWN,source-unavailable
9781499420357,9781499420357,Black Bears,Joyce Jeffries,2016,1,eng,"gb,ia",,UNKNOWN,source-unavailable
9783784302836,9783784302836,Wirtschaftsentwicklung und landwirtschaftliche Verbandspolitik,Klaus Sondermann,1983,1,ger,"gb,ia",,UNKNOWN,source-unavailable
9781316510179,9781316510179,Future of International Economic Integration,"Gillian Moon, Lisa Toohey",2018,4,eng,"gb,ia",gb:partial,RED-UNVERIFIED,no-surrogate+holdings-unknown
9781108247023,9781108247023,Future of International Economic Integration,"Gillian Moon, Lisa Toohey",2018,4,eng,"gb,ia",,RED-UNVERIFIED,no-surrogate+holdings-unknown
9781108224949,9781108224949,Future of International Economic Integration,"Gillian Moon, Lisa Toohey",2018,4,eng,"gb,ia",,RED-UNVERIFIED,no-surrogate+holdings-unknown
9781316649565,9781316649565,Future of International Economic Integration,"Gillian Moon, Lisa Toohey",2018,4,eng,"gb,ia",,RED-UNVERIFIED,no-surrogate+holdings-unknown
9782298062298,9782298062298,La mélodie du coeur qui bat,Jan-Philipp Sendker,2012,1,,"gb,ia",ia:public;ia:public,GREEN,public-surrogate
9780878571192,9780878571192,BZZZ,Evelyn Fatigati,1976,3,eng,"gb,ia",ia:lending,GREEN,public-surrogate
9786144046289,9786144046289,al-Taḥrīf fī al-Islām,Mūsá Faqīh,2015,1,ara,"gb,ia",,UNKNOWN,source-unavailable
9780706423211,9780706423211,Businessman's calorie counter,"""Slimming Magazine""",1985,1,eng,"gb,ia",ia:public;ia:public,GREEN,public-surrogate
9781520902791,9781520902791,Pequeños Cuentos para niños Sabios,Vimu Shakty-bur,2017,1,spa,"gb,ia",,RED-UNVERIFIED,no-surrogate+holdings-unknown
9780758217646,9780758217646,Don't Tempt Me,Sylvia Day,2016,1,eng,"gb,ia",ia:public;ia:public;ia:public,GREEN,public-surrogate
9783030065461,9783030065461,Nanocarbons for Energy Conversion,Naotoshi Nakashima,2018,1,,"gb,ia",,UNKNOWN,source-unavailable
9780953558506,9780953558506,How to get sponsorship,John Pilgrim,1999,1,eng,"gb,ia",ia:public;ia:public;ia:lending,GREEN,public-surrogate
9780110499840,9780110499840,Education (Listed Bodies) (England) Order 2004,Great Britain,2004,1,eng,"gb,ia",,UNKNOWN,source-unavailable
9781705427972,9781705427972,Fausse Maitresse,Honoré de Balzac,2019,1,fre,"gb,ia",,UNKNOWN,source-unavailable
9780006377207,9780006377207,Love stinks,Joy Overbeck,1990,2,eng,"gb,ia",ia:public;ia:public;ia:public;ia:lending,GREEN,public-surrogate
9780671660208,9780671660208,Love stinks,Joy Overbeck,1990,2,eng,"gb,ia",ia:lending,GREEN,public-surrogate
9787800800245,9787800800245,Zhongguo gu piao zheng quan jiao yi ji gou yi lan,Ming Xin,1993,1,cmn,"gb,ia",,UNKNOWN,source-unavailable
9788428212809,9788428212809,INICIACIÓN AL SALTO,SUSANNE STRÜBEL,2000,1,,"gb,ia",,RED-UNVERIFIED,no-surrogate+holdings-unknown
9788954608213,9788954608213,Little Boy,Alison McGhee,2009,1,,"gb,ia",ia:public,GREEN,public-surrogate
9781973996903,9781973996903,Don't Come Home with Dirty Feet,"Robert Salmon, Debbie Hefke",2017,1,eng,"gb,ia",,UNKNOWN,source-unavailable
9780929822020,9780929822020,Second to None,John Culler,1992,1,,"gb,ia",,UNKNOWN,source-unavailable
9781946664327,9781946664327,The Deception (Mom's Choice Award Recipient),Lauren Hudson,2018,1,,"gb,ia",ia:public;ia:public;ia:public,GREEN,public-surrogate
9781674655635,9781674655635,Insects Coloring Fun Activity Book for Kids,Arsha Publication,2019,1,eng,"gb,ia",,UNKNOWN,source-unavailable
9785757602646,9785757602646,Khorvatii︠a︡ v XVII-XIX vekakh,I. I. Leshchilovskai︠a︡,2013,1,rus,"gb,ia",,UNKNOWN,source-unavailable
9780076022687,9780076022687,"Reading Lab 2a, Rose Power Builder",McGraw Hill,2004,1,eng,"gb,ia",,RED-UNVERIFIED,no-surrogate+holdings-unknown
9781533119209,9781533119209,La marquesa,George Sand,2016,1,,"gb,ia",,RED-UNVERIFIED,no-surrogate+holdings-unknown
9789062552740,9789062552740,Opera selecta,Hendrik Richard Hoetink,1986,1,eng,"gb,ia",,RED-UNVERIFIED,no-surrogate+holdings-unknown
9789759091835,9789759091835,Yabancı yatırım uyuşmazlıkları ve ISCID tahkimi,Süleyman Dost,2006,1,tur,"gb,ia",,UNKNOWN,source-unavailable
9780572012618,9780572012618,Tasty toasties,Gill McCormick,1984,1,eng,"gb,ia",,RED-UNVERIFIED,no-surrogate+holdings-unknown
9780757564543,9780757564543,Computer Fundamentals Laboratory Manual,Moorning,2009,1,eng,"gb,ia",,UNKNOWN,source-unavailable
9781983017759,9781983017759,Praxis II Special Education Teaching Students with Intellectual Disabilities  Exam,Educational Testing Group,2018,1,eng,"gb,ia",,UNKNOWN,source-unavailable
9780199246939,9780199246939,Politics and the nation,"Harris, Bob",2002,1,eng,"gb,ia",ia:public,GREEN,public-surrogate
9783416003537,9783416003537,Hegel-Tage Royaumont 1964,Hans-Georg Gadamer,1984,1,ger,"gb,ia",,RED-UNVERIFIED,no-surrogate+holdings-unknown
9788750396550,9788750396550,Omsætning af fast ejendom,Denmark. Industriministeriet. Udvalget vedrørende omsætning af fast ejendom.,1992,1,dan,"gb,ia",,RED-UNVERIFIED,no-surrogate+holdings-unknown
9785878650397,9785878650397,Dolgoe ėkho,Galina Aleksandrovna Bogdanova,1995,1,rus,"gb,ia",,RED-UNVERIFIED,no-surrogate+holdings-unknown
9781519257642,9781519257642,Leadership Development Key : The Ultimate Guide to Leadership,Ryan Cooper,2015,1,eng,"gb,ia",,RED-UNVERIFIED,no-surrogate+holdings-unknown
9780828868402,9780828868402,Illustrated New Shipbuilding Dictionary  English Japanese /  Japanese English,M. Yamaguchi,1960,1,,"gb,ia",,UNKNOWN,source-unavailable
9781364973193,9781364973193,O Alivio de Tensoes Adulto Desenhos para Colorir,Jason Potash,2015,1,por,"gb,ia",,RED-UNVERIFIED,no-surrogate+holdings-unknown
9787552316131,9787552316131,Li su zhi jian,Yang Xiang,2019,1,chi,"gb,ia",,RED-UNVERIFIED,no-surrogate+holdings-unknown
9787552315462,9787552315462,Li su zhi jian,Yang Xiang,2019,1,chi,"gb,ia",,RED-UNVERIFIED,no-surrogate+holdings-unknown
9787552317626,9787552317626,Li su zhi jian,Yang Xiang,2019,1,chi,"gb,ia",,RED-UNVERIFIED,no-surrogate+holdings-unknown
9787552317558,9787552317558,Li su zhi jian,Yang Xiang,2019,1,chi,"gb,ia",,UNKNOWN,source-unavailable
9787552317633,9787552317633,Li su zhi jian,Yang Xiang,2019,1,chi,"gb,ia",,RED-UNVERIFIED,no-surrogate+holdings-unknown
9787552316377,9787552316377,Li su zhi jian,Yang Xiang,2019,1,chi,"gb,ia",,UNKNOWN,source-unavailable
9787552317640,9787552317640,Li su zhi jian,Yang Xiang,2019,1,chi,"gb,ia",,RED-UNVERIFIED,no-surrogate+holdings-unknown
9787552312553,9787552312553,Li su zhi jian,Yang Xiang,2019,1,chi,"gb,ia",,UNKNOWN,source-unavailable
9787552317619,9787552317619,Li su zhi jian,Yang Xiang,2019,1,chi,"gb,ia",,RED-UNVERIFIED,no-surrogate+holdings-unknown
9787552317664,9787552317664,Li su zhi jian,Yang Xiang,2019,1,chi,"gb,ia",,RED-UNVERIFIED,no-surrogate+holdings-unknown
9787552316384,9787552316384,Li su zhi jian,Yang Xiang,2019,1,chi,"gb,ia",,UNKNOWN,source-unavailable
9787552317657,9787552317657,Li su zhi jian,Yang Xiang,2019,1,chi,"gb,ia",,RED-UNVERIFIED,no-surrogate+holdings-unknown
9787552318487,9787552318487,Li su zhi jian,Yang Xiang,2019,1,chi,"gb,ia",,RED-UNVERIFIED,no-surrogate+holdings-unknown
9787552317602,9787552317602,Li su zhi jian,Yang Xiang,2019,1,chi,"gb,ia",,UNKNOWN,source-unavailable
9788771843033,9788771843033,VelfAerd,Carsten Jensen,2017,3,dan,"gb,ia",,RED-UNVERIFIED,no-surrogate+holdings-unknown
9788771842708,9788771842708,VelfAerd,Carsten Jensen,2017,3,dan,"gb,ia",,UNKNOWN,source-unavailable
9788771843019,9788771843019,VelfAerd,Carsten Jensen,2017,3,dan,"gb,ia",,RED-UNVERIFIED,no-surrogate+holdings-unknown
9782844350848,9782844350848,Amédée Servin,Pierre Satet,1999,1,fre,"gb,ia",ia:public;ia:public,GREEN,public-surrogate
9780374365349,9780374365349,The Search for Delicious (Ariel Book),Natalie Babbitt,1969,1,eng,"gb,ia",ia:public;ia:lending,GREEN,public-surrogate
9781097698592,9781097698592,Isometric Paper,Weezag,2019,2,eng,"gb,ia",,UNKNOWN,source-unavailable
9781096719397,9781096719397,Isometric Paper,Weezag,2019,2,eng,"gb,ia",,RED-UNVERIFIED,no-surrogate+holdings-unknown
9786054538232,9786054538232,Steve Jobs ve Zen,Caleb Melby,2012,1,,"gb,ia",,UNKNOWN,source-unavailable
9781471166365,9781471166365,Great Bunny Bakes,Ellie Snowdon,2018,3,eng,"gb,ia",,UNKNOWN,source-unavailable
9781471166358,9781471166358,Great Bunny Bakes,Ellie Snowdon,2018,3,eng,"gb,ia",,UNKNOWN,source-unavailable
9781471166341,9781471166341,Great Bunny Bakes,Ellie Snowdon,2018,3,eng,"gb,ia",ia:public;ia:public;ia:public,GREEN,public-surrogate
9788480190978,9788480190978,Balonmano - Metodologia y Alto Rendimiento,J. Lorenzo Anton Garcia,1998,1,spa,"gb,ia",,RED-UNVERIFIED,no-surrogate+holdings-unknown
9781453918807,9781453918807,Reel Education,Jacqueline Bach,2016,3,eng,"gb,ia",,UNKNOWN,source-unavailable
9781433136313,9781433136313,Reel Education,Jacqueline Bach,2016,3,eng,"gb,ia",,RED-UNVERIFIED,no-surrogate+holdings-unknown
9781433136306,9781433136306,Reel Education,Jacqueline Bach,2016,3,eng,"gb,ia",,UNKNOWN,source-unavailable
9780110860725,9780110860725,Cowes Harbour Revision Order 1988,Great Britain,1988,1,eng,"gb,ia",,UNKNOWN,source-unavailable
9781726885423,9781726885423,Hidden Journals,P. Heaton,2018,1,eng,"gb,ia",,UNKNOWN,source-unavailable
9781299294998,9781299294998,Showdown in West Texas,Amanda Stevens,2009,1,eng,"gb,ia",,UNKNOWN,source-unavailable
9791195526147,9791195526147,P'ŭrangsŭ esŏ Han'guk ŭl para poda,Mi-jin Cho,2016,1,kor,"gb,ia",,UNKNOWN,source-unavailable
9781520919829,9781520919829,50 Poemas de Vida y Amor,Franklin Gómez,2017,1,spa,"gb,ia",,RED-UNVERIFIED,no-surrogate+holdings-unknown
9781138971264,9781138971264,Comparative Grammar of the Semitic Languages,De Lacy O'Leary,2015,11,eng,"gb,ia",,UNKNOWN,source-unavailable
9781015715776,9781015715776,Comparative Grammar of the Semitic Languages,De Lacy O'Leary,2015,11,eng,"gb,ia",,UNKNOWN,source-unavailable
9781315011707,9781315011707,Comparative Grammar of the Semitic Languages,De Lacy O'Leary,2015,11,eng,"gb,ia",,UNKNOWN,source-unavailable
9781136374401,9781136374401,Comparative Grammar of the Semitic Languages,De Lacy O'Leary,2015,11,eng,"gb,ia",,UNKNOWN,source-unavailable
9781136374470,9781136374470,Comparative Grammar of the Semitic Languages,De Lacy O'Leary,2015,11,eng,"gb,ia",,UNKNOWN,source-unavailable
9780344406607,9780344406607,Comparative Grammar of the Semitic Languages,De Lacy O'Leary,2015,11,eng,"gb,ia",,RED-UNVERIFIED,no-surrogate+holdings-unknown
9781015711433,9781015711433,Comparative Grammar of the Semitic Languages,De Lacy O'Leary,2015,11,eng,"gb,ia",,UNKNOWN,source-unavailable
9781322878331,9781322878331,Comparative Grammar of the Semitic Languages,De Lacy O'Leary,2015,11,eng,"gb,ia",,RED-UNVERIFIED,no-surrogate+holdings-unknown
9781136374333,9781136374333,Comparative Grammar of the Semitic Languages,De Lacy O'Leary,2015,11,eng,"gb,ia",gb:partial,RED-UNVERIFIED,no-surrogate+holdings-unknown
9780344406591,9780344406591,Comparative Grammar of the Semitic Languages,De Lacy O'Leary,2015,11,eng,"gb,ia",,UNKNOWN,source-unavailable
9780342435753,9780342435753,Comparative Grammar of the Semitic Languages,De Lacy O'Leary,2015,11,eng,"gb,ia",,UNKNOWN,source-unavailable
9781480215894,9781480215894,Price of Greatness,Emeaba Prince,2011,1,eng,"gb,ia",,RED-UNVERIFIED,no-surrogate+holdings-unknown
9780953881086,9780953881086,The David Icke Guide to the Global Conspiracy,David Icke,2007,2,eng,"gb,ia",ia:public;ia:public;ia:public;ia:lending,GREEN,public-surrogate
9780367377274,9780367377274,Special Integrals of Gradshteyn and Ryzhik,Victor H. Moll,2014,7,eng,"gb,ia",,UNKNOWN,source-unavailable
9781482256536,9781482256536,Special Integrals of Gradshteyn and Ryzhik,Victor H. Moll,2014,7,eng,"gb,ia",,RED-UNVERIFIED,no-surrogate+holdings-unknown
9781040219621,9781040219621,Special Integrals of Gradshteyn and Ryzhik,Victor H. Moll,2014,7,eng,"gb,ia",,UNKNOWN,source-unavailable
9781322632636,9781322632636,Special Integrals of Gradshteyn and Ryzhik,Victor H. Moll,2014,7,eng,"gb,ia",,UNKNOWN,source-unavailable
9781482256529,9781482256529,Special Integrals of Gradshteyn and Ryzhik,Victor H. Moll,2014,7,eng,"gb,ia",,UNKNOWN,source-unavailable
9780429075889,9780429075889,Special Integrals of Gradshteyn and Ryzhik,Victor H. Moll,2014,7,eng,"gb,ia",,RED-UNVERIFIED,no-surrogate+holdings-unknown
9780429189883,9780429189883,Special Integrals of Gradshteyn and Ryzhik,Victor H. Moll,2014,7,eng,"gb,ia",,UNKNOWN,source-unavailable
9782862140025,9782862140025,Le Compte-bêtes,"Rumens, Carol.",1977,2,fre,"gb,ia",ia:public,GREEN,public-surrogate
9781854114655,9781854114655,Le Compte-bêtes,"Rumens, Carol.",1977,2,fre,"gb,ia",,RED-UNVERIFIED,no-surrogate+holdings-unknown
9780971276789,9780971276789,The Complete Guide to Wererats (Complete Guide),Keith Baker,2003,1,eng,"gb,ia",,UNKNOWN,source-unavailable
9781596357846,9781596357846,Sweet & Simple Baby Blankets,Glenda Winkleman,2013,1,,"gb,ia",ia:public;ia:public,GREEN,public-surrogate
9781492372226,9781492372226,Lunch Hour,Adam Blue,2013,1,eng,"gb,ia",,UNKNOWN,source-unavailable
9780670758746,9780670758746,What Veblen taught,Thorstein Veblen,1936,9,eng,"gb,ia",,UNKNOWN,source-unavailable
9781444659443,9781444659443,What Veblen taught,Thorstein Veblen,1936,9,eng,"gb,ia",,UNKNOWN,source-unavailable
9780678000540,9780678000540,What Veblen taught,Thorstein Veblen,1936,9,eng,"gb,ia",ia:public,GREEN,public-surrogate
9783631445143,9783631445143,Die Handelsgesellschaft Villeroy & Boch von der Gründung 1836 bis zum Jahr 1878,Hans J. Reiter,1992,1,ger,"gb,ia",,RED-UNVERIFIED,no-surrogate+holdings-unknown
9783540929949,9783540929949,Practical Aspects of Declarative Languages,Andy Gill,2009,2,eng,"gb,ia",,UNKNOWN,source-unavailable
9783540929956,9783540929956,Practical Aspects of Declarative Languages,Andy Gill,2009,2,eng,"gb,ia",,UNKNOWN,source-unavailable
9781406535006,9781406535006,Applied Eugenics (Illustrated Edition) (Dodo Press),"Roswell Hill Johnson, Paul Bowman Popenoe",2007,1,eng,"gb,ia",,RED-UNVERIFIED,no-surrogate+holdings-unknown
9789173310956,9789173310956,Traditionens estetik,Charlotte Hyltén-Cavallius,2007,1,swe,"gb,ia",ia:public;ia:lending,GREEN,public-surrogate
9781722984151,9781722984151,Debris/ice/TPS Assessment and Integrated Photographic Analysis of Shuttle Mission STS-68,,2018,1,eng,"gb,ia",,RED-UNVERIFIED,no-surrogate+holdings-unknown
9783527260515,9783527260515,"Methods of Enzymatic Analysis, 3.eE, Vol. 11, Antigens and Antibodies 2",H. U. Bergmeyer,1986,1,eng,"gb,ia",ia:lending,GREEN,public-surrogate
9780553372557,9780553372557,Understanding FoxPro 2.5 for Windows,George T. Chou,1993,1,eng,"gb,ia",,RED-UNVERIFIED,no-surrogate+holdings-unknown
9781377040486,9781377040486,Social expressiveness of products and social desirability as mediating variables in Fishbein's model,Peter Schnedlitz,1983,2,eng,"gb,ia",,UNKNOWN,source-unavailable
9786050945447,9786050945447,cilgin Hirsiz 3 / Oyun Keyfi Faaliyet Kitabi,Collective,2017,1,,"gb,ia",,UNKNOWN,source-unavailable
9789651300110,9789651300110,Mamlakhtiyut Yehudit bi-Verit-ha-Moʻatsot,Henri Slovès,1980,1,heb,"gb,ia",,UNKNOWN,source-unavailable
9781902694054,9781902694054,A Book of Condolences Classic Letters of Bereavement,Harding & Dyson,1999,1,,"gb,ia",,RED-UNVERIFIED,no-surrogate+holdings-unknown
9788417511128,9788417511128,Puerto Langosta,Edo Brenes,2019,1,,"gb,ia",,UNKNOWN,source-unavailable
9781611635751,9781611635751,Securities Litigation,"Marc I. Steinberg, Wendy Gerwick Couture, Michael J. Kaufman, Daniel J. Morrissey",2016,2,eng,"gb,ia",,UNKNOWN,source-unavailable
9781531015473,9781531015473,Securities Litigation,"Marc I. Steinberg, Wendy Gerwick Couture, Michael J. Kaufman, Daniel J. Morrissey",2016,2,eng,"gb,ia",,UNKNOWN,source-unavailable
9791196100902,9791196100902,Anŭn tongne anŭn Yŏnnam,P'yŏnjippu,2017,1,kor,"gb,ia",,UNKNOWN,source-unavailable
9780829751406,9780829751406,Espiritualidad Emocionalmente Sana Es Imposible Tener Madurez Espiritual Si Somos Inmaduros Emocionalmente,Peter Scazzero,2008,1,,"gb,ia",,RED-UNVERIFIED,no-surrogate+holdings-unknown
9781351974790,9781351974790,Essentials of Managing Quality for Projects and Programmes,John Bartlett,2017,2,eng,"gb,ia",gb:partial,RED-UNVERIFIED,no-surrogate+holdings-unknown
9781351974806,9781351974806,Essentials of Managing Quality for Projects and Programmes,John Bartlett,2017,2,eng,"gb,ia",,UNKNOWN,source-unavailable
9780527021399,9780527021399,Geology of Mangaia,P. Marshall,1969,1,eng,"gb,ia",,UNKNOWN,source-unavailable
9780946821501,9780946821501,Advanced FET Technology,Raymond S. Pengelly,1985,1,eng,"gb,ia",,RED-UNVERIFIED,no-surrogate+holdings-unknown
9781306696852,9781306696852,Woman Worth Loving,Jackie Braun,2014,1,eng,"gb,ia",,RED-UNVERIFIED,no-surrogate+holdings-unknown
9781853592720,9781853592720,Teaching science to language minority students,Judith Rosenthal,1995,2,eng,"gb,ia",,UNKNOWN,source-unavailable
9781853592737,9781853592737,Teaching science to language minority students,Judith Rosenthal,1995,2,eng,"gb,ia",,UNKNOWN,source-unavailable
9783540604549,9783540604549,Algorithmic learning theory,"International Workshop on Algorithmic LearningTheory (6th 1995 Tokyo, Japan)",1995,1,eng,"gb,ia",ia:public;ia:public,GREEN,public-surrogate
9788836608171,9788836608171,Domenico Piola (1627-1703),"Piero Boccardo, Margherita Priarone",2006,1,ita,"gb,ia",,UNKNOWN,source-unavailable
9781118842379,9781118842379,Magnetotails in the solar system,"Andreas Keiling, Caitríona M. Jackman, Peter A. Delamere",2014,4,eng,"gb,ia",,UNKNOWN,source-unavailable
9781118842348,9781118842348,Magnetotails in the solar system,"Andreas Keiling, Caitríona M. Jackman, Peter A. Delamere",2014,4,eng,"gb,ia",,UNKNOWN,source-unavailable
9781118842294,9781118842294,Magnetotails in the solar system,"Andreas Keiling, Caitríona M. Jackman, Peter A. Delamere",2014,4,eng,"gb,ia",,UNKNOWN,source-unavailable
9781118842324,9781118842324,Magnetotails in the solar system,"Andreas Keiling, Caitríona M. Jackman, Peter A. Delamere",2014,4,eng,"gb,ia",,UNKNOWN,source-unavailable
9781329797604,9781329797604,Igor and the Russian Mafia,Nova Hunt,2015,1,eng,"gb,ia",,UNKNOWN,source-unavailable
9782896860296,9782896860296,Xavier-la-lune,Martine Audet,2010,2,fre,"gb,ia",ia:public;ia:public;ia:lending,GREEN,public-surrogate
9782895129080,9782895129080,Xavier-la-lune,Martine Audet,2010,2,fre,"gb,ia",ia:public;ia:lending,GREEN,public-surrogate
9788984282360,9788984282360,Kŏkkuro kanŭn sinae bŏsŭ,Kŏn-mo An,2006,1,kor,"gb,ia",,UNKNOWN,source-unavailable
9786054039630,9786054039630,Dilden Dile Gonulden Gonule,Ekrem Yesiltepe,2011,1,,"gb,ia",,UNKNOWN,source-unavailable
9781492300137,9781492300137,"Ready, Aim, Influence! Join Forces, Expand Resources, Transform Your World",Melody Harper,2013,1,eng,"gb,ia",,RED-UNVERIFIED,no-surrogate+holdings-unknown
9780999558201,9780999558201,Search for Valhalla,Mike Whicker,2018,1,,"gb,ia",,RED-UNVERIFIED,no-surrogate+holdings-unknown
9780674016804,9780674016804,The post-revolutionary self,Jan Ellen Goldstein,2005,1,eng,"gb,ia",ia:public;ia:public;ia:public;ia:lending,GREEN,public-surrogate
9782550206606,9782550206606,Les éléments d'une stratégie québécoise de conservation en vue du développement durable,Québec (Province). Conseil de la conservation et de l'environnement.,1989,6,fre,"gb,ia",,UNKNOWN,source-unavailable
9782550206576,9782550206576,Les éléments d'une stratégie québécoise de conservation en vue du développement durable,Québec (Province). Conseil de la conservation et de l'environnement.,1989,6,fre,"gb,ia",,RED-UNVERIFIED,no-surrogate+holdings-unknown
9782550206552,9782550206552,Les éléments d'une stratégie québécoise de conservation en vue du développement durable,Québec (Province). Conseil de la conservation et de l'environnement.,1989,6,fre,"gb,ia",,RED-UNVERIFIED,no-surrogate+holdings-unknown
9782550206545,9782550206545,Les éléments d'une stratégie québécoise de conservation en vue du développement durable,Québec (Province). Conseil de la conservation et de l'environnement.,1989,6,fre,"gb,ia",,UNKNOWN,source-unavailable
9782550206583,9782550206583,Les éléments d'une stratégie québécoise de conservation en vue du développement durable,Québec (Province). Conseil de la conservation et de l'environnement.,1989,6,fre,"gb,ia",,RED-UNVERIFIED,no-surrogate+holdings-unknown
9782550203964,9782550203964,Les éléments d'une stratégie québécoise de conservation en vue du développement durable,Québec (Province). Conseil de la conservation et de l'environnement.,1989,6,fre,"gb,ia",,UNKNOWN,source-unavailable
9787534832611,9787534832611,Hua Xian shui wu zhi,Hua Xian shui wu zhi bian zuan wei yuan hui,2009,1,chi,"gb,ia",,RED-UNVERIFIED,no-surrogate+holdings-unknown
9780920961018,9780920961018,Fireweed,Margriet Ruurs,1986,1,eng,"gb,ia",ia:public;ia:public;ia:lending,GREEN,public-surrogate
9780665275135,9780665275135,The essentials of business law,R. E. Gallagher,1983,1,eng,"gb,ia",ia:public,GREEN,public-surrogate
9789043515351,9789043515351,De kleuren van Auralia,Jeffrey Overstreet,2008,1,dut,"gb,ia",ia:public;ia:public;ia:lending,GREEN,public-surrogate
9781530608256,9781530608256,History of Sexual Indulgence Chapters I-IX,Hayden Wayne,2016,1,eng,"gb,ia",,UNKNOWN,source-unavailable
9781520611167,9781520611167,Murder Sucks,Lyra Barnett,2017,1,eng,"gb,ia",,RED-UNVERIFIED,no-surrogate+holdings-unknown
9780072555233,9780072555233,Mapping the Social Landscape,Susan J Ferguson,2001,6,eng,"gb,ia",ia:public;ia:public;ia:public;ia:public;ia:public;ia:lending,GREEN,public-surrogate
9780072878998,9780072878998,Mapping the Social Landscape,Susan J Ferguson,2001,6,eng,"gb,ia",ia:public;ia:public;ia:public;ia:public;ia:public;ia:public;ia:lending,GREEN,public-surrogate
9780073528076,9780073528076,Mapping the Social Landscape,Susan J Ferguson,2001,6,eng,"gb,ia",,RED-UNVERIFIED,no-surrogate+holdings-unknown
9781633624276,9781633624276,Having Fun with Hair Feathering,"Dana Meachen Rau, Kathleen Petelinsek",2015,2,eng,"gb,ia",ia:lending,GREEN,public-surrogate
9781634703826,9781634703826,Having Fun with Hair Feathering,"Dana Meachen Rau, Kathleen Petelinsek",2015,2,eng,"gb,ia",,UNKNOWN,source-unavailable
9783858695840,9783858695840,Seltsame Schleife,Rolf Niederhauser,2014,1,ger,"gb,ia",ia:public;ia:public;ia:lending,GREEN,public-surrogate
9783839443217,9783839443217,Social Media Im Transnationalen Alltag,Simone Pfeifer,2019,1,ger,"gb,ia",,UNKNOWN,source-unavailable
9781532733512,9781532733512,A Child's Glimpse of God for Grown Up Children,Ethel Blackwell Robinson,2016,1,,"gb,ia",,UNKNOWN,source-unavailable
9780971382350,9780971382350,New Thought-A Perspective for Religious Consciousness in the 21st Century,Karl A. Pohlhaus,2003,1,eng,"gb,ia",,UNKNOWN,source-unavailable
9782747586672,9782747586672,La place de la cour pénale internationale dans la société des états,Grégory Berkovicz,2005,1,fre,"gb,ia",,UNKNOWN,source-unavailable
9788846405296,9788846405296,Le rivoluzioni della comunicazione,Nino Damascelli,1998,1,ita,"gb,ia",,UNKNOWN,source-unavailable
9780900353031,9780900353031,Robert Fergusson and the Edinburgh of his time,"Law, Alexander.",1974,2,eng,"gb,ia",,UNKNOWN,source-unavailable
9780078041020,9780078041020,"College Physics I, Mechanics, Lab Manual for PHYS 117, Columbus State Community College",,2006,1,,"gb,ia",ia:public,GREEN,public-surrogate
9781092286398,9781092286398,Childhood Memories of Shinbone Valley,Marcelle Harwell,2019,1,eng,"gb,ia",,UNKNOWN,source-unavailable
9780871545770,9780871545770,Ethnic solidarity for economic survival,Pyong Gap Min,2008,1,eng,"gb,ia",ia:lending;ia:lending,GREEN,public-surrogate
9781505966626,9781505966626,"This Is What's up, Doc","Lou Manuta, Janet Manuta",2015,1,eng,"gb,ia",,UNKNOWN,source-unavailable
9781505524864,9781505524864,Only Encourage Positive Thoughts,G. Golda,2014,1,eng,"gb,ia",,UNKNOWN,source-unavailable
9788881255252,9788881255252,Il Santuario-casa di Santa Caterina da Siena,Roberto Sabelli,2002,1,ita,"gb,ia",,UNKNOWN,source-unavailable
9781872630724,9781872630724,Open Systems,The Open Group,1992,2,eng,"gb,ia",,UNKNOWN,source-unavailable
9788833905143,9788833905143,Parigi e provincia,Fausta Garavini,1990,1,ita,"gb,ia",,RED-UNVERIFIED,no-surrogate+holdings-unknown
9789736115936,9789736115936,Dunarea,Ciprian-Beniamin Benea,2009,1,rum,"gb,ia",,UNKNOWN,source-unavailable
9780368707872,9780368707872,Poetic Justness,Leroy Long III,2019,1,eng,"gb,ia",,UNKNOWN,source-unavailable
9781320120555,9781320120555,Independent Motorcycle Presents Ride for a Friend 2014,Jorge Cueto Herrera,2014,1,eng,"gb,ia",,RED-UNVERIFIED,no-surrogate+holdings-unknown
9781441792341,9781441792341,The Boat of a Million Years,"Poul Anderson, Tom Weiner",2011,3,,"gb,ia",,RED-UNVERIFIED,no-surrogate+holdings-unknown
9781441792358,9781441792358,The Boat of a Million Years,"Poul Anderson, Tom Weiner",2011,3,,"gb,ia",,UNKNOWN,source-unavailable
9781441792334,9781441792334,The Boat of a Million Years,"Poul Anderson, Tom Weiner",2011,3,,"gb,ia",,RED-UNVERIFIED,no-surrogate+holdings-unknown
9780203509104,9780203509104,"On The Origin Of Species, 1859",Charles Darwin,2004,1,eng,"gb,ia",,UNKNOWN,source-unavailable
9783640190720,9783640190720,Vergleich von Gabriel Garcia Marquez Roman 'Cien años de soledad' und Günter Grass Roman  'Die Blechtrommel' unter sozio-kulturellen Gesichtspunkten und  Auswirkungen  auf die ästhetische Gestaltung beider Werke,Manfred Hagl,2008,1,ger,"gb,ia",,UNKNOWN,source-unavailable
9780940116153,9780940116153,Marble and stone slab veneer,James E. Amrhein,1989,1,eng,"gb,ia",,UNKNOWN,source-unavailable
9781632864529,9781632864529,Willnot,James Sallis,2016,4,eng,"gb,ia",ia:public;ia:lending,GREEN,public-surrogate
9786053143208,9786053143208,Willnot,James Sallis,2016,4,eng,"gb,ia",,RED-UNVERIFIED,no-surrogate+holdings-unknown
9781843446699,9781843446699,Willnot,James Sallis,2016,4,eng,"gb,ia",ia:public;ia:public;ia:lending,GREEN,public-surrogate
9781843449720,9781843449720,Willnot,James Sallis,2016,4,eng,"gb,ia",ia:lending,GREEN,public-surrogate
9780283063121,9780283063121,TOM JONES,DAVID GRITTEN STAFFORD HILDRED,1998,1,eng,"gb,ia",ia:public;ia:public;ia:public;ia:lending,GREEN,public-surrogate
9780752552675,9780752552675,Low Fat & Salads,Paragon,2001,1,eng,"gb,ia",ia:public;ia:public;ia:public;ia:lending,GREEN,public-surrogate
9788310108852,9788310108852,"Anaruk, chłopiec z Grenlandii",,2003,2,,"gb,ia",,UNKNOWN,source-unavailable
9788310112644,9788310112644,"Anaruk, chłopiec z Grenlandii",,2003,2,,"gb,ia",,UNKNOWN,source-unavailable
9783829015936,9783829015936,"Pasta, Classic Essential",Konemann,1999,1,eng,"gb,ia",ia:public;ia:public;ia:public,GREEN,public-surrogate
9783656114369,9783656114369,Buchdruck Als Grundlage der Reformation,Dominik Poos,2013,1,ger,"gb,ia",,UNKNOWN,source-unavailable
9789701504994,9789701504994,Guia de Campo Microsoft Word 2000,Francisco Pascual,2000,1,spa,"gb,ia",,UNKNOWN,source-unavailable
9780435822545,9780435822545,Key texts in multidimensional scaling,"P. M. Davies, Anthony P. M. Coxon",1982,1,eng,"gb,ia",ia:lending,GREEN,public-surrogate
9780708817568,9780708817568,Who financed Hitler,James Pool,1980,2,eng,"gb,ia",ia:public;ia:public,GREEN,public-surrogate
9780354043953,9780354043953,Who financed Hitler,James Pool,1980,2,eng,"gb,ia",,UNKNOWN,source-unavailable
9781563824913,9781563824913,Shoe String Investing Made E-Z (Made E-Z Guides),"John, Ph.D. Santosuosso",2001,1,eng,"gb,ia",ia:lending,GREEN,public-surrogate
9788787600194,9788787600194,Current Scandinavian Botanical Research in Ecuador,"Benjamin Ollgaard, Ulf Molau",1986,1,eng,"gb,ia",,UNKNOWN,source-unavailable
9780451454799,9780451454799,Faded Steel Heat (Garrett Files),Glen Cook,1999,1,eng,"gb,ia",ia:public;ia:public;ia:lending,GREEN,public-surrogate
9780709154617,9780709154617,Colour and chaos,"Thompson, Neil",1976,1,eng,"gb,ia",ia:public;ia:public,GREEN,public-surrogate
9783426640371,9783426640371,Die Principessa. 5 Cassetten,Peter Prange,2002,1,,"gb,ia",,RED-UNVERIFIED,no-surrogate+holdings-unknown
9791091102025,9791091102025,Comment résister au capitalisme? Tous en coopératives,Catherine Heurteux-Peyréga,2013,1,fre,"gb,ia",,UNKNOWN,source-unavailable
9789791091107,9789791091107,Comment résister au capitalisme? Tous en coopératives,Catherine Heurteux-Peyréga,2013,1,fre,"gb,ia",,RED-UNVERIFIED,no-surrogate+holdings-unknown
9789698455125,9789698455125,Istanbul,,2004,1,urd,"gb,ia",,UNKNOWN,source-unavailable
9781098520274,9781098520274,Kanji Practice Paper,Weezag,2019,1,eng,"gb,ia",,UNKNOWN,source-unavailable
9783802318528,9783802318528,Einfärben von Kunststoffen. Mit Masterbatch.,"Jürgen Kremer, Wolfgang Hahn",2001,1,,"gb,ia",,UNKNOWN,source-unavailable
9783110168839,9783110168839,Deutschen Vogelnamen,"Hugo Suolahti, Seebold Von Elmar",2000,1,ger,"gb,ia",,UNKNOWN,source-unavailable
9788995595022,9788995595022,Chukhyŏn Sŏ Tong-hyŏng ssŭn taedong ch'ŏnjamun,Tong-hyŏng Sŏ,2005,1,kor,"gb,ia",,UNKNOWN,source-unavailable
9780370004334,9780370004334,Soviet Nationalities Policy in Practice - Societ Studies Series,Robert Conquest,1967,1,,"gb,ia",ia:public;ia:public,GREEN,public-surrogate
9786053201762,9786053201762,Grubun Gucu,"Zeynep Hamamcý, Leslie Cooley, Fulya Turk",2015,1,,"gb,ia",,UNKNOWN,source-unavailable
9787109037250,9787109037250,Fa zhan zhong di nong cun he zuo jing ji,,1995,1,chi,"gb,ia",,UNKNOWN,source-unavailable
9783440078358,9783440078358,Pilze. Extra,Karin Montag,2003,1,ger,"gb,ia",,RED-UNVERIFIED,no-surrogate+holdings-unknown
9780398051754,9780398051754,Dynamics of job-seeking behavior,Nancy Duncan Stevens,1986,1,eng,"gb,ia",,RED-UNVERIFIED,no-surrogate+holdings-unknown
9780141016726,9780141016726,Edifice Complex,Deyan Sudjic        ,2006,2,eng,"gb,ia",ia:public;ia:public;ia:public;ia:lending,GREEN,public-surrogate
9780141900933,9780141900933,Edifice Complex,Deyan Sudjic        ,2006,2,eng,"gb,ia",,RED-UNVERIFIED,no-surrogate+holdings-unknown
9780578436876,9780578436876,Cookie Quilt,"Deb Schulz, Mary Josephson",2019,1,eng,"gb,ia",ia:public;ia:public,GREEN,public-surrogate
9780906874042,9780906874042,"Fun, Food and Kids Come Too!",Beth Towers,1994,1,,"gb,ia",,UNKNOWN,source-unavailable
9780866381116,9780866381116,"Asia Pacific Report, Focus",Charles E. Morrison,1989,1,eng,"gb,ia",ia:public;ia:public,GREEN,public-surrogate
9781139239592,9781139239592,Social Situations,"Michael Argyle, Adrian Furnham, Jean Ann Graham",2011,2,eng,"gb,ia",,RED-UNVERIFIED,no-surrogate+holdings-unknown
9780511558283,9780511558283,Social Situations,"Michael Argyle, Adrian Furnham, Jean Ann Graham",2011,2,eng,"gb,ia",,UNKNOWN,source-unavailable
9789978622674,9789978622674,Guía del trabajador extranjero en España,,2003,1,spa,"gb,ia",,UNKNOWN,source-unavailable
9783423021623,9783423021623,Der Hexenhammer,Jakob Sprenger,1920,5,ger,"gb,ia",,UNKNOWN,source-unavailable
9783990084564,9783990084564,Der Hexenhammer,Jakob Sprenger,1920,5,ger,"gb,ia",,UNKNOWN,source-unavailable
9780143037583,9780143037583,"Where I Lived, and What I Lived For (Penguin Great Ideas)",Henry David Thoreau,2006,1,eng,"gb,ia",ia:public;ia:public;ia:public;ia:lending,GREEN,public-surrogate
9789004072275,9789004072275,Hellenistische Erlösung in Christlicher Deutung,Josef Frickel,1984,1,ger,"gb,ia",ia:lending,GREEN,public-surrogate
9781628732122,9781628732122,Leadership Lessons of Abraham Lincoln,Abraham Lincoln,2011,1,eng,"gb,ia",,UNKNOWN,source-unavailable
9780403001163,9780403001163,"Evolution of Theology in the Greek Philosophers, The Gifford Lectures, 1900-1902 (Two volumes)",Edward Caird,2007,1,eng,"gb,ia",,RED-UNVERIFIED,no-surrogate+holdings-unknown
9788993854589,9788993854589,"Aha kŭrŏk'un, ttŭtpak ŭi Chosŏn yŏksa",Chŏng-gŭn Yi,2013,1,kor,"gb,ia",,RED-UNVERIFIED,no-surrogate+holdings-unknown
9789025469672,9789025469672,Voetjacht en andere verhalen,Inigo Meerman,1991,1,dut,"gb,ia",,RED-UNVERIFIED,no-surrogate+holdings-unknown
9781530439058,9781530439058,You can't judge a book.....,Jim McAllister,2016,1,,"gb,ia",,UNKNOWN,source-unavailable
9781853104435,9781853104435,Lend-lease aircraft in World War II,Arthur Pearcy,1996,1,eng,"gb,ia",,UNKNOWN,source-unavailable
9788521201939,9788521201939,Caderno de Encargos,,1992,1,por,"gb,ia",,UNKNOWN,source-unavailable
9781937420710,9781937420710,Jonathan Issue 05,,2014,1,eng,"gb,ia",ia:public;ia:public,GREEN,public-surrogate
9782266082532,9782266082532,Un dernier baiser,Judith Kelman,1998,1,fre,"gb,ia",,RED-UNVERIFIED,no-surrogate+holdings-unknown
9780947906061,9780947906061,Newspapers,Pamela Giblett,1986,1,eng,"gb,ia",,UNKNOWN,source-unavailable
9780966101300,9780966101300,A Winding River,Meridian International Center,1997,1,eng,"gb,ia",ia:public,GREEN,public-surrogate
9787811136685,9787811136685,Zhongguo chuan tong wen hua dao lun,Hanmin Zhu,2010,1,chi,"gb,ia",,RED-UNVERIFIED,no-surrogate+holdings-unknown
9781459310445,9781459310445,Human Beans,Ron Pumphrey,2007,2,eng,"gb,ia",ia:lending,GREEN,public-surrogate
9781897317099,9781897317099,Human Beans,Ron Pumphrey,2007,2,eng,"gb,ia",ia:public;ia:public;ia:public;ia:lending,GREEN,public-surrogate
9780756543587,9780756543587,The Black Dahlia Shattered Dreams,Brenda Haugen,2010,1,,"gb,ia",ia:lending,GREEN,public-surrogate
9781861082855,9781861082855,A field guide to landscape photography,"Watson, Peter",2002,1,eng,"gb,ia",ia:public,GREEN,public-surrogate
9781588412119,9781588412119,How to Pay for Your Degree in Journalism and Related Fields 2011-2013,R. David Weber Gail Ann Schlachter,2010,1,,"gb,ia",ia:public;ia:public,GREEN,public-surrogate
9781980553991,9781980553991,Knowing Jesus Better - the Real Jesus According to Thousands of Verses and Who Is Jesus to You?,Richard Nata,2018,1,eng,"gb,ia",,UNKNOWN,source-unavailable
9780939674343,9780939674343,Cytology and hematology of the horse,"Rick L. Cowell, Ronald D. Tyler",1992,1,eng,"gb,ia",,UNKNOWN,source-unavailable
9781595479914,9781595479914,Duncan's Ritual And Monitor Of Freemasonry,Malcolm C. Duncan,2004,1,eng,"gb,ia",ia:public,GREEN,public-surrogate
9781548309794,9781548309794,Learn to Code : ,Dave jones,2017,1,eng,"gb,ia",,RED-UNVERIFIED,no-surrogate+holdings-unknown
9787532619436,9787532619436,Qin li zhe ji yi =,Tianshi Yang,2005,1,chi,"gb,ia",,UNKNOWN,source-unavailable
9780244072407,9780244072407,Dragosaurs 1,James Craig,2016,1,eng,"gb,ia",,UNKNOWN,source-unavailable
9789964906115,9789964906115,Making the district assembly work,Samuel N. Woode,1989,1,eng,"gb,ia",,RED-UNVERIFIED,no-surrogate+holdings-unknown
9781379308157,9781379308157,"The Plays of Lear and Cymbeline, by William Shakspeare. In two Volumes. With the Notes and Illustrations of Various Commentators. To Which are Added, Remarks by the Editor. of 2; Volume 2",Anonymous,2018,1,,"gb,ia",,UNKNOWN,source-unavailable
9782253025559,9782253025559,"OVNI, la fin du secret",Robert Roussel,1978,2,fre,"gb,ia",ia:public,GREEN,public-surrogate
9782714411457,9782714411457,"OVNI, la fin du secret",Robert Roussel,1978,2,fre,"gb,ia",,UNKNOWN,source-unavailable
9788958610885,9788958610885,Sansa ŭi churyŏn,Cheun,2009,1,kor,"gb,ia",,RED-UNVERIFIED,no-surrogate+holdings-unknown
9780531107959,9780531107959,Nicaragua and the United States,Tony Jenkins,1989,2,eng,"gb,ia",ia:public;ia:lending;ia:lending,GREEN,public-surrogate
9780749929237,9780749929237,Succubus In New York,Nina Harper,2009,2,eng,"gb,ia",ia:public;ia:lending,GREEN,public-surrogate
9780748121601,9780748121601,Succubus In New York,Nina Harper,2009,2,eng,"gb,ia",,UNKNOWN,source-unavailable
9789872096571,9789872096571,Perlas Negras,Maria Rado,2004,1,spa,"gb,ia",ia:public;ia:public;ia:lending,GREEN,public-surrogate
9780520206892,9780520206892,Emerson,Robert D. Richardson Jr.,1995,3,eng,"gb,ia",ia:public;ia:public,GREEN,public-surrogate
9781522608202,9781522608202,Emerson,Robert D. Richardson Jr.,1995,3,eng,"gb,ia",,UNKNOWN,source-unavailable
9780520088085,9780520088085,Emerson,Robert D. Richardson Jr.,1995,3,eng,"gb,ia",ia:lending,GREEN,public-surrogate
9788434229310,9788434229310,Preescolar P5,AA.VV.,2009,1,,"gb,ia",,UNKNOWN,source-unavailable
9787220028625,9787220028625,Xin min zhi meng,Tianhong Yang,1995,1,chi,"gb,ia",ia:lending,GREEN,public-surrogate
9781591662518,9781591662518,The lost prince of Samavia,Frances Hodgson Burnett,2004,1,eng,"gb,ia",,UNKNOWN,source-unavailable
9780738502243,9780738502243,Ludlow,Karen  E.  Pilon,1999,1,eng,"gb,ia",ia:public,GREEN,public-surrogate
9783322988263,9783322988263,Recht Auf Freie Entfaltung der Persönlichkeit in der Höchstrichterlichen Rechtsprechung,Hans Peters,2013,1,ger,"gb,ia",,UNKNOWN,source-unavailable
9780906730072,9780906730072,Activities and games for language work,Marcel Leclerc,1983,1,eng,"gb,ia",ia:public;ia:public;ia:public,GREEN,public-surrogate
9789667430283,9789667430283,Poobich chasu,H. M. Shtonʹ,2004,1,ukr,"gb,ia",,UNKNOWN,source-unavailable
9788486908973,9788486908973,Jardines de Valencia,María Angeles Arazo,1993,1,spa,"gb,ia",,UNKNOWN,source-unavailable
9783980941440,9783980941440,Opi,Rudolf Müller,2004,1,ger,"gb,ia",,RED-UNVERIFIED,no-surrogate+holdings-unknown
9789059115965,9789059115965,De bevrijding van Steenbergen,,2007,1,,"gb,ia",,UNKNOWN,source-unavailable
9783111216263,9783111216263,Stahlland Amerika,Otto Halem,1931,3,ger,"gb,ia",,UNKNOWN,source-unavailable
9783112120606,9783112120606,Stahlland Amerika,Otto Halem,1931,3,ger,"gb,ia",,UNKNOWN,source-unavailable
9783111590042,9783111590042,Stahlland Amerika,Otto Halem,1931,3,ger,"gb,ia",,UNKNOWN,source-unavailable
9781724070395,9781724070395,My Favorite Omelette Recipes,Yum Press,2018,1,eng,"gb,ia",,RED-UNVERIFIED,no-surrogate+holdings-unknown
9786056916502,9786056916502,Pōghos Arkʻepiskopos Kharaghōchʻi keankʻn u gortsě,Grigor Tamatean,2019,1,arm,"gb,ia",,UNKNOWN,source-unavailable
9783527262601,9783527262601,Inorganic Reactions and Methods,Arnulf Hagen,1987,5,eng,"gb,ia",,UNKNOWN,source-unavailable
9783527262656,9783527262656,Inorganic Reactions and Methods,Arnulf Hagen,1987,5,eng,"gb,ia",ia:lending,GREEN,public-surrogate
9783527262694,9783527262694,Inorganic Reactions and Methods,Arnulf Hagen,1987,5,eng,"gb,ia",ia:lending,GREEN,public-surrogate
9781519041708,9781519041708,Nas Garras Do Escorpião,Natalie K. Lynn,2016,1,por,"gb,ia",,RED-UNVERIFIED,no-surrogate+holdings-unknown
9783867932387,9783867932387,Bound to Cooperate - Europe and the Middle East II,Christian-Peter Hanelt,2010,1,eng,"gb,ia",,UNKNOWN,source-unavailable
9781973273691,9781973273691,Grande Morale,"J. Barthélemy Saint-Hilaire, aristote",2017,1,fre,"gb,ia",,UNKNOWN,source-unavailable
9780816024957,9780816024957,Food and water,Jenny E. Tesar,1992,1,eng,"gb,ia",ia:lending,GREEN,public-surrogate
9787560087658,9787560087658,Fa yu DELF kao shi quan gong lue,min Zhang,2009,1,chi,"gb,ia",ia:public;ia:public;ia:lending,GREEN,public-surrogate
9781780103907,9781780103907,Rescue for a Queen,Fiona Buckley,2013,3,eng,"gb,ia",,UNKNOWN,source-unavailable
9780727897053,9780727897053,Rescue for a Queen,Fiona Buckley,2013,3,eng,"gb,ia",ia:public;ia:lending,GREEN,public-surrogate
9781780295374,9781780295374,Rescue for a Queen,Fiona Buckley,2013,3,eng,"gb,ia",ia:public;ia:public,GREEN,public-surrogate
9780906673164,9780906673164,Mechanisms and regulation of transport processes,,1989,1,eng,"gb,ia",,UNKNOWN,source-unavailable
9789070485344,9789070485344,CACTUSSEN EN VETPLANTEN,,1990,1,,"gb,ia",ia:public;ia:public,GREEN,public-surrogate
9781590696132,9781590696132,Clubhouse Count Along (Zip & Carry),Soundprints,2008,1,eng,"gb,ia",,UNKNOWN,source-unavailable
9781886230989,9781886230989,How to fail as a therapist,"Schwartz, Bernard",2010,1,eng,"gb,ia",ia:public,GREEN,public-surrogate
9783404360390,9783404360390,Die Patentlösung,Peter Hebel,1980,1,ger,"gb,ia",ia:public;ia:public;ia:lending,GREEN,public-surrogate
9783838611075,9783838611075,Bedeutung und Notwendigkeit Einer Flexiblen Arbeitszeitpolitik,Frank Schöffler,1998,1,ger,"gb,ia",,UNKNOWN,source-unavailable
9780716721413,9780716721413,Shaping the earth,Eldridge M. Moores,1990,1,eng,"gb,ia",ia:lending,GREEN,public-surrogate
9780848235017,9780848235017,The novel as the modern epic,Sisir Chatterjee,1955,5,eng,"gb,ia",,UNKNOWN,source-unavailable
9780841435650,9780841435650,The novel as the modern epic,Sisir Chatterjee,1955,5,eng,"gb,ia",ia:public;ia:lending,GREEN,public-surrogate
9781723839665,9781723839665,Instant Pot Vegan Cookbook,Tina B.Baker,2018,1,eng,"gb,ia",,UNKNOWN,source-unavailable
9783527695928,9783527695928,"Reden Ist Silber, Machen Ist Gold",Harald Psaridis,2015,2,ger,"gb,ia",,UNKNOWN,source-unavailable
9783527695935,9783527695935,"Reden Ist Silber, Machen Ist Gold",Harald Psaridis,2015,2,ger,"gb,ia",,UNKNOWN,source-unavailable
9780761827498,9780761827498,Reforming the Morality of Usury,David W. Jones,2004,1,eng,"gb,ia",,UNKNOWN,source-unavailable
9781626469105,9781626469105,Crop Duster,John D. Beatty,2014,1,,"gb,ia",ia:public,GREEN,public-surrogate
9780275953058,9780275953058,The operational art,"B. J. C. McKercher, Michael A. Hennessy",1996,2,eng,"gb,ia",ia:public,GREEN,public-surrogate
9781282405783,9781282405783,The operational art,"B. J. C. McKercher, Michael A. Hennessy",1996,2,eng,"gb,ia",,UNKNOWN,source-unavailable
9789558873380,9789558873380,Horaṇa dharma dēśanā,"Vajirañāṇa, Horaṇa Himi",2004,1,sin,"gb,ia",,RED-UNVERIFIED,no-surrogate+holdings-unknown
9780262240406,9780262240406,Global governance,Oran R. Young,1997,1,eng,"gb,ia",ia:public;ia:lending,GREEN,public-surrogate
9780262740203,9780262740203,Global governance,Oran R. Young,1997,1,eng,"gb,ia",ia:public;ia:lending,GREEN,public-surrogate
9788433969491,9788433969491,Hammerklavier,"Yasmina Reza, Joaquín Jordá",2001,1,,"gb,ia",,UNKNOWN,source-unavailable
9781425786007,9781425786007,A Scandinavian story,Teresita Sparre Currie,2007,1,eng,"gb,ia",,UNKNOWN,source-unavailable
9781796674354,9781796674354,Cry of Love,Ilona Mill,2019,1,eng,"gb,ia",,UNKNOWN,source-unavailable
9780571350940,9780571350940,Lyrics,Kate Bush,2018,1,eng,"gb,ia",ia:public,GREEN,public-surrogate
9781016336543,9781016336543,"His Royal Highness Duke of Clarence and Avondale, Born Jan. 8th, 1864-Died Jan. 14, 1892",James Edmund Vincent,2018,4,eng,"gb,ia",,UNKNOWN,source-unavailable
9780344078293,9780344078293,"His Royal Highness Duke of Clarence and Avondale, Born Jan. 8th, 1864-Died Jan. 14, 1892",James Edmund Vincent,2018,4,eng,"gb,ia",,UNKNOWN,source-unavailable
9781016341776,9781016341776,"His Royal Highness Duke of Clarence and Avondale, Born Jan. 8th, 1864-Died Jan. 14, 1892",James Edmund Vincent,2018,4,eng,"gb,ia",,UNKNOWN,source-unavailable
9780342107209,9780342107209,"His Royal Highness Duke of Clarence and Avondale, Born Jan. 8th, 1864-Died Jan. 14, 1892",James Edmund Vincent,2018,4,eng,"gb,ia",,UNKNOWN,source-unavailable
9785699079391,9785699079391,Dollary t Łsari Ła Gorokha,Dar £i Ła Dont Łsova,2006,1,rus,"gb,ia",,UNKNOWN,source-unavailable
9788990313362,9788990313362,Kkareisŭk'i,Pyŏng-sun Yang,2009,1,kor,"gb,ia",,UNKNOWN,source-unavailable
9781499220520,9781499220520,Save Me,Amanda Heath,2014,1,eng,"gb,ia",,UNKNOWN,source-unavailable
9788482884691,9788482884691,"Historia escribese de noite, a  (xii premio g. Barros",Bieito Iglesias,2001,1,glg,"gb,ia",,RED-UNVERIFIED,no-surrogate+holdings-unknown
9780349111216,9780349111216,Grimm's last fairytale,Haydn Middleton,2000,1,eng,"gb,ia",ia:public;ia:public;ia:public;ia:lending,GREEN,public-surrogate
9781724322500,9781724322500,"I Know Nothing with Any Certainty, but the Sight of the Stars Makes",Jay Wilson,2018,1,eng,"gb,ia",,RED-UNVERIFIED,no-surrogate+holdings-unknown
9780373794690,9780373794690,Hot-wired,Jennifer LaBrecque,2009,2,eng,"gb,ia",ia:lending,GREEN,public-surrogate
9788501043795,9788501043795,Reengenharia,Francisco Paulo de Melo Neto,1995,1,por,"gb,ia",,UNKNOWN,source-unavailable
9789718989043,9789718989043,Philippine public fiscal administration,Leonor Magtolis- Briones,1983,3,eng,"gb,ia",,UNKNOWN,source-unavailable
9780793823949,9780793823949,Whippets (KW Dog),Christine Cormany,1994,1,eng,"gb,ia",ia:public;ia:public,GREEN,public-surrogate
9788450552317,9788450552317,Las dos primeras crónicas de Vizcaya,Lope Garcia de Salazar,1986,2,spa,"gb,ia",,RED-UNVERIFIED,no-surrogate+holdings-unknown
9781547102044,9781547102044,Silver Glitter Journal,Glitter Journals,2017,1,eng,"gb,ia",,UNKNOWN,source-unavailable
9788496421257,9788496421257,Entornos,Caja de Burgos. Centro de Arte,2006,1,spa,"gb,ia",,UNKNOWN,source-unavailable
9789508453488,9789508453488,El pensamiento de la crítica,Alberto Giordano,2016,1,spa,"gb,ia",,UNKNOWN,source-unavailable
9780557505234,9780557505234,Broken,Sophia Zovich,2010,1,eng,"gb,ia",,RED-UNVERIFIED,no-surrogate+holdings-unknown
9785948093161,9785948093161,Gosudarstvenno-konfessionalʹnye otnoshenii︠a︡ v sovremennoĭ Rossii,V. A. Matvienko,2007,1,rus,"gb,ia",,UNKNOWN,source-unavailable
9780851171753,9780851171753,The Testimony of Steve Biko,Steve Biko,1978,4,eng,"gb,ia",,UNKNOWN,source-unavailable
9780586050057,9780586050057,The Testimony of Steve Biko,Steve Biko,1978,4,eng,"gb,ia",ia:public;ia:public;ia:public;ia:lending,GREEN,public-surrogate
9781897959374,9781897959374,The Carthaginian peace,Étienne Mantoux,1946,11,eng,"gb,ia",ia:public;ia:public,GREEN,public-surrogate
9780405112379,9780405112379,The Carthaginian peace,Étienne Mantoux,1946,11,eng,"gb,ia",ia:public,GREEN,public-surrogate
9783860320136,9783860320136,Zwischen gestern und morgen,Ute Thoss Brandes,1992,1,ger,"gb,ia",ia:public;ia:lending,GREEN,public-surrogate
9781633500341,9781633500341,Burn with Me,Proby,2018,1,eng,"gb,ia",,RED-UNVERIFIED,no-surrogate+holdings-unknown
9780359726998,9780359726998,Miracle in Stone,Joseph Augustus Seiss,2019,1,eng,"gb,ia",,UNKNOWN,source-unavailable
9782890514065,9782890514065,"Alexis, En Vacances Forcees",Yvon Brochu,1990,1,,"gb,ia",ia:lending;ia:public,GREEN,public-surrogate
9788434827721,9788434827721,Esclavos!,Juan M. San Miguel,1989,1,spa,"gb,ia",ia:lending,GREEN,public-surrogate
9781894620208,9781894620208,Exercise-based cardiac rehabilitation programs for coronary artery disease: a systematic clinical and economic review,Allan Brown,2003,2,eng,"gb,ia",,UNKNOWN,source-unavailable
9788441204775,9788441204775,Diccionari de trànsit,"Termcat (Catalonia, Spain)",2000,1,cat,"gb,ia",,UNKNOWN,source-unavailable
9786070263262,9786070263262,"Atlas digital de la zona arqueológica de San Lorenzo, Veracruz",Ann Cyphers,2014,1,spa,"gb,ia",,UNKNOWN,source-unavailable
9780006373681,9780006373681,Beyond Endurance,Doddy Hay,1989,1,,"gb,ia",ia:public;ia:public,GREEN,public-surrogate
9788433417176,9788433417176,Proyecto Venus letal,Carlos del Busto,1989,1,spa,"gb,ia",,UNKNOWN,source-unavailable
9781977839138,9781977839138,"Feuerschweif, Episode 18 - Fantasy-Serie",Amber Auburn,2017,1,ger,"gb,ia",,UNKNOWN,source-unavailable
9787802536326,9787802536326,Rtogs brjod rin chen phreng ba,Bskal-bzang-thub-bstan-dbang-phyug ʼJam-dbyangs-bzhad-pa IV,2013,1,tib,"gb,ia",,UNKNOWN,source-unavailable
9781973588788,9781973588788,My New Test Bunzilla Book,Long N,2017,1,eng,"gb,ia",,UNKNOWN,source-unavailable
9781795434454,9781795434454,Hudson Valley Style Magazine - Winter 2018,"Hudson Valley Style Magazine, Dino Alexander, Maxwell Alexander",2019,1,eng,"gb,ia",,UNKNOWN,source-unavailable
9780913299401,9780913299401,The creation of health,"C. Norman Shealy, Caroline Myss",1988,3,eng,"gb,ia",,UNKNOWN,source-unavailable
9781863251754,9781863251754,The creation of health,"C. Norman Shealy, Caroline Myss",1988,3,eng,"gb,ia",,UNKNOWN,source-unavailable
9789871983346,9789871983346,"Entre casas, departamentos y viviendas",Julieta Barada,2018,1,spa,"gb,ia",,UNKNOWN,source-unavailable
9781507737118,9781507737118,Methane,Congressional Research Congressional Research Service,2015,1,eng,"gb,ia",,RED-UNVERIFIED,no-surrogate+holdings-unknown
9780898690729,9780898690729,Episcopal Clerical Driectory 2017,Church Publishing,2017,1,eng,"gb,ia",ia:public;ia:public;ia:public;ia:lending,GREEN,public-surrogate
9788483380956,9788483380956,Introducció a la filosofia  de Paul Ricoeur,Montserrat Coll i Calaf,1999,1,cat,"gb,ia",,UNKNOWN,source-unavailable
9789953571393,9789953571393,بتلات ملونة قبل الضوع بقليل,حسون، لميس,2017,1,ara,"gb,ia",,RED-UNVERIFIED,no-surrogate+holdings-unknown
9781538248188,9781538248188,Most Powerful Words of the Civil War,Jason Glaser,2019,3,eng,"gb,ia",,UNKNOWN,source-unavailable
9781538248157,9781538248157,Most Powerful Words of the Civil War,Jason Glaser,2019,3,eng,"gb,ia",,UNKNOWN,source-unavailable
9781538248171,9781538248171,Most Powerful Words of the Civil War,Jason Glaser,2019,3,eng,"gb,ia",,UNKNOWN,source-unavailable
9785714006371,9785714006371,Petr Ilʹich Chaĭkovskiĭ,E. Ruchʹevskai͡a,1998,2,rus,"gb,ia",,UNKNOWN,source-unavailable
9785737904517,9785737904517,Petr Ilʹich Chaĭkovskiĭ,E. Ruchʹevskai͡a,1998,2,rus,"gb,ia",,UNKNOWN,source-unavailable
9780862437947,9780862437947,Chwarter Call,Dafydd Huws,2005,1,wel,"gb,ia",ia:public;ia:public,GREEN,public-surrogate
9783486274516,9783486274516,Gewerbesteuer,Günter Petzold,1983,1,ger,"gb,ia",,UNKNOWN,source-unavailable
9780859056304,9780859056304,From Wales to Gwalia,"Evans, Alwyn M. Phil",2016,1,eng,"gb,ia",,UNKNOWN,source-unavailable
9780978753115,9780978753115,A Strong and Sudden Thaw,R. W. Day,2006,2,eng,"gb,ia",ia:public;ia:public;ia:lending,GREEN,public-surrogate
9781452427713,9781452427713,A Strong and Sudden Thaw,R. W. Day,2006,2,eng,"gb,ia",,UNKNOWN,source-unavailable
9781889963938,9781889963938,Wesley Earl Dunkle,Charles Condwell Hawley,2006,1,eng,"gb,ia",,RED-UNVERIFIED,no-surrogate+holdings-unknown
9788494223426,9788494223426,Quince días para acabar con el mundo,Manuel Astur,2014,1,,"gb,ia",,UNKNOWN,source-unavailable
9781549677984,9781549677984,"Weight Watchers Fish, Lamb and Pasta Recipes",Fran's D. Fran's D. Fury,2017,1,eng,"gb,ia",,UNKNOWN,source-unavailable
9780881396003,9780881396003,Guan Yin Bodhisattva Is Our Brother,Hua,2003,1,eng,"gb,ia",,UNKNOWN,source-unavailable
9780340670965,9780340670965,Food for the Journey,Joyce Huggett,1997,1,eng,"gb,ia",,UNKNOWN,source-unavailable
9789645839671,9789645839671,Ainah-i haqnama,Yusuf Ibrahimiyan Amuli,2000,1,per,"gb,ia",,UNKNOWN,source-unavailable
9781720168416,9781720168416,Effective Paleo Diet for Beginners,Peter Bragg,2018,2,eng,"gb,ia",,RED-UNVERIFIED,no-surrogate+holdings-unknown
9781720182979,9781720182979,Effective Paleo Diet for Beginners,Peter Bragg,2018,2,eng,"gb,ia",,RED-UNVERIFIED,no-surrogate+holdings-unknown
9781563526923,9781563526923,Atlanta Cooks,Melissa Libby,2001,1,eng,"gb,ia",ia:lending;ia:public;ia:public;ia:public,GREEN,public-surrogate
9781446902653,9781446902653,Edexcel GCSE additional science revision guide,Penny Johnson,2012,1,eng,"gb,ia",ia:public;ia:public;ia:public;ia:lending,GREEN,public-surrogate
9781519770677,9781519770677,"Don't Be Afraid,,Son",Billy Guajardo,2015,1,eng,"gb,ia",,UNKNOWN,source-unavailable
9780062298195,9780062298195,The Affair at the Victory Ball (Poirot),Agatha Christie,2000,8,eng,"gb,ia",,UNKNOWN,source-unavailable
9781519484338,9781519484338,The Affair at the Victory Ball (Poirot),Agatha Christie,2000,8,eng,"gb,ia",,UNKNOWN,source-unavailable
9780001056053,9780001056053,The Affair at the Victory Ball (Poirot),Agatha Christie,2000,8,eng,"gb,ia",,UNKNOWN,source-unavailable
9781499506723,9781499506723,The Affair at the Victory Ball (Poirot),Agatha Christie,2000,8,eng,"gb,ia",,UNKNOWN,source-unavailable
9780007559930,9780007559930,The Affair at the Victory Ball (Poirot),Agatha Christie,2000,8,eng,"gb,ia",gb:partial,RED-UNVERIFIED,no-surrogate+holdings-unknown
9781540499974,9781540499974,The Affair at the Victory Ball (Poirot),Agatha Christie,2000,8,eng,"gb,ia",,UNKNOWN,source-unavailable
9781505468540,9781505468540,The Affair at the Victory Ball (Poirot),Agatha Christie,2000,8,eng,"gb,ia",,UNKNOWN,source-unavailable
9781519484581,9781519484581,The Affair at the Victory Ball (Poirot),Agatha Christie,2000,8,eng,"gb,ia",,UNKNOWN,source-unavailable
9788074150463,9788074150463,Řeč Mikuláše Biskupce z Pelhřimova na basilejském koncilu v roce 1433,"Mikuláš z Pelhřimova, Bishop",2011,1,cze,"gb,ia",,UNKNOWN,source-unavailable
9780262110693,9780262110693,Kuenzlen,M KUENZLEN,1978,1,,"gb,ia",,RED-UNVERIFIED,no-surrogate+holdings-unknown
9788807172137,9788807172137,Incontri con musicisti straordinari,Enrico Rava,2011,1,ita,"gb,ia",,RED-UNVERIFIED,no-surrogate+holdings-unknown
9781434324481,9781434324481,Punch Bug,"Lorne Bachynski, Carmen Bachynski",2007,1,eng,"gb,ia",,UNKNOWN,source-unavailable
9780342764792,9780342764792,Story of the Rhinegold (der Ring des Nibelungen) Told for Young People,"Anna Alice Chapin, Richard Wagner",2018,1,eng,"gb,ia",,UNKNOWN,source-unavailable
9780070067226,9780070067226,Great western RV trips,Jan Gumprecht Bannan,1998,1,eng,"gb,ia",ia:public;ia:lending,GREEN,public-surrogate
9789766402464,9789766402464,Becoming Belize,Mavis C. Campbell,2011,1,eng,"gb,ia",,UNKNOWN,source-unavailable
9781499379396,9781499379396,Navegante Inconsciente,José Elias,2014,1,spa,"gb,ia",,UNKNOWN,source-unavailable
9780713457650,9780713457650,Making Historical Costume Dolls (Craftline),Jack Cassin-Scott,1987,1,,"gb,ia",,UNKNOWN,source-unavailable
9787810160919,9787810160919,Lei xing ying pian jian shang,Xiaoben Zuo,1988,1,cmn,"gb,ia",,UNKNOWN,source-unavailable
9787542600271,9787542600271,Zhongguo yin shi yu Zhongguo wen hua,"Jiang, Xingyu.",1988,1,cmn,"gb,ia",,UNKNOWN,source-unavailable
9780804236515,9780804236515,The Seasons of Life,Paul tournier,1963,1,,"gb,ia",ia:public;ia:public,GREEN,public-surrogate
9780446754804,9780446754804,The Avenger  # 21,Paul Ernst [Kenneth Robeson],1974,1,eng,"gb,ia",,RED-UNVERIFIED,no-surrogate+holdings-unknown
9780891090373,9780891090373,The Spirit-filled Christian.,,1980,1,,"gb,ia",ia:public;ia:public;ia:public;ia:public;ia:lending;ia:lending;ia:lending;ia:lending,GREEN,public-surrogate
9781438293813,9781438293813,How to Coach Little League Baseball,Mickey McConnell,2010,1,eng,"gb,ia",ia:public,GREEN,public-surrogate
9782352884446,9782352884446,Journal d'un vampire dÃ©cryptÃ© (French Edition),Delphine Gaston,2010,1,,"gb,ia",ia:public;ia:public;ia:lending,GREEN,public-surrogate
9782603025956,9782603025956,"Alors, ça roule ? - Idées reçues sur les transports","Frédéric Denhez, Red!",2019,3,,"gb,ia",,UNKNOWN,source-unavailable
9780740727597,9780740727597,Zen,Ariel Books Staff,2003,2,eng,"gb,ia",ia:public,GREEN,public-surrogate
9780740788741,9780740788741,Zen,Ariel Books Staff,2003,2,eng,"gb,ia",,RED-UNVERIFIED,no-surrogate+holdings-unknown
9781782345817,9781782345817,101 Amazing Abraham Lincoln Facts,Jack Goldstein,2013,1,eng,"gb,ia",,UNKNOWN,source-unavailable
9781885593948,9781885593948,Sea Life Art & Activities,Judy Press,2004,1,eng,"gb,ia",ia:public,GREEN,public-surrogate
9789646290402,9789646290402,Kārvān-i shʻir,Ṣābir Kirmānī,1997,1,per,"gb,ia",,UNKNOWN,source-unavailable
9780256001976,9780256001976,Mathematical Analysis for Business Decisions,"Howell, James E., Teichroew, Daniel",1971,1,,"gb,ia",ia:public;ia:public,GREEN,public-surrogate
9781685950149,9781685950149,Life of Christ,Fulton J. Sheen,1958,2,eng,"gb,ia",ia:public,GREEN,public-surrogate
9780854047796,9780854047796,Rapid detection assays for food and water,"International Conference on Developments in Rapid Diagnostic Methods: Water and Food (1999 York, England)",2001,1,eng,"gb,ia",,UNKNOWN,source-unavailable
9789147077441,9789147077441,Ekonomi och moral,Karl Johan Bonnedahl,2007,1,swe,"gb,ia",,UNKNOWN,source-unavailable
9784794204509,9784794204509,"Ijimerarete, sayonara","Sase, Minoru",1992,1,jpn,"gb,ia",,UNKNOWN,source-unavailable
9780999039441,9780999039441,ISU Comm Foundation Courses,,1969,1,,"gb,ia",ia:public;ia:public,GREEN,public-surrogate
9789799440709,9789799440709,De Castaz,Langit Kresna Hariadi,2004,1,ind,"gb,ia",,UNKNOWN,source-unavailable
9781451549638,9781451549638,No Fluff Guide to Copywriting,Derek Franklin,2010,1,,"gb,ia",ia:public;ia:public;ia:public,GREEN,public-surrogate
9780306470110,9780306470110,High performance data mining,"Yike Guo, Robert Grossman",2002,1,eng,"gb,ia",,UNKNOWN,source-unavailable
9788479547523,9788479547523,El imperio de la ficción,Pedro Bustamante Aguilar,2015,1,,"gb,ia",,UNKNOWN,source-unavailable
9781444726589,9781444726589,Game - Ssa,Mandasue Heller,2005,1,,"gb,ia",ia:public;ia:public;ia:public;ia:public;ia:lending,GREEN,public-surrogate
9788880750338,9788880750338,Il noviziato oggi,Conferenza italiana dei superiori maggiori,1995,1,ita,"gb,ia",,UNKNOWN,source-unavailable
9780665730535,9780665730535,Montagnes de St. Hilaire (Beloeil) et de Rougemont (Québec),J. J. O'Neill,1994,1,fre,"gb,ia",ia:public,GREEN,public-surrogate
9781980811732,9781980811732,Silly Jokes for Kids,"Davis, Peter",2018,1,eng,"gb,ia",,UNKNOWN,source-unavailable
9788362936748,9788362936748,The twilight of the oil eldorado,Szymon Kardaś,2016,1,pol,"gb,ia",,UNKNOWN,source-unavailable
9789944714396,9789944714396,Çelik çekirdekten Susurluk'a Sauna Çetesi'nden Türk İntikam Tugayı'na Ergenekon,Aytekin Gezici,2008,1,tur,"gb,ia",,UNKNOWN,source-unavailable
9781975679576,9781975679576,Plum in the Syrup,Jon Anderson,2017,1,eng,"gb,ia",,UNKNOWN,source-unavailable
9781495137068,9781495137068,12 Days of Christmas,"Brock, David, Jr., Nick Poole, Ron Gale",2014,1,eng,"gb,ia",,UNKNOWN,source-unavailable
9782738408761,9782738408761,De Drancy à ces camps dont on ne parle pas,Etienne Rosenfeld,1991,1,fre,"gb,ia",,UNKNOWN,source-unavailable
9781283316880,9781283316880,Building Chicago Economics,"Philip Mirowski, Thomas A. Stapleford, Robert Van Horn",2011,1,eng,"gb,ia",,UNKNOWN,source-unavailable
9780894432323,9780894432323,Orthopaedic emergencies,,1981,1,eng,"gb,ia",,RED-UNVERIFIED,no-surrogate+holdings-unknown
9781870359009,9781870359009,AIDS beyond the adverts,Michael Young,1987,1,eng,"gb,ia",,UNKNOWN,source-unavailable
9781505598346,9781505598346,Crystal Lake Safety Book,Jobe Leonard,2015,1,eng,"gb,ia",,UNKNOWN,source-unavailable
9781575430966,9781575430966,Special Situations,et al. Rob Hawkins,2000,1,,"gb,ia",ia:public;ia:public;ia:public;ia:lending,GREEN,public-surrogate
9780660540160,9780660540160,Canada's youth,Lia Ross,1989,2,eng,"gb,ia",ia:public,GREEN,public-surrogate
9788846755797,9788846755797,Il tenente T e il dottor K,Lia Tosi,2019,1,ita,"gb,ia",,UNKNOWN,source-unavailable
9783540272052,9783540272052,Laser Dermatology,David J. Goldberg (Ed.),2005,1,,"gb,ia",,UNKNOWN,source-unavailable
9788528004328,9788528004328,Argumentação e Interdiscursividade,,1999,1,por,"gb,ia",,UNKNOWN,source-unavailable
9781973288787,9781973288787,Absently Minded,"Prince BIBBON, P. J. TOMLINSON",2017,1,eng,"gb,ia",,UNKNOWN,source-unavailable
9780978922337,9780978922337,Leave 'Em Speechless,Tom Zalaski,2016,1,,"gb,ia",,UNKNOWN,source-unavailable
9781616892920,9781616892920,Presenting Shakespeare,Mirko Ilić,2015,1,eng,"gb,ia",,UNKNOWN,source-unavailable
9781871592528,9781871592528,The Pleasure Chateau [Old Edition] (Velvet),Jeremy Reed,1995,1,eng,"gb,ia",,UNKNOWN,source-unavailable
9783839403228,9783839403228,Sprache und Fremdsprache,"Jutta Prasse (verst.), Claus-Dieter Rath",2015,1,ger,"gb,ia",,UNKNOWN,source-unavailable
9780226583495,9780226583495,Recipes and Everyday Knowledge,Ellaine Leong,2018,1,eng,"gb,ia",,UNKNOWN,source-unavailable
9789644196362,9789644196362,ʻAmalīyāt-i Mirṣād va sarnivisht-i Munāfiqīn,Muḥammad ʻAlī Ṣadr Shīrāzī,2013,1,per,"gb,ia",,RED-UNVERIFIED,no-surrogate+holdings-unknown
9780405059582,9780405059582,Our rejected children,Albert Deutsch,1950,3,eng,"gb,ia",,UNKNOWN,source-unavailable
9788673634319,9788673634319,Kuda vodi globalizacija,Zoran Vidojević,2005,1,hrv,"gb,ia",,UNKNOWN,source-unavailable
9788488242907,9788488242907,Libro completo de salud y bienestar,John W. Travis,1999,1,eng,"gb,ia",,UNKNOWN,source-unavailable
9782360751747,9782360751747,Les Mensonges les plus incroyables de l'Histoire,Luc Mary,2012,2,fre,"gb,ia",,UNKNOWN,source-unavailable
9782360753000,9782360753000,Les Mensonges les plus incroyables de l'Histoire,Luc Mary,2012,2,fre,"gb,ia",,UNKNOWN,source-unavailable
9781607648017,9781607648017,SAS Hash Object Programming Made Easy,Michele M. Burlew,2012,1,eng,"gb,ia",,UNKNOWN,source-unavailable
9780440110323,9780440110323,The Car,,1977,1,eng,"gb,ia",ia:public;ia:public;ia:public;ia:lending,GREEN,public-surrogate
9781794565616,9781794565616,Lisa's Beach Tale,Sara Dawn,2019,1,eng,"gb,ia",,UNKNOWN,source-unavailable
9780802824431,9780802824431,The First and Second Letters to Timothy,"Jerome D. Quinn, William C. Wacker",2000,1,eng,"gb,ia",,UNKNOWN,source-unavailable
9780823230402,9780823230402,Dutch New York,Roger G. Panetta,2009,1,eng,"gb,ia",ia:public;ia:public,GREEN,public-surrogate
9780823230396,9780823230396,Dutch New York,Roger G. Panetta,2009,1,eng,"gb,ia",ia:public;ia:public,GREEN,public-surrogate
9788492095513,9788492095513,Plazas mayores en las comarcas guadalajareñas,Luis Cervera Vera,1999,1,spa,"gb,ia",,UNKNOWN,source-unavailable
9781591822561,9781591822561,Chronicles of the Cursed Sword,"Beop-ryong Yeo, Hui-jin Park",2003,1,eng,"gb,ia",ia:public;ia:public;ia:lending;ia:lending;ia:lending,GREEN,public-surrogate
9781522766131,9781522766131,The Colossal Buddha Statues of the World,Marcel Herschel,2015,1,,"gb,ia",,RED-UNVERIFIED,no-surrogate+holdings-unknown
9789772654314,9789772654314,نظام الحكم في الإسلام,Aḥmad ʻAbd Allāh Miftāḥ,2003,1,ara,"gb,ia",,UNKNOWN,source-unavailable
9780606305082,9780606305082,Utopia,Lincoln Child,2002,9,spa,"gb,ia",ia:public,GREEN,public-surrogate
9780385506687,9780385506687,Utopia,Lincoln Child,2002,9,spa,"gb,ia",ia:public;ia:public;ia:public;ia:lending,GREEN,public-surrogate
9780099462231,9780099462231,Utopia,Lincoln Child,2002,9,spa,"gb,ia",ia:public;ia:public,GREEN,public-surrogate
9780385506694,9780385506694,Utopia,Lincoln Child,2002,9,spa,"gb,ia",,UNKNOWN,source-unavailable
9788483460108,9788483460108,Utopia,Lincoln Child,2002,9,spa,"gb,ia",,UNKNOWN,source-unavailable
9780345455208,9780345455208,Utopia,Lincoln Child,2002,9,spa,"gb,ia",ia:public;ia:public;ia:public;ia:lending,GREEN,public-surrogate
9781931262170,9781931262170,Jesus is Love,Rose Leibundguth,2003,1,eng,"gb,ia",,UNKNOWN,source-unavailable
9789053566701,9789053566701,Het Noord-Nederlands familieportret in de eerste helft van de zeventiende eeuw,Frauke K. Laarmann,2004,1,dut,"gb,ia",,UNKNOWN,source-unavailable
9789155037116,9789155037116,Vagen vi valde,,1990,1,swe,"gb,ia",,UNKNOWN,source-unavailable
9781092832373,9781092832373,Sonetos Parte II,Juan Martínez Asensio,2019,1,spa,"gb,ia",,RED-UNVERIFIED,no-surrogate+holdings-unknown
9780850913132,9780850913132,"Blood, Sweat & Tears",Neil Cadigan,1989,1,eng,"gb,ia",,UNKNOWN,source-unavailable
9789991427133,9789991427133,El Ciervo Y LA Fuente Mito Y Folklore Del Agua En LA Lirica        Tradition,Morales E. Blouin,1984,1,spa,"gb,ia",,UNKNOWN,source-unavailable
9780673999993,9780673999993,Ti Special,,1998,1,eng,"gb,ia",,UNKNOWN,source-unavailable
9781797804590,9781797804590,Instagram Ca$h Machine,Dimitri Zegrar,2019,1,fre,"gb,ia",,UNKNOWN,source-unavailable
9780929928043,9780929928043,Latin American Book Trade Guide,Flortencio Oscar Garcia,1990,1,eng,"gb,ia",,UNKNOWN,source-unavailable
9780521310529,9780521310529,The ecology of the nitrogen cycle,Janet I. Sprent,1987,1,eng,"gb,ia",ia:lending,GREEN,public-surrogate
9780521325370,9780521325370,The ecology of the nitrogen cycle,Janet I. Sprent,1987,1,eng,"gb,ia",ia:public;ia:public;ia:lending,GREEN,public-surrogate
9781480052352,9781480052352,Dianagu Gigar Series Volume 1,Fluffy Subcat,2012,1,eng,"gb,ia",,UNKNOWN,source-unavailable
9780028311227,9780028311227,Skills Assessment (Level 5) (Open Court Reading),,2000,1,eng,"gb,ia",ia:public;ia:public;ia:lending,GREEN,public-surrogate
9781503000292,9781503000292,Handyman's GuideTo Self-Publishing Your First Book for Free (or Almost Free),Mike Woodcock,2014,1,eng,"gb,ia",,UNKNOWN,source-unavailable
9781453251263,9781453251263,Accustomed to the Dark,Walter Satterthwait,2012,5,eng,"gb,ia",,UNKNOWN,source-unavailable
9781306604260,9781306604260,Accustomed to the Dark,Walter Satterthwait,2012,5,eng,"gb,ia",,UNKNOWN,source-unavailable
9781453251409,9781453251409,Accustomed to the Dark,Walter Satterthwait,2012,5,eng,"gb,ia",,UNKNOWN,source-unavailable
9781453251348,9781453251348,Accustomed to the Dark,Walter Satterthwait,2012,5,eng,"gb,ia",,UNKNOWN,source-unavailable
9781784088439,9781784088439,Accustomed to the Dark,Walter Satterthwait,2012,5,eng,"gb,ia",,UNKNOWN,source-unavailable
9780110591827,9780110591827,Food Protection (Emergency Prohibitions) (Amnesic Shellfish Poisoning) (North Coast) (Scotland) Order 1999,Scotland,1999,1,eng,"gb,ia",,UNKNOWN,source-unavailable
9780738845227,9780738845227,The Bellybutton Fiasco,"Tom Bissell, Webster Younce",2001,1,eng,"gb,ia",,UNKNOWN,source-unavailable
9780199254514,9780199254514,Bowers on employment law,"Bowers, John",2002,1,eng,"gb,ia",ia:public;ia:lending;ia:public,GREEN,public-surrogate
9780692745205,9780692745205,Hanover Falls,Reyna Young,2016,1,,"gb,ia",,UNKNOWN,source-unavailable
9780076565320,9780076565320,Lead 21; Practice Companion Volume 1,Wright Group,2011,1,,"gb,ia",ia:public;ia:public;ia:public,GREEN,public-surrogate
9780076565368,9780076565368,Lead 21; Practice Companion Volume 1,Wright Group,2011,1,,"gb,ia",ia:public;ia:public,GREEN,public-surrogate
9789545154584,9789545154584,Te sa tuk,"Nedi︠a︡lko Ĭordanov, Georgi Raĭkov",2018,1,bul,"gb,ia",,RED-UNVERIFIED,no-surrogate+holdings-unknown
9783486737011,9783486737011,Illustrierte Technische Wörterbücher in Sechs Sprachen,"Friedrich Gasper, Ina Leiß, Mario Spengler",1992,1,ger,"gb,ia",,UNKNOWN,source-unavailable
9780814737576,9780814737576,The quest for self,Takeshi Iizuka,1995,1,eng,"gb,ia",ia:lending,GREEN,public-surrogate
9780101369404,9780101369404,Costs and Prices of the Chocolate and Sugar Confectionery Industry,National Board for Prices and Incomes Staff,1968,1,eng,"gb,ia",,UNKNOWN,source-unavailable
9780745156118,9780745156118,Cottage on Catherina Cay,Jacquelyn Aeby,1992,3,eng,"gb,ia",,UNKNOWN,source-unavailable
9780792709008,9780792709008,Cottage on Catherina Cay,Jacquelyn Aeby,1992,3,eng,"gb,ia",,UNKNOWN,source-unavailable
9780745115054,9780745115054,Cottage on Catherina Cay,Jacquelyn Aeby,1992,3,eng,"gb,ia",,RED-UNVERIFIED,no-surrogate+holdings-unknown
9780792708742,9780792708742,Cottage on Catherina Cay,Jacquelyn Aeby,1992,3,eng,"gb,ia",ia:public,GREEN,public-surrogate
9781420139556,9781420139556,Three weeks to wed,Ella Quinn,2016,2,eng,"gb,ia",ia:public;ia:lending,GREEN,public-surrogate
9781665290791,9781665290791,Three weeks to wed,Ella Quinn,2016,2,eng,"gb,ia",,UNKNOWN,source-unavailable
9783642190766,9783642190766,Advanced Functional Materials,Hee-Gweon Woo,2011,1,eng,"gb,ia",,UNKNOWN,source-unavailable
9783642190773,9783642190773,Advanced Functional Materials,Hee-Gweon Woo,2011,1,eng,"gb,ia",,UNKNOWN,source-unavailable
9789706891075,9789706891075,Raza nocturna y cercana,Luis Enrique García,2003,1,spa,"gb,ia",,UNKNOWN,source-unavailable
9780860760733,9780860760733,Educational reform,Stuart Maclure,1991,1,eng,"gb,ia",,UNKNOWN,source-unavailable
9788481746754,9788481746754,"Diccionario Mosby Pocket de Medicina, Enfermeria y Ciencias de la Salud",Mosby,2004,1,spa,"gb,ia",ia:public,GREEN,public-surrogate
9788320700756,9788320700756,Żołnierzyk,Stanisław Goszczurny,1979,1,pol,"gb,ia",,RED-UNVERIFIED,no-surrogate+holdings-unknown
9788494836916,9788494836916,Teoría visual de la música 1,Lucía Abad Tamarit,2018,1,,"gb,ia",,UNKNOWN,source-unavailable
9781849807012,9781849807012,Antitrust Revolution in Europe,Lee McGowan,2010,1,eng,"gb,ia",gb:partial,RED-UNVERIFIED,no-surrogate+holdings-unknown
9780861873142,9780861873142,New Service Economy,Jay Gershuny,1983,1,eng,"gb,ia",ia:public;ia:public;ia:public;ia:lending,GREEN,public-surrogate
9785914580596,9785914580596,Narody Prikaspiĭskogo regiona,G. M. Borlikov,2009,1,rus,"gb,ia",,UNKNOWN,source-unavailable
9781895900170,9781895900170,The cat that barked,Budge Wilson,1998,2,eng,"gb,ia",,UNKNOWN,source-unavailable
9780858810198,9780858810198,Pioneers of Portland Head,R. M. Arndell,1984,1,eng,"gb,ia",,UNKNOWN,source-unavailable
9787514197150,9787514197150,农村宗族与农村社区建设研究,贾先文,2018,1,chi,"gb,ia",,UNKNOWN,source-unavailable
9781887140751,9781887140751,Travia,Nadine Godwin,2008,1,eng,"gb,ia",ia:public;ia:lending,GREEN,public-surrogate
9781580060752,9781580060752,Danny,D. H. Mikkelson,1998,1,eng,"gb,ia",,UNKNOWN,source-unavailable
9781533566898,9781533566898,Feire hver dag magisk positiv Morsdag Runes coloring Book,Grace Divine,2016,1,,"gb,ia",,UNKNOWN,source-unavailable
9780671439200,9780671439200,Famous and Rich (Which Way Books),R. G. Austin,1982,1,,"gb,ia",ia:lending,GREEN,public-surrogate
9786074020953,9786074020953,La ruta de la ciudadanía,José Luis Tejeda,2009,1,,"gb,ia",,UNKNOWN,source-unavailable
9780111478486,9780111478486,Registered Foreign Lawyers Order 2009,Great Britain,2009,1,eng,"gb,ia",,UNKNOWN,source-unavailable
9781560901051,9781560901051,This we believe,"National Middle School Association., National Middle School Association",1982,3,eng,"gb,ia",ia:lending,GREEN,public-surrogate
9781560901426,9781560901426,This we believe,"National Middle School Association., National Middle School Association",1982,3,eng,"gb,ia",ia:public;ia:public;ia:public,GREEN,public-surrogate
9781861687173,9781861687173,Faith & religion,Cara Acred,2015,1,eng,"gb,ia",ia:public;ia:public;ia:public;ia:public;ia:public;ia:lending,GREEN,public-surrogate
9780671324537,9780671324537,On the campaign trail,Linda Ward Beech,1971,1,eng,"gb,ia",ia:public;ia:public;ia:lending,GREEN,public-surrogate
9781491082409,9781491082409,Crie Seus Filhos Longe das Drogas,Marcia Aquino,2013,1,por,"gb,ia",,UNKNOWN,source-unavailable
9780497522100,9780497522100,The 2007-2012 Outlook for Hair Dyes in India,Philip M. Parker,2006,1,eng,"gb,ia",,UNKNOWN,source-unavailable
9783735738967,9783735738967,Menschen Sind Aus Fleisch und Nicht Aus Fruchtfleisch,Herold zu Moschdehner,2014,1,ger,"gb,ia",,UNKNOWN,source-unavailable
9780367454913,9780367454913,Spatial Cluster Modelling,"Andrew B. Lawson, David Denison",2002,4,eng,"gb,ia",,UNKNOWN,source-unavailable
9781420035414,9781420035414,Spatial Cluster Modelling,"Andrew B. Lawson, David Denison",2002,4,eng,"gb,ia",,UNKNOWN,source-unavailable
9781280507557,9781280507557,Spatial Cluster Modelling,"Andrew B. Lawson, David Denison",2002,4,eng,"gb,ia",,UNKNOWN,source-unavailable
9780429122767,9780429122767,Spatial Cluster Modelling,"Andrew B. Lawson, David Denison",2002,4,eng,"gb,ia",,UNKNOWN,source-unavailable
9780764342394,9780764342394,Flowers in art,Cindy Ann Coldiron,2012,1,eng,"gb,ia",ia:public;ia:public,GREEN,public-surrogate
9788534800549,9788534800549,Arte e Ciência da Criatividade,,1978,1,por,"gb,ia",,UNKNOWN,source-unavailable
9781446302385,9781446302385,Creative Color for Cake Decorating,Lindy Smith,2013,1,eng,"gb,ia",ia:public;ia:public;ia:lending,GREEN,public-surrogate
9782268010786,9782268010786,"Islam, civilisation et sociétés",Paul Balta,1991,1,fre,"gb,ia",,UNKNOWN,source-unavailable
9787010086705,9787010086705,"Zhonghua Renmin Gongheguo fa lü hui bian, 2005-2009",China. Quan guo ren min dai biao da hui. Chang wu wei yuan hui. Fa zhi gong zuo wei yuan hui,2010,1,chi,"gb,ia",,UNKNOWN,source-unavailable
9781617860584,9781617860584,Gray Whales,Julie Murray,2005,1,eng,"gb,ia",,UNKNOWN,source-unavailable
9782915922875,9782915922875,Histoire et mémoire des Giovannali,Michel Casta,2012,1,fre,"gb,ia",,UNKNOWN,source-unavailable
9780994585240,9780994585240,Enchanted Magical Forests - Grayscale Coloring Edition,Selina Fenech,2016,1,,"gb,ia",ia:public;ia:public,GREEN,public-surrogate
9780621130805,9780621130805,"Tree of the year, 1991",H. Haigh,1991,1,eng,"gb,ia",,UNKNOWN,source-unavailable
9782355261411,9782355261411,Le sujet de l'histoire,Marc Nichanian,2015,1,fre,"gb,ia",,UNKNOWN,source-unavailable
9782742907113,9782742907113,Windows 95 Sim.com.bon,PC & C,1996,1,,"gb,ia",ia:public;ia:public;ia:lending,GREEN,public-surrogate
9780132263665,9780132263665,Sm Masterworks,Holoman,1998,1,,"gb,ia",ia:public;ia:public;ia:public,GREEN,public-surrogate
9781504601559,9781504601559,A dog's gift,Bob Drury,2015,2,eng,"gb,ia",,UNKNOWN,source-unavailable
9781623361013,9781623361013,A dog's gift,Bob Drury,2015,2,eng,"gb,ia",ia:public;ia:public;ia:public;ia:public;ia:lending,GREEN,public-surrogate
9781980501299,9781980501299,Mondsüchtig,Danara DeVries,2018,3,ger,"gb,ia",,UNKNOWN,source-unavailable
9781980954699,9781980954699,Mondsüchtig,Danara DeVries,2018,3,ger,"gb,ia",,UNKNOWN,source-unavailable
9781980672456,9781980672456,Mondsüchtig,Danara DeVries,2018,3,ger,"gb,ia",,UNKNOWN,source-unavailable
9784274902345,9784274902345,Governmental response to environmental challenges in global perspective,"O. P. Dwivedi, Joseph G. Jabbra",1998,2,eng,"gb,ia",,UNKNOWN,source-unavailable
9789051994117,9789051994117,Governmental response to environmental challenges in global perspective,"O. P. Dwivedi, Joseph G. Jabbra",1998,2,eng,"gb,ia",ia:lending;ia:public,GREEN,public-surrogate
9781512168921,9781512168921,Rhythm of Life,Alice Meynell,1932,2,eng,"gb,ia",,UNKNOWN,source-unavailable
9788468426778,9788468426778,MARVEL FACT FILES FICHAS,,2015,1,,"gb,ia",,UNKNOWN,source-unavailable
9781724116376,9781724116376,¿sabemos Algo?,Reinaldo Rodríguez Anzola,2018,1,spa,"gb,ia",,UNKNOWN,source-unavailable
9783828888043,9783828888043,"Parteienfinanzierung in Deutschland: Entwicklung der Einnahmestrukturen politischer Parteien oder eine Sittengeschichte  uber Parteien, Geld und Macht",Karl-Heinz Adams,2005,1,ger,"gb,ia",,UNKNOWN,source-unavailable
9780136069683,9780136069683,Social Entrepreneurship : A Modern Approach to Social Value Creation,"Brooks, Arthur C.",2008,1,eng,"gb,ia",,UNKNOWN,source-unavailable
9788537812143,9788537812143,Math On Trial How Numbers Get Used And Abused In The Courtroom,"Leila Schneps, Coralie Colmez",2013,3,,"gb,ia",,UNKNOWN,source-unavailable
9780465032921,9780465032921,Math On Trial How Numbers Get Used And Abused In The Courtroom,"Leila Schneps, Coralie Colmez",2013,3,,"gb,ia",ia:public;ia:public;ia:public;ia:lending,GREEN,public-surrogate
9780465037940,9780465037940,Math On Trial How Numbers Get Used And Abused In The Courtroom,"Leila Schneps, Coralie Colmez",2013,3,,"gb,ia",,UNKNOWN,source-unavailable
9781983242076,9781983242076,Die Nischengesellschaft Teil 1,Renate Jahn,2018,1,ger,"gb,ia",,UNKNOWN,source-unavailable
9785818304588,9785818304588,Luchshij put' k luchshej zhizni,Dzherri Dzhejms Nensi Fejlla,2002,1,rus,"gb,ia",,RED-UNVERIFIED,no-surrogate+holdings-unknown
9780110474045,9780110474045,Motor Vehicles (type Approval and Approval Marks) (fees) Regulations 1984,Great Britain,1984,1,eng,"gb,ia",,UNKNOWN,source-unavailable
9781576585610,9781576585610,Bring your eyes and see,Steve Goode,2015,1,eng,"gb,ia",ia:public;ia:lending;ia:public,GREEN,public-surrogate
9781688764453,9781688764453,The Boss,M. S. Parker,2019,1,,"gb,ia",ia:public;ia:public;ia:public,GREEN,public-surrogate
9781425009762,9781425009762,"The Prairie, Vol. 1",James Fenimore Cooper,2007,1,eng,"gb,ia",,UNKNOWN,source-unavailable
9780582058187,9780582058187,Challengers D,Tony Fleet,1991,2,eng,"gb,ia",ia:public;ia:public;ia:lending,GREEN,public-surrogate
9780582058156,9780582058156,Challengers D,Tony Fleet,1991,2,eng,"gb,ia",ia:public;ia:public,GREEN,public-surrogate
9782284003878,9782284003878,"Ethique, histoire et politique chez guizot",Jacouty Jean-Francoi,1997,1,fre,"gb,ia",,UNKNOWN,source-unavailable
9780434947621,9780434947621,Aus Champs Disappearing,,1993,1,,"gb,ia",,UNKNOWN,source-unavailable
9788362144570,9788362144570,Moje wczoraj,Jan Eljaszewicz,2017,1,pol,"gb,ia",,UNKNOWN,source-unavailable
9780132220675,9780132220675,The dynamics of motor-skill acquisition,Margaret D. Robb,1972,2,eng,"gb,ia",,UNKNOWN,source-unavailable
9780132220590,9780132220590,The dynamics of motor-skill acquisition,Margaret D. Robb,1972,2,eng,"gb,ia",ia:lending,GREEN,public-surrogate
9789875590021,9789875590021,El vuelo de la mariposa,Fernando Peirone,2002,1,spa,"gb,ia",,UNKNOWN,source-unavailable
9780844722450,9780844722450,The Deregulation of natural gas,Edward John Mitchell,1983,1,eng,"gb,ia",ia:public;ia:public;ia:lending,GREEN,public-surrogate
9780844722467,9780844722467,The Deregulation of natural gas,Edward John Mitchell,1983,1,eng,"gb,ia",ia:lending,GREEN,public-surrogate
9781320103626,9781320103626,Among Vulcans,Gerrit Meier,2014,1,eng,"gb,ia",,UNKNOWN,source-unavailable
9781889097626,9781889097626,Emily Mason,David Ebony,2003,3,eng,"gb,ia",,UNKNOWN,source-unavailable
9780807615706,9780807615706,Emily Mason,David Ebony,2003,3,eng,"gb,ia",ia:public;ia:public;ia:public;ia:lending,GREEN,public-surrogate
9780692591000,9780692591000,Clarkesworld Issue 111,"Neil Clarke, 刘慈欣, Seth Dickinson, Cassandra Khaw, Tamsyn Muir, Sean McMullen, Walter Jon Williams",2015,1,,"gb,ia",,UNKNOWN,source-unavailable
9780892350742,9780892350742,Witchcraft in Europe and America,"Research Publications, inc.",1983,1,eng,"gb,ia",,UNKNOWN,source-unavailable
9783540488163,9783540488163,Theoretical Aspects of Computing - ICTAC 2006,"Kamel Barkaoui, Ana Cavalcanti, Antonio Cerone",2006,1,eng,"gb,ia",,UNKNOWN,source-unavailable
9780716797913,9780716797913,College Physics,Roger Freedman,2010,2,eng,"gb,ia",ia:public,GREEN,public-surrogate
9781464135620,9781464135620,College Physics,Roger Freedman,2010,2,eng,"gb,ia",ia:public;ia:public,GREEN,public-surrogate
9789941127984,9789941127984,Nekotorye voprosy istorii Gruzii v armi︠a︡nskoĭ istoriografii,D. Musxelišvili,2009,1,geo,"gb,ia",,UNKNOWN,source-unavailable
9781032820255,9781032820255,"Youth, unemployment and training",Rob Fiddy,1985,2,eng,"gb,ia",,UNKNOWN,source-unavailable
9780905273853,9780905273853,"Youth, unemployment and training",Rob Fiddy,1985,2,eng,"gb,ia",ia:public;ia:public;ia:lending,GREEN,public-surrogate
9780905273860,9780905273860,"Youth, unemployment and training",Rob Fiddy,1985,2,eng,"gb,ia",ia:public;ia:lending,GREEN,public-surrogate
9780984227303,9780984227303,Foundational leaders,"Chapman, Robert B.",2009,1,eng,"gb,ia",ia:public;ia:lending,GREEN,public-surrogate
9780597760990,9780597760990,"The 2000 Import and Export Market for Pumps, Compressors, Fans, Blowers, and Centrifuges in Spain","ICON Group International, Inc.",2001,1,eng,"gb,ia",,UNKNOWN,source-unavailable
9788172333300,9788172333300,Soil Survey Manual,Scientific Publishers,2004,1,eng,"gb,ia",,UNKNOWN,source-unavailable
9780930972301,9780930972301,Production Operations,"PetroSkills,Alan P. Roberts",2012,1,,"gb,ia",ia:public;ia:public,GREEN,public-surrogate
9780875210155,9780875210155,Business valuation manual,Thomas W. Horn,1985,5,eng,"gb,ia",ia:public;ia:lending,GREEN,public-surrogate
9780582012769,9780582012769,Francis Bacon,Brian Vickers,1978,1,eng,"gb,ia",ia:lending,GREEN,public-surrogate
9780307961136,9780307961136,Que Harce Bebe Mickey?/Spanish,Western.,1993,1,spa,"gb,ia",ia:public,GREEN,public-surrogate
9780760604816,9780760604816,Story comprehension to go,Rosemary Huisingh,2003,1,eng,"gb,ia",,UNKNOWN,source-unavailable
9780929090603,9780929090603,Vui buson nghse-nghiuep,Thoang Phạm,1993,1,vie,"gb,ia",,UNKNOWN,source-unavailable
9780819183682,9780819183682,Constructive years,"Raymond Joseph Saulnier, Raymond J. Saulnier",1991,1,eng,"gb,ia",ia:lending,GREEN,public-surrogate
9780819183675,9780819183675,Constructive years,"Raymond Joseph Saulnier, Raymond J. Saulnier",1991,1,eng,"gb,ia",ia:public;ia:lending,GREEN,public-surrogate
9781705564349,9781705564349,Gepr�ft und 100 % Sicher Beste Beamtin der Welt,Beamtin Publishing Mh,2019,1,ger,"gb,ia",,UNKNOWN,source-unavailable
9789974481008,9789974481008,Hojeando la historia,Juan Eduardo Azzini,2005,1,spa,"gb,ia",,UNKNOWN,source-unavailable
9789648620504,9789648620504,"Tirūr, Islām, sikūlārīsm, āzādīʹhā va ḥuqūq-i insān",ʻElî Bapîr,2008,1,per,"gb,ia",,UNKNOWN,source-unavailable
9784502914102,9784502914102,Kaisei tanpohō shikkōhō no subete,"Kazuhiro Yamakawa, Haruo Yamada",2003,1,jpn,"gb,ia",,UNKNOWN,source-unavailable
9780685110102,9780685110102,Apollon de Bellac,Jean Giraudoux,1962,1,,"gb,ia",,UNKNOWN,source-unavailable
9780752562384,9780752562384,Feng shui,Stephen Skinner,2001,1,eng,"gb,ia",ia:public;ia:public;ia:public;ia:public;ia:lending,GREEN,public-surrogate
9780800610647,9780800610647,The whole counsel of God,Carl E. Braaten,1974,1,eng,"gb,ia",ia:lending,GREEN,public-surrogate
9780111112380,9780111112380,Town and Country Planning (Revocations) Regulations 2014,Great Britain,2014,1,eng,"gb,ia",,UNKNOWN,source-unavailable
9781591144786,9781591144786,The Pacific War remembered,John T. Mason,2003,1,eng,"gb,ia",ia:public;ia:public,GREEN,public-surrogate
9780932653413,9780932653413,Journey with a Baja burro,Graham Mackintosh,2001,1,eng,"gb,ia",ia:public;ia:public;ia:lending,GREEN,public-surrogate
9781423402367,9781423402367,Partita (II),Heinz Holliger,2005,1,eng,"gb,ia",,UNKNOWN,source-unavailable
9782709908238,9782709908238,Des villes et du pétrole,Jean Papail,1987,1,fre,"gb,ia",,UNKNOWN,source-unavailable
9780873801218,9780873801218,"Travels in the interior of Mexico, in 1825, 1826, 1827 & 1828",Robert William Hale Hardy,1977,1,eng,"gb,ia",,UNKNOWN,source-unavailable
9780873801461,9780873801461,"Travels in the interior of Mexico, in 1825, 1826, 1827 & 1828",Robert William Hale Hardy,1977,1,eng,"gb,ia",ia:lending,GREEN,public-surrogate
9780521633154,9780521633154,"Europe, East Asia and APEC","Peter Drysdale, David Vines",1998,1,eng,"gb,ia",ia:public,GREEN,public-surrogate
9780811500012,9780811500012,The story of Muirfield Village Golf Club and the Memorial Tournament,"Hornung, Paul.",1985,1,eng,"gb,ia",,UNKNOWN,source-unavailable
9780679432111,9780679432111,Mythology (A Modern Library Audio Book),Thomas Bulfinch,1994,1,eng,"gb,ia",,UNKNOWN,source-unavailable
9786027987029,9786027987029,Islam dan budaya lokal,Lebba Pongsibanne,2013,1,ind,"gb,ia",,UNKNOWN,source-unavailable
9780708315729,9780708315729,Contemporary Wales,Richard Wyn Jones,1999,1,eng,"gb,ia",,UNKNOWN,source-unavailable
9780520286566,9780520286566,Cultivating Citizens,Lauren Kroiz,2018,1,eng,"gb,ia",,UNKNOWN,source-unavailable
9781888553147,9781888553147,The Monarchs on audio,Alison Hawthorne Deming,2001,1,eng,"gb,ia",,UNKNOWN,source-unavailable
9781848979635,9781848979635,Secret Super Sister,"Teresa Kiernan, Sophie Rice",2019,1,eng,"gb,ia",,UNKNOWN,source-unavailable
9788822100726,9788822100726,Taccuino pedagogico,Lucio Lombardo-Radice,1983,1,ita,"gb,ia",,UNKNOWN,source-unavailable
9780741899019,9780741899019,"The 2000 Import and Export Market for Dried, Salted, Preserved and Smoked Fish in France",Smoked Fish Research Group,2000,1,eng,"gb,ia",,UNKNOWN,source-unavailable
9788489140882,9788489140882,Historia del Arte,,2001,1,spa,"gb,ia",,UNKNOWN,source-unavailable
9781105845529,9781105845529,Brandon K. Nobles - Counterpane,Brandon Nobles,2012,1,eng,"gb,ia",,UNKNOWN,source-unavailable
9788408040279,9788408040279,Zelos,,2001,1,,"gb,ia",,UNKNOWN,source-unavailable
9784880371665,9784880371665,Yomigaere mizuumi kurashi jichi,,1993,1,jpn,"gb,ia",,UNKNOWN,source-unavailable
9789663782140,9789663782140,Khranytelʹ spogadiv,Patrick Desbois,2011,1,ukr,"gb,ia",,UNKNOWN,source-unavailable
9788311072084,9788311072084,Nieznana karta tajnego frontu,Ryszard Hajduk,1985,1,pol,"gb,ia",,UNKNOWN,source-unavailable
9788416914524,9788416914524,Marvel. Las chicas salvan el mundo,"Marvel, Editorial Planeta  S. A.",2019,1,,"gb,ia",,UNKNOWN,source-unavailable
9780874250787,9780874250787,Right to Know Compliance Guide,N. Randall Phillips,1988,1,,"gb,ia",,RED-UNVERIFIED,no-surrogate+holdings-unknown
9781708771140,9781708771140,Native American Connectivity Act,"United States Senate, Committee On Indian Affairs (senate), United States United States Congress",2019,1,eng,"gb,ia",,UNKNOWN,source-unavailable
9788498858761,9788498858761,Spiderman,"Straczynsk, Joe Michael , Quesada, Jose",2012,1,,"gb,ia",,UNKNOWN,source-unavailable
9787508403885,9787508403885,Xian chang chu dian ji jiu he chuang shang ji jiu,"Zhiqi Shao, Bao, Qiwei (yi xue)",2000,1,chi,"gb,ia",ia:lending,GREEN,public-surrogate
9780471776260,9780471776260,Access Forms & Reports For Dummies,Brian Underdahl,2005,1,eng,"gb,ia",,UNKNOWN,source-unavailable
9781379758518,9781379758518,"Poems by Soame Jenyns, Containing Art of Dancing, To Lord Lovelace, Essay on Virtue, Written in Locke, Epitaph on Doctor Johnson; to Which is Prefixed a Sketch of the Author's Life",Soame Jenyns - undifferentiated,2018,1,,"gb,ia",,UNKNOWN,source-unavailable
9780341976110,9780341976110,The Law of Patents for Useful Inventions; Volume 1,William Callyhan Robinson,2018,2,,"gb,ia",,UNKNOWN,source-unavailable
9780343931803,9780343931803,The Law of Patents for Useful Inventions; Volume 1,William Callyhan Robinson,2018,2,,"gb,ia",,UNKNOWN,source-unavailable
9780722302880,9780722302880,Small Sunset,Janet Walker,1971,1,eng,"gb,ia",,UNKNOWN,source-unavailable
9783850135146,9783850135146,"Ko se nasanjamo, bomo spali naprej","Jančar, Drago.",1997,1,slv,"gb,ia",,UNKNOWN,source-unavailable
9782343020426,9782343020426,Comment écire un roman ? - Guide de l'écrivain débutant,François d'Assise N'Dah,2013,1,fre,"gb,ia",,UNKNOWN,source-unavailable
9780853689201,9780853689201,German naval air service,Alex Imrie,1989,1,eng,"gb,ia",,UNKNOWN,source-unavailable
9781094087566,9781094087566,The Cool Bean,John Jory,2019,5,eng,"gb,ia",,UNKNOWN,source-unavailable
9780062954527,9780062954527,The Cool Bean,John Jory,2019,5,eng,"gb,ia",ia:public;ia:public;ia:public,GREEN,public-surrogate
9780063030756,9780063030756,The Cool Bean,John Jory,2019,5,eng,"gb,ia",,UNKNOWN,source-unavailable
9781443194662,9781443194662,The Cool Bean,John Jory,2019,5,eng,"gb,ia",ia:public,GREEN,public-surrogate
9798855063738,9798855063738,The Cool Bean,John Jory,2019,5,eng,"gb,ia",,UNKNOWN,source-unavailable
9780920151532,9780920151532,Quotable Sherlock,"Arthur Conan Doyle, David W. Barber",2001,2,eng,"gb,ia",ia:public;ia:public;ia:public;ia:public;ia:public,GREEN,public-surrogate
9781344846837,9781344846837,The History of the Reformation in Sweden,Lars Anton Anjou,2015,3,eng,"gb,ia",,UNKNOWN,source-unavailable
9781016784276,9781016784276,The History of the Reformation in Sweden,Lars Anton Anjou,2015,3,eng,"gb,ia",,UNKNOWN,source-unavailable
9781016779760,9781016779760,The History of the Reformation in Sweden,Lars Anton Anjou,2015,3,eng,"gb,ia",,UNKNOWN,source-unavailable
9780823056934,9780823056934,The Watercolorist's guide to painting water,Mary Suffudy,1985,1,,"gb,ia",ia:public;ia:public;ia:lending,GREEN,public-surrogate
9780102038002,9780102038002,Second report,Great Britain. Parliament. House of Commons. Trade and Industry Committee.,1999,1,eng,"gb,ia",,UNKNOWN,source-unavailable
9780742563513,9780742563513,"Gendered situations, gendered selves",Jocelyn A. Hollander,2010,1,eng,"gb,ia",,UNKNOWN,source-unavailable
9781442208643,9781442208643,"Gendered situations, gendered selves",Jocelyn A. Hollander,2010,1,eng,"gb,ia",,UNKNOWN,source-unavailable
9780742563520,9780742563520,"Gendered situations, gendered selves",Jocelyn A. Hollander,2010,1,eng,"gb,ia",,UNKNOWN,source-unavailable
9789655181456,9789655181456,Mapam ben yiḥud le-iḥud,Ran Hakim,2016,1,heb,"gb,ia",,UNKNOWN,source-unavailable
9781921325243,9781921325243,Too Afraid to Cry,Ali Cobby Eckerman,2015,1,,"gb,ia",ia:public;ia:public;ia:lending,GREEN,public-surrogate
9785845912381,9785845912381,"E konomika dli Ła ""chai nikov""",Sean Masaki Flynn,2008,1,rus,"gb,ia",,UNKNOWN,source-unavailable
9781507546789,9781507546789,Liberty and Solidarity : Living the Vocation to Business,"Dr. Andrew V. Abela, Marja Walker, Beatriz E. Lopez",2015,1,,"gb,ia",,UNKNOWN,source-unavailable
9780911235067,9780911235067,Wildflowers of Point Reyes National Seashore,"Point Reyes National Seashore Association, Marin Chapter California Native Plant Society",1996,1,eng,"gb,ia",,UNKNOWN,source-unavailable
9780906324271,9780906324271,Register of the Victoria Cross,Anonymous,1997,1,eng,"gb,ia",ia:public;ia:public,GREEN,public-surrogate
9780792454779,9780792454779,Baseball Cards,David Craft,1992,1,eng,"gb,ia",ia:lending;ia:public;ia:public,GREEN,public-surrogate
9780717945078,9780717945078,Here's Scotland's Story,William Ramsay Kermack,1948,1,und,"gb,ia",,UNKNOWN,source-unavailable
9781645708667,9781645708667,Overcoming Your Past,Luis Vizcarrondo,2019,1,eng,"gb,ia",,UNKNOWN,source-unavailable
9789875720992,9789875720992,Joaquín V. González,Félix A. Torres,2006,1,spa,"gb,ia",,UNKNOWN,source-unavailable
9786054726257,9786054726257,Son Kerkenez,Jill McGivering,2013,1,,"gb,ia",,UNKNOWN,source-unavailable
9782298003031,9782298003031,"Les dames de la ferrière (Les messieurs de grandval, tome 2)",Signol Christian,2007,1,,"gb,ia",ia:public;ia:public;ia:public;ia:lending,GREEN,public-surrogate
9781468440362,9781468440362,Radioecological techniques,Vincent Schultz,1982,3,eng,"gb,ia",,UNKNOWN,source-unavailable
9781468440348,9781468440348,Radioecological techniques,Vincent Schultz,1982,3,eng,"gb,ia",,UNKNOWN,source-unavailable
9780306407970,9780306407970,Radioecological techniques,Vincent Schultz,1982,3,eng,"gb,ia",ia:public;ia:public;ia:lending,GREEN,public-surrogate
9781377660646,9781377660646,Canada first,William Alexander Foster,1890,3,eng,"gb,ia",,UNKNOWN,source-unavailable
9781378833735,9781378833735,Canada first,William Alexander Foster,1890,3,eng,"gb,ia",,UNKNOWN,source-unavailable
9783772083532,9783772083532,Umberto Eco,Michael Nerlich,2010,1,ger,"gb,ia",,UNKNOWN,source-unavailable
9788859603818,9788859603818,"Museo d'arte sacra e religiosità popolare ""Beato Angelico"" a Vicchio",Maria Matilde Simari,2008,1,ita,"gb,ia",,UNKNOWN,source-unavailable
9785967601309,9785967601309,Literaturnye strategii Viktora Pelevina,O. V. Bogdanova,2008,1,rus,"gb,ia",,UNKNOWN,source-unavailable
9781409211204,9781409211204,Con el cuerpo no Basta,Georgina Burgos,2008,1,spa,"gb,ia",,UNKNOWN,source-unavailable
9786059115339,9786059115339,Kücük Kizlara Ögütler,Mark Twain,2015,1,,"gb,ia",,UNKNOWN,source-unavailable
9788536101675,9788536101675,Direito Processual do Trabalho - Vol. 2,,2002,1,por,"gb,ia",,UNKNOWN,source-unavailable
9781479219339,9781479219339,Numerology for Ann Romney,Ed Peterson,2012,1,eng,"gb,ia",,UNKNOWN,source-unavailable
9789512907861,9789512907861,Il ruolo dellʼItalia nella guerra di Finlandia (1939-1940),Luigi De Anna,1996,1,ita,"gb,ia",,UNKNOWN,source-unavailable
9780751357547,9780751357547,"Monsters, Inc. essential guide",Jon Richards,2002,1,,"gb,ia",ia:public;ia:public;ia:public;ia:lending,GREEN,public-surrogate
9781982910372,9781982910372,Hotel Extraño,Braian Ruiz,2018,1,spa,"gb,ia",,UNKNOWN,source-unavailable
9783653025606,9783653025606,Die Intention Betriebswirtschaftlicher Hochschullehrer Zur Beeinflussung Von Werten,Dirk Moosmayer,2012,2,ger,"gb,ia",,UNKNOWN,source-unavailable
9783631632789,9783631632789,Die Intention Betriebswirtschaftlicher Hochschullehrer Zur Beeinflussung Von Werten,Dirk Moosmayer,2012,2,ger,"gb,ia",,UNKNOWN,source-unavailable
9782760622029,9782760622029,Ad libros!,"Denise Angers, Jean-François Cottier, Martin Gravel, Sébastien Rossignol",2010,1,fre,"gb,ia",,UNKNOWN,source-unavailable
9781731126771,9781731126771,Major Sins,"Abu Abdullah, Hafidh Al-Dhahabi",2018,1,eng,"gb,ia",,UNKNOWN,source-unavailable
9781484087091,9781484087091,For the Super Heavyweight Championship of the Universe,Austin Torney,2013,1,eng,"gb,ia",,UNKNOWN,source-unavailable
9785892824729,9785892824729,"V poiskakh ""kitaĭskogo chuda""",,2011,1,rus,"gb,ia",,UNKNOWN,source-unavailable
9780571190249,9780571190249,French Colonial Cookery,David Burton,2000,1,eng,"gb,ia",ia:public;ia:public;ia:public;ia:lending,GREEN,public-surrogate
9781092170390,9781092170390,Empowered Teen,Markus De Silva,2019,1,eng,"gb,ia",,UNKNOWN,source-unavailable
9788510020695,9788510020695,Idéias em Contexto,,1997,1,por,"gb,ia",,UNKNOWN,source-unavailable
9787800797057,9787800797057,Ji sheng xie hui yuan xue fa shou ce,guo ji hua sheng yu xie hui Zhong,2002,1,chi,"gb,ia",ia:lending,GREEN,public-surrogate
9788771150711,9788771150711,Flyder alting?,Lise Søelund,2013,1,dan,"gb,ia",,UNKNOWN,source-unavailable
9781981521326,9781981521326,Future of the NLRB,"United States United States Congress, United States House of Representatives, Committee on Education and the Workforce",2017,1,eng,"gb,ia",,UNKNOWN,source-unavailable
9783642099991,9783642099991,Mechanics of Wind-blown Sand Movements,Xiaojing Zheng,2009,2,eng,"gb,ia",,UNKNOWN,source-unavailable
9783540882541,9783540882541,Mechanics of Wind-blown Sand Movements,Xiaojing Zheng,2009,2,eng,"gb,ia",,UNKNOWN,source-unavailable
9780195396300,9780195396300,American popular music from minstrelsy to MP3,Larry Starr,2010,1,eng,"gb,ia",ia:lending;ia:public;ia:public,GREEN,public-surrogate
9780531106228,9780531106228,Aztecs and Incas,Penny Bateman,1988,1,eng,"gb,ia",ia:lending,GREEN,public-surrogate
9781481905688,9781481905688,Beaner and the Barney Boys,Sheila Campbell,2013,1,eng,"gb,ia",,UNKNOWN,source-unavailable
9788991451711,9788991451711,Hyangnobong i Paektu Taegan ŭi kkŭt i anigŏnŭl,Hŭi-yong Pak,2006,1,kor,"gb,ia",,UNKNOWN,source-unavailable
9788834708910,9788834708910,Il risveglio dell'ombra,Luca Trugenberger,2002,1,ita,"gb,ia",,UNKNOWN,source-unavailable
9781636592619,9781636592619,Short and Happy Guide to Administrative Law,William Araiza,2018,3,eng,"gb,ia",,UNKNOWN,source-unavailable
9781640201187,9781640201187,Short and Happy Guide to Administrative Law,William Araiza,2018,3,eng,"gb,ia",,UNKNOWN,source-unavailable
9798892098007,9798892098007,Short and Happy Guide to Administrative Law,William Araiza,2018,3,eng,"gb,ia",,UNKNOWN,source-unavailable
9780615291819,9780615291819,Alpha Industries Inc,Alan D. Cirker,2009,1,eng,"gb,ia",,UNKNOWN,source-unavailable
9781479519996,9781479519996,Take It Outside Classroom Collection,"Tina Dybvik, Adam Record, Cari Meister",2013,1,eng,"gb,ia",,UNKNOWN,source-unavailable
9781794350922,9781794350922,Mandala Coloring Pages,Le Non,2019,1,eng,"gb,ia",,UNKNOWN,source-unavailable
9789535107163,9789535107163,Effects of Hydroperoxide in Lipid Peroxidation on Dough Fermentation,Toshiyuki Toyosaki,2012,1,eng,"gb,ia",,UNKNOWN,source-unavailable
9783451057359,9783451057359,Was stimmt? DDR,Rainer Eckert,2007,1,ger,"gb,ia",ia:public;ia:public;ia:lending,GREEN,public-surrogate
9789993235385,9789993235385,Hazardous Waste Litigation 1983,,1983,1,,"gb,ia",,UNKNOWN,source-unavailable
9789072100450,9789072100450,Album palaeographicum XVII provinciarum =,C. Dekker,1992,1,mul,"gb,ia",,UNKNOWN,source-unavailable
9789061941187,9789061941187,Album palaeographicum XVII provinciarum =,C. Dekker,1992,1,mul,"gb,ia",,UNKNOWN,source-unavailable
9780732283339,9780732283339,Donna Hay Christmas,Donna Hay,2005,2,eng,"gb,ia",ia:public;ia:public,GREEN,public-surrogate
9780002007535,9780002007535,Donna Hay Christmas,Donna Hay,2005,2,eng,"gb,ia",ia:public;ia:public;ia:public;ia:lending,GREEN,public-surrogate
9781785071515,9781785071515,The Iron Golem,Christian Page,2014,1,eng,"gb,ia",ia:public;ia:public;ia:lending,GREEN,public-surrogate
9780557277926,9780557277926,Fannie Euphorie,Ivady,2010,2,fre,"gb,ia",,UNKNOWN,source-unavailable
9780557275649,9780557275649,Fannie Euphorie,Ivady,2010,2,fre,"gb,ia",,UNKNOWN,source-unavailable
9782246650218,9782246650218,Comment peut-on être encore socialiste ?,Y. Dray,2003,1,,"gb,ia",,UNKNOWN,source-unavailable
9780060415174,9780060415174,"Panorama, lectures primeras",Zenia Sacks Da Silva,1973,1,spa,"gb,ia",ia:public;ia:public;ia:public;ia:lending,GREEN,public-surrogate
9781477719497,9781477719497,Maddie Counts Marbles,Craig Watson,2013,3,eng,"gb,ia",,UNKNOWN,source-unavailable
9781477719503,9781477719503,Maddie Counts Marbles,Craig Watson,2013,3,eng,"gb,ia",,UNKNOWN,source-unavailable
9781477719510,9781477719510,Maddie Counts Marbles,Craig Watson,2013,3,eng,"gb,ia",,UNKNOWN,source-unavailable
9780497355074,9780497355074,The 2007-2012 World Outlook for Sensors,Philip M. Parker,2006,1,eng,"gb,ia",,UNKNOWN,source-unavailable
9789780700218,9789780700218,Study of the impact of economic reforms on growth and development in Nigeria,Nigeria. National Manpower Board,2006,1,eng,"gb,ia",,UNKNOWN,source-unavailable
9781466332447,9781466332447,Getting Freedom,Marcia Wilson,2011,1,eng,"gb,ia",,UNKNOWN,source-unavailable
9788126433353,9788126433353,Uṭalint̲e tārasañj̄aṅṅaḷ,C. S. Venkiteswaran,2011,1,mal,"gb,ia",,UNKNOWN,source-unavailable
9780415913799,9780415913799,Homo Economics,Amy Gluckman,1997,8,eng,"gb,ia",ia:public;ia:lending,GREEN,public-surrogate
9780203610596,9780203610596,Homo Economics,Amy Gluckman,1997,8,eng,"gb,ia",,UNKNOWN,source-unavailable
9781136045189,9781136045189,Homo Economics,Amy Gluckman,1997,8,eng,"gb,ia",,UNKNOWN,source-unavailable
9780415913782,9780415913782,Homo Economics,Amy Gluckman,1997,8,eng,"gb,ia",ia:lending,GREEN,public-surrogate
9781136045103,9781136045103,Homo Economics,Amy Gluckman,1997,8,eng,"gb,ia",,UNKNOWN,source-unavailable
9781283846479,9781283846479,Homo Economics,Amy Gluckman,1997,8,eng,"gb,ia",,UNKNOWN,source-unavailable
9781136045264,9781136045264,Homo Economics,Amy Gluckman,1997,8,eng,"gb,ia",,UNKNOWN,source-unavailable
9781626878174,9781626878174,Drawing Lesson,"Cecilia Minden, Bob Ostrom",2014,1,eng,"gb,ia",,UNKNOWN,source-unavailable
9781558171688,9781558171688,Forever Roses,L. Brindley,1989,1,eng,"gb,ia",,UNKNOWN,source-unavailable
9781557290960,9781557290960,A lifetime is a promise to keep,Xiang Huang,2009,1,eng,"gb,ia",,UNKNOWN,source-unavailable
9783322963031,9783322963031,Konzernabschluß,Werner Schuhmann,2013,1,ger,"gb,ia",,UNKNOWN,source-unavailable
9781704690445,9781704690445,Madison,Learn2write Publications,2019,1,eng,"gb,ia",,UNKNOWN,source-unavailable
9783326000374,9783326000374,Geschichte der Chemie. Ein Überblick von den Anfängen bis zur Gegenwart.,"Irene; Stolz, Rudiger; & Remane, Horst Strube",1988,1,,"gb,ia",,UNKNOWN,source-unavailable
9780516242132,9780516242132,Denmark,R. Conrad Stein,2003,1,eng,"gb,ia",ia:public;ia:public;ia:lending,GREEN,public-surrogate
9782080109989,9782080109989,Kiki et Montparnasse,"Billy Klüver, Julie Martin",1998,1,fre,"gb,ia",ia:public;ia:public;ia:public;ia:lending,GREEN,public-surrogate
9781984392268,9781984392268,Keep Going,Elite Publishing,2018,1,eng,"gb,ia",,UNKNOWN,source-unavailable
9788821769252,9788821769252,Codice di procedura civile,"Claudio Consolo, Italy",2000,2,ita,"gb,ia",,UNKNOWN,source-unavailable
9788821713057,9788821713057,Codice di procedura civile,"Claudio Consolo, Italy",2000,2,ita,"gb,ia",,UNKNOWN,source-unavailable
9780415058926,9780415058926,Moral realities,Mark de Bretton Platts,1991,1,eng,"gb,ia",,UNKNOWN,source-unavailable
9781862390348,9781862390348,"Fractures, fluid flow, and mineralization",Jamie Wilkinson,1999,1,eng,"gb,ia",,UNKNOWN,source-unavailable
9780125831710,9780125831710,NORTH WITH THE SPRING,,1963,1,,"gb,ia",ia:public;ia:public,GREEN,public-surrogate
9783927551367,9783927551367,Bernhard Schulz präsentiert Museen Berlin,"Uwe Prell, Günter Schade",1994,1,ger,"gb,ia",,UNKNOWN,source-unavailable
9780848732547,9780848732547,New flavors for chicken,Rick Rodgers,2008,1,eng,"gb,ia",ia:public;ia:public;ia:lending,GREEN,public-surrogate
9788804410287,9788804410287,Il galateo in bosco,Andrea Zanzotto,1978,2,ita,"gb,ia",,UNKNOWN,source-unavailable
9781883362133,9781883362133,Periodical cicadas,Gene Kritsky,2004,1,eng,"gb,ia",,UNKNOWN,source-unavailable
9787806523742,9787806523742,Qin ai de feng liu ren wu,Huaiyu Li,2004,1,chi,"gb,ia",ia:lending,GREEN,public-surrogate
9781502901286,9781502901286,Scout's Guide to Zombie Survival,"Sandie Lee Muncaster, Donna Law, Ozzy Esha",2014,1,eng,"gb,ia",,UNKNOWN,source-unavailable
9780821822043,9780821822043,Bounds on transfer principles for algebraically closed and complete discretely valued fields,Scott Shorey Brown,1978,1,eng,"gb,ia",ia:public,GREEN,public-surrogate
9780405027581,9780405027581,Travels in the Slavonic provinces of Turkey-in-Europpe,G. Muir Mackenzie,1971,1,,"gb,ia",ia:public,GREEN,public-surrogate
9780953916801,9780953916801,The apotheosis of love,R. L. Sharpe,2000,1,eng,"gb,ia",ia:public;ia:lending;ia:public,GREEN,public-surrogate
9783407252807,9783407252807,Theodor W. Adorno,Alfred Schäfer,2004,1,ger,"gb,ia",,UNKNOWN,source-unavailable
9783825224486,9783825224486,Theodor W. Adorno,Alfred Schäfer,2004,1,ger,"gb,ia",,UNKNOWN,source-unavailable
9782915918502,9782915918502,La peste rouge,Dangde Laobele Damaye,2013,1,fre,"gb,ia",,UNKNOWN,source-unavailable
9780966297911,9780966297911,Pocket Digest of Osha Construction Standards,William Finch,1998,1,eng,"gb,ia",ia:public,GREEN,public-surrogate
9780230215917,9780230215917,Shipping derivatives and risk management,Amir H. Alizadeh,2009,1,eng,"gb,ia",ia:lending,GREEN,public-surrogate
9780583304788,9780583304788,Monsters,Bernard Brett,1976,3,eng,"gb,ia",,UNKNOWN,source-unavailable
9780671461607,9780671461607,Monsters,Bernard Brett,1976,3,eng,"gb,ia",,UNKNOWN,source-unavailable
9780904724172,9780904724172,Monsters,Bernard Brett,1976,3,eng,"gb,ia",ia:public;ia:public;ia:lending,GREEN,public-surrogate
9788320801217,9788320801217,Problemy planowania i polityki społeczno-gospodarczej,"Kazimierz Secomski, Aleksander Łukaszewicz",1980,1,pol,"gb,ia",,UNKNOWN,source-unavailable
9782414309054,9782414309054,La lutte contre le socialisme dans la conception totalitaire de l'État,Joseph Wouako Tchaleu,2019,1,,"gb,ia",,UNKNOWN,source-unavailable
9780119892345,9780119892345,Report of the Committee on Conferences,United Nations Staff,2003,1,eng,"gb,ia",,UNKNOWN,source-unavailable
9781312295070,9781312295070,Call Me Junie,Mose Hardin,2014,1,eng,"gb,ia",,UNKNOWN,source-unavailable
9781850083641,9781850083641,Norman Conquest,Scott Reeves,2008,1,eng,"gb,ia",,UNKNOWN,source-unavailable
9781724495105,9781724495105,Believe Journal,Susan Solnick,2018,1,eng,"gb,ia",,UNKNOWN,source-unavailable
9782262013226,9782262013226,L' Europe,Lucien Febvre,1999,1,fre,"gb,ia",,UNKNOWN,source-unavailable
9780736425292,9780736425292,TinkerBell,Lisa Ann Marsoli,2008,1,eng,"gb,ia",ia:public;ia:public;ia:public;ia:lending,GREEN,public-surrogate
9782952609623,9782952609623,Claudel et la Hollande,Marie-Victoire Nantet,2009,2,fre,"gb,ia",,UNKNOWN,source-unavailable
9780117015043,9780117015043,Equal Opportunities Commission Annual Report,,1991,1,,"gb,ia",,UNKNOWN,source-unavailable
9781512043655,9781512043655,Intrigante Sous le RÈgne de Frontenac,Jean-Baptiste Caouette,2015,3,fre,"gb,ia",,UNKNOWN,source-unavailable
9781534804418,9781534804418,Intrigante Sous le RÈgne de Frontenac,Jean-Baptiste Caouette,2015,3,fre,"gb,ia",,UNKNOWN,source-unavailable
9798497364866,9798497364866,Intrigante Sous le RÈgne de Frontenac,Jean-Baptiste Caouette,2015,3,fre,"gb,ia",,UNKNOWN,source-unavailable
9780736842563,9780736842563,Apatosaurus,Carol K. Lindeen,2005,1,eng,"gb,ia",ia:public;ia:lending;ia:public;ia:public,GREEN,public-surrogate
9780853612759,9780853612759,North Staffordshire railway locomotives and rolling stock,"Rush, R. W.",1981,1,eng,"gb,ia",,UNKNOWN,source-unavailable
9785942823115,9785942823115,Tartuskie tetradi,R. Leĭbov,2005,1,rus,"gb,ia",,UNKNOWN,source-unavailable
9781910742020,9781910742020,The bones of it,Kelly Creighton,2015,1,eng,"gb,ia",ia:lending,GREEN,public-surrogate
9780960984237,9780960984237,Tales from Gray's,Ed Gray,1986,2,eng,"gb,ia",,UNKNOWN,source-unavailable
9781528960540,9781528960540,Wonderful My Friend,Grant Hawkes,2019,2,eng,"gb,ia",,UNKNOWN,source-unavailable
9781528913584,9781528913584,Wonderful My Friend,Grant Hawkes,2019,2,eng,"gb,ia",,UNKNOWN,source-unavailable
9788416334285,9788416334285,El manuscrit trobat a Accra,"Paulo Coelho, M. Dolors Ventós Navés",2015,1,,"gb,ia",,UNKNOWN,source-unavailable
9788871250410,9788871250410,Archivio Vittorio Bodini,Archivio centrale dello Stato (Italy),1992,1,ita,"gb,ia",,UNKNOWN,source-unavailable
9780134855455,9780134855455,"Introduction to Operations and Supply Chain Management, Student Value Edition Plus Mylab Operations Management with Pearson EText -- Access Card Package","Cecil B. Bozarth, Robert B. Handfield",2015,2,eng,"gb,ia",ia:public;ia:public,GREEN,public-surrogate
9780134104072,9780134104072,"Introduction to Operations and Supply Chain Management, Student Value Edition Plus Mylab Operations Management with Pearson EText -- Access Card Package","Cecil B. Bozarth, Robert B. Handfield",2015,2,eng,"gb,ia",,UNKNOWN,source-unavailable
9780337084386,9780337084386,Social Fund Commissioner,Health & Social Services,1998,1,,"gb,ia",,UNKNOWN,source-unavailable
9783668922013,9783668922013,Gegenüberstellung der Lerntheorien Nach Skinner und Bandura,Tanja Ederer,2019,1,ger,"gb,ia",,UNKNOWN,source-unavailable
9780473314637,9780473314637,Triumph on the Western Front,Oswald Harcourt Davis,2015,1,eng,"gb,ia",,UNKNOWN,source-unavailable
9789715390774,9789715390774,A writer's baptism,Laurean S. Unabia,2018,1,eng,"gb,ia",,UNKNOWN,source-unavailable
9781433124051,9781433124051,Métamorphoses des rôles et statuts par les écritures féminines,Cécile Gouard,2015,3,eng,"gb,ia",,UNKNOWN,source-unavailable
9781453914335,9781453914335,Métamorphoses des rôles et statuts par les écritures féminines,Cécile Gouard,2015,3,eng,"gb,ia",,UNKNOWN,source-unavailable
9781433157981,9781433157981,Métamorphoses des rôles et statuts par les écritures féminines,Cécile Gouard,2015,3,eng,"gb,ia",,UNKNOWN,source-unavailable
9781433157998,9781433157998,Métamorphoses des rôles et statuts par les écritures féminines,Cécile Gouard,2015,3,eng,"gb,ia",,UNKNOWN,source-unavailable
9781412972758,9781412972758,Teaching with the tools kids really use,Susan Brooks-Young,2010,1,eng,"gb,ia",ia:public;ia:lending,GREEN,public-surrogate
9783625002475,9783625002475,FRANCES..,VV. AA.,2014,1,,"gb,ia",,UNKNOWN,source-unavailable
9788479146917,9788479146917,Laudes con el Papa. La catequesis de Juan Pablo II sobre los Salmos y Cánticos de Laudes,"Juan Pablo II, José Luis Moreno Martínez",2003,1,,"gb,ia",ia:public;ia:public,GREEN,public-surrogate
9781312143401,9781312143401,Transformational Leadership How to Lead from Your Strengths and Maximize Your Impact,Richard Nongard,2014,1,eng,"gb,ia",,UNKNOWN,source-unavailable
9781096503002,9781096503002,Apple Cider Vinegar,Audrey Baines,2019,1,eng,"gb,ia",,UNKNOWN,source-unavailable
9780890432525,9780890432525,Guide to Income Tax Preparation,"Consumer Reports, Elias M. Zuckerman, Warren H. Esanu",1988,1,eng,"gb,ia",ia:public;ia:public;ia:lending,GREEN,public-surrogate
9781632386717,9781632386717,Algebra,Derek Portman,2019,1,,"gb,ia",,UNKNOWN,source-unavailable
9782909634906,9782909634906,Christian Pineau,"Alya Aglan, Denis Lefebvre",2004,1,fre,"gb,ia",,UNKNOWN,source-unavailable
9784087200485,9784087200485,"""Shakkin bōbiki"" no keizaigaku",Ryūkō Kitamura,2001,1,jpn,"gb,ia",,UNKNOWN,source-unavailable
9780952903406,9780952903406,"The Boer War, a Bombardier's Memoirs",Walter Mitton,1996,1,eng,"gb,ia",,UNKNOWN,source-unavailable
9780306407666,9780306407666,Fear of fear,John B. Wolf,1981,1,eng,"gb,ia",ia:lending,GREEN,public-surrogate
9782877476294,9782877476294,Royal genealogy and chronological look at the history of France,Volkmann,2003,1,,"gb,ia",ia:public;ia:public;ia:lending,GREEN,public-surrogate
9783782903424,9783782903424,Zur Entstehung von Handelsrecht,Siegbert Lammel,1987,1,ger,"gb,ia",,UNKNOWN,source-unavailable
9780679770312,9780679770312,NetMarketing (Net books),NetGuide,1997,1,eng,"gb,ia",ia:public,GREEN,public-surrogate
9780160738081,9780160738081,"Code of Federal Regulations, Title 5, Administrative Personnel, Pt. 1-699, Revised as of January 1, 2005",Office of the Federal Register (U.S.),2005,1,eng,"gb,ia",,UNKNOWN,source-unavailable
9780356213040,9780356213040,Our Father B Book Club,Bernice Rubens,1999,1,eng,"gb,ia",,UNKNOWN,source-unavailable
9781906558451,9781906558451,May the Road Rise up to Meet You,C.R. Tranche,2009,1,,"gb,ia",ia:public;ia:lending,GREEN,public-surrogate
9789043506465,9789043506465,Albertinus van der Heide (1872-1953),Marie Anne Géraldine de Harder,2011,1,dut,"gb,ia",,UNKNOWN,source-unavailable
9788804555025,9788804555025,Tra nichilismo e Islam,Gianni Baget Bozzo,2006,1,ita,"gb,ia",,UNKNOWN,source-unavailable
9783921606254,9783921606254,Studien zur Geschichte der europäischen Skulptur im 12./13. Jahrhundert,"Beck, Herbert, Kerstin Hengevoss-Dürkop, Georg W. Kamp",1994,1,ger,"gb,ia",,UNKNOWN,source-unavailable
9780118854559,9780118854559,Safety in the use of metal cutting guillotines and shears,Health  And  Safety Executive Staff,1988,1,eng,"gb,ia",,UNKNOWN,source-unavailable
9781532191138,9781532191138,Georgia,Sarah Tieck,2019,1,eng,"gb,ia",ia:public;ia:public,GREEN,public-surrogate
9788471663504,9788471663504,La guerra de los mundos,,1973,1,,"gb,ia",,UNKNOWN,source-unavailable
9788175341708,9788175341708,New dimensions of justice,J. S. Verma,2000,1,eng,"gb,ia",,UNKNOWN,source-unavailable
9789864192878,9789864192878,Su ming gong nü,Mengyun.,2002,1,chi,"gb,ia",,UNKNOWN,source-unavailable
9788484830221,9788484830221,Camaradas,Harry Fisher,2001,1,spa,"gb,ia",,UNKNOWN,source-unavailable
9781317385790,9781317385790,Neoliberal Spatial Governance,Phil Allmendinger,2016,4,eng,"gb,ia",,UNKNOWN,source-unavailable
9781138490345,9781138490345,Neoliberal Spatial Governance,Phil Allmendinger,2016,4,eng,"gb,ia",,UNKNOWN,source-unavailable
9781317385776,9781317385776,Neoliberal Spatial Governance,Phil Allmendinger,2016,4,eng,"gb,ia",,UNKNOWN,source-unavailable
9781317385783,9781317385783,Neoliberal Spatial Governance,Phil Allmendinger,2016,4,eng,"gb,ia",,UNKNOWN,source-unavailable
9783640347865,9783640347865,Entwicklung der Bedeutung des Non Aviation Bereiches Im Angebotsportfolio Europäischer Hub Flughäfen,Alexander Bräuer,2013,1,ger,"gb,ia",,UNKNOWN,source-unavailable
9782867267277,9782867267277,Mes premiers pas de danse classique,Marie-Laure Médova,2003,1,fre,"gb,ia",ia:public;ia:public;ia:lending,GREEN,public-surrogate
9780804169639,9780804169639,La ciencia del sexo,Pere Estupinyà,2014,1,spa,"gb,ia",,UNKNOWN,source-unavailable
9788497990905,9788497990905,EL PRIMER AÑO DEL NIÑO,HOFER,2010,1,,"gb,ia",,UNKNOWN,source-unavailable
9782875230720,9782875230720,Bruxelles,François Janne d'Othée,2015,1,eng,"gb,ia",,UNKNOWN,source-unavailable
9781696984546,9781696984546,Gipfelbuch,Reinhold Wanderer,2019,2,ger,"gb,ia",,UNKNOWN,source-unavailable
9781697525274,9781697525274,Gipfelbuch,Reinhold Wanderer,2019,2,ger,"gb,ia",,UNKNOWN,source-unavailable
9781880642016,9781880642016,Little Readers Ant Books,Callahan Laura Busch,1990,1,eng,"gb,ia",,UNKNOWN,source-unavailable
9780670513802,9780670513802,1900,Rebecca West,1981,1,eng,"gb,ia",ia:lending;ia:public,GREEN,public-surrogate
9789571010021,9789571010021,Ya'ersilan zhan ji II,Yoshiki Tanaka,1997,1,chi,"gb,ia",,UNKNOWN,source-unavailable
9789571010038,9789571010038,Ya'ersilan zhan ji II,Yoshiki Tanaka,1997,1,chi,"gb,ia",,UNKNOWN,source-unavailable
9781537195995,9781537195995,Burray Ness Tide Tables 2017,Dick Dolby,2016,1,eng,"gb,ia",,UNKNOWN,source-unavailable
9780105119760,9780105119760,An Act to confer powers on the Solihull Borough Council in relation to public safety at the National Exhibition Centre in the borough of Solihull...,Rand McNally,1976,1,eng,"gb,ia",,UNKNOWN,source-unavailable
9780851351377,9780851351377,The environmental effects of insecticides on non-target organisms in tropical and subtropical developing countries1970-1983,J. W. M. Logan,1984,1,eng,"gb,ia",,UNKNOWN,source-unavailable
9782707135810,9782707135810,La Fabrique du droit,Bruno Latour,2002,1,fre,"gb,ia",,UNKNOWN,source-unavailable
9780538440639,9780538440639,Intro to Business,"Les R. Dlabay, James L. Burrow, Steven A. Eggland",2005,1,eng,"gb,ia",ia:public;ia:public;ia:public;ia:lending,GREEN,public-surrogate
9780130898982,9780130898982,Contemporary Social Problems,Schaefer,2014,1,eng,"gb,ia",,UNKNOWN,source-unavailable
9781446668771,9781446668771,Nuevo Comienzo...,Tomás Morilla Massieu,2010,1,spa,"gb,ia",,UNKNOWN,source-unavailable
9780570042792,9780570042792,The Music of Early Lutheranism,Carl Schalk,2001,1,eng,"gb,ia",,UNKNOWN,source-unavailable
9781421411477,9781421411477,"The Lousy Adult
            
                Johns Hopkins Poetry and Fiction",William J. Cobb,2013,1,eng,"gb,ia",ia:public;ia:public,GREEN,public-surrogate
9789750723513,9789750723513,Bir Maniniz Yoksa Annemler Size Gelecek,Ayfer Tunc,2005,1,,"gb,ia",,UNKNOWN,source-unavailable
9788912128272,9788912128272,"Samsong, sinhwa nun opta",Sun-ha Yu,1995,1,kor,"gb,ia",,UNKNOWN,source-unavailable
9780985761301,9780985761301,I Am The Shadowman,Patricia Hopkins,2012,1,,"gb,ia",,UNKNOWN,source-unavailable
9781536890488,9781536890488,From Coal to Gold,Jesse Drennen,2016,1,eng,"gb,ia",,UNKNOWN,source-unavailable
9781882889297,9781882889297,2012 condominium bluebook for California,Branden E. Bickel,2012,1,eng,"gb,ia",ia:lending;ia:public;ia:public;ia:public,GREEN,public-surrogate
9785289004222,9785289004222,Krestʹi͡a︡nskiĭ syn,"Aleksandrov, Ivan",1989,1,rus,"gb,ia",,UNKNOWN,source-unavailable
9781075947445,9781075947445,Bondage Sex Stories,Tiffany Denys,2019,1,eng,"gb,ia",,UNKNOWN,source-unavailable
9780062398697,9780062398697,Fox the tiger,Corey R. Tabor,2018,4,eng,"gb,ia",ia:public;ia:public;ia:public,GREEN,public-surrogate
9781536444438,9781536444438,Fox the tiger,Corey R. Tabor,2018,4,eng,"gb,ia",,UNKNOWN,source-unavailable
9780062398673,9780062398673,Fox the tiger,Corey R. Tabor,2018,4,eng,"gb,ia",ia:public;ia:public,GREEN,public-surrogate
9798855133158,9798855133158,Fox the tiger,Corey R. Tabor,2018,4,eng,"gb,ia",,UNKNOWN,source-unavailable
9781544408835,9781544408835,Fox the tiger,Corey R. Tabor,2018,4,eng,"gb,ia",,UNKNOWN,source-unavailable
9783668822788,9783668822788,Identitätsproblematik Im Werk Stiller Von Max Frisch,Lena Klose,2018,1,ger,"gb,ia",,UNKNOWN,source-unavailable
9781689295086,9781689295086,My Name Is Alexandra,Babanana Publishing,2019,1,eng,"gb,ia",,UNKNOWN,source-unavailable
9780837617305,9780837617305,"MINI Cooper  Service Manual 2007, 2008, 2009, 2010, 2011, 2012 2013",Bentley Publishers,2014,1,eng,"gb,ia",,UNKNOWN,source-unavailable
9781793816863,9781793816863,Last of the Whites,Jess Thornton,2019,1,eng,"gb,ia",,UNKNOWN,source-unavailable
9783497012916,9783497012916,"Sprechen, hören, sehen",Klaus Pawlowski,1993,1,ger,"gb,ia",,UNKNOWN,source-unavailable
9781876973094,9781876973094,Wizard Study Guide VCE Physics Unit 4,Bruce Schmidt,2002,1,eng,"gb,ia",,UNKNOWN,source-unavailable
9788476321119,9788476321119,Repertorio bibliográfico sobre la corte constitucional italiana,Joan Oliver Araujo,1990,1,,"gb,ia",,UNKNOWN,source-unavailable
9780368903335,9780368903335,Champ Life,Fir Life Books,2019,3,eng,"gb,ia",,UNKNOWN,source-unavailable
9780368903359,9780368903359,Champ Life,Fir Life Books,2019,3,eng,"gb,ia",,UNKNOWN,source-unavailable
9780368903342,9780368903342,Champ Life,Fir Life Books,2019,3,eng,"gb,ia",,UNKNOWN,source-unavailable
9781731527059,9781731527059,Chronicles of Terra,Nenad Ristin,2018,1,eng,"gb,ia",,UNKNOWN,source-unavailable
9781908643117,9781908643117,Your Country Needs You,James Taylor (1963-),2013,2,eng,"gb,ia",,UNKNOWN,source-unavailable
9781887354974,9781887354974,Your Country Needs You,James Taylor (1963-),2013,2,eng,"gb,ia",ia:public,GREEN,public-surrogate
9781793350848,9781793350848,Mein Malbuch - Benjamin,Mein Malbuch,2019,2,ger,"gb,ia",,UNKNOWN,source-unavailable
9781793350800,9781793350800,Mein Malbuch - Benjamin,Mein Malbuch,2019,2,ger,"gb,ia",,UNKNOWN,source-unavailable
9781858986364,9781858986364,Challenges to the Welfare State,Henry Cavanna,1998,1,eng,"gb,ia",,UNKNOWN,source-unavailable
9785699124152,9785699124152,Sluchai Zoschenko. Prishestvie kapitana Lebediakina,Sarnov Benedikt.,2005,1,,"gb,ia",,UNKNOWN,source-unavailable
9780916908270,9780916908270,Breeds,Roxy Gordon,1984,1,eng,"gb,ia",,UNKNOWN,source-unavailable
9780916908287,9780916908287,Breeds,Roxy Gordon,1984,1,eng,"gb,ia",,UNKNOWN,source-unavailable
9781316310816,9781316310816,From Open Secrets to Secret Voting,Isabela Mares,2015,4,eng,"gb,ia",,UNKNOWN,source-unavailable
9781107495296,9781107495296,From Open Secrets to Secret Voting,Isabela Mares,2015,4,eng,"gb,ia",ia:public,GREEN,public-surrogate
9781107100213,9781107100213,From Open Secrets to Secret Voting,Isabela Mares,2015,4,eng,"gb,ia",,UNKNOWN,source-unavailable
9781316178539,9781316178539,From Open Secrets to Secret Voting,Isabela Mares,2015,4,eng,"gb,ia",,UNKNOWN,source-unavailable
9782100532780,9782100532780,Génie chimique,Emilian Koller,2010,1,fre,"gb,ia",,UNKNOWN,source-unavailable
9781317184492,9781317184492,Africa and the War on Terrorism,John Davis,2016,1,eng,"gb,ia",,UNKNOWN,source-unavailable
9781905775194,9781905775194,Robin Hood - the Silver Arrow and the Slaves,Lynda Edwards,2008,1,eng,"gb,ia",ia:public;ia:public;ia:public;ia:lending,GREEN,public-surrogate
9781419551086,9781419551086,Kaplan National Dental Hygienist Licensure Exam,Paula Tomko,2007,1,eng,"gb,ia",ia:lending,GREEN,public-surrogate
9780882439280,9780882439280,Foundations for faith,John T. Maempa,1980,1,eng,"gb,ia",,UNKNOWN,source-unavailable
9781423324089,9781423324089,Invincible,"Vince Papale, Chad Millman",2006,1,eng,"gb,ia",,UNKNOWN,source-unavailable
9781691860425,9781691860425,Out of This World : Awesome Recipes,Adam Write,2019,1,eng,"gb,ia",,UNKNOWN,source-unavailable
9784589038043,9784589038043,高齢犯罪者の権利保障と社会復帰,安田恵美,2017,1,jpn,"gb,ia",,UNKNOWN,source-unavailable
9788171100989,9788171100989,Mahābhāṣya-Pradīpa-Prakāśa,Patañjali.,1991,1,hin,"gb,ia",,UNKNOWN,source-unavailable
9781490384306,9781490384306,TRADOC Pamphlet 350-70-7 Army Educational Processes 9 January 2013,United States Government US Army,2013,1,eng,"gb,ia",,UNKNOWN,source-unavailable
9781459255234,9781459255234,Harlequin Romantic Suspense September 2013 Bundle : Mission,"Marie Ferrarella, Loreth Anne White, Kimberly Van Meter, Miller, C. J.",2013,1,eng,"gb,ia",,UNKNOWN,source-unavailable
9780160657016,9780160657016,The U.S. Department of Transportation's proposed hours of service regulations for motor carriers,United States. Congress. House. Committee on Transportation and Infrastructure. Subcommittee on Ground Transportation,2001,1,eng,"gb,ia",,UNKNOWN,source-unavailable
9780005455654,9780005455654,Bible Maps 27x38,,1993,1,eng,"gb,ia",,UNKNOWN,source-unavailable
9780274846443,9780274846443,"Livre de Comptes, 1395-1406",Guy Vi de la Trémoille,2018,4,fre,"gb,ia",,UNKNOWN,source-unavailable
9781021886934,9781021886934,"Livre de Comptes, 1395-1406",Guy Vi de la Trémoille,2018,4,fre,"gb,ia",,UNKNOWN,source-unavailable
9780274846450,9780274846450,"Livre de Comptes, 1395-1406",Guy Vi de la Trémoille,2018,4,fre,"gb,ia",,UNKNOWN,source-unavailable
9781019984802,9781019984802,"Livre de Comptes, 1395-1406",Guy Vi de la Trémoille,2018,4,fre,"gb,ia",,UNKNOWN,source-unavailable
9788494438097,9788494438097,APLICACIONES DE LA ESTADÍSTICA EN EL AULA,ANTONIO GARCÍA JIMÉNEZ,2016,1,,"gb,ia",,UNKNOWN,source-unavailable
9781500758752,9781500758752,Zombaids,"John Cherry, Aly Myers",2014,1,eng,"gb,ia",,UNKNOWN,source-unavailable
9780343319991,9780343319991,Sailing Directions for Canadian Shores of Lake Ontario,Canada Dept of the Naval Service,2018,4,eng,"gb,ia",,UNKNOWN,source-unavailable
9780353369054,9780353369054,Sailing Directions for Canadian Shores of Lake Ontario,Canada Dept of the Naval Service,2018,4,eng,"gb,ia",,UNKNOWN,source-unavailable
9781016749459,9781016749459,Sailing Directions for Canadian Shores of Lake Ontario,Canada Dept of the Naval Service,2018,4,eng,"gb,ia",,UNKNOWN,source-unavailable
9781016744492,9781016744492,Sailing Directions for Canadian Shores of Lake Ontario,Canada Dept of the Naval Service,2018,4,eng,"gb,ia",,UNKNOWN,source-unavailable
9783364004501,9783364004501,Sächsisches Zinn des 16. und 17. Jahrhunderts,Günter Reinheckel,2003,2,ger,"gb,ia",,UNKNOWN,source-unavailable
9783865300539,9783865300539,Sächsisches Zinn des 16. und 17. Jahrhunderts,Günter Reinheckel,2003,2,ger,"gb,ia",,UNKNOWN,source-unavailable
9780270506686,9780270506686,Manuel de bibliothéconomie,Arnim Graesel,1897,4,fre,"gb,ia",,UNKNOWN,source-unavailable
9780270506693,9780270506693,Manuel de bibliothéconomie,Arnim Graesel,1897,4,fre,"gb,ia",,UNKNOWN,source-unavailable
9787543823228,9787543823228,Gong si li lun bian qian yan jiu,Jinwen Zou,2000,1,chi,"gb,ia",,UNKNOWN,source-unavailable
9781859360163,9781859360163,The first industrial society,C. Aspin,1995,1,eng,"gb,ia",ia:public,GREEN,public-surrogate
9780812045130,9780812045130,Keys to surviving a tax audit,D. Larry Crumbley,1991,1,eng,"gb,ia",ia:public,GREEN,public-surrogate
9782894191606,9782894191606,La vie est pratique pour ranger des souvenirs,Alain Fisette,1999,1,fre,"gb,ia",ia:public;ia:public,GREEN,public-surrogate
9780965849791,9780965849791,Y,,2003,1,eng,"gb,ia",ia:public;ia:public;ia:public,GREEN,public-surrogate
9780439507387,9780439507387,Secret World Of Hildegard,Jonah Winter,2007,1,eng,"gb,ia",ia:lending,GREEN,public-surrogate
9788854808706,9788854808706,La città di Roma fra chiesa e impero durante il conflitto gotico-bizantino,Gianluca Pilara,2006,3,gre,"gb,ia",,UNKNOWN,source-unavailable
9780888945884,9780888945884,From the land of the totem poles,"American Museum of Natural History., American Museum of Natural History",1988,4,eng,"gb,ia",,UNKNOWN,source-unavailable
9780295965727,9780295965727,From the land of the totem poles,"American Museum of Natural History., American Museum of Natural History",1988,4,eng,"gb,ia",ia:lending,GREEN,public-surrogate
9780295970226,9780295970226,From the land of the totem poles,"American Museum of Natural History., American Museum of Natural History",1988,4,eng,"gb,ia",ia:public,GREEN,public-surrogate
9780888947192,9780888947192,From the land of the totem poles,"American Museum of Natural History., American Museum of Natural History",1988,4,eng,"gb,ia",,UNKNOWN,source-unavailable
9780946197125,9780946197125,Mr. Chimney Pot,Beryl Johnston,1987,1,,"gb,ia",ia:public;ia:lending,GREEN,public-surrogate
9781937508487,9781937508487,Beyond the Stillness,Linda Givans,2016,1,,"gb,ia",,UNKNOWN,source-unavailable
9780312361006,9780312361006,Echoes of the Dance,Marcia Willett,2007,1,eng,"gb,ia",ia:lending;ia:lending,GREEN,public-surrogate
9780880282376,9780880282376,To Hear Celestial Harmonies,Randolph L. Braham,2002,1,eng,"gb,ia",,UNKNOWN,source-unavailable
9781726101172,9781726101172,"Personality Plus Some Experiences of Emma Mcchesney and Her Son, Jock",Edna Ferber,2018,1,eng,"gb,ia",,UNKNOWN,source-unavailable
9781794455986,9781794455986,Jokes for Kids - Contains 100+ Cartoons to Color,Mackenzie & Mason,2019,1,eng,"gb,ia",,UNKNOWN,source-unavailable
9787563375462,9787563375462,民國采訪戰,Hallett Abend,2008,1,chi,"gb,ia",,UNKNOWN,source-unavailable
9781477839454,9781477839454,San Antonio Rose,Constance O'Banyon,2013,1,,"gb,ia",,UNKNOWN,source-unavailable
9788489980730,9788489980730,La depresión en los inmigrantes,Joseba Achotegui Loizate,2002,1,spa,"gb,ia",,UNKNOWN,source-unavailable
9783760782300,9783760782300,Ida Bohatta-Morpŭrgo,Ida Bohatta,1988,1,ger,"gb,ia",,UNKNOWN,source-unavailable
9781711972428,9781711972428,You Don't Scare Me I'm a Yorkshire Terrier Trainer,Stackobook Press House,2019,1,eng,"gb,ia",,UNKNOWN,source-unavailable
9780004722894,9780004722894,Collins Gem Hillwalker's Survival Guide,Barry Davies,1999,1,eng,"gb,ia",,UNKNOWN,source-unavailable
9781675039755,9781675039755,Agenda 2020,Maison Maison Baroque,2019,6,fre,"gb,ia",,UNKNOWN,source-unavailable
9781703990478,9781703990478,Agenda 2020,Maison Maison Baroque,2019,6,fre,"gb,ia",,UNKNOWN,source-unavailable
9781709956775,9781709956775,Agenda 2020,Maison Maison Baroque,2019,6,fre,"gb,ia",,UNKNOWN,source-unavailable
9781675038499,9781675038499,Agenda 2020,Maison Maison Baroque,2019,6,fre,"gb,ia",,UNKNOWN,source-unavailable
9781672426510,9781672426510,Agenda 2020,Maison Maison Baroque,2019,6,fre,"gb,ia",,UNKNOWN,source-unavailable
9781672428859,9781672428859,Agenda 2020,Maison Maison Baroque,2019,6,fre,"gb,ia",,UNKNOWN,source-unavailable
9781889116112,9781889116112,Enchantment of Gardening:,Elizabeth Belew,1997,1,eng,"gb,ia",,UNKNOWN,source-unavailable
9781710318463,9781710318463,Francisco de Quevedo - la Hora de Todos y la Fortuna con Seso,Francisco de Quevedo,2019,9,spa,"gb,ia",,UNKNOWN,source-unavailable
9798614518899,9798614518899,Francisco de Quevedo - la Hora de Todos y la Fortuna con Seso,Francisco de Quevedo,2019,9,spa,"gb,ia",,UNKNOWN,source-unavailable
9798684313769,9798684313769,Francisco de Quevedo - la Hora de Todos y la Fortuna con Seso,Francisco de Quevedo,2019,9,spa,"gb,ia",,UNKNOWN,source-unavailable
9798683352714,9798683352714,Francisco de Quevedo - la Hora de Todos y la Fortuna con Seso,Francisco de Quevedo,2019,9,spa,"gb,ia",,UNKNOWN,source-unavailable
9781713473527,9781713473527,Francisco de Quevedo - la Hora de Todos y la Fortuna con Seso,Francisco de Quevedo,2019,9,spa,"gb,ia",,UNKNOWN,source-unavailable
9798605854739,9798605854739,Francisco de Quevedo - la Hora de Todos y la Fortuna con Seso,Francisco de Quevedo,2019,9,spa,"gb,ia",,UNKNOWN,source-unavailable
9798619776515,9798619776515,Francisco de Quevedo - la Hora de Todos y la Fortuna con Seso,Francisco de Quevedo,2019,9,spa,"gb,ia",,UNKNOWN,source-unavailable
9798676613211,9798676613211,Francisco de Quevedo - la Hora de Todos y la Fortuna con Seso,Francisco de Quevedo,2019,9,spa,"gb,ia",,UNKNOWN,source-unavailable
9781675831359,9781675831359,Francisco de Quevedo - la Hora de Todos y la Fortuna con Seso,Francisco de Quevedo,2019,9,spa,"gb,ia",,UNKNOWN,source-unavailable
9780873260565,9780873260565,Pay and Benefits,John Matzer,1988,1,eng,"gb,ia",ia:public,GREEN,public-surrogate
9780814410066,9780814410066,OSHA Compliance Manual and Company Safety and Health Plan for the General Industry (OSHA Compliance Manuals),American Management Association.,1997,1,eng,"gb,ia",,UNKNOWN,source-unavailable
9783771303822,9783771303822,22 Fragen zu Europa,Thomas Läufer,1990,1,ger,"gb,ia",,UNKNOWN,source-unavailable
9781532391552,9781532391552,Dancers and Dogs 2019 Wall Calendar,"Ian Kreidich, Kelly Pratt",2018,1,eng,"gb,ia",,UNKNOWN,source-unavailable
9781544818191,9781544818191,Pocahontas and Her Two Husbands,John Rolfe,2017,1,eng,"gb,ia",,UNKNOWN,source-unavailable
9781852238162,9781852238162,Croquet,Bill Lamb,1990,3,eng,"gb,ia",,UNKNOWN,source-unavailable
9781852233594,9781852233594,Croquet,Bill Lamb,1990,3,eng,"gb,ia",ia:public;ia:public;ia:public;ia:lending,GREEN,public-surrogate
9781861269928,9781861269928,Croquet,Bill Lamb,1990,3,eng,"gb,ia",ia:public;ia:public;ia:public;ia:public;ia:lending,GREEN,public-surrogate
9789754738551,9789754738551,Üç Silahşörler,Alexandre Dumas,2019,1,,"gb,ia",,UNKNOWN,source-unavailable
9780408500302,9780408500302,The building envelope,"Alan Brookes, Alan J. Brookes, Chris Grech",1990,4,eng,"gb,ia",ia:public;ia:public,GREEN,public-surrogate
9781483144580,9781483144580,The building envelope,"Alan Brookes, Alan J. Brookes, Chris Grech",1990,4,eng,"gb,ia",,UNKNOWN,source-unavailable
9780750617901,9780750617901,The building envelope,"Alan Brookes, Alan J. Brookes, Chris Grech",1990,4,eng,"gb,ia",ia:public;ia:public,GREEN,public-surrogate
9780582869073,9780582869073,The Arab-Israeli conflict,Ian J. Bickerton,1991,3,eng,"gb,ia",ia:public;ia:public,GREEN,public-surrogate
9780582908925,9780582908925,The Arab-Israeli conflict,Ian J. Bickerton,1991,3,eng,"gb,ia",,UNKNOWN,source-unavailable
9781861896988,9781861896988,The Arab-Israeli conflict,Ian J. Bickerton,1991,3,eng,"gb,ia",,UNKNOWN,source-unavailable
9780801979446,9780801979446,"Chilton Book Company repair manual. Volvo, 1970-89",,1989,1,eng,"gb,ia",ia:public,GREEN,public-surrogate
9783896465924,9783896465924,Die spätbronzezeitliche handgemachte Keramik der Schichten 13 bis 1,Barbara Horejs,2007,1,ger,"gb,ia",,UNKNOWN,source-unavailable
9781526793379,9781526793379,British Steam Locomotive Builders,James W. Lowe,1984,7,eng,"gb,ia",,UNKNOWN,source-unavailable
9780905100579,9780905100579,British Steam Locomotive Builders,James W. Lowe,1984,7,eng,"gb,ia",,UNKNOWN,source-unavailable
9781399022729,9781399022729,British Steam Locomotive Builders,James W. Lowe,1984,7,eng,"gb,ia",,UNKNOWN,source-unavailable
9781526793362,9781526793362,British Steam Locomotive Builders,James W. Lowe,1984,7,eng,"gb,ia",,UNKNOWN,source-unavailable
9781526793355,9781526793355,British Steam Locomotive Builders,James W. Lowe,1984,7,eng,"gb,ia",,UNKNOWN,source-unavailable
9780905100814,9780905100814,British Steam Locomotive Builders,James W. Lowe,1984,7,eng,"gb,ia",ia:public;ia:lending;ia:public,GREEN,public-surrogate
9781473822894,9781473822894,British Steam Locomotive Builders,James W. Lowe,1984,7,eng,"gb,ia",,UNKNOWN,source-unavailable
9780844258997,9780844258997,How To Write Term Papers & Reports 2nd Ed,McGraw-Hill,2001,1,eng,"gb,ia",ia:public,GREEN,public-surrogate
9781842850589,9781842850589,Hitler and Nazi Germany,Robert Johnson,2004,1,eng,"gb,ia",,UNKNOWN,source-unavailable
9781556592867,9781556592867,Contradictions,Alfred Corn,2008,1,eng,"gb,ia",,UNKNOWN,source-unavailable
9788370985202,9788370985202,"Rodzina, wspólnota lokalna, ojczyzna",Tadeusz Wrona,2001,1,pol,"gb,ia",,UNKNOWN,source-unavailable
9780658006227,9780658006227,S.U.R.E.-Fire Direct Response Marketing,"Russell M. Kern, Russell Kern",2001,2,eng,"gb,ia",ia:public;ia:public;ia:lending,GREEN,public-surrogate
9780755122578,9780755122578,Law of the Four Just Men,Edgar Wallace,2010,1,eng,"gb,ia",,UNKNOWN,source-unavailable
9781938185380,9781938185380,Sword and Sorceress 27,Elisabeth Waters,2014,1,,"gb,ia",,UNKNOWN,source-unavailable
9787507741940,9787507741940,Wen re jing wei,Mengying Wang,1874,2,chi,"gb,ia",,UNKNOWN,source-unavailable
9781533501356,9781533501356,Ismet's Honor,Ey Wade,2016,1,eng,"gb,ia",,UNKNOWN,source-unavailable
9781082500596,9781082500596,Esau-Edom Rome,Beneyah Yashar'el,2019,1,eng,"gb,ia",,UNKNOWN,source-unavailable
9780788018831,9780788018831,A Gift to You,Sharon O'Neill,2002,1,eng,"gb,ia",,UNKNOWN,source-unavailable
9788875640538,9788875640538,La vacanza fuori Roma del Papa Leone X e altri carmi scelti inediti,"Cantalicio, Giovanni Battista, d. 1515.",2004,1,lat,"gb,ia",,UNKNOWN,source-unavailable
9785947080339,9785947080339,"Nauka, kulʹtura i politika russkoĭ ėmigrat︠s︡ii",P. N. Bazanov,2004,2,rus,"gb,ia",,UNKNOWN,source-unavailable
9781602661011,9781602661011,THE RICH HIKER'S GUIDE TO WALKING WITH GOD,Paul Krautmann,2007,2,eng,"gb,ia",,UNKNOWN,source-unavailable
9781602661028,9781602661028,THE RICH HIKER'S GUIDE TO WALKING WITH GOD,Paul Krautmann,2007,2,eng,"gb,ia",,UNKNOWN,source-unavailable
9785202007514,9785202007514,Munit︠s︡ipalʹnye uslugi,Natalʹi︠a︡ Aleksandrovna Akimova,2004,1,rus,"gb,ia",,UNKNOWN,source-unavailable
9781092173018,9781092173018,Animals Coloring Book for Kids and Toddlers,Kidz Library,2019,1,eng,"gb,ia",,UNKNOWN,source-unavailable
9789989500817,9789989500817,Krizen menadžment,Marina Mitrevska,2005,1,mac,"gb,ia",,UNKNOWN,source-unavailable
9781520797069,9781520797069,Navigating No-Contact with a Narcissist,"Jillian Tindall, Carlita Vega, Suboru A, Angela Atkinson",2017,2,eng,"gb,ia",,UNKNOWN,source-unavailable
9781545173831,9781545173831,Navigating No-Contact with a Narcissist,"Jillian Tindall, Carlita Vega, Suboru A, Angela Atkinson",2017,2,eng,"gb,ia",,UNKNOWN,source-unavailable
9788121702133,9788121702133,Uḍḍāmareśvaratantram,,2008,1,san,"gb,ia",,UNKNOWN,source-unavailable
9789572831731,9789572831731,Fu er mo shi tan an 14,Ke Nan Dao Er.,2002,1,chi,"gb,ia",,UNKNOWN,source-unavailable
9781488006739,9781488006739,Promise He Made Her,Tara Taylor Quinn,2016,1,eng,"gb,ia",,UNKNOWN,source-unavailable
9780439624985,9780439624985,I can do it!,Quinlan B. Lee,2004,1,eng,"gb,ia",ia:public;ia:public;ia:public;ia:public,GREEN,public-surrogate
9781929381029,9781929381029,Life Probe,Michael McCollum,1996,1,eng,"gb,ia",,UNKNOWN,source-unavailable
9781601468314,9781601468314,Homecare Administrator's Field Guide,Paula Long,2011,1,eng,"gb,ia",,UNKNOWN,source-unavailable
9787303109814,9787303109814,The Pea of the Big-Nosed Dentist,Zhao Ming,2010,1,,"gb,ia",,UNKNOWN,source-unavailable
9781940655314,9781940655314,Patchwork Essentials,Lee Chappell Monroe,2018,1,eng,"gb,ia",,UNKNOWN,source-unavailable
9789994514847,9789994514847,50-50 Parenting,,1993,1,,"gb,ia",,UNKNOWN,source-unavailable
9789793754079,9789793754079,"Indonesia Infrastructure Summit, January 2005",,2005,1,eng,"gb,ia",,UNKNOWN,source-unavailable
9788450010190,9788450010190,Proceedings of the 2nd International Winter Meeting on Fundamental Physics,"International Winter Meeting on Fundamental Physics Formigales, Spain 1974.",1974,2,eng,"gb,ia",,UNKNOWN,source-unavailable
9780439856560,9780439856560,Mini-lessons for teaching about nonfiction,"Diane Farnham, Paula Jensvold, Brigid Kulhowvick",2007,1,eng,"gb,ia",ia:public;ia:public;ia:lending,GREEN,public-surrogate
9780373312047,9780373312047,The Green Fox,"Winifred Witton, Winnifred Witton",1993,3,eng,"gb,ia",ia:lending,GREEN,public-surrogate
9780373312269,9780373312269,The Green Fox,"Winifred Witton, Winnifred Witton",1993,3,eng,"gb,ia",ia:public;ia:public;ia:lending,GREEN,public-surrogate
9787118062502,9787118062502,Yan huo fu she xue,Qingjie Jiao,2009,1,chi,"gb,ia",,UNKNOWN,source-unavailable
9781474081160,9781474081160,Tempted by Her Greek Tycoon,Katrina Cudmore,2017,1,eng,"gb,ia",,UNKNOWN,source-unavailable
9781784556310,9781784556310,Tom Wallbank's Cat,Carol Eve,2015,2,eng,"gb,ia",,UNKNOWN,source-unavailable
9781784556303,9781784556303,Tom Wallbank's Cat,Carol Eve,2015,2,eng,"gb,ia",,UNKNOWN,source-unavailable
9781449925482,9781449925482,"Airsoft M130, M140 and M150",AirsoftPRESS Staff,2009,1,eng,"gb,ia",,UNKNOWN,source-unavailable
9781087505091,9781087505091,Monet's Passion,Elizabeth Murray,2010,2,,"gb,ia",,UNKNOWN,source-unavailable
9780764952685,9780764952685,Monet's Passion,Elizabeth Murray,2010,2,,"gb,ia",ia:public;ia:public,GREEN,public-surrogate
9780340556368,9780340556368,The Human Body Project Book,Nicola Baxter,1992,2,,"gb,ia",ia:public;ia:public,GREEN,public-surrogate
9781860195433,9781860195433,The Human Body Project Book,Nicola Baxter,1992,2,,"gb,ia",ia:public,GREEN,public-surrogate
9781784627522,9781784627522,Tales of Ivan Levsky,Trefor Stockwell,2014,1,eng,"gb,ia",,UNKNOWN,source-unavailable
9781900733090,9781900733090,The use of riluzole in the treatment of amyotrophic lateral sclerosis (motor neurone disease),J. Chilcott,1997,1,eng,"gb,ia",,UNKNOWN,source-unavailable
9780817681630,9780817681630,An Introduction to Modern Variational Techniques in Mechanics and Engineering,"Bozidar D. Vujanovic, Teodor M. Atanackovic",2011,1,,"gb,ia",,UNKNOWN,source-unavailable
9788984311701,9788984311701,Sin yŏsŏng,,2003,2,kor,"gb,ia",,UNKNOWN,source-unavailable
9780472094509,9780472094509,"Tacit bargaining, arms races, and arms control","George W. Downs, David M. Rocke",1990,1,eng,"gb,ia",ia:public;ia:lending,GREEN,public-surrogate
9780472064502,9780472064502,"Tacit bargaining, arms races, and arms control","George W. Downs, David M. Rocke",1990,1,eng,"gb,ia",ia:lending,GREEN,public-surrogate
9781983590610,9781983590610,"Notebook : Dot-Grid,Graph Grid,Lined,Blank Paper : Dota 2",Lisa Fox,2018,1,eng,"gb,ia",,UNKNOWN,source-unavailable
9785836900977,9785836900977,I͡U︡ridicheskai͡a︡ priroda mezhdunarodnogo kommercheskogo arbitrazha,V. N. (Vasiliĭ Nikolaevich) Anurov,2000,1,rus,"gb,ia",,UNKNOWN,source-unavailable
9789946214641,9789946214641,Chorŏp chŭngsŏ,Kwang-su Son,2016,1,kor,"gb,ia",,UNKNOWN,source-unavailable
9780739790403,9780739790403,Canada Ecology & Nature Protection Handbook,USA International Business Publications,2005,1,eng,"gb,ia",,UNKNOWN,source-unavailable
9780879071141,9780879071141,On loving God,"Saint Bernard of Clairvaux, Emero Stiegman",1909,5,eng,"gb,ia",ia:public;ia:public,GREEN,public-surrogate
9780030578762,9780030578762,"Anti Coloring Book, Build a Better Mousetrap (Anti-Coloring Books)",Susan Striker,1983,1,,"gb,ia",ia:public;ia:lending;ia:public;ia:public,GREEN,public-surrogate
9781868883684,9781868883684,Rebellion and uproar,Julia C. Wells,2007,1,eng,"gb,ia",,UNKNOWN,source-unavailable
9781632779984,9781632779984,CAP1296 - 6-Channel Capacitive Touch Sensor with Proximity Detection and Signal Guard Data Sheet,Karen Dondiego,2015,1,eng,"gb,ia",,UNKNOWN,source-unavailable
9780338403568,9780338403568,Statutory registration of commercial lobbyists,Scotland. Parliament. Standards Committee.,2001,1,eng,"gb,ia",,UNKNOWN,source-unavailable
9788588513242,9788588513242,Augusto Comte e o Positivismo,,2003,1,por,"gb,ia",,UNKNOWN,source-unavailable
9781534705845,9781534705845,Virgin Wars,Sarah Bale,2016,1,eng,"gb,ia",,UNKNOWN,source-unavailable
9780521033534,9780521033534,Press Censorship in Jacobean England,Cyndia Susan Clegg,2001,6,eng,"gb,ia",ia:public;ia:public,GREEN,public-surrogate
9780511031007,9780511031007,Press Censorship in Jacobean England,Cyndia Susan Clegg,2001,6,eng,"gb,ia",,UNKNOWN,source-unavailable
9780511483516,9780511483516,Press Censorship in Jacobean England,Cyndia Susan Clegg,2001,6,eng,"gb,ia",,UNKNOWN,source-unavailable
9780511046254,9780511046254,Press Censorship in Jacobean England,Cyndia Susan Clegg,2001,6,eng,"gb,ia",,UNKNOWN,source-unavailable
9780521782432,9780521782432,Press Censorship in Jacobean England,Cyndia Susan Clegg,2001,6,eng,"gb,ia",ia:public;ia:public;ia:public;ia:lending,GREEN,public-surrogate
9781280159183,9781280159183,Press Censorship in Jacobean England,Cyndia Susan Clegg,2001,6,eng,"gb,ia",,UNKNOWN,source-unavailable
9780856178856,9780856178856,Death in Clairvoyance,Josephine Bell,1949,4,eng,"gb,ia",ia:public;ia:public;ia:public,GREEN,public-surrogate
9780745186368,9780745186368,Death in Clairvoyance,Josephine Bell,1949,4,eng,"gb,ia",,UNKNOWN,source-unavailable
9788918023373,9788918023373,Sahoe chosa wa t'onggye kipop,Chin-hyu Mok,2010,1,kor,"gb,ia",,UNKNOWN,source-unavailable
9781535164030,9781535164030,Empty Comic,Insignia Cartoons Insignia Cartoons And Comics,2016,1,eng,"gb,ia",,UNKNOWN,source-unavailable
9789998085015,9789998085015,Ethnic Heritage and Cultural Pluralism in the U.S.A,S.M. Tomasi,1973,1,,"gb,ia",,UNKNOWN,source-unavailable
9783515094214,9783515094214,Autorität und Ohnmacht,Markus Buchele,2009,1,ger,"gb,ia",,UNKNOWN,source-unavailable
9780805014204,9780805014204,I'm a Little Mouse,David A. Carter,1991,2,eng,"gb,ia",ia:public,GREEN,public-surrogate
9781888443394,9781888443394,I'm a Little Mouse,David A. Carter,1991,2,eng,"gb,ia",,UNKNOWN,source-unavailable
9781521293003,9781521293003,Bouncepreneurs,Michael Timothy Allen,2017,1,eng,"gb,ia",,UNKNOWN,source-unavailable
9789958430640,9789958430640,Priče Gustava Flauberta,Kemal Mahmutefendić,2003,1,bos,"gb,ia",,UNKNOWN,source-unavailable
9781537159638,9781537159638,Fazail E Hajj : Virtues of Hajj,Shykhul Hadeeth Maulana Mohammed Zakariyya Kandhalwi (RA),2016,1,,"gb,ia",,UNKNOWN,source-unavailable
9780809122721,9780809122721,Our Family Scripture,Jean M. Hiesbergr,1980,1,,"gb,ia",,UNKNOWN,source-unavailable
9781879356207,9781879356207,Loading the Black Powder Rifle Cartridge,Paul A. Matthews,1993,1,eng,"gb,ia",,UNKNOWN,source-unavailable
9781504046459,9781504046459,Summary and Analysis of the Unwinding : an Inner History of the New America,Worth Books,2017,1,eng,"gb,ia",,UNKNOWN,source-unavailable
9780072193657,9780072193657,CCNA,"Louis R. Rossi, Lou Rossi, Ron Anthony",2001,3,eng,"gb,ia",ia:public;ia:lending,GREEN,public-surrogate
9781698247977,9781698247977,Maze Puzzle Funny,Games Mind Blowing,2019,2,eng,"gb,ia",,UNKNOWN,source-unavailable
9781698246765,9781698246765,Maze Puzzle Funny,Games Mind Blowing,2019,2,eng,"gb,ia",,UNKNOWN,source-unavailable
9781893362130,9781893362130,The Man in the Red Truck/Indiscretions of an Older Woman,G. J. Foy,1999,1,,"gb,ia",ia:public;ia:public,GREEN,public-surrogate
9781840184426,9781840184426,Scotland's Golf Courses,Vic Robbie,1997,2,eng,"gb,ia",ia:public,GREEN,public-surrogate
9781851589456,9781851589456,Scotland's Golf Courses,Vic Robbie,1997,2,eng,"gb,ia",,UNKNOWN,source-unavailable
9788586469640,9788586469640,Bolsa ou a Vida,,2002,1,por,"gb,ia",,UNKNOWN,source-unavailable
9781496956637,9781496956637,Mord in der Frankfurter Oper,Pamela Cramer,2014,1,ger,"gb,ia",,UNKNOWN,source-unavailable
9781717022202,9781717022202,Whispers of Passion,J. Albines,2018,1,eng,"gb,ia",,UNKNOWN,source-unavailable
9783527819232,9783527819232,Surface Modification of Polymers,Damien Thiry,2019,5,eng,"gb,ia",,UNKNOWN,source-unavailable
9783527819225,9783527819225,Surface Modification of Polymers,Damien Thiry,2019,5,eng,"gb,ia",,UNKNOWN,source-unavailable
9783527345410,9783527345410,Surface Modification of Polymers,Damien Thiry,2019,5,eng,"gb,ia",,UNKNOWN,source-unavailable
9783527819218,9783527819218,Surface Modification of Polymers,Damien Thiry,2019,5,eng,"gb,ia",,UNKNOWN,source-unavailable
9783527819249,9783527819249,Surface Modification of Polymers,Damien Thiry,2019,5,eng,"gb,ia",,UNKNOWN,source-unavailable
9789636951344,9789636951344,Márkus,Magda B. Fábri,2003,1,hun,"gb,ia",,UNKNOWN,source-unavailable
9781897799130,9781897799130,Evolution of metamorphic belts,"J. S. Daly, R. A. Cliff",1994,1,eng,"gb,ia",,UNKNOWN,source-unavailable
9780964743113,9780964743113,Coming Home Auburn,Bruce C. Dupree,1997,1,eng,"gb,ia",,UNKNOWN,source-unavailable
9780888863959,9780888863959,Seniority and employment equity for women,Louise Dulude,1995,1,eng,"gb,ia",ia:public;ia:public,GREEN,public-surrogate
9780421130005,9780421130005,A guide to insurance claims in Nigeria,J. Ola Orojo,1969,1,eng,"gb,ia",,UNKNOWN,source-unavailable
9781772860504,9781772860504,Cholesterol,Alexandra Leduc,2017,1,eng,"gb,ia",ia:public;ia:public,GREEN,public-surrogate
9781723143083,9781723143083,Down Mexico Way,Drew McGunn,2018,1,,"gb,ia",ia:public,GREEN,public-surrogate
9781450959599,9781450959599,Demeter and Persephone : A Myth from Ancient Greece,Joanna Korba,2007,1,eng,"gb,ia",,UNKNOWN,source-unavailable
9783345001697,9783345001697,Das Nikolaiviertel am Marx-Engels-Forum,Günter Stahn,1985,2,ger,"gb,ia",,UNKNOWN,source-unavailable
9781884412103,9781884412103,"Medemt Emergency Medical Training (CD-ROM for Windows, Institution Version, 50 Users)",J. Stalcup,1997,1,,"gb,ia",,UNKNOWN,source-unavailable
9789579784016,9789579784016,Zong men dao yan,Pingshi Xiao,1999,1,chi,"gb,ia",,UNKNOWN,source-unavailable
9782954010250,9782954010250,Patrimoines de Mayotte,Thierry Mesas,2015,1,fre,"gb,ia",,UNKNOWN,source-unavailable
9782214050460,9782214050460,Concerto pour viole d'amour,Raphael Tassotti,1982,1,fre,"gb,ia",,UNKNOWN,source-unavailable
9780736856072,9780736856072,Prairie Dogs and Their Burrows,Martha E. Rustad,2000,1,eng,"gb,ia",,UNKNOWN,source-unavailable
9782738486394,9782738486394,HYPNOTHERAPIE DIGESTIVE - Soleil au ventre,Jean-Louis Roy,2000,1,fre,"gb,ia",,UNKNOWN,source-unavailable
9781592791194,9781592791194,Passion Model,Megan Hart,2003,3,eng,"gb,ia",,UNKNOWN,source-unavailable
9781592798957,9781592798957,Passion Model,Megan Hart,2003,3,eng,"gb,ia",ia:public;ia:lending,GREEN,public-surrogate
9781609280864,9781609280864,Passion Model,Megan Hart,2003,3,eng,"gb,ia",ia:public,GREEN,public-surrogate
9789996907111,9789996907111,أحلام القرصان الحائر,,1996,1,ara,"gb,ia",,UNKNOWN,source-unavailable
9781630476762,9781630476762,Health On Demand,Dr. Ramesh Subramani,2016,2,,"gb,ia",ia:lending,GREEN,public-surrogate
9781630476786,9781630476786,Health On Demand,Dr. Ramesh Subramani,2016,2,,"gb,ia",ia:public;ia:public;ia:public;ia:lending,GREEN,public-surrogate
9781539029939,9781539029939,Performance Wellness Manual,Louise Montello,2016,1,eng,"gb,ia",,UNKNOWN,source-unavailable
9781976715075,9781976715075,Gardyloo,Lance Woodall,2017,1,eng,"gb,ia",,UNKNOWN,source-unavailable
9780340704684,9780340704684,King Versus Parliament in Stuart Times,"Roger Turvey, Carol Turvey",1998,1,,"gb,ia",,UNKNOWN,source-unavailable
9784750317274,9784750317274,Takokuseki jipangu no shuyakutachi,Kyōdō Tsūshinsha. Henshū Iinshitsu,2003,1,jpn,"gb,ia",,UNKNOWN,source-unavailable
9780515040432,9780515040432,Other Me,Nick Carter,2000,1,,"gb,ia",,UNKNOWN,source-unavailable
9782246401513,9782246401513,La romanesque,Georges Michel Sarotte,1988,1,fre,"gb,ia",ia:public;ia:public,GREEN,public-surrogate
9781868427161,9781868427161,Verwoed,"Henry Kenney, David Welsh",2019,1,eng,"gb,ia",,UNKNOWN,source-unavailable
9781795540247,9781795540247,Travel Like a Local - Map of Svendborg,Maxwell Fox,2019,1,eng,"gb,ia",,UNKNOWN,source-unavailable
9788490230855,9788490230855,Don Bosco : una vida para sus muchachos,"Enzo Bianco (italiano), Alberto García-Verdugo Fernández-Sanguilo",2013,1,,"gb,ia",,UNKNOWN,source-unavailable
9781844489671,9781844489671,500 Quilt Blocks O/P,L. Goldsworthy,2013,1,eng,"gb,ia",ia:public,GREEN,public-surrogate
9781498221856,9781498221856,I Am Put Here for the Defense of the Gospel : Dr. Norman L. Geisler,"Terry L. Miethe, Ravi Zacharias",2016,3,eng,"gb,ia",,UNKNOWN,source-unavailable
9781498221870,9781498221870,I Am Put Here for the Defense of the Gospel : Dr. Norman L. Geisler,"Terry L. Miethe, Ravi Zacharias",2016,3,eng,"gb,ia",,UNKNOWN,source-unavailable
9781498221863,9781498221863,I Am Put Here for the Defense of the Gospel : Dr. Norman L. Geisler,"Terry L. Miethe, Ravi Zacharias",2016,3,eng,"gb,ia",,UNKNOWN,source-unavailable
9782130440260,9782130440260,Le Travail,Pierre Bouvier,1991,2,fre,"gb,ia",ia:public;ia:public;ia:lending,GREEN,public-surrogate
9780635070210,9780635070210,Mystery at Fort Thunderbolt,Carole Marsh,2007,1,eng,"gb,ia",,UNKNOWN,source-unavailable
9780118843904,9780118843904,Geology of the Country Around Aberdeen (Memoirs for Scotland),British Geological Survey,1986,1,,"gb,ia",ia:public;ia:public;ia:lending,GREEN,public-surrogate
9781410757142,9781410757142,Return to Tybee,Annette Bergman,2003,1,eng,"gb,ia",ia:public;ia:public,GREEN,public-surrogate
9781937513054,9781937513054,Fresh Designs Sweaters,,2012,1,,"gb,ia",,UNKNOWN,source-unavailable
9781859575048,9781859575048,The Application of Textiles in Rubber,D. B. Wootton,2001,1,eng,"gb,ia",,UNKNOWN,source-unavailable
9784873765389,9784873765389,Satsuei kantoku Miyagawa Kazuo no sekai,Kinema Junpōsha,2000,1,jpn,"gb,ia",,UNKNOWN,source-unavailable
9789750815829,9789750815829,Gencler Icin Gilgamis Destani,Bilgin Adali,2009,1,,"gb,ia",ia:public;ia:public,GREEN,public-surrogate
9781793404732,9781793404732,Grenadière Suivi de le Message,Honoré de Balzac,2019,1,fre,"gb,ia",,UNKNOWN,source-unavailable
9789075375046,9789075375046,TEFAF Basel 96,Messe Basel,1996,1,eng,"gb,ia",,UNKNOWN,source-unavailable
9781499109825,9781499109825,Black White Butterfly Journal,Drenda Howatt,2014,1,eng,"gb,ia",,UNKNOWN,source-unavailable
9788418330704,9788418330704,UNA NUEVA CONCEPCION DEL TIEMPO DE TRABAJO EN LA ERA DIGITAL,DULCE MARIA CAIROS BARRETO,1900,1,,"gb,ia",,UNKNOWN,source-unavailable
9786169244714,9786169244714,Destination,Pramuan Burusphat,2017,1,eng,"gb,ia",,UNKNOWN,source-unavailable
9781908164308,9781908164308,Adopt Me! Chihuahua,Olivia Cosneau,2014,1,eng,"gb,ia",,UNKNOWN,source-unavailable
9781980629160,9781980629160,Piramide,"Ana Vazquez Parra, Alejandro Vazquéz Parra",2018,1,spa,"gb,ia",,UNKNOWN,source-unavailable
9783258079820,9783258079820,Do-it-yourself Wettervorhersage,Urs Neu,2016,1,,"gb,ia",,UNKNOWN,source-unavailable
9780982330166,9780982330166,A companion to the Summa,Walter Farrell,1938,14,eng,"gb,ia",ia:public,GREEN,public-surrogate
9780870611216,9780870611216,A companion to the Summa,Walter Farrell,1938,14,eng,"gb,ia",,UNKNOWN,source-unavailable
9780870611179,9780870611179,A companion to the Summa,Walter Farrell,1938,14,eng,"gb,ia",ia:lending,GREEN,public-surrogate
9780756741549,9780756741549,Security Failures At Los Alamos National Laboratory,John Warner,2000,1,eng,"gb,ia",,UNKNOWN,source-unavailable
9782226130655,9782226130655,Tragiques Destins,Philippe Vuillemin,2002,1,,"gb,ia",,UNKNOWN,source-unavailable
9780585213231,9780585213231,Playful Revolution,Eugene Van Erven,1992,2,eng,"gb,ia",,UNKNOWN,source-unavailable
9780253112880,9780253112880,Playful Revolution,Eugene Van Erven,1992,2,eng,"gb,ia",,UNKNOWN,source-unavailable
9780022967093,9780022967093,Macmillan Mcgraw Hill Spotlight on Music Grade 1 Teacher's Edition,"Judy Bond, Rene Boyer, Margaret Campbelle-Holman",2011,1,,"gb,ia",ia:public;ia:public;ia:public;ia:lending,GREEN,public-surrogate
9780409891409,9780409891409,Residential Sales,F. Kelly,1990,1,,"gb,ia",ia:public;ia:public;ia:lending,GREEN,public-surrogate
9780745147673,9780745147673,A handful of dreams,Vicki Page,1996,2,eng,"gb,ia",ia:public;ia:lending,GREEN,public-surrogate
9780745147680,9780745147680,A handful of dreams,Vicki Page,1996,2,eng,"gb,ia",ia:lending,GREEN,public-surrogate
9781720711605,9781720711605,"Notebook : Cute Cats : Journal Dot-Grid, Grid, Lined, Blank No Lined : Book",Hannah Green,2018,1,eng,"gb,ia",,UNKNOWN,source-unavailable
9780132261715,9780132261715,Bio,,2005,1,,"gb,ia",,UNKNOWN,source-unavailable
9789940360825,9789940360825,Sizifova sreća,Ivan Lovrenović,2018,1,bos,"gb,ia",,UNKNOWN,source-unavailable
9781385512227,9781385512227,"Works of Christina Queen of Sweden. Containing Maxims and Sentences, in Twelve Centuries; and Reflections on the Life and Actions of Alexander the Great. Now First Translated from the Original French",Queen Of Sweden Kristina,2018,1,eng,"gb,ia",,UNKNOWN,source-unavailable
9782067139015,9782067139015,GUIDE VERT CHATEAU DE LA LOIRE 2009,Michelin,2009,1,,"gb,ia",ia:public;ia:lending,GREEN,public-surrogate
9781568524436,9781568524436,Hardtack and coffee,,2001,1,eng,"gb,ia",ia:lending,GREEN,public-surrogate
9787500448280,9787500448280,Zhongguo xian dai wen xue lun ji =,,2004,1,chi,"gb,ia",,UNKNOWN,source-unavailable
9781616638511,9781616638511,Close Encounters With My Lord Conversations With God,Nancy Lee Hurley,2010,1,,"gb,ia",,UNKNOWN,source-unavailable
9781561794591,9781561794591,Focus on the Family presents great stories remembered,Joe L. Wheeler,1996,1,eng,"gb,ia",ia:public;ia:public;ia:lending,GREEN,public-surrogate
9780160658341,9780160658341,Review of national dairy policy,United States,2001,1,eng,"gb,ia",,UNKNOWN,source-unavailable
9780341766322,9780341766322,Records of the Gupta Dynasty,Anonymous,2018,1,,"gb,ia",,UNKNOWN,source-unavailable
9783799162661,9783799162661,Architekturführer Bayern,Thomas Schabel,1985,1,ger,"gb,ia",,UNKNOWN,source-unavailable
9780893971519,9780893971519,Countering educational design,Ted Nunan,1983,1,eng,"gb,ia",ia:lending,GREEN,public-surrogate
9782723601467,9782723601467,Gros plan,Idé Oumarou,1977,1,fre,"gb,ia",,UNKNOWN,source-unavailable
9781375042215,9781375042215,Edmund Fitzaubrey,Cambriensis,2017,1,,"gb,ia",,UNKNOWN,source-unavailable
9781461111931,9781461111931,Omaha In The Time Of Saints,Bruce Woodhull,2011,1,,"gb,ia",ia:public;ia:public,GREEN,public-surrogate
9781442674578,9781442674578,Erasmus,Cornelis Augustijn,1991,3,ger,"gb,ia",,UNKNOWN,source-unavailable
9789004104969,9789004104969,Erasmus,Cornelis Augustijn,1991,3,ger,"gb,ia",ia:public,GREEN,public-surrogate
9780802058645,9780802058645,Erasmus,Cornelis Augustijn,1991,3,ger,"gb,ia",ia:public;ia:public;ia:lending,GREEN,public-surrogate
9781476501215,9781476501215,Motorcycle racing,Lori Polydoros,2014,1,eng,"gb,ia",ia:public;ia:public;ia:lending,GREEN,public-surrogate
9782711620920,9782711620920,Six Discours Sur la Distinction et l'union du Corps et de l'ame. Discours Physique de la Parole,"Gerauld de Cordemoy, Kim Sang Ong-Van-Cung",2016,1,fre,"gb,ia",,UNKNOWN,source-unavailable
9789777650151,9789777650151,البستان والراديو وبعض الكتب,ʻAbduh Jubayr,2015,1,ara,"gb,ia",,UNKNOWN,source-unavailable
9780822561910,9780822561910,Dino-Hockey,Lisa Wheeler,2007,2,eng,"gb,ia",ia:public;ia:public;ia:public;ia:public;ia:lending;ia:lending,GREEN,public-surrogate
9781580136228,9781580136228,Dino-Hockey,Lisa Wheeler,2007,2,eng,"gb,ia",,UNKNOWN,source-unavailable
9788885007642,9788885007642,Miscellanea archaeologica Tobias Dohrn dedicata,Tobias Dohrn,1982,1,ita,"gb,ia",,UNKNOWN,source-unavailable
9781586850593,9781586850593,Massachusetts,Mary Stockwell,2004,1,eng,"gb,ia",ia:public;ia:lending,GREEN,public-surrogate
9780893754952,9780893754952,Our Mysterious World,"Arneson, DJ, Tallarico, Tony",1981,1,eng,"gb,ia",,UNKNOWN,source-unavailable
9781377758107,9781377758107,Philological Studies,Josiah W. Gibbs,2018,2,eng,"gb,ia",,UNKNOWN,source-unavailable
9780371878545,9780371878545,Philological Studies,Josiah W. Gibbs,2018,2,eng,"gb,ia",,UNKNOWN,source-unavailable
9783888270260,9783888270260,Organisierte Kolonialbewegung in der Bismarck-Ära,Elfi Bendikat,1984,2,ger,"gb,ia",,UNKNOWN,source-unavailable
9780230337329,9780230337329,Expats and the labor force,George Naufal,2013,1,eng,"gb,ia",ia:lending,GREEN,public-surrogate
9783656095965,9783656095965,Bernhard Von Clairvaux und Die Relecture der Regula Benedicti,Stephan Baier,2012,1,eng,"gb,ia",,UNKNOWN,source-unavailable
9788496730533,9788496730533,Tragados por el abismo,Pedro Porcel,2010,1,spa,"gb,ia",,UNKNOWN,source-unavailable
9781723851346,9781723851346,Improved Equivalent Linearization Implementations Using Nonlinear Stiffness Evaluation,,2018,1,eng,"gb,ia",,UNKNOWN,source-unavailable
9781724584663,9781724584663,Way Back in The 1960s,Stephen Wylder,2018,1,eng,"gb,ia",,UNKNOWN,source-unavailable
9780470046623,9780470046623,The Wiley Concise Guides to Mental Health,"Brian, L.C.S.W. Quinn",2007,1,eng,"gb,ia",ia:public;ia:lending,GREEN,public-surrogate
9783110884814,9783110884814,Einführung in das Programmieren in ASSEMBLER,Gerhard Niemeyer,1973,10,ger,"gb,ia",,UNKNOWN,source-unavailable
9783112326831,9783112326831,Einführung in das Programmieren in ASSEMBLER,Gerhard Niemeyer,1973,10,ger,"gb,ia",,UNKNOWN,source-unavailable
9783111587486,9783111587486,Einführung in das Programmieren in ASSEMBLER,Gerhard Niemeyer,1973,10,ger,"gb,ia",,UNKNOWN,source-unavailable
9783112326848,9783112326848,Einführung in das Programmieren in ASSEMBLER,Gerhard Niemeyer,1973,10,ger,"gb,ia",,UNKNOWN,source-unavailable
9783112305874,9783112305874,Einführung in das Programmieren in ASSEMBLER,Gerhard Niemeyer,1973,10,ger,"gb,ia",,UNKNOWN,source-unavailable
9783110371628,9783110371628,Einführung in das Programmieren in ASSEMBLER,Gerhard Niemeyer,1973,10,ger,"gb,ia",,UNKNOWN,source-unavailable
9783110070927,9783110070927,Einführung in das Programmieren in ASSEMBLER,Gerhard Niemeyer,1973,10,ger,"gb,ia",,UNKNOWN,source-unavailable
9783112317051,9783112317051,Einführung in das Programmieren in ASSEMBLER,Gerhard Niemeyer,1973,10,ger,"gb,ia",,UNKNOWN,source-unavailable
9783110087581,9783110087581,Einführung in das Programmieren in ASSEMBLER,Gerhard Niemeyer,1973,10,ger,"gb,ia",,UNKNOWN,source-unavailable
9783111346168,9783111346168,Einführung in das Programmieren in ASSEMBLER,Gerhard Niemeyer,1973,10,ger,"gb,ia",,UNKNOWN,source-unavailable
9781882528028,9781882528028,Manuel Díaz Rodríguez,Marianna Merritt Matteson,1993,1,eng,"gb,ia",ia:public;ia:public;ia:public;ia:lending,GREEN,public-surrogate
9781011118489,9781011118489,"The Works Of The English Poets, From Chaucer To Cowper",Samuel Johnson,2019,1,,"gb,ia",ia:public;ia:public,GREEN,public-surrogate
9789171050601,9789171050601,Methyl mercury in lakes,Olof Regnell,1995,1,eng,"gb,ia",,UNKNOWN,source-unavailable
9789517468091,9789517468091,Itkuvirren kolme elämää,Anna-Liisa Tenhunen,2006,1,fin,"gb,ia",,UNKNOWN,source-unavailable
9788096847532,9788096847532,Čierny Balog,Peter Kováčik,2003,1,slo,"gb,ia",,UNKNOWN,source-unavailable
9786155814501,9786155814501,Kányádi Sándor,Györgyi Pécsi,2003,2,hun,"gb,ia",,UNKNOWN,source-unavailable
9788071495666,9788071495666,Kányádi Sándor,Györgyi Pécsi,2003,2,hun,"gb,ia",,UNKNOWN,source-unavailable
9781848879621,9781848879621,Tolstoy,A. N. Wilson,2012,1,eng,"gb,ia",,UNKNOWN,source-unavailable
9788877793294,9788877793294,Luoghi del Seicento genovese,"Liliana Pittarello, Gianni Baget Bozzo",1992,1,ita,"gb,ia",,UNKNOWN,source-unavailable
9788970636924,9788970636924,"Sarang hae, nun",Kyŏng-mi Ku,2011,1,kor,"gb,ia",,UNKNOWN,source-unavailable
9781491212219,9781491212219,Haunted Lubbock,Darrell Maloney,2013,1,eng,"gb,ia",,UNKNOWN,source-unavailable
9788494294914,9788494294914,Contes del món,"perez adela, cuentos recogidos por las escuelas waldorf, oliver pau",2014,2,,"gb,ia",,UNKNOWN,source-unavailable
9781549985287,9781549985287,ABC,Donna Situ,2017,1,eng,"gb,ia",,UNKNOWN,source-unavailable
9780406998873,9780406998873,Legal Decisions Affecting Bankers,"Reeday, Smart",1988,1,,"gb,ia",,UNKNOWN,source-unavailable
9789994393442,9789994393442,African Americans Voices of Triumph,,1994,1,,"gb,ia",,UNKNOWN,source-unavailable
9783515045155,9783515045155,Einführung in das Studium der mittelalterlichen Geschichte,Heinz Quirin,1964,3,ger,"gb,ia",,UNKNOWN,source-unavailable
9783515058674,9783515058674,Einführung in das Studium der mittelalterlichen Geschichte,Heinz Quirin,1964,3,ger,"gb,ia",,UNKNOWN,source-unavailable
9780080420172,9780080420172,Application of artificial intelligence in process control,L. Boullart,1992,3,eng,"gb,ia",ia:public;ia:lending;ia:public,GREEN,public-surrogate
9780080912639,9780080912639,Application of artificial intelligence in process control,L. Boullart,1992,3,eng,"gb,ia",,UNKNOWN,source-unavailable
9781322284156,9781322284156,Application of artificial intelligence in process control,L. Boullart,1992,3,eng,"gb,ia",,UNKNOWN,source-unavailable
9780080420165,9780080420165,Application of artificial intelligence in process control,L. Boullart,1992,3,eng,"gb,ia",ia:lending,GREEN,public-surrogate
9788996642992,9788996642992,Pak So-yŏng,So-yŏng Pak,2012,1,kor,"gb,ia",,UNKNOWN,source-unavailable
9780951401002,9780951401002,Image and enactment in childhood,,1988,1,eng,"gb,ia",,UNKNOWN,source-unavailable
9781540676313,9781540676313,Entführt - Bis in Die Dunkelste Nacht,Mila Olsen,2016,1,ger,"gb,ia",,UNKNOWN,source-unavailable
9781522989165,9781522989165,Goodnight Doll,Angelique du Toit,2016,1,eng,"gb,ia",,UNKNOWN,source-unavailable
9781533483386,9781533483386,Pangalax,S. Koz,2015,1,,"gb,ia",ia:public;ia:public,GREEN,public-surrogate
9781699145067,9781699145067,Alles Gute Zum 16. Geburtstag,Kreative Gästebücher,2019,1,ger,"gb,ia",,UNKNOWN,source-unavailable
9781723820564,9781723820564,Combined Loads Test Fixture for Thermal-Structural Testing Aerospace Vehicle Panel Concepts,,2018,1,eng,"gb,ia",,UNKNOWN,source-unavailable
9781455621811,9781455621811,Jeb Scarecrow's Pumpkin Patch,Jana Dillon,1992,3,eng,"gb,ia",ia:public;ia:lending,GREEN,public-surrogate
9780395745144,9780395745144,Jeb Scarecrow's Pumpkin Patch,Jana Dillon,1992,3,eng,"gb,ia",ia:public;ia:public;ia:public;ia:lending,GREEN,public-surrogate
9781455621828,9781455621828,Jeb Scarecrow's Pumpkin Patch,Jana Dillon,1992,3,eng,"gb,ia",ia:lending,GREEN,public-surrogate
9780606077354,9780606077354,Jeb Scarecrow's Pumpkin Patch,Jana Dillon,1992,3,eng,"gb,ia",ia:public,GREEN,public-surrogate
9789401771832,9789401771832,Origins of Biogeography,Malte Christian Ebach,2015,4,eng,"gb,ia",,UNKNOWN,source-unavailable
9789401799980,9789401799980,Origins of Biogeography,Malte Christian Ebach,2015,4,eng,"gb,ia",,UNKNOWN,source-unavailable
9789401779913,9789401779913,Origins of Biogeography,Malte Christian Ebach,2015,4,eng,"gb,ia",,UNKNOWN,source-unavailable
9789401799997,9789401799997,Origins of Biogeography,Malte Christian Ebach,2015,4,eng,"gb,ia",,UNKNOWN,source-unavailable
9789774620171,9789774620171,ʻUyūn al-ḥaqāʼiq,Dāwud Ibn Mākhillā,2008,1,ara,"gb,ia",,UNKNOWN,source-unavailable
9781412041997,9781412041997,Madame Dragonfly,"Cici Brown, Chelsea Witnauer",2005,1,eng,"gb,ia",,UNKNOWN,source-unavailable
9788498944365,9788498944365,BURUZKO KALKULUA 6 SANTILLANA KOADERNOAK,,2013,1,,"gb,ia",,UNKNOWN,source-unavailable
9787500853473,9787500853473,Yue liang bei mian,Gang Wang,2013,1,chi,"gb,ia",,UNKNOWN,source-unavailable
9781842369746,9781842369746,100 Facts On Prehistoric Life,Jeremy Smith,2008,1,,"gb,ia",ia:lending;ia:public;ia:public;ia:public;ia:public;ia:public;ia:public;ia:public,GREEN,public-surrogate
9780844732725,9780844732725,Japan's public policy companies,Chalmers A. Johnson,1978,1,eng,"gb,ia",ia:public;ia:public;ia:lending,GREEN,public-surrogate
9783789024733,9783789024733,Betriebswirtschaftliche Beiträge zur öffentlichen Finanzwirtschaft...,Karl (Prof. Dr.). Oettle,1991,1,ger,"gb,ia",,UNKNOWN,source-unavailable
9781517783327,9781517783327,Discipleship - Pathway to Leadership,John Woolston,2015,1,,"gb,ia",,UNKNOWN,source-unavailable
9783428176212,9783428176212,Amerikanisches Armenwesen,Emil Münsterberg,2016,1,ger,"gb,ia",,UNKNOWN,source-unavailable
9780446976596,9780446976596,Heraclitean fire,Erwin Chargaff,1978,3,ger,"gb,ia",ia:public;ia:public;ia:lending,GREEN,public-surrogate
9783129016114,9783129016114,Heraclitean fire,Erwin Chargaff,1978,3,ger,"gb,ia",,UNKNOWN,source-unavailable
9780874700299,9780874700299,Heraclitean fire,Erwin Chargaff,1978,3,ger,"gb,ia",,UNKNOWN,source-unavailable
9781579630409,9781579630409,Designing nonqualified plans,David M. Sugar,1997,1,eng,"gb,ia",,UNKNOWN,source-unavailable
9786079346980,9786079346980,Una soltera entre casadas,Casandra Gally González,2016,1,spa,"gb,ia",ia:public;ia:public;ia:public;ia:public;ia:lending,GREEN,public-surrogate
9781903073261,9781903073261,Norwich City Official Yearbook,Not Stated,2004,1,,"gb,ia",ia:public;ia:public,GREEN,public-surrogate
9781859597460,9781859597460,Standby Cpd : Drowning,PILBERY,2012,1,eng,"gb,ia",,UNKNOWN,source-unavailable
9788840208558,9788840208558,Il grande dizionario dei formaggi,Fernanda Gosetti,1989,1,ita,"gb,ia",,UNKNOWN,source-unavailable
9780951291603,9780951291603,The wreck of the Metta Catharina,Geoff Garbett,1987,1,eng,"gb,ia",,UNKNOWN,source-unavailable
9789811312076,9789811312076,Advances in Analytics and Applications,Arnab Kumar Laha,2018,1,,"gb,ia",,UNKNOWN,source-unavailable
9788862734295,9788862734295,Colloqui tra le nuvole,Aldo Bertozzi,2012,1,ita,"gb,ia",,UNKNOWN,source-unavailable
9783540067870,9783540067870,Technische Chemie,Erich Fitzer,1975,1,ger,"gb,ia",,UNKNOWN,source-unavailable
9780387067872,9780387067872,Technische Chemie,Erich Fitzer,1975,1,ger,"gb,ia",,UNKNOWN,source-unavailable
9781108075022,9781108075022,Genuine Works of William Hogarth,"Nichols, John, George Steevens",2014,3,eng,"gb,ia",,UNKNOWN,source-unavailable
9781108075015,9781108075015,Genuine Works of William Hogarth,"Nichols, John, George Steevens",2014,3,eng,"gb,ia",,UNKNOWN,source-unavailable
9781108073387,9781108073387,Genuine Works of William Hogarth,"Nichols, John, George Steevens",2014,3,eng,"gb,ia",,UNKNOWN,source-unavailable
9780413777447,9780413777447,Europe Restructured?,David Owen,2012,1,,"gb,ia",,UNKNOWN,source-unavailable
9780343146597,9780343146597,"Ulster Biographies, Relating Chiefly to the Rebellion Of 1798",William Thomas Latimer,2018,2,eng,"gb,ia",,UNKNOWN,source-unavailable
9780343146603,9780343146603,"Ulster Biographies, Relating Chiefly to the Rebellion Of 1798",William Thomas Latimer,2018,2,eng,"gb,ia",,UNKNOWN,source-unavailable
9781615902187,9781615902187,"Earth day (tune, clap your hands together)",Jean R. Feldman,2010,1,eng,"gb,ia",,UNKNOWN,source-unavailable
9781594857201,9781594857201,Snow Travel Skills For Climbing Hiking And Moving Across Snow,Mike Zawaski,2013,1,,"gb,ia",,UNKNOWN,source-unavailable
9780876294543,9780876294543,Means repair & remodeling estimating methods,Edward B. Wetherill,1997,1,eng,"gb,ia",ia:public;ia:lending,GREEN,public-surrogate
9789290921226,9789290921226,"Proceedings of the European Space Power Conference, Florence, Italy, 2-6 September 1991","European Space Power Conference (1991 Florence, Italy)",1991,1,eng,"gb,ia",,UNKNOWN,source-unavailable
9781932479287,9781932479287,Borderline Personality Disorder,The Infinite Mind,1999,1,,"gb,ia",,UNKNOWN,source-unavailable
9780571107131,9780571107131,The living soil and The Haughley experiment,"Balfour, Evelyn Barbara Lady",1975,2,eng,"gb,ia",,UNKNOWN,source-unavailable
9780876632697,9780876632697,The living soil and The Haughley experiment,"Balfour, Evelyn Barbara Lady",1975,2,eng,"gb,ia",ia:public;ia:lending,GREEN,public-surrogate
9780863040535,9780863040535,Adventures in Afghanistan,Louis Palmer,1990,2,eng,"gb,ia",,UNKNOWN,source-unavailable
9780863040573,9780863040573,Adventures in Afghanistan,Louis Palmer,1990,2,eng,"gb,ia",ia:lending,GREEN,public-surrogate
9789078217060,9789078217060,Bubbles,"Marius van Nieuwkerk, Cherelt Kroeze",2007,1,eng,"gb,ia",,UNKNOWN,source-unavailable
9789042911635,9789042911635,Encountering God in the abyss,Constant Dölle,2002,1,eng,"gb,ia",,UNKNOWN,source-unavailable
9780112709480,9780112709480,The Business Benefits of Competence-based Management Development,Department for Education & Employment,1996,1,,"gb,ia",,UNKNOWN,source-unavailable
9781873429044,9781873429044,In the Kitchens of Castile,Gijs van Hensbergen,2003,1,eng,"gb,ia",,UNKNOWN,source-unavailable
9781788004237,9781788004237,Meekoo and the Big Red Potty,Nicola Slater,2019,1,eng,"gb,ia",ia:public;ia:public;ia:public,GREEN,public-surrogate
9780946815524,9780946815524,Putting students first,Liz McDowell,1991,1,eng,"gb,ia",,UNKNOWN,source-unavailable
9788976263070,9788976263070,Han'guk hyŏndae munhak isaek kang'ŭi,Chong-jin Chŏng,1998,1,kor,"gb,ia",,UNKNOWN,source-unavailable
9780486480541,9780486480541,Mental Gymnastics,Dick Hess,2011,1,eng,"gb,ia",ia:public;ia:lending,GREEN,public-surrogate
9781545549735,9781545549735,Zero and More Stories,"Gustavo Levy, Patrick Garner",2017,1,eng,"gb,ia",,UNKNOWN,source-unavailable
9789642314645,9789642314645,دلتنگ نفس های صبح,"جاوید موسوی,سید حمید",2017,1,per,"gb,ia",,UNKNOWN,source-unavailable
9781859585078,9781859585078,The Harem,,1998,1,,"gb,ia",ia:lending,GREEN,public-surrogate
9789879125175,9789879125175,Delirium teatro,Vicente Zito Lema,1999,1,spa,"gb,ia",,UNKNOWN,source-unavailable
9784341083441,9784341083441,Nihonjin no hinsei,Kazuo Shimada,2007,1,jpn,"gb,ia",,UNKNOWN,source-unavailable
9781469940021,9781469940021,Moonflower,E. D. C. Johnson,2013,1,eng,"gb,ia",ia:public;ia:public;ia:public;ia:lending,GREEN,public-surrogate
9781725973831,9781725973831,Draw and Write Journal for Kids,Amy Norah,2018,8,eng,"gb,ia",,UNKNOWN,source-unavailable
9781725977419,9781725977419,Draw and Write Journal for Kids,Amy Norah,2018,8,eng,"gb,ia",,UNKNOWN,source-unavailable
9781725805873,9781725805873,Draw and Write Journal for Kids,Amy Norah,2018,8,eng,"gb,ia",,UNKNOWN,source-unavailable
9781726121736,9781726121736,Draw and Write Journal for Kids,Amy Norah,2018,8,eng,"gb,ia",,UNKNOWN,source-unavailable
9781720850526,9781720850526,Draw and Write Journal for Kids,Amy Norah,2018,8,eng,"gb,ia",,UNKNOWN,source-unavailable
9781725974289,9781725974289,Draw and Write Journal for Kids,Amy Norah,2018,8,eng,"gb,ia",,UNKNOWN,source-unavailable
9781725802117,9781725802117,Draw and Write Journal for Kids,Amy Norah,2018,8,eng,"gb,ia",,UNKNOWN,source-unavailable
9781725977679,9781725977679,Draw and Write Journal for Kids,Amy Norah,2018,8,eng,"gb,ia",,UNKNOWN,source-unavailable
9781403723444,9781403723444,Disney Jumbo Sticker Book,Dalmatian Press,2006,1,eng,"gb,ia",,UNKNOWN,source-unavailable
9788804626206,9788804626206,Le affinità alchemiche,Gaia Coltorti,2013,1,ita,"gb,ia",,UNKNOWN,source-unavailable
9781299979673,9781299979673,Future of Policing,Jennifer M. Brown,2013,5,eng,"gb,ia",,UNKNOWN,source-unavailable
9780415821629,9780415821629,Future of Policing,Jennifer M. Brown,2013,5,eng,"gb,ia",,UNKNOWN,source-unavailable
9780415711845,9780415711845,Future of Policing,Jennifer M. Brown,2013,5,eng,"gb,ia",,UNKNOWN,source-unavailable
9781136758843,9781136758843,Future of Policing,Jennifer M. Brown,2013,5,eng,"gb,ia",,UNKNOWN,source-unavailable
9781136758911,9781136758911,Future of Policing,Jennifer M. Brown,2013,5,eng,"gb,ia",,UNKNOWN,source-unavailable
9789998832862,9789998832862,Michigan Quarterly Review Fall 1987 Issue Contemporary American Fiction,Nicholas Delbanco,1987,1,,"gb,ia",,UNKNOWN,source-unavailable
9781717332691,9781717332691,A Beginner's Psychology : Psychology,Edward Bradford Titchener,2018,1,,"gb,ia",,UNKNOWN,source-unavailable
9786054771745,9786054771745,Celladin Gozyaslari,Tayfun Bektas,2013,1,,"gb,ia",,UNKNOWN,source-unavailable
9788431501372,9788431501372,"Arboles frutales, los",,1990,1,,"gb,ia",ia:lending;ia:public,GREEN,public-surrogate
9781645707080,9781645707080,Toby's Best Wall : Machine Learning for Kids,Rocket Baby Club,2019,1,eng,"gb,ia",,UNKNOWN,source-unavailable
9781864470840,9781864470840,Orchids,John Mason - undifferentiated,2001,1,,"gb,ia",,UNKNOWN,source-unavailable
9789350739433,9789350739433,Ẓilaʻ Sītāpūr kī adabī va shiʻrī k̲h̲idmāt,Rābiʻah Baṣrī,2016,1,urd,"gb,ia",,UNKNOWN,source-unavailable
9783938032510,9783938032510,Maintaining peace and interstate stability in archaic and classical Greece,Maintaining Peace and Interstate Stability in the Greek World (Symposium) (2009 Harvard University),2012,1,eng,"gb,ia",,UNKNOWN,source-unavailable
9785901003084,9785901003084,I︠A︡dernye konflikty v XXI veke,A. A. Kokoshin,2004,1,rus,"gb,ia",,UNKNOWN,source-unavailable
9780876289174,9780876289174,Ready-to-use violence prevention skills lessons & activities for secondary students,Ruth Weltmann Begun,1998,1,eng,"gb,ia",ia:public;ia:public;ia:public;ia:lending,GREEN,public-surrogate
9780739765616,9780739765616,Employment & Business Opportunities With Major Us & International Corporation With Business and Investment Projects in Russia & Nis (World Information Business Catalog),USA International Business Publications,2003,1,eng,"gb,ia",,UNKNOWN,source-unavailable
9780708308622,9780708308622,French literature and the philosophy of consciousness,"Alexander, Ian W.",1984,1,eng,"gb,ia",ia:public,GREEN,public-surrogate
9780850365825,9780850365825,The Spark in the Engine,Ursula Huws,2007,1,,"gb,ia",ia:public;ia:lending,GREEN,public-surrogate
9781594900686,9781594900686,Moondance 2006 Calendar,,2005,1,eng,"gb,ia",,UNKNOWN,source-unavailable
9780785992455,9780785992455,Lengua Española Escolar (Diccionario VOX),Espasa Staff,2000,1,,"gb,ia",,UNKNOWN,source-unavailable
9783401052373,9783401052373,LeseMax. Unzertrennlich dicke Freunde. Geschichten vom Liebhaben. ( Ab 7 J.).,"Achim Bröger, Jan Jutte",2001,1,,"gb,ia",,UNKNOWN,source-unavailable
9781948726009,9781948726009,Occupational Therapy Toolkit,Cheryl A. Hall,2018,1,eng,"gb,ia",ia:public;ia:public,GREEN,public-surrogate
9780859673334,9780859673334,"The Admirable life of Saint Wenefride, 1635",Robert Prior of Shrewsbury,1976,1,eng,"gb,ia",ia:public;ia:public,GREEN,public-surrogate
9785815913943,9785815913943,Dnevnik 1917-1919,"Budberg, Alekseĭ baron",2016,1,rus,"gb,ia",,UNKNOWN,source-unavailable
9781979686297,9781979686297,Miniature Shar Pei Training Guide Miniature Shar Pei Training Book Features,Carl Russell,2017,1,eng,"gb,ia",,UNKNOWN,source-unavailable
9781577330813,9781577330813,Women I Can't Forget,Winnie Vaughan Williams,2001,2,eng,"gb,ia",ia:lending,GREEN,public-surrogate
9781577330974,9781577330974,Women I Can't Forget,Winnie Vaughan Williams,2001,2,eng,"gb,ia",ia:public;ia:public;ia:public;ia:lending,GREEN,public-surrogate
9780665600524,9780665600524,Laurier!,,1985,1,eng,"gb,ia",,UNKNOWN,source-unavailable
9781702721875,9781702721875,"Adult Coloring Book - Cities 1 - Houses, Home Room Interior Designs, Buildings, Landscapes and Great Architecture from Towns, Cities and Countries Around the World",Abigail & Jacob,2019,1,eng,"gb,ia",,UNKNOWN,source-unavailable
9789038600161,9789038600161,Multi-component injection moulding,Wilhelmus Frederikus Zoetelief,1995,1,eng,"gb,ia",,UNKNOWN,source-unavailable
9781855321304,9781855321304,Afrikakorps 1941-43,Gordon Williamson,1991,1,eng,"gb,ia",ia:public;ia:public,GREEN,public-surrogate
9789603854821,9789603854821,Synkritikē didaskalia tōn klasikōn glōssōn,Kōstas Iōannidēs,2007,1,gre,"gb,ia",,UNKNOWN,source-unavailable
9789062582129,9789062582129,Divine households,B. J. J. Haring,1997,1,eng,"gb,ia",,UNKNOWN,source-unavailable
9781280551970,9781280551970,The Encouraging the Heart Workbook,"James M. Kouzes, Barry Z. Posner",2010,2,eng,"gb,ia",,UNKNOWN,source-unavailable
9780470876831,9780470876831,The Encouraging the Heart Workbook,"James M. Kouzes, Barry Z. Posner",2010,2,eng,"gb,ia",,UNKNOWN,source-unavailable
9780789484420,9780789484420,Energy Boosters Handbook,Sarah Brewer,2002,1,eng,"gb,ia",ia:public,GREEN,public-surrogate
9791164450619,9791164450619,Taet'ongnyŏng No Mu-hyŏn ŭi 1-yŏn-5-yŏn,Moo Hyun Roh,2019,1,kor,"gb,ia",,UNKNOWN,source-unavailable
9791164450596,9791164450596,Taet'ongnyŏng No Mu-hyŏn ŭi 1-yŏn-5-yŏn,Moo Hyun Roh,2019,1,kor,"gb,ia",,UNKNOWN,source-unavailable
9791164450633,9791164450633,Taet'ongnyŏng No Mu-hyŏn ŭi 1-yŏn-5-yŏn,Moo Hyun Roh,2019,1,kor,"gb,ia",,UNKNOWN,source-unavailable
9791164450626,9791164450626,Taet'ongnyŏng No Mu-hyŏn ŭi 1-yŏn-5-yŏn,Moo Hyun Roh,2019,1,kor,"gb,ia",,UNKNOWN,source-unavailable
9791164450602,9791164450602,Taet'ongnyŏng No Mu-hyŏn ŭi 1-yŏn-5-yŏn,Moo Hyun Roh,2019,1,kor,"gb,ia",,UNKNOWN,source-unavailable
9781492806493,9781492806493,Love Letters from Paul,Frederick Smith,2013,1,eng,"gb,ia",,UNKNOWN,source-unavailable
9781388636920,9781388636920,Summary of 12 Rules for Life by Jordan B. Peterson,Bookhabits,2018,1,eng,"gb,ia",,UNKNOWN,source-unavailable
9789957249571,9789957249571,al-Takāmul al-iqtiṣādī al-ʻArabī,ʻAbd al-Karīm Jābir Shinjār ʻĪsāwī,2015,1,ara,"gb,ia",,UNKNOWN,source-unavailable
9781731488138,9781731488138,Progressive Marketing Plan for a Mobile Meditation Truck,Nat Chiaffarano MBA,2018,1,eng,"gb,ia",,UNKNOWN,source-unavailable
9781535536134,9781535536134,Vicky's Coloring Book,Amy Smith,2016,1,eng,"gb,ia",,UNKNOWN,source-unavailable
9781795182973,9781795182973,T. D. Ttb-141 - Expansion of the Sta. Rita Hills Viticultural Area (Us Alcohol and Tobacco Tax and Trade Bureau Regulation) (Ttb) (2018 Edition),The Law Library,2019,1,eng,"gb,ia",,UNKNOWN,source-unavailable
9789899944572,9789899944572,Osamu Kanemura,Osamu Kanemura,2016,2,eng,"gb,ia",,UNKNOWN,source-unavailable
9783981688597,9783981688597,Osamu Kanemura,Osamu Kanemura,2016,2,eng,"gb,ia",,UNKNOWN,source-unavailable
9780547840628,9780547840628,The view from penthouse b,Elinor Lipman,2013,5,eng,"gb,ia",,UNKNOWN,source-unavailable
9780547576213,9780547576213,The view from penthouse b,Elinor Lipman,2013,5,eng,"gb,ia",ia:public;ia:public;ia:public,GREEN,public-surrogate
9780544228078,9780544228078,The view from penthouse b,Elinor Lipman,2013,5,eng,"gb,ia",ia:public;ia:public,GREEN,public-surrogate
9781624064654,9781624064654,The view from penthouse b,Elinor Lipman,2013,5,eng,"gb,ia",,UNKNOWN,source-unavailable
9781624064692,9781624064692,The view from penthouse b,Elinor Lipman,2013,5,eng,"gb,ia",,UNKNOWN,source-unavailable
9785923308501,9785923308501,Blokadniki,"Khelʹvi Nikolaevna Lattu, L. A. Samoĭlova, L. I︠A︡ Vorotynt︠s︡eva, T. E. Obrikova",2011,1,rus,"gb,ia",,UNKNOWN,source-unavailable
9780835714389,9780835714389,The early French parody noël,Adrienne Fried Block,1983,1,eng,"gb,ia",ia:public;ia:public,GREEN,public-surrogate
9780835714372,9780835714372,The early French parody noël,Adrienne Fried Block,1983,1,eng,"gb,ia",ia:public,GREEN,public-surrogate
9780835711234,9780835711234,The early French parody noël,Adrienne Fried Block,1983,1,eng,"gb,ia",ia:public;ia:public,GREEN,public-surrogate
9781624020841,9781624020841,Pirates on the high seas,Rochelle Baltzer,2015,1,eng,"gb,ia",ia:public;ia:public;ia:lending,GREEN,public-surrogate
9789931957256,9789931957256,"Umar Abu Hafs al-Zammuri, 1913-1990",Bilqasim Ayat Hammu,2019,1,ara,"gb,ia",,UNKNOWN,source-unavailable
9781904040026,9781904040026,Thirty pieces of silver,Stuart France,2001,1,eng,"gb,ia",,UNKNOWN,source-unavailable
9780776617459,9780776617459,Worlds of Wonder,"Jean-François Leroux, Camille La Bossière",2004,1,eng,"gb,ia",,UNKNOWN,source-unavailable
9782204089890,9782204089890,Que nous est-il permis d'espérer?,Ghislain Lafont,2009,1,fre,"gb,ia",,UNKNOWN,source-unavailable
9788386122349,9788386122349,Jędrzej Moraczewski,Janusz Gołota,2002,1,pol,"gb,ia",,UNKNOWN,source-unavailable
9781796413410,9781796413410,Instant Pot Cookbook : Instant Pot Electric Pressure Cooker Cookbook 2019 : Healthy and Easy to Cook Instant Pot Recipes for Beginners,Jimmy Houck,2019,1,eng,"gb,ia",,UNKNOWN,source-unavailable
9781021917867,9781021917867,"Greek White Book, Diplomatic Documents, 1913-1917",Greece Hypourgeion Ton Exoterikon,2018,2,eng,"gb,ia",,UNKNOWN,source-unavailable
9781376621921,9781376621921,"Greek White Book, Diplomatic Documents, 1913-1917",Greece Hypourgeion Ton Exoterikon,2018,2,eng,"gb,ia",,UNKNOWN,source-unavailable
9788450573725,9788450573725,Arte Naga,Jean Paul Barbier,1997,1,spa,"gb,ia",,UNKNOWN,source-unavailable
9788865250570,9788865250570,Miniera di note,Luca Dinelli,2013,1,ita,"gb,ia",,UNKNOWN,source-unavailable
9780871543813,9780871543813,America's children,Donald J. Hernandez,1993,1,eng,"gb,ia",ia:lending;ia:public;ia:public,GREEN,public-surrogate
9783319908311,9783319908311,Earthquake Analysis and Design of Industrial Structures and Infra-structures,"Indrajit Chowdhury, Shambhu P. Dasgupta",2018,2,,"gb,ia",,UNKNOWN,source-unavailable
9783030081102,9783030081102,Earthquake Analysis and Design of Industrial Structures and Infra-structures,"Indrajit Chowdhury, Shambhu P. Dasgupta",2018,2,,"gb,ia",,UNKNOWN,source-unavailable
9781417664085,9781417664085,Tour de France Companion,,2004,1,eng,"gb,ia",,UNKNOWN,source-unavailable
9783638729628,9783638729628,1618-1648,Daniel Fischer,2007,1,ger,"gb,ia",,UNKNOWN,source-unavailable
9780793567041,9780793567041,Scott Joplin's Ragtime Classics,Scott Joplin,1984,1,eng,"gb,ia",ia:public,GREEN,public-surrogate
9781785868054,9781785868054,Marvel's Avengers Infinity War,Titan,2018,1,,"gb,ia",ia:public;ia:public;ia:public,GREEN,public-surrogate
9780782443004,9780782443004,God Bless You Bookmark,,2002,1,eng,"gb,ia",,UNKNOWN,source-unavailable
9781408670477,9781408670477,In gold and silver.,George H. Ellwanger,1892,2,eng,"gb,ia",,UNKNOWN,source-unavailable
9781071165089,9781071165089,JetLagJournals * Reisetagebuch Jamaika,JetLagJournals Reisetagebücher,2019,1,ger,"gb,ia",,UNKNOWN,source-unavailable
9784872940534,9784872940534,名誉の戦死,Hisayoshi Sakai,2006,1,jpn,"gb,ia",,UNKNOWN,source-unavailable
9780403005291,9780403005291,More contemporary Americans,Percy Holmes Boynton,1927,3,eng,"gb,ia",ia:public;ia:lending,GREEN,public-surrogate
9783110854053,9783110854053,Systematische Theologie I und II,Paul Tillich,2017,1,ger,"gb,ia",,UNKNOWN,source-unavailable
9781072695400,9781072695400,Bajo la Sombra de Los Imperios,"Pablo J. Hernandez Gonzalez, Pablo L. Crespo Vargas, Pablo Alejandro Puello Diaz",2019,1,spa,"gb,ia",,UNKNOWN,source-unavailable
9781889322421,9781889322421,Parenting to build character in your teen,"Josephson, Michael S.",2001,1,eng,"gb,ia",ia:lending,GREEN,public-surrogate
9780801019029,9780801019029,"TLV Thinline Bible, Holy Scriptures, paperback",Baker Books,2016,1,,"gb,ia",ia:public;ia:public;ia:lending,GREEN,public-surrogate
9783656591191,9783656591191,Empathie in der Psychotherapie. Neuronale Grundlagen und Implikationen Für Die Praxis,Katja Margelisch,2014,1,eng,"gb,ia",,UNKNOWN,source-unavailable
9783407557346,9783407557346,Die Anonymen Alkoholiker,"Steffen-Luis Neuendorff, Jürgen Schiel",1989,1,ger,"gb,ia",,UNKNOWN,source-unavailable
9787223015189,9787223015189,bod kyi chos lugs grub mtha' khag gi byung ba brjod pa gzr gnas mkhas pa'i dongs rgyan,1936 phun tshogs tshe ring/  shar yul phun tshogs tshe ring,2003,1,tib,"gb,ia",,UNKNOWN,source-unavailable
9780857830982,9780857830982,La Dolce Diet,Gino D'Acampo,2012,1,eng,"gb,ia",ia:public;ia:public;ia:public;ia:public;ia:lending,GREEN,public-surrogate
9781516525256,9781516525256,Highway Capacity Analysis,William M Sampson,2017,1,,"gb,ia",,UNKNOWN,source-unavailable
9780773498006,9780773498006,C.I. Lewis and the social theory of conceptualistic pragmatism,E. Paul Colella,1992,1,eng,"gb,ia",,UNKNOWN,source-unavailable
9780517613306,9780517613306,Flavor of Spain,,1986,1,eng,"gb,ia",,UNKNOWN,source-unavailable
9785853410800,9785853410800,"""Per aspera--""",,2000,1,rus,"gb,ia",,UNKNOWN,source-unavailable
9789462391741,9789462391741,Ergodic Theory of Expanding Thurston Maps,Zhiqiang Li,2016,2,eng,"gb,ia",,UNKNOWN,source-unavailable
9789462391734,9789462391734,Ergodic Theory of Expanding Thurston Maps,Zhiqiang Li,2016,2,eng,"gb,ia",,UNKNOWN,source-unavailable
9789861582672,9789861582672,Xun qi you shu,Huaiyu Lin,2006,1,chi,"gb,ia",,UNKNOWN,source-unavailable
9788171008001,9788171008001,Federalism and centre-state relations in India,"Tiwari, O. P. Dr.",1996,1,eng,"gb,ia",,UNKNOWN,source-unavailable
9780343420703,9780343420703,Autobiography of a Canary Bird,Anson D F Randolph,2018,2,eng,"gb,ia",,UNKNOWN,source-unavailable
9780353473126,9780353473126,Autobiography of a Canary Bird,Anson D F Randolph,2018,2,eng,"gb,ia",,UNKNOWN,source-unavailable
9783110182088,9783110182088,Die antike Historiographie und die Anf©Þnge der christlichen Geschichtsschreibung,Eve-Marie Becker,2005,1,ger,"gb,ia",,UNKNOWN,source-unavailable
9780948766404,9780948766404,Ideologies and International Relations,Allan Grieve,1996,1,,"gb,ia",ia:public,GREEN,public-surrogate
9781781164143,9781781164143,Games,Ted Kosmatka,2012,1,,"gb,ia",ia:public;ia:lending,GREEN,public-surrogate
9781727555608,9781727555608,Viajes Astrales y Sueños Lúcidos,Kensho,2018,1,spa,"gb,ia",,UNKNOWN,source-unavailable
9780117012585,9780117012585,Code of local government audit practice for England and Wales,Great Britain. Audit Commission for Local Authorities in England and Wales.,1983,2,eng,"gb,ia",,UNKNOWN,source-unavailable
9781494983505,9781494983505,Ostrich - Curious Kids Press,Curious Press,2014,1,eng,"gb,ia",,UNKNOWN,source-unavailable
9781120750143,9781120750143,S John Chrysostom on the Priesthood,John Chrysostom,2009,1,,"gb,ia",ia:public,GREEN,public-surrogate
9782211051880,9782211051880,J'aime (pas) ma p'tite soeur,Claire Laroussinie,1999,1,fre,"gb,ia",ia:public;ia:public;ia:public;ia:lending,GREEN,public-surrogate
9780309027311,9780309027311,Materials and process specifications and standards,National Research Council (US),1977,1,eng,"gb,ia",,UNKNOWN,source-unavailable
9780662245018,9780662245018,"Dissolved oxygen requirements for fish of the Peace, Athabasca and Slave River Basins",M. A. Giles,1996,1,eng,"gb,ia",,UNKNOWN,source-unavailable
9788415619994,9788415619994,KUKU AND MWEWE,Marta Munté Vidal,2013,1,eng,"gb,ia",,UNKNOWN,source-unavailable
9781670915825,9781670915825,Sudoku Genius Mind Exercises Volume 1,Toluca Lake C. State of Mind Collection,2019,1,eng,"gb,ia",,UNKNOWN,source-unavailable
9781546394488,9781546394488,Perspective,"Tiana Edwards, Sasha Goldberg, Gwyneth Rosenbaum-Olins, Katherine Wickersham",2017,1,eng,"gb,ia",,UNKNOWN,source-unavailable
9781490532530,9781490532530,Lost Romans,Mircea Rasvan Davidescu,2013,1,,"gb,ia",ia:public;ia:public;ia:public,GREEN,public-surrogate
9782923028033,9782923028033,"""Ne jamais abandonner--!"" Louis Garneau",Henri Marineau,2006,1,fre,"gb,ia",ia:public;ia:public;ia:public;ia:public;ia:lending,GREEN,public-surrogate
9780810864924,9780810864924,Historical dictionary of Bulgaria,Raymond Detrez,2006,5,eng,"gb,ia",,UNKNOWN,source-unavailable
9781442241800,9781442241800,Historical dictionary of Bulgaria,Raymond Detrez,2006,5,eng,"gb,ia",,UNKNOWN,source-unavailable
9781322576770,9781322576770,Historical dictionary of Bulgaria,Raymond Detrez,2006,5,eng,"gb,ia",,UNKNOWN,source-unavailable
9780810849013,9780810849013,Historical dictionary of Bulgaria,Raymond Detrez,2006,5,eng,"gb,ia",ia:public,GREEN,public-surrogate
9781442241794,9781442241794,Historical dictionary of Bulgaria,Raymond Detrez,2006,5,eng,"gb,ia",,UNKNOWN,source-unavailable
9780618736645,9780618736645,Mcdougal Littell Geometry,MCDOUGAL LITTEL,2006,1,,"gb,ia",ia:public,GREEN,public-surrogate
9780960237210,9780960237210,Unlocking the Mystery of How the Mind Creates Time,Defoggi,1979,1,eng,"gb,ia",,UNKNOWN,source-unavailable
9780952115106,9780952115106,Sheffield's yesterdays,J. P. Turley,1993,1,eng,"gb,ia",,UNKNOWN,source-unavailable
9781625846808,9781625846808,Man from Vermont,"Adam R. Boyce, Charles Ross Chamberlain",2013,1,eng,"gb,ia",,UNKNOWN,source-unavailable
9781708648763,9781708648763,Unseen Beauty - Urie Makes a Friend,Tammy Vreeland,2019,1,eng,"gb,ia",,UNKNOWN,source-unavailable
9780520082021,9780520082021,The fail-safe society,Charles Piller,1991,4,eng,"gb,ia",,UNKNOWN,source-unavailable
9780465022748,9780465022748,The fail-safe society,Charles Piller,1991,4,eng,"gb,ia",ia:lending,GREEN,public-surrogate
9780642143983,9780642143983,Victims of violence,Peter N. Grabosky,1989,1,eng,"gb,ia",ia:public;ia:public;ia:public;ia:lending,GREEN,public-surrogate
9781516859849,9781516859849,Class 11 Student Manual,Shia Madressa,2015,1,eng,"gb,ia",,UNKNOWN,source-unavailable
9780763532413,9780763532413,Sfp 1 Hippo Pot & Hippo Tot (Supersonics),Joanne Reay,1996,1,eng,"gb,ia",ia:public;ia:public;ia:lending,GREEN,public-surrogate
9788432131899,9788432131899,Manual de formación ética del voluntariado,Alfonso López Quintas,1998,1,spa,"gb,ia",,UNKNOWN,source-unavailable
9780665526886,9780665526886,Circulaire au clergé du diocèse de Montréal,Joseph-Alfred Archambeault,1986,1,fre,"gb,ia",ia:public,GREEN,public-surrogate
9789173442138,9789173442138,Börja med barnen!,Svenska kommunförbundet.,1979,1,swe,"gb,ia",,UNKNOWN,source-unavailable
9788487847752,9788487847752,Castelao e Sempre en Galiza,Manuel Rei Romeu,1996,2,glg,"gb,ia",,UNKNOWN,source-unavailable
9780521660006,9780521660006,"The Quantum Theory of Fields, Vol. 3",Steven Weinberg,2000,1,eng,"gb,ia",ia:public;ia:lending;ia:lending,GREEN,public-surrogate
9781576074015,9781576074015,World cultural leaders of the twentieth century,Jennifer L. Durham,2000,3,eng,"gb,ia",,UNKNOWN,source-unavailable
9781280720246,9781280720246,World cultural leaders of the twentieth century,Jennifer L. Durham,2000,3,eng,"gb,ia",,UNKNOWN,source-unavailable
9781576070383,9781576070383,World cultural leaders of the twentieth century,Jennifer L. Durham,2000,3,eng,"gb,ia",,UNKNOWN,source-unavailable
9781598168488,9781598168488,Costco Box--Lizzie McGuire,,2006,1,eng,"gb,ia",,UNKNOWN,source-unavailable
9780306703423,9780306703423,"Trends in relief expenditures, 1910-1935",Anne Elizabeth Geddes,1937,2,eng,"gb,ia",ia:public;ia:public;ia:public;ia:public;ia:public,GREEN,public-surrogate
9781720897163,9781720897163,You Can Do It,Dariusz Jedrysek,2018,1,eng,"gb,ia",,UNKNOWN,source-unavailable
9780812967821,9780812967821,Home to Big Stone Gap,Adriana Trigiani,2006,7,eng,"gb,ia",ia:public;ia:public;ia:public;ia:public;ia:lending;ia:lending,GREEN,public-surrogate
9780739326817,9780739326817,Home to Big Stone Gap,Adriana Trigiani,2006,7,eng,"gb,ia",ia:lending;ia:lending,GREEN,public-surrogate
9781400060085,9781400060085,Home to Big Stone Gap,Adriana Trigiani,2006,7,eng,"gb,ia",ia:public;ia:public;ia:public;ia:public;ia:public;ia:public;ia:public;ia:lending;ia:lending,GREEN,public-surrogate
9780739319444,9780739319444,Home to Big Stone Gap,Adriana Trigiani,2006,7,eng,"gb,ia",,UNKNOWN,source-unavailable
9781588365637,9781588365637,Home to Big Stone Gap,Adriana Trigiani,2006,7,eng,"gb,ia",,UNKNOWN,source-unavailable
9783060401819,9783060401819,Fundamente der Mathematik Einführungsphase - Niedersachsen - Schülerbuch,"Kathrin Andreae, Jan Block, Carola Buddensiek, Lothar Flade, Jan Füller, Alexander Heinz, Gerold Kiesslich, Markus Krysmalski, Hubert Langlotz, Renatus Lütticken, Arne Mentzendorff, Daniel Michael Meyer, Thorsten Niemann, Reinhard Oselies, Manfred Pruzina, Sabine Sand-Heidinger, Christian Wahle, Udo Wennekers, Ugur Yasar, Wilfried Zappe",2017,1,,"gb,ia",,UNKNOWN,source-unavailable
9788871667690,9788871667690,Ugo Ojetti critico d'arte,Giovanna De Lorenzi,2004,1,ita,"gb,ia",,UNKNOWN,source-unavailable
9789650512217,9789650512217,Bendah,Alma Fuchsbrauner,2003,1,eng,"gb,ia",,UNKNOWN,source-unavailable
9780201138184,9780201138184,Baby goat,Lois Krok,1977,1,eng,"gb,ia",,UNKNOWN,source-unavailable
9788898701179,9788898701179,Le epigrafi della Valle di Comino,Italy) Convegno epigrafico cominese (12th 2015 Atina,2016,1,ita,"gb,ia",,UNKNOWN,source-unavailable
9788820760649,9788820760649,Praticare la città,Massimo Bignardi,2013,1,ita,"gb,ia",,UNKNOWN,source-unavailable
9780974596181,9780974596181,The Collection (Hino Horror),Hideshi Hino,2004,1,eng,"gb,ia",,UNKNOWN,source-unavailable
9780910937474,9780910937474,Brother Rock,Edward S. Kerstein,1985,1,,"gb,ia",,UNKNOWN,source-unavailable
9781451681918,9781451681918,"As We Think, So We Are","James Allen, Ruth L. Miller",2012,1,eng,"gb,ia",,UNKNOWN,source-unavailable
9788202097738,9788202097738,Porten ved havet,Karl Erik Harr,1983,1,nor,"gb,ia",,UNKNOWN,source-unavailable
9781409066569,9781409066569,Mortal Mischief (kindle),Frank TALLIS,2009,1,eng,"gb,ia",,UNKNOWN,source-unavailable
9783716512869,9783716512869,"Im Herzen Algeriens. Das Jahrzehnt des Terrorismus, die Hintergründe.","Michael von Graffenried, Sid Ahmed. Hammouche",2002,1,,"gb,ia",,UNKNOWN,source-unavailable
9781538305690,9781538305690,How Do I Get to School?,Sadie Silva,2019,1,eng,"gb,ia",,UNKNOWN,source-unavailable
9781902852027,9781902852027,Foolish Fire,Guy Willard,2000,2,eng,"gb,ia",ia:lending,GREEN,public-surrogate
9781507834138,9781507834138,Foolish Fire,Guy Willard,2000,2,eng,"gb,ia",,UNKNOWN,source-unavailable
9781537567617,9781537567617,Third Date,Leah Holt,2016,1,eng,"gb,ia",,UNKNOWN,source-unavailable
9783865993656,9783865993656,Re-Orientierung,"Burcu Dogramaci, Marta Smolińska",2017,1,ger,"gb,ia",,UNKNOWN,source-unavailable
9783110456103,9783110456103,Europäisches Strafrecht,"Burkhard Jähnke, Edward Schramm",2017,3,ger,"gb,ia",,UNKNOWN,source-unavailable
9783110456080,9783110456080,Europäisches Strafrecht,"Burkhard Jähnke, Edward Schramm",2017,3,ger,"gb,ia",,UNKNOWN,source-unavailable
9783110456165,9783110456165,Europäisches Strafrecht,"Burkhard Jähnke, Edward Schramm",2017,3,ger,"gb,ia",,UNKNOWN,source-unavailable
9780333739204,9780333739204,The Public Management and Modernisation in Britain (Contemporary Political Studies),Robert Pyper,2005,2,eng,"gb,ia",ia:public;ia:lending,GREEN,public-surrogate
9780333739198,9780333739198,The Public Management and Modernisation in Britain (Contemporary Political Studies),Robert Pyper,2005,2,eng,"gb,ia",ia:lending,GREEN,public-surrogate
9788474170481,9788474170481,La reina estrangulada,Maurice Druon,1982,1,,"gb,ia",,UNKNOWN,source-unavailable
9781449900687,9781449900687,Book on Relationship Selling,Jonathan Bell,2011,1,eng,"gb,ia",,UNKNOWN,source-unavailable
9780771090646,9780771090646,War on ice,Scott Young,1976,3,eng,"gb,ia",ia:lending,GREEN,public-surrogate
9781986318341,9781986318341,Homeland Trivia Crossword Word Search and Sudoku Activity Puzzle Book,Tyler Ryan,2018,1,eng,"gb,ia",,UNKNOWN,source-unavailable
9781986019934,9781986019934,Sketchbook : Sport Balls,Hannah Green,2018,1,eng,"gb,ia",,UNKNOWN,source-unavailable
9781292306926,9781292306926,Wider World AmE 3 Teacher's Book with PEP Pack,Rod Fricker,2019,1,eng,"gb,ia",,UNKNOWN,source-unavailable
9781404899889,9781404899889,The truth about ogres,"Eric Braun, Shawna Tenney, Shawna J. C. Tenney",2011,5,eng,"gb,ia",,UNKNOWN,source-unavailable
9781663971951,9781663971951,The truth about ogres,"Eric Braun, Shawna Tenney, Shawna J. C. Tenney",2011,5,eng,"gb,ia",,UNKNOWN,source-unavailable
9781404861596,9781404861596,The truth about ogres,"Eric Braun, Shawna Tenney, Shawna J. C. Tenney",2011,5,eng,"gb,ia",ia:public;ia:public;ia:lending,GREEN,public-surrogate
9781479529872,9781479529872,The truth about ogres,"Eric Braun, Shawna Tenney, Shawna J. C. Tenney",2011,5,eng,"gb,ia",,UNKNOWN,source-unavailable
9781666307580,9781666307580,The truth about ogres,"Eric Braun, Shawna Tenney, Shawna J. C. Tenney",2011,5,eng,"gb,ia",,UNKNOWN,source-unavailable
9780751329964,9780751329964,Dk.Com,,2000,1,,"gb,ia",,UNKNOWN,source-unavailable
9781458471512,9781458471512,Stalking the Red Headed Stranger,Randy Poe,2012,2,eng,"gb,ia",,UNKNOWN,source-unavailable
9781458471529,9781458471529,Stalking the Red Headed Stranger,Randy Poe,2012,2,eng,"gb,ia",,UNKNOWN,source-unavailable
9780497412319,9780497412319,"The 2007-2012 Outlook for Metal Combination Screen, Storm Sash, and Storm Doors in Greater China",Philip M. Parker,2006,1,eng,"gb,ia",,UNKNOWN,source-unavailable
9781571688996,9781571688996,"Preparing for Teacher Certification in English, Language Arts, and Reading, Grades 8-12",Jane S. Thielemann,2006,1,eng,"gb,ia",ia:public;ia:public;ia:lending,GREEN,public-surrogate
9780761668893,9780761668893,More Speech Sound - Card Deck 4,*,1995,1,,"gb,ia",,UNKNOWN,source-unavailable
9780613897945,9780613897945,It Takes Two,Leslie Budnick,2002,1,eng,"gb,ia",,UNKNOWN,source-unavailable
9789646082175,9789646082175,Tajaddud-i būmī va bāzʹandīshī-i tārīkh,Mohamad Tavakoli-Targhi,2003,3,per,"gb,ia",,UNKNOWN,source-unavailable
9789646082151,9789646082151,Tajaddud-i būmī va bāzʹandīshī-i tārīkh,Mohamad Tavakoli-Targhi,2003,3,per,"gb,ia",,UNKNOWN,source-unavailable
9781726305549,9781726305549,Mia Learns to Soar,Kailanya Brailey,2018,1,eng,"gb,ia",,UNKNOWN,source-unavailable
9789686145823,9789686145823,Representación en acciones de inconstitucionalidad contra leyes electorales,Mexico. Suprema Corte de Justicia,1997,1,spa,"gb,ia",,UNKNOWN,source-unavailable
9782919224067,9782919224067,Écrivains africains,Benaouda Lebdai,2015,1,fre,"gb,ia",,UNKNOWN,source-unavailable
9780552779371,9780552779371,Broken,Tamar Cohen,2015,2,eng,"gb,ia",ia:public;ia:public;ia:lending;ia:public;ia:public;ia:public;ia:public,GREEN,public-surrogate
9781444827408,9781444827408,Broken,Tamar Cohen,2015,2,eng,"gb,ia",ia:public;ia:lending;ia:public;ia:public,GREEN,public-surrogate
9783786722434,9783786722434,Klosterführer. Christliche Stätten der Besinnung im deutschsprachigen Raum.,,2000,1,ger,"gb,ia",,UNKNOWN,source-unavailable
9789698755072,9789698755072,Associations of social scientists,Inayatullah,2006,1,eng,"gb,ia",,UNKNOWN,source-unavailable
9788581929828,9788581929828,"Direito, água e floresta",Renata Rodrigues de Castro Rocha,2016,1,por,"gb,ia",,UNKNOWN,source-unavailable
9780312956684,9780312956684,Rulers of Darkness,Steven Spruill,1998,1,eng,"gb,ia",,UNKNOWN,source-unavailable
9780874831511,9780874831511,Steps we took,Mcq Joe,1990,1,eng,"gb,ia",ia:public;ia:public;ia:lending,GREEN,public-surrogate
9780804614474,9780804614474,The abolition of unemployment,Frank D. Graham,1932,3,eng,"gb,ia",,UNKNOWN,source-unavailable
9789789246458,9789789246458,Jesus in post-missionary Africa,Nicholas Ibeawuchi Mbogu,2012,1,eng,"gb,ia",,UNKNOWN,source-unavailable
9789789240623,9789789240623,Jesus in post-missionary Africa,Nicholas Ibeawuchi Mbogu,2012,1,eng,"gb,ia",,UNKNOWN,source-unavailable
9781783446711,9781783446711,Mega Quiz,"Barbara Mitchelhill, Tony Ross",2018,1,eng,"gb,ia",ia:public;ia:public;ia:public;ia:lending,GREEN,public-surrogate
9783842494220,9783842494220,"Die Geschichte Karls Xii , Königs Von Schweden","Voltaire, ois Marie Arouet de",2012,2,eng,"gb,ia",,UNKNOWN,source-unavailable
9783847268383,9783847268383,"Die Geschichte Karls Xii , Königs Von Schweden","Voltaire, ois Marie Arouet de",2012,2,eng,"gb,ia",,UNKNOWN,source-unavailable
9780590687263,9780590687263,Who needs a tree?,Dina McClellan,1998,1,eng,"gb,ia",ia:public;ia:lending,GREEN,public-surrogate
9781087846729,9781087846729,A Home for Harley,"Debbie Tremel, Mauro Lirussi",2019,1,,"gb,ia",,UNKNOWN,source-unavailable
9781401014049,9781401014049,Timewarp,Grace Baird,2001,1,eng,"gb,ia",,UNKNOWN,source-unavailable
9780110767932,9780110767932,London - Penzance Trunk Road A303 (Sparkford Bypass) (detrunking) Order 1987,Great Britain,1987,1,eng,"gb,ia",,UNKNOWN,source-unavailable
9781094752785,9781094752785,Gästebuch Zum 18. Von Lucia,S. K. Gästebücher,2019,1,ger,"gb,ia",,UNKNOWN,source-unavailable
9784088732015,9784088732015,テニスの王子様 11,Takeshi Konomi,2001,4,jpn,"gb,ia",ia:lending;ia:lending;ia:lending,GREEN,public-surrogate
9781415643259,9781415643259,テニスの王子様 11,Takeshi Konomi,2001,4,jpn,"gb,ia",,UNKNOWN,source-unavailable
9781421502014,9781421502014,テニスの王子様 11,Takeshi Konomi,2001,4,jpn,"gb,ia",,UNKNOWN,source-unavailable
9780876615249,9780876615249,The prepalatial cemeteries at Gournia and Mochlos and the house tombs of Bronze Age Crete,Jeffrey S. Soles,1992,1,eng,"gb,ia",,UNKNOWN,source-unavailable
9780373502189,9780373502189,Cold comfort,Sharron Cohen,1985,1,eng,"gb,ia",,UNKNOWN,source-unavailable
9780764351372,9780764351372,Mabel and the Queen of Dreams,"Henry Herz, Lisa Woods, Harrison Herz, Joshua Herz",2016,1,eng,"gb,ia",ia:public;ia:public;ia:public;ia:lending,GREEN,public-surrogate
9789872184421,9789872184421,Embarazo y maternidad en la adolescencia,Mónica Gogna,2005,1,spa,"gb,ia",,UNKNOWN,source-unavailable
9780907839446,9780907839446,Autobiography and letters of Mrs. Margaret Oliphant,Margaret Oliphant,1974,2,eng,"gb,ia",,UNKNOWN,source-unavailable
9780718550196,9780718550196,Autobiography and letters of Mrs. Margaret Oliphant,Margaret Oliphant,1974,2,eng,"gb,ia",ia:public;ia:lending,GREEN,public-surrogate
9783653043976,9783653043976,Ausspracheschwierigkeiten Arabischer Deutschlernender Aus Dem Irak und Didaktische Ueberlegungen Zum Ausspracheunterricht,,2014,1,ger,"gb,ia",,UNKNOWN,source-unavailable
9789971905897,9789971905897,Children in the news,,2001,1,eng,"gb,ia",,UNKNOWN,source-unavailable
9780837172859,9780837172859,Writing book reviews,John E. Drewry,1966,2,eng,"gb,ia",ia:public;ia:public;ia:public;ia:lending;ia:lending,GREEN,public-surrogate
9781424054992,9781424054992,Multivariable Calculus,James Stewart,2009,1,,"gb,ia",ia:public,GREEN,public-surrogate
9788822106872,9788822106872,Questioni di ritrattistica antoniniana,Elvira Flisi,1989,1,ita,"gb,ia",,UNKNOWN,source-unavailable
9780345424549,9780345424549,Thirdspace (Babylon 5),J. Michael Straczynski,1998,1,eng,"gb,ia",,UNKNOWN,source-unavailable
9781300160489,9781300160489,Christian Mysticism,Henry Epps,2012,1,eng,"gb,ia",,UNKNOWN,source-unavailable
9781445297606,9781445297606,It's not the Destination. .,Ryan Anglem,2010,1,eng,"gb,ia",,UNKNOWN,source-unavailable
9785894762128,9785894762128,Russia,,2006,1,rus,"gb,ia",,UNKNOWN,source-unavailable
9786051068312,9786051068312,Osmanli Imparatorlugu'nun Gerileyis ve Cokus Tarihi,Alan Warwick Palmer,2014,1,,"gb,ia",,UNKNOWN,source-unavailable
9786053209775,9786053209775,"Fiziksel Aktivitenin Yasam Kalitesi, Akademik Basari ve Sosyallesme Üzerine Etkisi",Mehmet Yildirim,2018,1,,"gb,ia",,UNKNOWN,source-unavailable
9781508738633,9781508738633,Mysteries and Suspense Short Stories Collection,Tamikio Reardon,2015,3,eng,"gb,ia",,UNKNOWN,source-unavailable
9781508954422,9781508954422,Mysteries and Suspense Short Stories Collection,Tamikio Reardon,2015,3,eng,"gb,ia",,UNKNOWN,source-unavailable
9781511563819,9781511563819,Mysteries and Suspense Short Stories Collection,Tamikio Reardon,2015,3,eng,"gb,ia",,UNKNOWN,source-unavailable
9788975988059,9788975988059,Sŏkhŏn Yu Ok,Chong-il O,2010,1,kor,"gb,ia",,UNKNOWN,source-unavailable
9780595311934,9780595311934,Secret of the Caves,Bernard J. Taylor,2004,1,eng,"gb,ia",,UNKNOWN,source-unavailable
9788936422448,9788936422448,Ŏnŭ nal kkum e,Min Chʻoe,2005,1,kor,"gb,ia",,UNKNOWN,source-unavailable
9780877226161,9780877226161,Color and consciousness,Charles Landesman,1989,1,eng,"gb,ia",ia:public;ia:lending,GREEN,public-surrogate
9789666330195,9789666330195,Administrativnai︠a︡ otvetstvennostʹ v sfere predprinimatelʹskikh otnosheniĭ,A. G. Zhukovskiĭ,2000,1,rus,"gb,ia",,UNKNOWN,source-unavailable
9780679739081,9780679739081,The Princeton Review Graduate Roadmap,JOHN KATZMAN,1992,1,eng,"gb,ia",,UNKNOWN,source-unavailable
9780224013314,9780224013314,Writings on theatre and drama,Friedrich Dürrenmatt,1976,1,eng,"gb,ia",ia:public;ia:public;ia:lending,GREEN,public-surrogate
9780391034792,9780391034792,Incarnation in Hinduism and Christianity,Daniel E. Bassuk,1978,4,eng,"gb,ia",ia:lending,GREEN,public-surrogate
9780333413586,9780333413586,Incarnation in Hinduism and Christianity,Daniel E. Bassuk,1978,4,eng,"gb,ia",,UNKNOWN,source-unavailable
9780391034525,9780391034525,Incarnation in Hinduism and Christianity,Daniel E. Bassuk,1978,4,eng,"gb,ia",ia:lending,GREEN,public-surrogate
9780821806524,9780821806524,Geometric topology,Georgia International Topology Conference (1993 University of Georgia),1997,1,eng,"gb,ia",ia:lending,GREEN,public-surrogate
9780821806531,9780821806531,Geometric topology,Georgia International Topology Conference (1993 University of Georgia),1997,1,eng,"gb,ia",ia:lending,GREEN,public-surrogate
9780821806548,9780821806548,Geometric topology,Georgia International Topology Conference (1993 University of Georgia),1997,1,eng,"gb,ia",ia:public;ia:public;ia:lending,GREEN,public-surrogate
9781320691642,9781320691642,Henny en John 40 Jaar Getrouwd,WitteBadeend,2015,1,eng,"gb,ia",,UNKNOWN,source-unavailable
9781574770360,9781574770360,Permeable Barriers for Groundwater Remediation,Arun R. Gavaskar,1998,2,eng,"gb,ia",,UNKNOWN,source-unavailable
9781543046274,9781543046274,Wet and Wild,Bella Snow,2017,1,eng,"gb,ia",,UNKNOWN,source-unavailable
9781845057350,9781845057350,Hester's story,Adèle Geras,2005,1,eng,"gb,ia",ia:public;ia:public;ia:public;ia:public;ia:public;ia:lending;ia:lending,GREEN,public-surrogate
9788956743929,9788956743929,DSLR easy dipping (Korean edition),,2008,1,,"gb,ia",ia:public;ia:public;ia:lending,GREEN,public-surrogate
9780805945331,9780805945331,Three Strikes,Marion Jones,1999,1,eng,"gb,ia",,UNKNOWN,source-unavailable
9781434490858,9781434490858,Two Years Ago,Charles Kingsley,2007,5,eng,"gb,ia",,UNKNOWN,source-unavailable
9781434490865,9781434490865,Two Years Ago,Charles Kingsley,2007,5,eng,"gb,ia",,UNKNOWN,source-unavailable
9781411448155,9781411448155,Two Years Ago,Charles Kingsley,2007,5,eng,"gb,ia",,UNKNOWN,source-unavailable
9781434491794,9781434491794,Two Years Ago,Charles Kingsley,2007,5,eng,"gb,ia",,UNKNOWN,source-unavailable
9781434491800,9781434491800,Two Years Ago,Charles Kingsley,2007,5,eng,"gb,ia",,UNKNOWN,source-unavailable
9781979820660,9781979820660,Big Shot #94,Columbia Comics,2017,1,eng,"gb,ia",,UNKNOWN,source-unavailable
9780692365458,9780692365458,Realistic Retirement for Realistic People,"Randolph M. Martin, Michael T. Martin",2015,1,,"gb,ia",,UNKNOWN,source-unavailable
9788377997420,9788377997420,Petals on the Wind,V.C. Andrews,1980,61,ger,"gb,ia",ia:public;ia:lending,GREEN,public-surrogate
9789707802209,9789707802209,Petals on the Wind,V.C. Andrews,1980,61,ger,"gb,ia",,UNKNOWN,source-unavailable
9788484505778,9788484505778,Petals on the Wind,V.C. Andrews,1980,61,ger,"gb,ia",,UNKNOWN,source-unavailable
9780671682880,9780671682880,Petals on the Wind,V.C. Andrews,1980,61,ger,"gb,ia",,UNKNOWN,source-unavailable
9788370755225,9788370755225,Petals on the Wind,V.C. Andrews,1980,61,ger,"gb,ia",,UNKNOWN,source-unavailable
9781982144739,9781982144739,Petals on the Wind,V.C. Andrews,1980,61,ger,"gb,ia",,UNKNOWN,source-unavailable
9788401493225,9788401493225,Petals on the Wind,V.C. Andrews,1980,61,ger,"gb,ia",,UNKNOWN,source-unavailable
9780671436001,9780671436001,Petals on the Wind,V.C. Andrews,1980,61,ger,"gb,ia",,UNKNOWN,source-unavailable
9780788705786,9780788705786,Petals on the Wind,V.C. Andrews,1980,61,ger,"gb,ia",,UNKNOWN,source-unavailable
9780671829773,9780671829773,Petals on the Wind,V.C. Andrews,1980,61,ger,"gb,ia",,UNKNOWN,source-unavailable
9781476789569,9781476789569,Petals on the Wind,V.C. Andrews,1980,61,ger,"gb,ia",ia:public;ia:public;ia:public;ia:public;ia:public;ia:public;ia:lending,GREEN,public-surrogate
9788381691116,9788381691116,Petals on the Wind,V.C. Andrews,1980,61,ger,"gb,ia",,UNKNOWN,source-unavailable
9789688560334,9789688560334,Petals on the Wind,V.C. Andrews,1980,61,ger,"gb,ia",,UNKNOWN,source-unavailable
9780671683535,9780671683535,Petals on the Wind,V.C. Andrews,1980,61,ger,"gb,ia",,UNKNOWN,source-unavailable
9780743467087,9780743467087,Petals on the Wind,V.C. Andrews,1980,61,ger,"gb,ia",,UNKNOWN,source-unavailable
9780006161820,9780006161820,Petals on the Wind,V.C. Andrews,1980,61,ger,"gb,ia",ia:public;ia:public;ia:lending,GREEN,public-surrogate
9780671648138,9780671648138,Petals on the Wind,V.C. Andrews,1980,61,ger,"gb,ia",ia:public;ia:public,GREEN,public-surrogate
9788497596640,9788497596640,Petals on the Wind,V.C. Andrews,1980,61,ger,"gb,ia",ia:public;ia:public;ia:public;ia:lending,GREEN,public-surrogate
9785557086431,9785557086431,Petals on the Wind,V.C. Andrews,1980,61,ger,"gb,ia",,UNKNOWN,source-unavailable
9789994638222,9789994638222,Petals on the Wind,V.C. Andrews,1980,61,ger,"gb,ia",,UNKNOWN,source-unavailable
9781451636956,9781451636956,Petals on the Wind,V.C. Andrews,1980,61,ger,"gb,ia",,UNKNOWN,source-unavailable
9788447103447,9788447103447,Petals on the Wind,V.C. Andrews,1980,61,ger,"gb,ia",,UNKNOWN,source-unavailable
9781417739783,9781417739783,Petals on the Wind,V.C. Andrews,1980,61,ger,"gb,ia",ia:public;ia:public,GREEN,public-surrogate
9780736613613,9780736613613,Petals on the Wind,V.C. Andrews,1980,61,ger,"gb,ia",,UNKNOWN,source-unavailable
9780671411251,9780671411251,Petals on the Wind,V.C. Andrews,1980,61,ger,"gb,ia",,UNKNOWN,source-unavailable
9780671425081,9780671425081,Petals on the Wind,V.C. Andrews,1980,61,ger,"gb,ia",,UNKNOWN,source-unavailable
9782290112373,9782290112373,Petals on the Wind,V.C. Andrews,1980,61,ger,"gb,ia",ia:public;ia:public;ia:public,GREEN,public-surrogate
9780671606381,9780671606381,Petals on the Wind,V.C. Andrews,1980,61,ger,"gb,ia",ia:public,GREEN,public-surrogate
9780816134274,9780816134274,Petals on the Wind,V.C. Andrews,1980,61,ger,"gb,ia",,UNKNOWN,source-unavailable
9782277212379,9782277212379,Petals on the Wind,V.C. Andrews,1980,61,ger,"gb,ia",ia:public;ia:public,GREEN,public-surrogate
9781476789552,9781476789552,Petals on the Wind,V.C. Andrews,1980,61,ger,"gb,ia",,UNKNOWN,source-unavailable
9780007838677,9780007838677,Petals on the Wind,V.C. Andrews,1980,61,ger,"gb,ia",ia:public;ia:public;ia:lending,GREEN,public-surrogate
9788401321276,9788401321276,Petals on the Wind,V.C. Andrews,1980,61,ger,"gb,ia",ia:public;ia:lending,GREEN,public-surrogate
9788401497483,9788401497483,Petals on the Wind,V.C. Andrews,1980,61,ger,"gb,ia",,UNKNOWN,source-unavailable
9783442066186,9783442066186,Petals on the Wind,V.C. Andrews,1980,61,ger,"gb,ia",ia:public;ia:public;ia:lending,GREEN,public-surrogate
9780671101251,9780671101251,Petals on the Wind,V.C. Andrews,1980,61,ger,"gb,ia",,UNKNOWN,source-unavailable
9780671462994,9780671462994,Petals on the Wind,V.C. Andrews,1980,61,ger,"gb,ia",,UNKNOWN,source-unavailable
9782724231182,9782724231182,Petals on the Wind,V.C. Andrews,1980,61,ger,"gb,ia",ia:public;ia:public;ia:lending,GREEN,public-surrogate
9788401490439,9788401490439,Petals on the Wind,V.C. Andrews,1980,61,ger,"gb,ia",,UNKNOWN,source-unavailable
9781444827026,9781444827026,Petals on the Wind,V.C. Andrews,1980,61,ger,"gb,ia",ia:public;ia:public;ia:public;ia:lending,GREEN,public-surrogate
9780671729479,9780671729479,Petals on the Wind,V.C. Andrews,1980,61,ger,"gb,ia",ia:public;ia:public,GREEN,public-surrogate
9780861880638,9780861880638,Petals on the Wind,V.C. Andrews,1980,61,ger,"gb,ia",ia:public;ia:public;ia:public;ia:lending,GREEN,public-surrogate
9780671456696,9780671456696,Petals on the Wind,V.C. Andrews,1980,61,ger,"gb,ia",ia:public;ia:public;ia:public,GREEN,public-surrogate
9780007443154,9780007443154,Petals on the Wind,V.C. Andrews,1980,61,ger,"gb,ia",ia:lending,GREEN,public-surrogate
9783442552757,9783442552757,Petals on the Wind,V.C. Andrews,1980,61,ger,"gb,ia",,UNKNOWN,source-unavailable
9780708980842,9780708980842,Petals on the Wind,V.C. Andrews,1980,61,ger,"gb,ia",,UNKNOWN,source-unavailable
9781539405290,9781539405290,Burning Legends of Miami,Paula Maglie,2016,1,eng,"gb,ia",,UNKNOWN,source-unavailable
9783631551943,9783631551943,Der Industrieanlagenvertrag,Volker Steves,2007,1,ger,"gb,ia",,UNKNOWN,source-unavailable
9780906896372,9780906896372,Cardiology & respiratory medicine,,1990,1,eng,"gb,ia",ia:public;ia:public;ia:public;ia:lending,GREEN,public-surrogate
9780309268523,9780309268523,Transitions To Alternative Vehicles And Fuels,National Research,2013,1,,"gb,ia",ia:public;ia:public;ia:lending,GREEN,public-surrogate
9783407652034,9783407652034,Sekundarabschlüsse mit Hochschulreife im Bildungswesen der DDR,Gerlind Schmidt,1976,1,ger,"gb,ia",,UNKNOWN,source-unavailable
9789186033071,9789186033071,Stor-Petter,Nils Bäcklin,2009,1,swe,"gb,ia",,UNKNOWN,source-unavailable
9781320688444,9781320688444,IVF Journey,Claire Owen,2015,1,eng,"gb,ia",,UNKNOWN,source-unavailable
9781781067123,9781781067123,Viz Annual 2020 : the Trumpeter's Lips,"""Viz""",2019,1,eng,"gb,ia",ia:public;ia:public;ia:public,GREEN,public-surrogate
9780968364093,9780968364093,All Alone,Diane Brookes,1998,2,eng,"gb,ia",,UNKNOWN,source-unavailable
9780613876773,9780613876773,All Alone,Diane Brookes,1998,2,eng,"gb,ia",,UNKNOWN,source-unavailable
9784061491793,9784061491793,Soboku to muku no seishinshi,Peter Milward,1993,1,jpn,"gb,ia",,UNKNOWN,source-unavailable
9781406731552,9781406731552,A school economic history of England,Charlotte Mary Waters,1920,2,eng,"gb,ia",,UNKNOWN,source-unavailable
9782924614167,9782924614167,Longitudes et lassitudes,Nina Bouchard,2019,1,fre,"gb,ia",,UNKNOWN,source-unavailable
9781979823135,9781979823135,Big Shot #103,Columbia Comics,2017,1,eng,"gb,ia",,UNKNOWN,source-unavailable
9781469946733,9781469946733,Life of the Spider,J. Henri Fabre,2008,7,eng,"gb,ia",,UNKNOWN,source-unavailable
9781981394890,9781981394890,Life of the Spider,J. Henri Fabre,2008,7,eng,"gb,ia",,UNKNOWN,source-unavailable
9781494770792,9781494770792,Life of the Spider,J. Henri Fabre,2008,7,eng,"gb,ia",,UNKNOWN,source-unavailable
9781470165659,9781470165659,Life of the Spider,J. Henri Fabre,2008,7,eng,"gb,ia",,UNKNOWN,source-unavailable
9781468178210,9781468178210,Life of the Spider,J. Henri Fabre,2008,7,eng,"gb,ia",,UNKNOWN,source-unavailable
9781470132415,9781470132415,Life of the Spider,J. Henri Fabre,2008,7,eng,"gb,ia",,UNKNOWN,source-unavailable
9781443707541,9781443707541,Life of the Spider,J. Henri Fabre,2008,7,eng,"gb,ia",,UNKNOWN,source-unavailable
9781622027903,9781622027903,ERC-CPT 2019 Gynecology,American Medical Association,2018,1,eng,"gb,ia",,UNKNOWN,source-unavailable
9781539647010,9781539647010,"Sirens Remind Me of Home , So",so,2016,1,eng,"gb,ia",,UNKNOWN,source-unavailable
9781530359493,9781530359493,Lost In The Wash With Other Things,Charles Nevin,2016,1,,"gb,ia",,UNKNOWN,source-unavailable
9783631561232,9783631561232,Die Rahmengesetzgebung des Bundes im Umweltrecht unter besonderer Berücksichtigung der Föderalismusdiskussion,René Grandjot,2007,1,ger,"gb,ia",,UNKNOWN,source-unavailable
9782810002665,9782810002665,L'évangile des ténèbres,Jean-Luc Bizien,2010,1,fre,"gb,ia",,UNKNOWN,source-unavailable
9780593064641,9780593064641,How to Eat In,Adam Byatt,2010,1,eng,"gb,ia",ia:public;ia:public;ia:lending,GREEN,public-surrogate
9788585596774,9788585596774,Os Correios no Brasil e a organização racional do trabalho,Cassiano Ricardo Martines Bovo,1997,1,por,"gb,ia",,UNKNOWN,source-unavailable
9780872180864,9780872180864,Who Writes What,Jaclyn M. Ruzsa,1992,1,eng,"gb,ia",,UNKNOWN,source-unavailable
9780949681119,9780949681119,"Xmas down South, 1939",Damien Parer,1982,1,eng,"gb,ia",,UNKNOWN,source-unavailable
9780866983877,9780866983877,Caelius Secundus Curio,Celio Secondo Curione,2007,1,eng,"gb,ia",ia:public;ia:public;ia:lending,GREEN,public-surrogate
9789659211814,9789659211814,Refuʼat ha-Rambam be-mivḥan ha-madaʻ ben zemanenu,Ḥayim Gamliʼel,2013,1,heb,"gb,ia",,UNKNOWN,source-unavailable
9781124018942,9781124018942,Structure of matter,Wolfgang Finkelnburg,1961,5,eng,"gb,ia",ia:public;ia:public,GREEN,public-surrogate
9783662230381,9783662230381,Structure of matter,Wolfgang Finkelnburg,1961,5,eng,"gb,ia",ia:public;ia:public,GREEN,public-surrogate
9780715502181,9780715502181,Honeymoon for One,Sam Bate,1976,1,,"gb,ia",ia:public;ia:public;ia:lending,GREEN,public-surrogate
9781519060990,9781519060990,"Sciences, Techniques, Pouvoirs et Sociétés du XVIe Siècle Au XVIIIe Siècle en Angleterre, France, Pays-Bas/Provinces Unies et Péninsule Italienne",Robert Calvet,2016,1,fre,"gb,ia",,UNKNOWN,source-unavailable
9789036195966,9789036195966,Work and family in Europe,"G. A. B. Frinking, Ria Vogels",1995,1,fre,"gb,ia",,UNKNOWN,source-unavailable
9780893823047,9780893823047,Market Share Reports for Top One-Hundred Life & Fraternal Insurance Companies by State in 1993,,1995,1,eng,"gb,ia",,UNKNOWN,source-unavailable
9782707154569,9782707154569,La société vue du don,Philippe Chanial,2008,1,fre,"gb,ia",,UNKNOWN,source-unavailable
9784906173143,9784906173143,Nihon no kigyō zaidan '92,,1992,2,jpn,"gb,ia",,UNKNOWN,source-unavailable
9780822565277,9780822565277,Packed with poison!,D. M. Souza,2006,2,eng,"gb,ia",,UNKNOWN,source-unavailable
9781575058771,9781575058771,Packed with poison!,D. M. Souza,2006,2,eng,"gb,ia",ia:lending,GREEN,public-surrogate
9780110766607,9780110766607,Supplementary Benefit (resources) Amendment Regulations 1987,Great Britain,1987,1,eng,"gb,ia",,UNKNOWN,source-unavailable
9781566561211,9781566561211,School trip,Ewa Lipniacka,1992,1,eng,"gb,ia",ia:public;ia:public;ia:lending,GREEN,public-surrogate
9781698930008,9781698930008,Christmas Coloring Book for Kids Ages 8-12,Adam Fitzgerald,2019,9,eng,"gb,ia",,UNKNOWN,source-unavailable
9781698929958,9781698929958,Christmas Coloring Book for Kids Ages 8-12,Adam Fitzgerald,2019,9,eng,"gb,ia",,UNKNOWN,source-unavailable
9781698929682,9781698929682,Christmas Coloring Book for Kids Ages 8-12,Adam Fitzgerald,2019,9,eng,"gb,ia",,UNKNOWN,source-unavailable
9781698929507,9781698929507,Christmas Coloring Book for Kids Ages 8-12,Adam Fitzgerald,2019,9,eng,"gb,ia",,UNKNOWN,source-unavailable
9781698929811,9781698929811,Christmas Coloring Book for Kids Ages 8-12,Adam Fitzgerald,2019,9,eng,"gb,ia",,UNKNOWN,source-unavailable
9781698929590,9781698929590,Christmas Coloring Book for Kids Ages 8-12,Adam Fitzgerald,2019,9,eng,"gb,ia",,UNKNOWN,source-unavailable
9781698929750,9781698929750,Christmas Coloring Book for Kids Ages 8-12,Adam Fitzgerald,2019,9,eng,"gb,ia",,UNKNOWN,source-unavailable
9781698929552,9781698929552,Christmas Coloring Book for Kids Ages 8-12,Adam Fitzgerald,2019,9,eng,"gb,ia",,UNKNOWN,source-unavailable
9781698929897,9781698929897,Christmas Coloring Book for Kids Ages 8-12,Adam Fitzgerald,2019,9,eng,"gb,ia",,UNKNOWN,source-unavailable
9781366516572,9781366516572,Chantilly in history and art,Louise M. Richter,1913,2,eng,"gb,ia",,UNKNOWN,source-unavailable
9781611478341,9781611478341,Ollam,Matthieu Boyd,2016,2,eng,"gb,ia",,UNKNOWN,source-unavailable
9781611478365,9781611478365,Ollam,Matthieu Boyd,2016,2,eng,"gb,ia",,UNKNOWN,source-unavailable
9788178220192,9788178220192,The Heart of Healing,Caroline Latham,2001,1,,"gb,ia",ia:public;ia:lending,GREEN,public-surrogate
9788188827053,9788188827053,Bihu festival of Assam,Utpola Borah,2005,1,eng,"gb,ia",,UNKNOWN,source-unavailable
9781424132898,9781424132898,The War Baby,Ginger Elizabeth Martin,2006,1,eng,"gb,ia",,UNKNOWN,source-unavailable
9781465935908,9781465935908,Dakota Dragon's Tribute to the Armed Forces - Part 4,Gavin Coleman,2012,1,eng,"gb,ia",,UNKNOWN,source-unavailable
9782734405214,9782734405214,"Van Gogh et son temps, 1853-1890",,1990,1,,"gb,ia",ia:public;ia:public;ia:public,GREEN,public-surrogate
9780497327712,9780497327712,"The 2007-2012 World Outlook for New Gasoline Engine Valve Guides, Seats, and Tappets for Motor Vehicles",Philip M. Parker,2006,1,eng,"gb,ia",,UNKNOWN,source-unavailable
9789524582834,9789524582834,Developing written Karelian,International Conference on Methods in Dialectology (11th 2002 University of Joensuu),2003,1,eng,"gb,ia",,UNKNOWN,source-unavailable
9780822236900,9780822236900,Two class acts,A. R. Gurney,2017,1,eng,"gb,ia",,UNKNOWN,source-unavailable
9781499574999,9781499574999,Go Outside,Carol Gilbert,2014,1,eng,"gb,ia",,UNKNOWN,source-unavailable
9780008112967,9780008112967,Beasts royal,Patrick O'Brian,2015,3,eng,"gb,ia",ia:public;ia:lending;ia:public;ia:public,GREEN,public-surrogate
9780008112943,9780008112943,Beasts royal,Patrick O'Brian,2015,3,eng,"gb,ia",ia:public;ia:lending,GREEN,public-surrogate
9780008112950,9780008112950,Beasts royal,Patrick O'Brian,2015,3,eng,"gb,ia",,UNKNOWN,source-unavailable
9781543180107,9781543180107,"Guest Book : for Wedding, Birthday, Retirement, Funeral, Free Layout to Use As You Wish for Names&Address, Sign in or Advice, Wishes, Comments or Predictions. - Vol. 4",Lisa Lisa Rhodes,2017,1,eng,"gb,ia",,UNKNOWN,source-unavailable
9782738460127,9782738460127,Eglise du Christ - mission Harriste,W. H. Paul William Ahui,1997,1,fre,"gb,ia",,UNKNOWN,source-unavailable
9789539660602,9789539660602,Znanstveni i stručni skup Turizam u Hrvatskoj na prijelazu stoljeća,"Znanstveni i stručni skup Turizam u Hrvatskoj na prijelazu stoljeća (1996 Dubrovnik, Croatia)",1996,1,hrv,"gb,ia",,UNKNOWN,source-unavailable
9780600350668,9780600350668,Ordnance Survey Motoring Atlas of Great Britain,Ordnance Survey,1983,1,eng,"gb,ia",ia:public;ia:public;ia:public,GREEN,public-surrogate
9781444145519,9781444145519,Equality and Inclusion in Early Childhood,Jennie Lindon,2012,2,eng,"gb,ia",,UNKNOWN,source-unavailable
9781444189407,9781444189407,Equality and Inclusion in Early Childhood,Jennie Lindon,2012,2,eng,"gb,ia",,UNKNOWN,source-unavailable
9781640014244,9781640014244,2018-2019 Studentenplaner | Schülerkalender | Studentenkalender : August 2018 – Juli 2019 : 19 x 23 cm,Papeterie Bleu,2018,1,,"gb,ia",,UNKNOWN,source-unavailable
9788420747996,9788420747996,"Yo, Barbarroja (Memorias)",,1998,1,spa,"gb,ia",,UNKNOWN,source-unavailable
9780756539559,9780756539559,Simple organisms,Lisa Zamosky,2009,1,eng,"gb,ia",ia:public;ia:public;ia:public;ia:lending,GREEN,public-surrogate
9780111160961,9780111160961,Criminal Legal Aid (Remuneration) (Amendment) Regulations 2017,Great Britain,2017,1,eng,"gb,ia",,UNKNOWN,source-unavailable
9788860872883,9788860872883,Epica dell'arcipelago,Andrea Gazzoni,2009,1,ita,"gb,ia",,UNKNOWN,source-unavailable
9780618268849,9780618268849,Math 3 Resource Book Chapter 2,,2004,1,,"gb,ia",ia:public;ia:public,GREEN,public-surrogate
9781908150349,9781908150349,Lens on life,Stephanie Roberts,2012,1,eng,"gb,ia",,UNKNOWN,source-unavailable
9789383437085,9789383437085,Kāle pāṇīāṃ dā succā motī,Baladewa Siṅgha,2017,1,pan,"gb,ia",,UNKNOWN,source-unavailable
9780471504894,9780471504894,Materials Science & Engineering - an Introduction 2e - Solutions Manual,William D. Callister,1992,1,,"gb,ia",,UNKNOWN,source-unavailable
9781558183551,9781558183551,Sexual Imagery in the Early Poetry of Aleister Crowley,"Sunny Shah, Austin Osman Spare, J.D. Holmes",1997,1,eng,"gb,ia",,UNKNOWN,source-unavailable
9780597139321,9780597139321,TOSOK CORP,ICON Group Ltd.,2000,2,,"gb,ia",,UNKNOWN,source-unavailable
9780597305313,9780597305313,TOSOK CORP,ICON Group Ltd.,2000,2,,"gb,ia",,UNKNOWN,source-unavailable
9781410494559,9781410494559,Whisker of Trouble,Sofie Ryan,2016,2,eng,"gb,ia",ia:public,GREEN,public-surrogate
9780451419965,9780451419965,Whisker of Trouble,Sofie Ryan,2016,2,eng,"gb,ia",ia:public;ia:lending,GREEN,public-surrogate
9780760703427,9780760703427,Tales of O. Henry Sixty-Two Stories,,1993,1,eng,"gb,ia",,UNKNOWN,source-unavailable
9780811724265,9780811724265,Canoeing,David Harrison,1988,2,eng,"gb,ia",ia:public;ia:lending,GREEN,public-surrogate
9781568000671,9781568000671,Canoeing,David Harrison,1988,2,eng,"gb,ia",,UNKNOWN,source-unavailable
9788493143534,9788493143534,"Vizcaínos rurales, vizcaínos industriales",Rafael Ruzafa Ortega,2002,1,spa,"gb,ia",,UNKNOWN,source-unavailable
9781784624651,9781784624651,Passionate Spirit,S. C. Skillman,2015,2,eng,"gb,ia",ia:public;ia:public;ia:lending,GREEN,public-surrogate
9781785893988,9781785893988,Passionate Spirit,S. C. Skillman,2015,2,eng,"gb,ia",ia:lending,GREEN,public-surrogate
9785942015992,9785942015992,"II Международная научно-практическая конференция ""У истоков российской государственности""","Russia) Mezhdunarodnai͡a nauchno-prakticheskai͡a konferent͡sii͡a ""U istokov rossiĭskoĭ gosudarstvennosti"" (2nd 2009 Kaluga",2010,1,rus,"gb,ia",,UNKNOWN,source-unavailable
9781306218856,9781306218856,World in Chaos,"Carl Boggs, Thomas Pollard",2003,1,eng,"gb,ia",,UNKNOWN,source-unavailable
9780404076221,9780404076221,Captivite Et Derniers Moments De Louis Seize,Gaston Louis Emmanuel du Fresne marquis de Beaucourt,1971,1,eng,"gb,ia",,UNKNOWN,source-unavailable
9782897661281,9782897661281,Leçons de ténèbres,,2018,1,fre,"gb,ia",,UNKNOWN,source-unavailable
9782880329273,9782880329273,Protected landscapes,International Union for Conservation of Nature and Natural Resources,1987,1,eng,"gb,ia",ia:public,GREEN,public-surrogate
9780997317145,9780997317145,Where's My Daddy,"Kimberly Kamara, Jamie Washington",2019,1,,"gb,ia",,UNKNOWN,source-unavailable
9781857700572,9781857700572,Tales from the parish pump,David Arscott,1994,1,eng,"gb,ia",ia:public,GREEN,public-surrogate
9780899508467,9780899508467,Hungarians in transition,Leland R. Cooper,1993,1,eng,"gb,ia",ia:public;ia:public;ia:lending,GREEN,public-surrogate
9783034801973,9783034801973,Geodynamics of the Mexican Pacific Margin,William L. Bandy,2011,1,eng,"gb,ia",,UNKNOWN,source-unavailable
9783034801966,9783034801966,Geodynamics of the Mexican Pacific Margin,William L. Bandy,2011,1,eng,"gb,ia",,UNKNOWN,source-unavailable
9788120809314,9788120809314,The structure and meaning of Bādarāyaṇa's Brahma sūtras,"Adams, George C.",1993,1,eng,"gb,ia",,UNKNOWN,source-unavailable
9789930576045,9789930576045,La Maldición del eclipse,Tin Libertad,2019,1,spa,"gb,ia",,UNKNOWN,source-unavailable
9780997692501,9780997692501,Canadian Arctic Wreckspedition,Tom Edwards,2019,1,,"gb,ia",,UNKNOWN,source-unavailable
9781942184379,9781942184379,Wake Me Up Inside,Cardeno C.,2012,2,eng,"gb,ia",,UNKNOWN,source-unavailable
9781613727119,9781613727119,Wake Me Up Inside,Cardeno C.,2012,2,eng,"gb,ia",ia:public,GREEN,public-surrogate
9780852272329,9780852272329,Turnaround,Peter H. Grinyer,1979,1,eng,"gb,ia",ia:public;ia:public,GREEN,public-surrogate
9781855753525,9781855753525,TEN LECTURES ON PSYCHOTHERAPY AND SPIRITUALITY; ED. BY NATHAN FIELD,,2005,1,eng,"gb,ia",ia:lending,GREEN,public-surrogate
9789854899381,9789854899381,Sovety narodnykh t͡seliteleĭ,Sergeĭ Zaĭt͡sev,2009,1,rus,"gb,ia",ia:public;ia:lending,GREEN,public-surrogate
9780439839686,9780439839686,The girls' world book of more friendship crafts,Joanne O'Sullivan,2005,1,eng,"gb,ia",ia:lending,GREEN,public-surrogate
9780975548219,9780975548219,Land of My Birth,J. Mark Munoz,2005,1,eng,"gb,ia",ia:public;ia:public;ia:public;ia:lending,GREEN,public-surrogate
9781414105826,9781414105826,"Ten Kids and a Teacher, Memories from a One Room School","Frankie, Beathard Rathbun",2006,1,eng,"gb,ia",,UNKNOWN,source-unavailable
9780863778322,9780863778322,STEREOTYPING AS INDUCTIVE HYPOTHESIS TESTING,Klaus Fiedler,2004,1,eng,"gb,ia",,UNKNOWN,source-unavailable
9780030000713,9780030000713,Exploring Music,"Eunice Boardman, Beth Landis",1975,1,,"gb,ia",,UNKNOWN,source-unavailable
9781506142838,9781506142838,Most Difficult Challenge in the World,Emeka Mbadiwe,2015,1,eng,"gb,ia",,UNKNOWN,source-unavailable
9781533422576,9781533422576,Heaven Is for Real,Michael Yeager,2016,1,,"gb,ia",ia:public;ia:public,GREEN,public-surrogate
9784091066183,9784091066183,"Gakunenshi ga tsutaeta, kodomo bunkashi",,2018,1,jpn,"gb,ia",,UNKNOWN,source-unavailable
9784091066107,9784091066107,"Gakunenshi ga tsutaeta, kodomo bunkashi",,2018,1,jpn,"gb,ia",,UNKNOWN,source-unavailable
9784091066152,9784091066152,"Gakunenshi ga tsutaeta, kodomo bunkashi",,2018,1,jpn,"gb,ia",,UNKNOWN,source-unavailable
9782711612024,9782711612024,La parole comme acte,Irène Rosier-Catach,1994,1,fre,"gb,ia",,UNKNOWN,source-unavailable
9781882853083,9781882853083,Catechism for the new millennium,Albert Gani,1996,1,eng,"gb,ia",ia:public,GREEN,public-surrogate
9781606994955,9781606994955,Trapped on Treasure Island,"Floyd Gottfredson, David Gerstein, Gary Groth",2011,1,eng,"gb,ia",ia:public;ia:public;ia:public,GREEN,public-surrogate
9783548101781,9783548101781,De Cock en het dodelijk akkoord,A. C. Baantjer,1980,2,dut,"gb,ia",,UNKNOWN,source-unavailable
9789026101649,9789026101649,De Cock en het dodelijk akkoord,A. C. Baantjer,1980,2,dut,"gb,ia",,UNKNOWN,source-unavailable
9781573402255,9781573402255,Atlas of electrophysiology in heart failure,Kalyanam Shivkumar,2005,2,eng,"gb,ia",ia:lending;ia:public;ia:public,GREEN,public-surrogate
9789381017753,9789381017753,The Lilliputians,Kirsty Murray,2012,1,eng,"gb,ia",,UNKNOWN,source-unavailable
9780521263641,9780521263641,Cambridge Illustrated Thesaurus of Chemistry,"Arthur Godman, Ronald C. Denney",1985,1,eng,"gb,ia",ia:public;ia:lending,GREEN,public-surrogate
9780134735702,9780134735702,Intelligent Lan Mgmt W/Novl,Amon,1991,1,,"gb,ia",,UNKNOWN,source-unavailable
9785917430010,9785917430010,Obuchenie pisʹmu,Marʹi︠a︡na Bezrukikh,2009,1,rus,"gb,ia",,UNKNOWN,source-unavailable
9780948153471,9780948153471,County Durham (Mountain Bike Guide),Derek Purdy,1997,1,,"gb,ia",,UNKNOWN,source-unavailable
9780134483030,9780134483030,12405-16 Tuning Loops Trainee Guide,NCCER,2018,1,eng,"gb,ia",,UNKNOWN,source-unavailable
9787507406016,9787507406016,Zhongguo zi ran mei xue si xiang tan yuan,Shiheng Wei,1994,1,cmn,"gb,ia",,UNKNOWN,source-unavailable
9781535238182,9781535238182,Balas y Flores en el Fango,Miguel Ángel Machado,2016,1,spa,"gb,ia",,UNKNOWN,source-unavailable
9780595436422,9780595436422,Disposable Children,Catherine M Butz,2007,1,eng,"gb,ia",,UNKNOWN,source-unavailable
9789138065419,9789138065419,Det förstärkta familjehemmet,Sweden. Utredningen om familjevård för missbrukare.,1981,1,swe,"gb,ia",,UNKNOWN,source-unavailable
9780870201028,9780870201028,"Carl Schurz, Patriot",Clara Tutt,1960,3,eng,"gb,ia",,UNKNOWN,source-unavailable
9780003024692,9780003024692,Jumpstart,Sue Graves,1999,25,,"gb,ia",,UNKNOWN,source-unavailable
9780003024715,9780003024715,Jumpstart,Sue Graves,1999,25,,"gb,ia",,UNKNOWN,source-unavailable
9780003024753,9780003024753,Jumpstart,Sue Graves,1999,25,,"gb,ia",,UNKNOWN,source-unavailable
9780003024685,9780003024685,Jumpstart,Sue Graves,1999,25,,"gb,ia",,UNKNOWN,source-unavailable
9780003024623,9780003024623,Jumpstart,Sue Graves,1999,25,,"gb,ia",,UNKNOWN,source-unavailable
9780003024760,9780003024760,Jumpstart,Sue Graves,1999,25,,"gb,ia",,UNKNOWN,source-unavailable
9780003024791,9780003024791,Jumpstart,Sue Graves,1999,25,,"gb,ia",,UNKNOWN,source-unavailable
9780003024982,9780003024982,Jumpstart,Sue Graves,1999,25,,"gb,ia",,UNKNOWN,source-unavailable
9780003024999,9780003024999,Jumpstart,Sue Graves,1999,25,,"gb,ia",,UNKNOWN,source-unavailable
9780003024586,9780003024586,Jumpstart,Sue Graves,1999,25,,"gb,ia",,UNKNOWN,source-unavailable
9780003024647,9780003024647,Jumpstart,Sue Graves,1999,25,,"gb,ia",,UNKNOWN,source-unavailable
9780003024562,9780003024562,Jumpstart,Sue Graves,1999,25,,"gb,ia",,UNKNOWN,source-unavailable
9780003024593,9780003024593,Jumpstart,Sue Graves,1999,25,,"gb,ia",,UNKNOWN,source-unavailable
9780003024555,9780003024555,Jumpstart,Sue Graves,1999,25,,"gb,ia",,UNKNOWN,source-unavailable
9780003024630,9780003024630,Jumpstart,Sue Graves,1999,25,,"gb,ia",,UNKNOWN,source-unavailable
9780003024654,9780003024654,Jumpstart,Sue Graves,1999,25,,"gb,ia",,UNKNOWN,source-unavailable
9780003024661,9780003024661,Jumpstart,Sue Graves,1999,25,,"gb,ia",,UNKNOWN,source-unavailable
9780003024708,9780003024708,Jumpstart,Sue Graves,1999,25,,"gb,ia",,UNKNOWN,source-unavailable
9780003024678,9780003024678,Jumpstart,Sue Graves,1999,25,,"gb,ia",,UNKNOWN,source-unavailable
9780003024579,9780003024579,Jumpstart,Sue Graves,1999,25,,"gb,ia",,UNKNOWN,source-unavailable
9780003024609,9780003024609,Jumpstart,Sue Graves,1999,25,,"gb,ia",,UNKNOWN,source-unavailable
9780003024739,9780003024739,Jumpstart,Sue Graves,1999,25,,"gb,ia",,UNKNOWN,source-unavailable
9780003024616,9780003024616,Jumpstart,Sue Graves,1999,25,,"gb,ia",,UNKNOWN,source-unavailable
9780003024548,9780003024548,Jumpstart,Sue Graves,1999,25,,"gb,ia",,UNKNOWN,source-unavailable
9780003024746,9780003024746,Jumpstart,Sue Graves,1999,25,,"gb,ia",,UNKNOWN,source-unavailable
9780517424827,9780517424827,Oriental rugs,D. M. Field,1983,1,eng,"gb,ia",ia:public,GREEN,public-surrogate
9780732704377,9780732704377,Vicky the high jumper,Celia Burrows,1990,1,eng,"gb,ia",ia:lending,GREEN,public-surrogate
9780137149148,9780137149148,Developing and presenting a professional portfolio in early childhood education,Nancy W. Wiltz,2009,1,eng,"gb,ia",ia:lending,GREEN,public-surrogate
9781613790199,9781613790199,Absolute Faith in Jesus Christ,Dr. John S. O. Famodimu,2011,1,,"gb,ia",ia:public;ia:public;ia:public,GREEN,public-surrogate
9780836855241,9780836855241,World Health Organization (International Organizations),Deborah A. Grahame,2003,1,eng,"gb,ia",ia:lending,GREEN,public-surrogate
9781879390218,9781879390218,United states meter stamps,Douglas A Kelsey,1996,1,eng,"gb,ia",,UNKNOWN,source-unavailable
9780855948016,9780855948016,Old mischief,Warwick Deeping,1950,3,eng,"gb,ia",ia:public;ia:public,GREEN,public-surrogate
9781892471796,9781892471796,The hydromantic histories,Fox Frazier-Foley,2015,1,eng,"gb,ia",ia:public;ia:lending,GREEN,public-surrogate
9781508755791,9781508755791,Heart of Stone,Anya Monroe,2015,1,eng,"gb,ia",,UNKNOWN,source-unavailable
9784822602154,9784822602154,知られざる社会学者成瀬仁蔵,Nozomu Kawamura,2003,1,jpn,"gb,ia",,UNKNOWN,source-unavailable
9783805327787,9783805327787,Vorderasiatische Museen,Beate Salje,2001,2,ger,"gb,ia",,UNKNOWN,source-unavailable
9783832529956,9783832529956,Freiheit zum Tode?: Annäherungen und Anstösse (German Edition),Manfred von Lewinski,2012,1,ger,"gb,ia",,UNKNOWN,source-unavailable
9781800651135,9781800651135,Paper Flowers,Denise Brown,2014,2,eng,"gb,ia",,UNKNOWN,source-unavailable
9781782491491,9781782491491,Paper Flowers,Denise Brown,2014,2,eng,"gb,ia",ia:public;ia:public,GREEN,public-surrogate
9781726424127,9781726424127,Tarzan the Terrible,Edgar Rice Burroughs,2018,2,eng,"gb,ia",,UNKNOWN,source-unavailable
9781725551718,9781725551718,Tarzan the Terrible,Edgar Rice Burroughs,2018,2,eng,"gb,ia",,UNKNOWN,source-unavailable
9781794191761,9781794191761,Legacy,Ralph Nelson Willett,2019,1,eng,"gb,ia",,UNKNOWN,source-unavailable
9781546328735,9781546328735,ADDRESSBOOK - Swiss Mountain,Campus Elysium,2017,1,eng,"gb,ia",,UNKNOWN,source-unavailable
9783896916389,9783896916389,Turnaround?,Dieter Scholz,2006,1,ger,"gb,ia",,UNKNOWN,source-unavailable
9788479100698,9788479100698,El libro de la esfera mágica,,1991,1,,"gb,ia",,UNKNOWN,source-unavailable
9780708906934,9780708906934,Salutation,Frances Turk,1992,1,eng,"gb,ia",ia:public,GREEN,public-surrogate
9783731902096,9783731902096,Pergamon als Zentrum der hellenistischen Kunst,"Ralf Grüssinger, Ursula Kästner, Andreas Scholl",2015,1,ger,"gb,ia",,UNKNOWN,source-unavailable
9781340309824,9781340309824,"Snyder County Annals : A Collection of All Kinds of Historical Items Affecting Snyder County from the Settlement of the First Pioneers in This Section, to the Names of the Soldiers in the World War, 1917-19","Clara R. 4n Winey, George Washington Wagenseller",2015,3,eng,"gb,ia",,UNKNOWN,source-unavailable
9781017040753,9781017040753,"Snyder County Annals : A Collection of All Kinds of Historical Items Affecting Snyder County from the Settlement of the First Pioneers in This Section, to the Names of the Soldiers in the World War, 1917-19","Clara R. 4n Winey, George Washington Wagenseller",2015,3,eng,"gb,ia",,UNKNOWN,source-unavailable
9781017035742,9781017035742,"Snyder County Annals : A Collection of All Kinds of Historical Items Affecting Snyder County from the Settlement of the First Pioneers in This Section, to the Names of the Soldiers in the World War, 1917-19","Clara R. 4n Winey, George Washington Wagenseller",2015,3,eng,"gb,ia",,UNKNOWN,source-unavailable
9783540090663,9783540090663,Collective ion acceleration,Craig L. Olson,1979,1,eng,"gb,ia",ia:public;ia:public,GREEN,public-surrogate
9780310601951,9780310601951,Bible Reference Gift Set 1 GM,Zondervan Publishing Company,2005,1,eng,"gb,ia",,UNKNOWN,source-unavailable
9781626873278,9781626873278,Camping,M. J. York,2014,2,eng,"gb,ia",ia:public;ia:public;ia:lending,GREEN,public-surrogate
9781631435195,9781631435195,Camping,M. J. York,2014,2,eng,"gb,ia",,UNKNOWN,source-unavailable
9781312673274,9781312673274,Aquamarine,Airton Parra Sobreira,2014,1,eng,"gb,ia",,UNKNOWN,source-unavailable
9781376844825,9781376844825,"Letters of Hugh, Earl Percy, from Boston and New York, 1774-1776;",Hugh Percy 2d Duke of Northumberland,2018,1,eng,"gb,ia",,UNKNOWN,source-unavailable
9783929776140,9783929776140,Deutschland und Italien zur Stauferzeit,"Hubert Houben, Karl-Heinz Ruess",2002,1,ger,"gb,ia",,UNKNOWN,source-unavailable
9781291895315,9781291895315,Fitness for Karate,Kyoshi Drew Dale,2014,1,eng,"gb,ia",,UNKNOWN,source-unavailable
9788579030161,9788579030161,100 anos de imigração judaica do leste europeu,Marcio Pitliuk,2010,1,por,"gb,ia",,UNKNOWN,source-unavailable
9798634611495,9798634611495,Lesson of the Master,Henry James,2019,2,eng,"gb,ia",,UNKNOWN,source-unavailable
9781674690698,9781674690698,Lesson of the Master,Henry James,2019,2,eng,"gb,ia",,UNKNOWN,source-unavailable
9783257700855,9783257700855,Die schönsten Gedichte,Rainer Maria Rilke,1997,1,,"gb,ia",,UNKNOWN,source-unavailable
9789185252473,9789185252473,Regulation of inhibition by neuronal GABA r receptor interaction,Holger Hydén,1991,1,eng,"gb,ia",,UNKNOWN,source-unavailable
9780310935766,9780310935766,NIV Thinline Large Print Bible,Zondervan Publishing Company,2005,3,eng,"gb,ia",,UNKNOWN,source-unavailable
9781621365181,9781621365181,Women's daily declarations for spiritual warfare,John Eckhardt,2013,1,eng,"gb,ia",,UNKNOWN,source-unavailable
9781621362999,9781621362999,Women's daily declarations for spiritual warfare,John Eckhardt,2013,1,eng,"gb,ia",ia:public;ia:public,GREEN,public-surrogate
9782951031807,9782951031807,Créer avec la mort,,1996,1,fre,"gb,ia",,UNKNOWN,source-unavailable
9781280332227,9781280332227,Environmental Management,C. J. Barrow,1999,1,eng,"gb,ia",,UNKNOWN,source-unavailable
9781912057542,9781912057542,"Kerry Blue Terrier. Kerry Blue Terrier Complete Owners Manual. Kerry Blue Terrier Book for Care, Costs, Feeding, Grooming, Health and Training","George Hoppendale, Asia Moore",2017,1,eng,"gb,ia",,UNKNOWN,source-unavailable
9781942021858,9781942021858,Hand lettering step by step,Kathy Glynn,2018,1,eng,"gb,ia",ia:public,GREEN,public-surrogate
9781409716570,9781409716570,Indian legends of early days,Nettie Parrish Martin,1905,3,eng,"gb,ia",,UNKNOWN,source-unavailable
9783540890478,9783540890478,Erinnerungen eines Naturforschers,Philipp Eduard Anton Lenard,2010,1,ger,"gb,ia",,UNKNOWN,source-unavailable
9780597216534,9780597216534,"COLORADO BUSINESS BANKSHARES, INC",ICON Group Ltd.,2000,2,eng,"gb,ia",,UNKNOWN,source-unavailable
9780597029776,9780597029776,"COLORADO BUSINESS BANKSHARES, INC",ICON Group Ltd.,2000,2,eng,"gb,ia",,UNKNOWN,source-unavailable
9781479464517,9781479464517,House on the Borderland,"William Hope Hodgson, Ambrose Bierce",2008,18,eng,"gb,ia",,UNKNOWN,source-unavailable
9781731112545,9781731112545,House on the Borderland,"William Hope Hodgson, Ambrose Bierce",2008,18,eng,"gb,ia",,UNKNOWN,source-unavailable
9798848646863,9798848646863,House on the Borderland,"William Hope Hodgson, Ambrose Bierce",2008,18,eng,"gb,ia",,UNKNOWN,source-unavailable
9781312774513,9781312774513,House on the Borderland,"William Hope Hodgson, Ambrose Bierce",2008,18,eng,"gb,ia",,UNKNOWN,source-unavailable
9781304998507,9781304998507,House on the Borderland,"William Hope Hodgson, Ambrose Bierce",2008,18,eng,"gb,ia",,UNKNOWN,source-unavailable
9780141900155,9780141900155,House on the Borderland,"William Hope Hodgson, Ambrose Bierce",2008,18,eng,"gb,ia",,UNKNOWN,source-unavailable
9781730931918,9781730931918,House on the Borderland,"William Hope Hodgson, Ambrose Bierce",2008,18,eng,"gb,ia",,UNKNOWN,source-unavailable
9781453264928,9781453264928,House on the Borderland,"William Hope Hodgson, Ambrose Bierce",2008,18,eng,"gb,ia",,UNKNOWN,source-unavailable
9781977009982,9781977009982,House on the Borderland,"William Hope Hodgson, Ambrose Bierce",2008,18,eng,"gb,ia",,UNKNOWN,source-unavailable
9781479464500,9781479464500,House on the Borderland,"William Hope Hodgson, Ambrose Bierce",2008,18,eng,"gb,ia",,UNKNOWN,source-unavailable
9781730944338,9781730944338,House on the Borderland,"William Hope Hodgson, Ambrose Bierce",2008,18,eng,"gb,ia",,UNKNOWN,source-unavailable
9781730915901,9781730915901,House on the Borderland,"William Hope Hodgson, Ambrose Bierce",2008,18,eng,"gb,ia",,UNKNOWN,source-unavailable
9781730943119,9781730943119,House on the Borderland,"William Hope Hodgson, Ambrose Bierce",2008,18,eng,"gb,ia",,UNKNOWN,source-unavailable
9781079853834,9781079853834,House on the Borderland,"William Hope Hodgson, Ambrose Bierce",2008,18,eng,"gb,ia",ia:public,GREEN,public-surrogate
9781731115249,9781731115249,House on the Borderland,"William Hope Hodgson, Ambrose Bierce",2008,18,eng,"gb,ia",,UNKNOWN,source-unavailable
9798558850260,9798558850260,House on the Borderland,"William Hope Hodgson, Ambrose Bierce",2008,18,eng,"gb,ia",,UNKNOWN,source-unavailable
9798558850239,9798558850239,House on the Borderland,"William Hope Hodgson, Ambrose Bierce",2008,18,eng,"gb,ia",,UNKNOWN,source-unavailable
9781790821181,9781790821181,House on the Borderland,"William Hope Hodgson, Ambrose Bierce",2008,18,eng,"gb,ia",,UNKNOWN,source-unavailable
9781984967428,9781984967428,Graham Letter Tracing for Kids Trace My Name Workbook,Graham Books,2018,1,eng,"gb,ia",,UNKNOWN,source-unavailable
9781315091143,9781315091143,Mikhail Larionov and the Cultural Politics of Late Imperial Russia,Sarah Warren,2013,3,eng,"gb,ia",,UNKNOWN,source-unavailable
9781138271722,9781138271722,Mikhail Larionov and the Cultural Politics of Late Imperial Russia,Sarah Warren,2013,3,eng,"gb,ia",,UNKNOWN,source-unavailable
9781409442004,9781409442004,Mikhail Larionov and the Cultural Politics of Late Imperial Russia,Sarah Warren,2013,3,eng,"gb,ia",,UNKNOWN,source-unavailable
9781707919680,9781707919680,Vestigios Perdidos,Mr Pedro Montenegro,2019,1,,"gb,ia",,UNKNOWN,source-unavailable
9780343204983,9780343204983,Investigations concerning the thermal alteration of silica minerals,Barbara A. Purdy,1971,3,eng,"gb,ia",,UNKNOWN,source-unavailable
9781507544501,9781507544501,Kissing the Highlander,"Eliza Knight, Terry Spear, Vonda Sinclair, Victoria Roberts, Willa Blair",2015,2,eng,"gb,ia",,UNKNOWN,source-unavailable
9781633110052,9781633110052,Kissing the Highlander,"Eliza Knight, Terry Spear, Vonda Sinclair, Victoria Roberts, Willa Blair",2015,2,eng,"gb,ia",,UNKNOWN,source-unavailable
9781423578000,9781423578000,A Methodology for Reengineering Relational Databases to an Object- Oriented Database,,1996,1,eng,"gb,ia",,UNKNOWN,source-unavailable
9781706669555,9781706669555,Giant Coloring Books for Toddlers,Coloring Book Activity Joyful,2019,1,eng,"gb,ia",,UNKNOWN,source-unavailable
9783656361138,9783656361138,"Dimensionen, Gemeinsamkeiten und Unterschiede Informeller und Atypischer Beschäftigung",Florian Leckel,2013,1,ger,"gb,ia",,UNKNOWN,source-unavailable
9781546216599,9781546216599,"""My Life's Adventures""",Bernard Tinker,2017,1,,"gb,ia",,UNKNOWN,source-unavailable
9781901396690,9781901396690,Biodiversity and Conservation in Agriculture,British Crop Protection Council.,1997,2,eng,"gb,ia",ia:lending;ia:public;ia:public,GREEN,public-surrogate
9780307060877,9780307060877,Muppet babies baby farm animals,Francesca Olivieri,1994,1,eng,"gb,ia",ia:lending,GREEN,public-surrogate
9781520224312,9781520224312,Défense D'afficher,Corinne Cornec Orieska,2016,2,fre,"gb,ia",,UNKNOWN,source-unavailable
9781520329079,9781520329079,Défense D'afficher,Corinne Cornec Orieska,2016,2,fre,"gb,ia",,UNKNOWN,source-unavailable
9785020261150,9785020261150,Devstvennye lesa Severnogo Priuralʹi͡a︡,V. V. Pakhuchiĭ,1999,1,rus,"gb,ia",,UNKNOWN,source-unavailable
9789588133096,9789588133096,Integración en América Latina y el Caribe,Roberto González Arana,2001,1,spa,"gb,ia",,UNKNOWN,source-unavailable
9788484428459,9788484428459,¿Vencedores o vencidos?,Francisco Muñoz Conde,2003,1,spa,"gb,ia",,UNKNOWN,source-unavailable
9780091836238,9780091836238,SHEER WILL  The Inspiring Life and Climbs of Michael Groom,,1997,1,,"gb,ia",,UNKNOWN,source-unavailable
9781688565111,9781688565111,Trainingstagebuch Von Carlotta,Gesundes Leben Publikationen,2019,1,ger,"gb,ia",,UNKNOWN,source-unavailable
9781855392465,9781855392465,Els in School Book Introduction,Swainston,2005,1,eng,"gb,ia",,UNKNOWN,source-unavailable
9783941721166,9783941721166,"DGMK/ÖGEW-Frühjahrstagung des Fachbereiches Aufsuchung und Gewinnung am 11. und 12. April 2011 in Celle, Autorenmanuskripte",,2011,1,,"gb,ia",ia:public;ia:public;ia:public;ia:lending,GREEN,public-surrogate
9780956554154,9780956554154,Showcase,,2015,1,,"gb,ia",,UNKNOWN,source-unavailable
9781983423741,9781983423741,"Temper, Temper : ",David Skaer,2018,1,eng,"gb,ia",,UNKNOWN,source-unavailable
9787509758816,9787509758816,Bai zhou zhi zi,Chongqing Wu,2014,1,chi,"gb,ia",,UNKNOWN,source-unavailable
9780761814238,9780761814238,Small Towns in Multilevel Society,Frank W. Young,1999,2,eng,"gb,ia",,UNKNOWN,source-unavailable
9780761814245,9780761814245,Small Towns in Multilevel Society,Frank W. Young,1999,2,eng,"gb,ia",ia:public;ia:public;ia:public,GREEN,public-surrogate
9780677006703,9780677006703,W-Algebras,Jacob Schwartz,1967,1,eng,"gb,ia",ia:public;ia:public;ia:public,GREEN,public-surrogate
9781329873582,9781329873582,Day I Wore Purple,Jake Vander Ark,2016,2,eng,"gb,ia",,UNKNOWN,source-unavailable
9781977567109,9781977567109,Day I Wore Purple,Jake Vander Ark,2016,2,eng,"gb,ia",,UNKNOWN,source-unavailable
9789783363359,9789783363359,Barazana,Salisu Yusuf Muhammad A. Ameen,1999,1,hau,"gb,ia",,UNKNOWN,source-unavailable
9780099247609,9780099247609,The Royal Family quiz book,Sarah Litvinoff,1980,1,eng,"gb,ia",ia:public;ia:public,GREEN,public-surrogate
9780768655247,9780768655247,10 Minute Guide to Microsoft(R) Excel 2002,Joe Habraken,2001,2,eng,"gb,ia",,UNKNOWN,source-unavailable
9780789726339,9780789726339,10 Minute Guide to Microsoft(R) Excel 2002,Joe Habraken,2001,2,eng,"gb,ia",ia:lending,GREEN,public-surrogate
9788876062780,9788876062780,Poliziotti senza paura,Fulvio Fulvi,2010,1,ita,"gb,ia",,UNKNOWN,source-unavailable
9780312561222,9780312561222,Dodger and me,Jordan Sonnenblick,2009,2,eng,"gb,ia",,UNKNOWN,source-unavailable
9781429984676,9781429984676,Dodger and me,Jordan Sonnenblick,2009,2,eng,"gb,ia",,UNKNOWN,source-unavailable
9783404321087,9783404321087,Heisser Job für Jane,Jerry Cotton,1989,1,ger,"gb,ia",ia:public;ia:public;ia:lending,GREEN,public-surrogate
9783638844055,9783638844055,"Struktur und Funktionsweise von Garantieprodukten, dargestellt an ausgewählten Beispielen",Yury Evteev,2007,1,ger,"gb,ia",,UNKNOWN,source-unavailable
9780736959506,9780736959506,501 Time-Saving Tips Every Woman Should Know,Georgia Varozza,2015,1,,"gb,ia",ia:lending;ia:public,GREEN,public-surrogate
9788476803066,9788476803066,As plumas do moucho,Luís Manuel García Mañá,1999,1,glg,"gb,ia",,UNKNOWN,source-unavailable
9781981731749,9781981731749,Frauenmoerder,Hugo Bettauer,2014,2,ger,"gb,ia",,UNKNOWN,source-unavailable
9781495336294,9781495336294,Frauenmoerder,Hugo Bettauer,2014,2,ger,"gb,ia",,UNKNOWN,source-unavailable
9781575627786,9781575627786,Commander Kellie and the Superkids The Mysterious Presence CD Set! (1),,1999,1,eng,"gb,ia",,UNKNOWN,source-unavailable
9780966840124,9780966840124,Lost empire,"Steve McQuilkin, Susan E. White Frank V. Tursi",2000,1,,"gb,ia",ia:public;ia:public;ia:public;ia:lending,GREEN,public-surrogate
9780756905330,9780756905330,Some Good News,Cynthia Rylant,1999,4,eng,"gb,ia",ia:public;ia:public;ia:public,GREEN,public-surrogate
9780689817137,9780689817137,Some Good News,Cynthia Rylant,1999,4,eng,"gb,ia",ia:public;ia:public;ia:lending;ia:lending,GREEN,public-surrogate
9780613356770,9780613356770,Some Good News,Cynthia Rylant,1999,4,eng,"gb,ia",ia:public;ia:public,GREEN,public-surrogate
9780606211154,9780606211154,Some Good News,Cynthia Rylant,1999,4,eng,"gb,ia",,UNKNOWN,source-unavailable
9781073043217,9781073043217,Winds of Eden,Catrin COLLIER,2019,1,eng,"gb,ia",,UNKNOWN,source-unavailable
9781502780805,9781502780805,Thanksgiving Holiday All Around the World Coloring Book,Beatrice Harrison,2014,1,eng,"gb,ia",,UNKNOWN,source-unavailable
9781791935443,9781791935443,Cute Anime Coloring Book,Inkway Star,2018,11,eng,"gb,ia",,UNKNOWN,source-unavailable
9798725989199,9798725989199,Cute Anime Coloring Book,Inkway Star,2018,11,eng,"gb,ia",,UNKNOWN,source-unavailable
9781791817725,9781791817725,Cute Anime Coloring Book,Inkway Star,2018,11,eng,"gb,ia",,UNKNOWN,source-unavailable
9798724953924,9798724953924,Cute Anime Coloring Book,Inkway Star,2018,11,eng,"gb,ia",,UNKNOWN,source-unavailable
9781796575910,9781796575910,Cute Anime Coloring Book,Inkway Star,2018,11,eng,"gb,ia",,UNKNOWN,source-unavailable
9798724760249,9798724760249,Cute Anime Coloring Book,Inkway Star,2018,11,eng,"gb,ia",,UNKNOWN,source-unavailable
9798674376170,9798674376170,Cute Anime Coloring Book,Inkway Star,2018,11,eng,"gb,ia",,UNKNOWN,source-unavailable
9781796370447,9781796370447,Cute Anime Coloring Book,Inkway Star,2018,11,eng,"gb,ia",,UNKNOWN,source-unavailable
9798716839243,9798716839243,Cute Anime Coloring Book,Inkway Star,2018,11,eng,"gb,ia",,UNKNOWN,source-unavailable
9798725528985,9798725528985,Cute Anime Coloring Book,Inkway Star,2018,11,eng,"gb,ia",,UNKNOWN,source-unavailable
9781796437041,9781796437041,Cute Anime Coloring Book,Inkway Star,2018,11,eng,"gb,ia",,UNKNOWN,source-unavailable
9780844246567,9780844246567,Just Listen'n Learn German,,2001,1,,"gb,ia",ia:lending,GREEN,public-surrogate
9780521301978,9780521301978,Politics and culture in early modern Europe,"Phyllis Mack, Margaret C. Jacob",1987,2,eng,"gb,ia",ia:public;ia:lending,GREEN,public-surrogate
9788385476900,9788385476900,Pozakodeksowe przepisy o przestępstwach i wykroczeniach z komentarzem,Marek Bojarski,1996,1,pol,"gb,ia",,UNKNOWN,source-unavailable
9783451265259,9783451265259,Die Jahre mit Johannes Paul II. Rechenschaft über ein politisches Pontifikat,Heinz-Joachim Fischer,1998,1,ger,"gb,ia",,UNKNOWN,source-unavailable
9781522968993,9781522968993,Kan Ying Pien,James Webster,2015,1,eng,"gb,ia",,UNKNOWN,source-unavailable
9787218021928,9787218021928,Tang shi Song ci ming pian zhu ping,"Xinzhang Chen, Yonghong Chen, Qiu Yang",1997,1,chi,"gb,ia",,UNKNOWN,source-unavailable
9781538323045,9781538323045,Science Skills Sorted! : Habitats,Anna Claybourne,2017,5,eng,"gb,ia",,UNKNOWN,source-unavailable
9781445151472,9781445151472,Science Skills Sorted! : Habitats,Anna Claybourne,2017,5,eng,"gb,ia",ia:public;ia:public;ia:public;ia:lending,GREEN,public-surrogate
9781538322123,9781538322123,Science Skills Sorted! : Habitats,Anna Claybourne,2017,5,eng,"gb,ia",,UNKNOWN,source-unavailable
9781445151489,9781445151489,Science Skills Sorted! : Habitats,Anna Claybourne,2017,5,eng,"gb,ia",ia:public;ia:public,GREEN,public-surrogate
9781538322116,9781538322116,Science Skills Sorted! : Habitats,Anna Claybourne,2017,5,eng,"gb,ia",ia:public;ia:public,GREEN,public-surrogate
9783950367492,9783950367492,Für Österreich,"Reinhold Lopatka, Gernot Blümel, Dietmar Halper",2015,1,ger,"gb,ia",,UNKNOWN,source-unavailable
9780675023184,9780675023184,Merill Spelling Level 3,,1990,1,eng,"gb,ia",ia:public;ia:public;ia:lending,GREEN,public-surrogate
9781590601631,9781590601631,New friends for Sammy,,2005,1,eng,"gb,ia",ia:lending,GREEN,public-surrogate
9781573580137,9781573580137,Primer on Roman Catholicism (John Gerstner (1914-1996)),John Gerstner,1997,1,eng,"gb,ia",ia:public;ia:public,GREEN,public-surrogate
9780312566609,9780312566609,Writer's Reference 7e for Multilingual Writers & Re,"Diana Hacker, Nancy Sommers",2011,1,,"gb,ia",,UNKNOWN,source-unavailable
9780270254808,9780270254808,"Anthropologie der Naturvölker, Zweiter Theil",Theodor Waitz,2018,1,ger,"gb,ia",,UNKNOWN,source-unavailable
9782952939300,9782952939300,Saint-Patrice (Indre-et-Loire),Jean-Gabriel Ravoisier,2007,1,fre,"gb,ia",,UNKNOWN,source-unavailable
9788857517537,9788857517537,La chair et la cité,Emanuele Iula,2013,1,fre,"gb,ia",,UNKNOWN,source-unavailable
9781530361212,9781530361212,How to HEAL the BRAIN without PSYCHO MEDS,Werner Rusterholz,2016,1,,"gb,ia",,UNKNOWN,source-unavailable
9780921927006,9780921927006,A month with the apostles,John G. Pearce,1987,1,eng,"gb,ia",ia:public;ia:public;ia:lending,GREEN,public-surrogate
9780749082475,9780749082475,Tripper,Ken McCoy,2005,1,eng,"gb,ia",ia:public;ia:public;ia:public;ia:public;ia:lending,GREEN,public-surrogate
9788485709373,9788485709373,La peregrinación del Príncipe Claridad,Henry Staufen,1984,1,,"gb,ia",,UNKNOWN,source-unavailable
9788842055204,9788842055204,Le condizioni economiche degli anziani,Daniele Pace,1998,1,ita,"gb,ia",,UNKNOWN,source-unavailable
9783835303270,9783835303270,Fehler im System,Felix Philipp Ingold,2008,1,ger,"gb,ia",,UNKNOWN,source-unavailable
9781869029012,9781869029012,Numbers 1 to 10 (Early Learning),,2002,1,,"gb,ia",,UNKNOWN,source-unavailable
9787532122219,9787532122219,Zhongguo feng su tong shi,Zhaolin Song,2001,1,chi,"gb,ia",,UNKNOWN,source-unavailable
9780078655524,9780078655524,"Daily Lecture and Discussion Notes for Glencoe ""The American Journey""",,2004,1,,"gb,ia",,UNKNOWN,source-unavailable
9781533093783,9781533093783,"Desire, Passion, Limits",Casey Stone,2016,1,ger,"gb,ia",,UNKNOWN,source-unavailable
9780283984112,9780283984112,S&J;Robin Hood Frazer A,Antonia Fraser,1977,1,,"gb,ia",ia:public;ia:public,GREEN,public-surrogate
9780689718540,9780689718540,Dinah for president,Claudia Mills,1992,3,eng,"gb,ia",ia:public;ia:public;ia:public;ia:public;ia:lending,GREEN,public-surrogate
9780027669992,9780027669992,Dinah for president,Claudia Mills,1992,3,eng,"gb,ia",ia:lending,GREEN,public-surrogate
9780544430969,9780544430969,Print Bundle Grade K 2014,Houghton Mifflin Harcourt Publishing Company,2014,1,eng,"gb,ia",,UNKNOWN,source-unavailable
9780342950263,9780342950263,L'heure Espagnole =,"Maurice Ravel, 1873-1934 Franc-Nohain",2018,4,,"gb,ia",,UNKNOWN,source-unavailable
9780342950270,9780342950270,L'heure Espagnole =,"Maurice Ravel, 1873-1934 Franc-Nohain",2018,4,,"gb,ia",,UNKNOWN,source-unavailable
9780344987175,9780344987175,L'heure Espagnole =,"Maurice Ravel, 1873-1934 Franc-Nohain",2018,4,,"gb,ia",,UNKNOWN,source-unavailable
9780344987168,9780344987168,L'heure Espagnole =,"Maurice Ravel, 1873-1934 Franc-Nohain",2018,4,,"gb,ia",,UNKNOWN,source-unavailable
9780761986102,9780761986102,Sociology of Families,Cheryl Albers,1999,1,eng,"gb,ia",ia:public;ia:public;ia:lending,GREEN,public-surrogate
9782070339938,9782070339938,"septembre, Petronella",J Rhys,2006,1,,"gb,ia",ia:public;ia:lending,GREEN,public-surrogate
9781539098294,9781539098294,I Love Words Danish - Italian,Gilad Soffer,2016,1,dan,"gb,ia",,UNKNOWN,source-unavailable
9780195188684,9780195188684,"Xenophon's Anabasis, or, the Expedition of Cyrus",Michael A. Flower,2012,1,eng,"gb,ia",,UNKNOWN,source-unavailable
9780195188677,9780195188677,"Xenophon's Anabasis, or, the Expedition of Cyrus",Michael A. Flower,2012,1,eng,"gb,ia",,UNKNOWN,source-unavailable
9783925376122,9783925376122,Der rechte Winkel von Ulm,Bernhard Rübenach,1987,1,ger,"gb,ia",,UNKNOWN,source-unavailable
9781611528145,9781611528145,All the Right Strings,"Nanisi Barrett D'Arnuk, JMS Books Authors",2015,1,eng,"gb,ia",,UNKNOWN,source-unavailable
9780534566203,9780534566203,Human communication,"SPITZBERG, BARGE, MORREALE",2000,1,,"gb,ia",ia:public;ia:public;ia:lending,GREEN,public-surrogate
9780090998500,9780090998500,The age between,Derek Miller,1969,1,eng,"gb,ia",ia:public;ia:public;ia:public,GREEN,public-surrogate
9780747030003,9780747030003,Where to watch birds in Wales,"Saunders, David",1987,2,eng,"gb,ia",ia:public;ia:public;ia:public,GREEN,public-surrogate
9780713635874,9780713635874,Where to watch birds in Wales,"Saunders, David",1987,2,eng,"gb,ia",ia:public;ia:public;ia:public;ia:lending,GREEN,public-surrogate
9781492880318,9781492880318,Silas Marner (Spanish),George Eliot,2013,1,spa,"gb,ia",,UNKNOWN,source-unavailable
9781564776433,9781564776433,Quilt revival,Nancy Mahoney,2006,1,eng,"gb,ia",ia:public;ia:public;ia:public;ia:lending,GREEN,public-surrogate
9782915262346,9782915262346,Villa Arnaga,Jean-Claude Lasserre,2006,1,fre,"gb,ia",,UNKNOWN,source-unavailable
9780712675611,9780712675611,The last great Edwardian lady,Ingrid Seward,1999,1,eng,"gb,ia",ia:public;ia:public;ia:lending,GREEN,public-surrogate
9781645705031,9781645705031,Palmers,Scott V. Palmer,2019,1,eng,"gb,ia",,UNKNOWN,source-unavailable
9781430419211,9781430419211,Yogi Spiritual Breathing - Pamphlet,Yogi Ramacharaka,2006,1,eng,"gb,ia",,UNKNOWN,source-unavailable
9780353327641,9780353327641,A Practical Course in Botany,"Eliza Frances Andrews, Francis Ernest Lloyd",2018,6,eng,"gb,ia",,UNKNOWN,source-unavailable
9780353327658,9780353327658,A Practical Course in Botany,"Eliza Frances Andrews, Francis Ernest Lloyd",2018,6,eng,"gb,ia",,UNKNOWN,source-unavailable
9780343280109,9780343280109,A Practical Course in Botany,"Eliza Frances Andrews, Francis Ernest Lloyd",2018,6,eng,"gb,ia",,UNKNOWN,source-unavailable
9781018596297,9781018596297,A Practical Course in Botany,"Eliza Frances Andrews, Francis Ernest Lloyd",2018,6,eng,"gb,ia",,UNKNOWN,source-unavailable
9780343280116,9780343280116,A Practical Course in Botany,"Eliza Frances Andrews, Francis Ernest Lloyd",2018,6,eng,"gb,ia",,UNKNOWN,source-unavailable
9781018601205,9781018601205,A Practical Course in Botany,"Eliza Frances Andrews, Francis Ernest Lloyd",2018,6,eng,"gb,ia",,UNKNOWN,source-unavailable
9781408297148,9781408297148,New Success Pre-Intermediate Workbook & Audio CD Pack,FRICKER WHITE,2013,1,,"gb,ia",,UNKNOWN,source-unavailable
9789032271114,9789032271114,Balanceren tussen schaal en kwaliteit,,1994,1,dut,"gb,ia",,UNKNOWN,source-unavailable
9783810721488,9783810721488,Konzept und Architektur eines fehlertoleranten Mehrmikrorechner Systems,Sven Nilsson,1981,1,ger,"gb,ia",,UNKNOWN,source-unavailable
9780665074455,9780665074455,A woman in spite of herself,John Cordy Jeaffreson,1872,7,eng,"gb,ia",ia:public,GREEN,public-surrogate
9780665074479,9780665074479,A woman in spite of herself,John Cordy Jeaffreson,1872,7,eng,"gb,ia",,UNKNOWN,source-unavailable
9780665074462,9780665074462,A woman in spite of herself,John Cordy Jeaffreson,1872,7,eng,"gb,ia",ia:public;ia:public,GREEN,public-surrogate
9780665074448,9780665074448,A woman in spite of herself,John Cordy Jeaffreson,1872,7,eng,"gb,ia",,UNKNOWN,source-unavailable
9780471874843,9780471874843,Gratzer Program Disk to Accom Fast Bas,GRATZER PROGRAM,1982,1,,"gb,ia",,UNKNOWN,source-unavailable
9781492966852,9781492966852,Gone Whalin',Conor Lastowka,2013,1,,"gb,ia",ia:public;ia:public,GREEN,public-surrogate
9789089744333,9789089744333,Een informele aanpak bij bestuursrechtelijke besluitvorming,H.D. Tolsma,2011,1,dut,"gb,ia",,UNKNOWN,source-unavailable
9788586045714,9788586045714,Cuca Ensina Cores e Formas com Adesivos,,2000,1,por,"gb,ia",,UNKNOWN,source-unavailable
9780875800530,9780875800530,"James Russell Lowell's The Biglow papers, first series",James Russell Lowell,1977,1,eng,"gb,ia",,UNKNOWN,source-unavailable
9780783640846,9780783640846,Buckle Down on Ohio Reading,Buckle Down Publishing Company,2006,1,,"gb,ia",ia:public;ia:lending;ia:public,GREEN,public-surrogate
9780553132502,9780553132502,Madame Wu's Art of Chinese Cooking,Madame Wu,1979,1,,"gb,ia",,UNKNOWN,source-unavailable
9783935567107,9783935567107,Gitarren die nicht Gudrun heissen =,Kippenberger.,2002,4,ger,"gb,ia",,UNKNOWN,source-unavailable
9783935567091,9783935567091,Gitarren die nicht Gudrun heissen =,Kippenberger.,2002,4,ger,"gb,ia",,UNKNOWN,source-unavailable
9781532957222,9781532957222,The Cobalt Legend,Darla Roselle,2016,1,,"gb,ia",,UNKNOWN,source-unavailable
9781377656489,9781377656489,"Eastern Hospitals and English Nurses, the Narrative of Twelve Months' Experience in the Hospitals of Kouali and Scutari, by a Lady Volunteer [F. M. Taylor]",Frances Margaret Taylor,2018,1,eng,"gb,ia",,UNKNOWN,source-unavailable
9788875213251,9788875213251,Land grabbing,Stefano Liberti,2011,1,ita,"gb,ia",,UNKNOWN,source-unavailable
9781418544751,9781418544751,"Gift Bible, KJV",Thomas Nelson Publishing Staff,2011,1,eng,"gb,ia",,UNKNOWN,source-unavailable
9788474263756,9788474263756,El porqué del comercio justo,Eduard Cantos,1998,1,spa,"gb,ia",,UNKNOWN,source-unavailable
9782859441234,9782859441234,Le Corps et l'âme en Grande Bretagne au XVIIIe siècle,"Paul-Gabriel Boucé, Suzy Halimi",1986,1,fre,"gb,ia",,UNKNOWN,source-unavailable
9782361571078,9782361571078,CETTE PETITE ILE S'APPELLE MOZAMBIQUE,Jordane Bertrand,2016,1,,"gb,ia",,UNKNOWN,source-unavailable
9781798848760,9781798848760,Workout Philosophy,Karon Williams,2019,1,eng,"gb,ia",,UNKNOWN,source-unavailable
9781479323678,9781479323678,Tower of Souls,G. Wakeling,2012,1,eng,"gb,ia",,UNKNOWN,source-unavailable
9781544691336,9781544691336,Garden Planner and Journal,smART smART bookx,2017,2,eng,"gb,ia",,UNKNOWN,source-unavailable
9781545290316,9781545290316,Garden Planner and Journal,smART smART bookx,2017,2,eng,"gb,ia",,UNKNOWN,source-unavailable
9780761501954,9780761501954,Battletech Elementals,Joseph Grant Bell,1997,1,eng,"gb,ia",,UNKNOWN,source-unavailable
9781596981171,9781596981171,Darwin Myth,Benjamin Wiker,2009,1,eng,"gb,ia",,UNKNOWN,source-unavailable
9781134611867,9781134611867,International Relations Theory and the Politics of European Integration,"Morten Kelstrup, Michael C. Williams",2006,6,eng,"gb,ia",,UNKNOWN,source-unavailable
9781134611881,9781134611881,International Relations Theory and the Politics of European Integration,"Morten Kelstrup, Michael C. Williams",2006,6,eng,"gb,ia",,UNKNOWN,source-unavailable
9781134611904,9781134611904,International Relations Theory and the Politics of European Integration,"Morten Kelstrup, Michael C. Williams",2006,6,eng,"gb,ia",,UNKNOWN,source-unavailable
9780203187807,9780203187807,International Relations Theory and the Politics of European Integration,"Morten Kelstrup, Michael C. Williams",2006,6,eng,"gb,ia",,UNKNOWN,source-unavailable
9781282778047,9781282778047,International Relations Theory and the Politics of European Integration,"Morten Kelstrup, Michael C. Williams",2006,6,eng,"gb,ia",,UNKNOWN,source-unavailable
9781134611911,9781134611911,International Relations Theory and the Politics of European Integration,"Morten Kelstrup, Michael C. Williams",2006,6,eng,"gb,ia",,UNKNOWN,source-unavailable
9781107015869,9781107015869,The Cambridge guide to pedagogy and practice in second language teaching,"Jack C. Richards, Anne Burns",2012,1,eng,"gb,ia",,UNKNOWN,source-unavailable
9781107602007,9781107602007,The Cambridge guide to pedagogy and practice in second language teaching,"Jack C. Richards, Anne Burns",2012,1,eng,"gb,ia",,UNKNOWN,source-unavailable
9781478381303,9781478381303,Conception,K. Fish,2012,1,eng,"gb,ia",,UNKNOWN,source-unavailable
9789984719238,9789984719238,"Talantīgs, interesants, kašk̦īgs",Dzidra Sondore,2003,1,lav,"gb,ia",,UNKNOWN,source-unavailable
9780773783126,9780773783126,The Warlord # 3 - Badland,Jason Frost,1984,1,,"gb,ia",ia:public,GREEN,public-surrogate
9788575775660,9788575775660,Os espaços públicos nas políticas urbanas,Lilian Fessler Vaz,2008,1,por,"gb,ia",,UNKNOWN,source-unavailable
9780442014230,9780442014230,The DAT technical service handbook,Richard Maddox,1994,1,eng,"gb,ia",,UNKNOWN,source-unavailable
9780160587252,9780160587252,FEHBP as a model for Medicare reform,United States,1997,1,eng,"gb,ia",ia:lending;ia:public,GREEN,public-surrogate
9780314287847,9780314287847,Civil procedure,A. Benjamin Spencer,2008,2,eng,"gb,ia",ia:public;ia:public,GREEN,public-surrogate
9780314187857,9780314187857,Civil procedure,A. Benjamin Spencer,2008,2,eng,"gb,ia",ia:public;ia:lending,GREEN,public-surrogate
9781709144769,9781709144769,"Best Adult Coloring Book, Stress Relieving Mandala Animal Designs",Amazing Mandalas Christmas Gift Press,2019,1,eng,"gb,ia",,UNKNOWN,source-unavailable
9782841097302,9782841097302,Visages de femmes,Jean Métellus,2008,1,fre,"gb,ia",,UNKNOWN,source-unavailable
9781505222821,9781505222821,2000-2001 AUDI A3 TDI - 130HP Turbocharger Rebuild and Repair Guide,"Brian Smothers, Pheadra Smothers",2014,1,eng,"gb,ia",,UNKNOWN,source-unavailable
9781458044051,9781458044051,Tightening the Knot,Amanda Hamm,2009,2,eng,"gb,ia",,UNKNOWN,source-unavailable
9780557056583,9780557056583,Tightening the Knot,Amanda Hamm,2009,2,eng,"gb,ia",,UNKNOWN,source-unavailable
9789954817803,9789954817803,"Min al-Ittiḥād al-Waṭanī ilá al-Ittiḥād al-Ishtirākī lil-Qūwāt al-Shaʻbīyah, 1959-1983",al-Mūsāwī ʻAjlāwī,2002,1,ara,"gb,ia",,UNKNOWN,source-unavailable
9789975908672,9789975908672,Manipularea în posttotalitarism,Mihai Şleahtiţchi,2008,1,,"gb,ia",,UNKNOWN,source-unavailable
9781340521233,9781340521233,Chronicles of Budgepore,Iltudus Thomas Prichard,2015,2,eng,"gb,ia",ia:public;ia:public,GREEN,public-surrogate
9781021859389,9781021859389,Chronicles of Budgepore,Iltudus Thomas Prichard,2015,2,eng,"gb,ia",,RED-UNVERIFIED,no-surrogate+holdings-unknown
9781410221193,9781410221193,The drama in Europe in theory and practice,Eleanor F. Jourdain,1924,4,eng,"gb,ia",,UNKNOWN,source-unavailable
9780838314975,9780838314975,The drama in Europe in theory and practice,Eleanor F. Jourdain,1924,4,eng,"gb,ia",ia:public;ia:public,GREEN,public-surrogate
9785832304236,9785832304236,Gendernye otnoshenii︠a︡ i sovremennye tekhnologii ikh garmonizat︠s︡ii,M. V. Aristova,2007,2,rus,"gb,ia",,RED-UNVERIFIED,no-surrogate+holdings-unknown
9789793837116,9789793837116,"10 orang terkaya Indonesia, 2007",,2007,1,ind,"gb,ia",,UNKNOWN,source-unavailable
9783642320330,9783642320330,Photosynthesis Research For Food Fuel And Future 15th International Conference On Photosynthesis,Tingyun Kuang,2012,1,,"gb,ia",,UNKNOWN,source-unavailable
9783779915157,9783779915157,Quantitative Forschungsmethoden in der Erziehungswissenschaft. Eine Einführung,Martin Wellenreuther,2000,1,,"gb,ia",,UNKNOWN,source-unavailable
9788740307177,9788740307177,Excel 2013 Core,Shelley Fishel,2013,1,,"gb,ia",,UNKNOWN,source-unavailable
9783642343186,9783642343186,Urologie,Richard Hautmann,2006,5,ger,"gb,ia",,UNKNOWN,source-unavailable
9783540299240,9783540299240,Urologie,Richard Hautmann,2006,5,ger,"gb,ia",gb:partial,RED-UNVERIFIED,no-surrogate+holdings-unknown
9783642011580,9783642011580,Urologie,Richard Hautmann,2006,5,ger,"gb,ia",,UNKNOWN,source-unavailable
9783642343193,9783642343193,Urologie,Richard Hautmann,2006,5,ger,"gb,ia",,UNKNOWN,source-unavailable
9783662225844,9783662225844,Urologie,Richard Hautmann,2006,5,ger,"gb,ia",,UNKNOWN,source-unavailable
9783642011597,9783642011597,Urologie,Richard Hautmann,2006,5,ger,"gb,ia",,UNKNOWN,source-unavailable
9788498971651,9788498971651,Constitución de Guatemala De 1825,Various,2014,1,spa,"gb,ia",,UNKNOWN,source-unavailable
9785863280028,9785863280028,Pi͡atyĭ mezhgosudarstvennyĭ simpozium Teorii͡a realʹnykh peredach zat͡sepleniem,"Mezhgosudarstvennyĭ simpozium Teorii͡a realʹnykh peredach zat͡sepleniem (5th 1993 Kurgan, Russia)",1993,2,rus,"gb,ia",,UNKNOWN,source-unavailable
9780618528431,9780618528431,Keys For Writers 4th Edition Plus Eduspace/blackboard,Ann Raimes,2004,1,eng,"gb,ia",,UNKNOWN,source-unavailable
9788393611768,9788393611768,Powiedzcie swoim,Wojciech Pestka,2013,1,pol,"gb,ia",,UNKNOWN,source-unavailable
9783631536032,9783631536032,"Mexiko-Stadt Im 18. Jahrhundert: Das Bild Einer Kolonialen Metropole Aus Zeitgenossischer Perspektive (Europaische Hochschulschriften: Reihe 3, Geschichte Und Ihre)",York Lohse,2005,1,ger,"gb,ia",,UNKNOWN,source-unavailable
9782354170974,9782354170974,Le livre noir du CSA,Guillaume Évin,2011,1,fre,"gb,ia",,UNKNOWN,source-unavailable
9780110696096,9780110696096,Genetically Modified Organisms (Transboundary Movements) (Scotland) Regulations 2005,Scotland,2005,1,eng,"gb,ia",,UNKNOWN,source-unavailable
9783893130030,9783893130030,Lautertal in alten Aufnahmen,Alfred Schneider,1987,1,ger,"gb,ia",,UNKNOWN,source-unavailable
9781514605455,9781514605455,Cahier de Musique Grand Format 48 Pages,Victoria Joly,2015,2,fre,"gb,ia",,UNKNOWN,source-unavailable
9781514605691,9781514605691,Cahier de Musique Grand Format 48 Pages,Victoria Joly,2015,2,fre,"gb,ia",,UNKNOWN,source-unavailable
9785865172314,9785865172314,Stikhi poėtov zakrytykh gorodov,Aleksandr Shubin,2005,1,rus,"gb,ia",,UNKNOWN,source-unavailable
9780642001764,9780642001764,National Conference on Industrial Safety,"National Conference on Industrial Safety (1971 Canberra, A.C.T.)",1973,2,eng,"gb,ia",,UNKNOWN,source-unavailable
9789004101142,9789004101142,Josephus and the history of the Greco-Roman period,,1997,1,eng,"gb,ia",ia:public;ia:public,GREEN,public-surrogate
9780914234128,9780914234128,"The Art of Helping, IV",Robert R. Carkhuff,1980,2,eng,"gb,ia",ia:lending;ia:public;ia:public,GREEN,public-surrogate
9780914234104,9780914234104,"The Art of Helping, IV",Robert R. Carkhuff,1980,2,eng,"gb,ia",ia:lending,GREEN,public-surrogate
9781480249523,9781480249523,ESEA Reauthorization,"United States Senate, Education, Labor and Pensions, Committee on Health, Education, Labor and Pensions",2012,2,eng,"gb,ia",,UNKNOWN,source-unavailable
9781480249226,9781480249226,ESEA Reauthorization,"United States Senate, Education, Labor and Pensions, Committee on Health, Education, Labor and Pensions",2012,2,eng,"gb,ia",,UNKNOWN,source-unavailable
9783662122167,9783662122167,Laufgütefragen in Fertigung und Betrieb,"Wolf D. Reutlinger, Horst Klump",2013,1,ger,"gb,ia",,UNKNOWN,source-unavailable
9780198662310,9780198662310,The Oxford guide to word games,Tony Augarde,1984,2,eng,"gb,ia",ia:lending;ia:lending,GREEN,public-surrogate
9782742928590,9782742928590,Hacking,Emmanuel Vinatier,2003,1,,"gb,ia",ia:lending,GREEN,public-surrogate
9783534045044,9783534045044,Antike Medizin,Hellmut Flashar,1971,1,ger,"gb,ia",,UNKNOWN,source-unavailable
9781929490004,9781929490004,Civil War Savannah,Derek Smith,1997,2,eng,"gb,ia",ia:public;ia:public;ia:public;ia:lending,GREEN,public-surrogate
9780913720936,9780913720936,Civil War Savannah,Derek Smith,1997,2,eng,"gb,ia",ia:public;ia:lending,GREEN,public-surrogate
9781535532389,9781535532389,Land of the Dinosaurs 4,Mc,2016,1,eng,"gb,ia",,UNKNOWN,source-unavailable
9782040280451,9782040280451,OFF WE GO 6EME CAHIER EXERCICES,"Nicole Gandilhon, Jacqueline Queniart",1994,1,,"gb,ia",,UNKNOWN,source-unavailable
9780113609697,9780113609697,Precautions in the Use of Asbestos in the Construction Industry,Joint Advisory Committee on Safety and Health in the Construction Industries Staff,1974,1,eng,"gb,ia",,UNKNOWN,source-unavailable
9780889622326,9780889622326,Irving Gutman,David Watmough,1984,1,,"gb,ia",,UNKNOWN,source-unavailable
9782070302260,9782070302260,Le buveur de temps,Philippe Delerm,1987,3,fre,"gb,ia",,UNKNOWN,source-unavailable
9782268005744,9782268005744,Le buveur de temps,Philippe Delerm,1987,3,fre,"gb,ia",,UNKNOWN,source-unavailable
9782268042923,9782268042923,Le buveur de temps,Philippe Delerm,1987,3,fre,"gb,ia",ia:public;ia:public;ia:lending,GREEN,public-surrogate
9788420606644,9788420606644,Virginibus Puerisque Y Otros Ensayos (El Libro De Bolsillo),Robert Louis Stevenson,1994,2,spa,"gb,ia",,UNKNOWN,source-unavailable
9788420659732,9788420659732,Virginibus Puerisque Y Otros Ensayos (El Libro De Bolsillo),Robert Louis Stevenson,1994,2,spa,"gb,ia",,UNKNOWN,source-unavailable
9788670710566,9788670710566,Kako čitati grad,Radmila Matejčić,1988,1,hrv,"gb,ia",,UNKNOWN,source-unavailable
9788573590975,9788573590975,Rigor e paixão,Emilie Chamie,1998,1,por,"gb,ia",,UNKNOWN,source-unavailable
9780844802053,9780844802053,The crystal structure of solids,Penelope Jane Brown,1973,2,eng,"gb,ia",ia:lending,GREEN,public-surrogate
9780844802046,9780844802046,The crystal structure of solids,Penelope Jane Brown,1973,2,eng,"gb,ia",ia:lending,GREEN,public-surrogate
9783888511950,9783888511950,Franz von Assisi und die Anfänge der Kunst der Renaissance in Italien,Henry Thode,1904,5,ger,"gb,ia",,UNKNOWN,source-unavailable
9780307602428,9780307602428,The Christmas donkey,T. William Taylor,1984,1,eng,"gb,ia",ia:lending,GREEN,public-surrogate
9780307046000,9780307046000,The Christmas donkey,T. William Taylor,1984,1,eng,"gb,ia",ia:lending,GREEN,public-surrogate
9780866470605,9780866470605,The World of Learning,Mark Feder,1998,1,eng,"gb,ia",,UNKNOWN,source-unavailable
9783638933926,9783638933926,Über Gottfried Benns Lyrik und Prosa,Dirk Bessell,2008,1,ger,"gb,ia",,UNKNOWN,source-unavailable
9781283237291,9781283237291,From Couch to Conditioned,"Brian Burns, Howard Kent",2011,1,eng,"gb,ia",,UNKNOWN,source-unavailable
9780385279536,9780385279536,Isaac Asimov's space of her own,Shawna McCarthy,1983,2,eng,"gb,ia",ia:lending,GREEN,public-surrogate
9787801860637,9787801860637,Yuan fen jiu zai ni shen bian,"Akira Uenishi, Akira Yoda, Nobuo Takai",2003,3,chi,"gb,ia",,UNKNOWN,source-unavailable
9780758670236,9780758670236,The Augsburg Confession,"Reu, Johann Michael",2005,1,,"gb,ia",,UNKNOWN,source-unavailable
9780244203245,9780244203245,Fin du Monde (1894),Camille Flammarion,2019,1,fre,"gb,ia",,UNKNOWN,source-unavailable
9780825611131,9780825611131,Start Playing Keyboard (Start Playing...),Peter Lavender,1987,1,eng,"gb,ia",ia:public,GREEN,public-surrogate
9780967880600,9780967880600,Neural Misfire,Jeff D. Kazmierczak,2000,1,eng,"gb,ia",,UNKNOWN,source-unavailable
9781722669263,9781722669263,What's My Name? GALATIA,"Tiina Walsh, Anni Virta",2018,1,eng,"gb,ia",,UNKNOWN,source-unavailable
9780819172174,9780819172174,Constitutionalism,"Thompson, Kenneth W.",1989,1,eng,"gb,ia",,UNKNOWN,source-unavailable
9780819172181,9780819172181,Constitutionalism,"Thompson, Kenneth W.",1989,1,eng,"gb,ia",ia:public;ia:public,GREEN,public-surrogate
9789659068845,9789659068845,Me-ezor li-sevivah,"Yoram Bar-Gal, Moshe Inbar",2005,1,heb,"gb,ia",,UNKNOWN,source-unavailable
9780963469991,9780963469991,Now that makes sense!,Mark Ortman,1993,1,eng,"gb,ia",ia:public;ia:public;ia:public;ia:lending,GREEN,public-surrogate
9780761965152,9780761965152,Understanding culture,Gavin Kendall,2001,4,eng,"gb,ia",ia:public;ia:public;ia:lending,GREEN,public-surrogate
9781412932622,9781412932622,Understanding culture,Gavin Kendall,2001,4,eng,"gb,ia",,UNKNOWN,source-unavailable
9780761965145,9780761965145,Understanding culture,Gavin Kendall,2001,4,eng,"gb,ia",ia:public;ia:public;ia:lending,GREEN,public-surrogate
9781280370014,9781280370014,Understanding culture,Gavin Kendall,2001,4,eng,"gb,ia",,UNKNOWN,source-unavailable
9781446219577,9781446219577,Understanding culture,Gavin Kendall,2001,4,eng,"gb,ia",,UNKNOWN,source-unavailable
9782877633512,9782877633512,Les chroniques du Martin triste,Christiane Nativel-Forestier,2006,1,fre,"gb,ia",,UNKNOWN,source-unavailable
9781580330381,9781580330381,NADA Official Older Used Car Guide,,2002,1,eng,"gb,ia",,UNKNOWN,source-unavailable
9780078218286,9780078218286,Science Voyages,,2000,1,,"gb,ia",,UNKNOWN,source-unavailable
9783423054393,9783423054393,Gedichte,Samuel Beckett,1976,1,ger,"gb,ia",,UNKNOWN,source-unavailable
9781549665745,9781549665745,... If Hillary Had Won,Nathaniel Justice,2018,1,eng,"gb,ia",,UNKNOWN,source-unavailable
9781721683925,9781721683925,Backstory of Bible Translations,Greg Pierce,2018,1,eng,"gb,ia",,UNKNOWN,source-unavailable
9781548212452,9781548212452,Investigations in Yeast Functional Genomics and Molecular Biology,Elijah Joshua,2017,1,eng,"gb,ia",,UNKNOWN,source-unavailable
9789173534352,9789173534352,Tystnader och tider,Eva Österberg,2011,1,swe,"gb,ia",,UNKNOWN,source-unavailable
9781701214699,9781701214699,Spanador 20 Selfie Milestone Challenges,Todays Doggy,2019,1,eng,"gb,ia",,UNKNOWN,source-unavailable
9780665001840,9780665001840,The history of Scottish song,"Borthwick, J. Douglas",1874,3,eng,"gb,ia",ia:public,GREEN,public-surrogate
9780708900727,9780708900727,Bare Feet in the Palace,Agnes Keith,1977,1,eng,"gb,ia",,UNKNOWN,source-unavailable
9783886191567,9783886191567,Ameri(k)ka,"Elisabeth Chamorand, Dieter Herms",1987,1,ger,"gb,ia",,UNKNOWN,source-unavailable
9780353634138,9780353634138,Literature Reader; Volume 6,Leroy E Armstrong,2018,1,,"gb,ia",,UNKNOWN,source-unavailable
9783791720197,9783791720197,Mannheim vor der Stadtgründung,Hansjörg Probst,2006,1,ger,"gb,ia",,UNKNOWN,source-unavailable
9787801477989,9787801477989,Fei cai kuai ren yuan zen yang kan kuai ji bao biao,Pingyang Gao,2003,1,chi,"gb,ia",ia:lending,GREEN,public-surrogate
9781082127816,9781082127816,Inestimable Ramifications,M. A. C. OBISON,2019,1,eng,"gb,ia",,UNKNOWN,source-unavailable
9789532222791,9789532222791,Kad Hrvati marširaju,Sandi Blagonić,2007,1,hrv,"gb,ia",,UNKNOWN,source-unavailable
9780199539338,9780199539338,Addiction medicine,Noeline Latt,2009,1,eng,"gb,ia",ia:public;ia:public,GREEN,public-surrogate
9780889087781,9780889087781,Real Estate Buying/Selling Guide for Florida,Richard B. Badgley,1993,1,eng,"gb,ia",,UNKNOWN,source-unavailable
9782856531396,9782856531396,Les Ascidies de Polynésie française,Claude Monniot,1987,1,fre,"gb,ia",,UNKNOWN,source-unavailable
9780712616249,9780712616249,The Emergence of Homoeopathy,Liz Danziger,1987,1,,"gb,ia",,UNKNOWN,source-unavailable
9780665529115,9780665529115,The lamb of God,J. M. Cramp,1987,1,eng,"gb,ia",ia:public,GREEN,public-surrogate
9789649037349,9789649037349,Farhangnāmah-i mūsīqī-i Īrān,Nuṣrat Allāh Ḥaddādī,1997,1,per,"gb,ia",,UNKNOWN,source-unavailable
9780750209298,9780750209298,Bioenergy (Alternative Energy),Graham Houghton,1993,1,,"gb,ia",ia:public;ia:lending;ia:public;ia:public;ia:public,GREEN,public-surrogate
9782717810950,9782717810950,La légende royale dans l'Inde ancienne,Daniel Dubuisson,1986,1,fre,"gb,ia",,UNKNOWN,source-unavailable
9781499427820,9781499427820,A Trip to the Ball Game,Kirsten Lake,2016,3,eng,"gb,ia",ia:public,GREEN,public-surrogate
9781499430011,9781499430011,A Trip to the Ball Game,Kirsten Lake,2016,3,eng,"gb,ia",,UNKNOWN,source-unavailable
9781499430004,9781499430004,A Trip to the Ball Game,Kirsten Lake,2016,3,eng,"gb,ia",ia:public;ia:public;ia:public,GREEN,public-surrogate
9780912966311,9780912966311,Modernization and its impact upon Korean law,Pyŏng-ho Pak,1981,1,eng,"gb,ia",ia:public;ia:public,GREEN,public-surrogate
9780343168827,9780343168827,"History of York County, Maine. With Illustrations and Biographical Sketches of its Prominent men and Pioneers",W W. Clayton,2018,2,,"gb,ia",,UNKNOWN,source-unavailable
9780343168810,9780343168810,"History of York County, Maine. With Illustrations and Biographical Sketches of its Prominent men and Pioneers",W W. Clayton,2018,2,,"gb,ia",,UNKNOWN,source-unavailable
9780811451864,9780811451864,Phonics Readers Set,Steck-Vaughn Company,1991,1,,"gb,ia",ia:public,GREEN,public-surrogate
9780809332489,9780809332489,"Chicago's greatest year, 1893",Joseph Gustaitis,2013,2,eng,"gb,ia",ia:public;ia:lending,GREEN,public-surrogate
9780809332496,9780809332496,"Chicago's greatest year, 1893",Joseph Gustaitis,2013,2,eng,"gb,ia",,UNKNOWN,source-unavailable
9780812103533,9780812103533,Individualized exercise and optimal physical fitness,Joseph DiGennaro,1974,2,eng,"gb,ia",ia:public;ia:public;ia:lending,GREEN,public-surrogate
9780880703369,9780880703369,Are gay rights right?,Roger J. Magnuson,1985,3,eng,"gb,ia",ia:lending,GREEN,public-surrogate
9781600212482,9781600212482,"Advances in Psychology Research, Vol 46",Alexandra Columbus,2006,1,eng,"gb,ia",,UNKNOWN,source-unavailable
9781400865482,9781400865482,How to Clone a Mammoth,Beth Shapiro,2015,5,eng,"gb,ia",,UNKNOWN,source-unavailable
9780691173115,9780691173115,How to Clone a Mammoth,Beth Shapiro,2015,5,eng,"gb,ia",ia:public;ia:public;ia:public;ia:lending,GREEN,public-surrogate
9780691209562,9780691209562,How to Clone a Mammoth,Beth Shapiro,2015,5,eng,"gb,ia",,UNKNOWN,source-unavailable
9780691209005,9780691209005,How to Clone a Mammoth,Beth Shapiro,2015,5,eng,"gb,ia",,UNKNOWN,source-unavailable
9781322999876,9781322999876,How to Clone a Mammoth,Beth Shapiro,2015,5,eng,"gb,ia",,UNKNOWN,source-unavailable
9780613357708,9780613357708,Day Everything Tasted Like Broccoli (Maximum Boy),Dan Greenburg,2001,4,eng,"gb,ia",ia:lending,GREEN,public-surrogate
9780439331050,9780439331050,Day Everything Tasted Like Broccoli (Maximum Boy),Dan Greenburg,2001,4,eng,"gb,ia",ia:lending,GREEN,public-surrogate
9780439219457,9780439219457,Day Everything Tasted Like Broccoli (Maximum Boy),Dan Greenburg,2001,4,eng,"gb,ia",ia:public;ia:lending,GREEN,public-surrogate
9780606213202,9780606213202,Day Everything Tasted Like Broccoli (Maximum Boy),Dan Greenburg,2001,4,eng,"gb,ia",,UNKNOWN,source-unavailable
9780880501651,9780880501651,Until You Die (Sufi Ser.),Bhagwan Rajneesh,1976,1,eng,"gb,ia",,UNKNOWN,source-unavailable
9780406006745,9780406006745,Rayden and Jackson's law and practice in divorce and family matters,William Rayden,1988,3,eng,"gb,ia",,UNKNOWN,source-unavailable
9783870038076,9783870038076,Das Bild unserer Welt. Weltatlas. Neuausgabe,unbekannt,1999,1,,"gb,ia",ia:public,GREEN,public-surrogate
9781496176004,9781496176004,Tenebrosa Melancolía,Lic. Alexander Rodríguez Guzmán,2014,1,spa,"gb,ia",,UNKNOWN,source-unavailable
9780582574236,9780582574236,Discovering African History,P. E. N. Tindall,1970,1,,"gb,ia",,UNKNOWN,source-unavailable
9788496108813,9788496108813,Recursos para tutoría,"María Bilbao, Anna García, Enric Sàrries, Consuelo Solaz, Montserrat Vila",2010,1,,"gb,ia",,UNKNOWN,source-unavailable
9785961302745,9785961302745,Yrghyt︠h︡ qyt︠h︡y,Săru̇ăr Surina,2013,1,bak,"gb,ia",,UNKNOWN,source-unavailable
9782551085200,9782551085200,Les contrats en télématique,Constant Deniger,1989,1,fre,"gb,ia",ia:public;ia:public,GREEN,public-surrogate
9781696083546,9781696083546,Born to Travel,Madhu Batra,2019,1,eng,"gb,ia",,UNKNOWN,source-unavailable
9784772401395,9784772401395,Hitoripotchi no tatakai,"Morishita, Setsu",1981,1,jpn,"gb,ia",,UNKNOWN,source-unavailable
9780933826380,9780933826380,Blooded thought,Herbert Blau,1982,1,eng,"gb,ia",ia:public;ia:lending;ia:public;ia:public,GREEN,public-surrogate
9780933826397,9780933826397,Blooded thought,Herbert Blau,1982,1,eng,"gb,ia",ia:lending,GREEN,public-surrogate
9785899350948,9785899350948,Moi︠a︡ zhiznʹ--razvedka,Lev Kostromin,2011,1,rus,"gb,ia",,UNKNOWN,source-unavailable
9784887081604,9784887081604,Tōhoku kaihatsu 120-nen,"Iwamoto, Yoshiteru",1994,1,jpn,"gb,ia",,UNKNOWN,source-unavailable
9780597561221,9780597561221,The 2000 Import and Export Market for Manufactured Tobacco in Benin,The Manufactured Tobacco Research Group,2001,1,,"gb,ia",,UNKNOWN,source-unavailable
9788490867174,9788490867174,Estatuto básico del empleado público,José Francisco Blasco Lahoz,2015,1,,"gb,ia",,UNKNOWN,source-unavailable
9780233962375,9780233962375,A giant can do anything,Eric Houghton,1975,1,eng,"gb,ia",ia:public;ia:public,GREEN,public-surrogate
9781721012336,9781721012336,2018 and 2019 Weekly Calendar Long-Haired Chihuahua,"Gary Wittmann, Puppy Times",2018,1,eng,"gb,ia",,UNKNOWN,source-unavailable
9780870490507,9780870490507,Shakespearean essays,Alwin Thaler,1964,2,eng,"gb,ia",ia:public,GREEN,public-surrogate
9782350120911,9782350120911,"Dictionnaire de l'aventure utile, et futile",Sébastien Laugier,2007,1,fre,"gb,ia",,UNKNOWN,source-unavailable
9781934246122,9781934246122,the Place,"James, O Kelly",2006,1,eng,"gb,ia",,UNKNOWN,source-unavailable
9788489854178,9788489854178,Corazón sin barcos,Tomeu Gili,1997,1,spa,"gb,ia",,UNKNOWN,source-unavailable
9780917304002,9780917304002,Foothills for Food and Forests,David B. Hannaway,1983,1,eng,"gb,ia",,UNKNOWN,source-unavailable
9783111032092,9783111032092,"Angestelltenversicherungsgesetz, Nachtrag 3","Franz Allendorff, Fritz Haueisen, Albert Grießmeyer",1939,2,ger,"gb,ia",,UNKNOWN,source-unavailable
9783111394589,9783111394589,"Angestelltenversicherungsgesetz, Nachtrag 3","Franz Allendorff, Fritz Haueisen, Albert Grießmeyer",1939,2,ger,"gb,ia",,UNKNOWN,source-unavailable
9780001018037,9780001018037,"Ging Gang Goolie, It's an Alien (Jets on Tape)",Bob Wilson,1994,1,,"gb,ia",,UNKNOWN,source-unavailable
9781634834384,9781634834384,Criminal History Records and Background Checks,Brian Wilkins,2015,1,eng,"gb,ia",,UNKNOWN,source-unavailable
9780690959055,9780690959055,The zoo in my garden,Chiyoko Nakatani,1973,1,eng,"gb,ia",ia:lending,GREEN,public-surrogate
9780690959048,9780690959048,The zoo in my garden,Chiyoko Nakatani,1973,1,eng,"gb,ia",ia:lending,GREEN,public-surrogate
9780597069598,9780597069598,IQ SOFTWARE CORP,ICON Group Ltd.,2000,2,,"gb,ia",,UNKNOWN,source-unavailable
9780597248610,9780597248610,IQ SOFTWARE CORP,ICON Group Ltd.,2000,2,,"gb,ia",,UNKNOWN,source-unavailable
9780252027031,9780252027031,Baseball  (2d ed.): A History of America's Game (Illinois History of Sports),Benjamin G. Rader,2002,2,eng,"gb,ia",ia:lending,GREEN,public-surrogate
9780252070136,9780252070136,Baseball  (2d ed.): A History of America's Game (Illinois History of Sports),Benjamin G. Rader,2002,2,eng,"gb,ia",ia:lending,GREEN,public-surrogate
9783540163367,9783540163367,Small-bowel transplantation,"Arnulf Thiede, H. Hamelmann",1987,1,,"gb,ia",,UNKNOWN,source-unavailable
9781545320372,9781545320372,"Notebook : Journal Dot-Grid,Graph,Lined,Blank No Lined : Earth Space Sun",Ethan Rhys,2017,1,eng,"gb,ia",,UNKNOWN,source-unavailable
9787218003689,9787218003689,Zhu Guang wen ji,Guang Zhu,1989,1,cmn,"gb,ia",,UNKNOWN,source-unavailable
9789657067123,9789657067123,Nahar Sanṭ Lorans,,1999,1,heb,"gb,ia",,UNKNOWN,source-unavailable
9780494212790,9780494212790,Development of adhesive bonds with reduced strength as ultrasonic NDE benchmarks,Maciej Urban Jastrzebski,2006,1,eng,"gb,ia",,UNKNOWN,source-unavailable
9781694671790,9781694671790,Piazza Tales,Herman Melville,2019,3,eng,"gb,ia",,UNKNOWN,source-unavailable
9798690305642,9798690305642,Piazza Tales,Herman Melville,2019,3,eng,"gb,ia",,UNKNOWN,source-unavailable
9798642763162,9798642763162,Piazza Tales,Herman Melville,2019,3,eng,"gb,ia",,UNKNOWN,source-unavailable
9781593579036,9781593579036,Occupational Outlook Handbook 20132014,U. S. Dept of Labor,2012,1,,"gb,ia",ia:public;ia:public;ia:public;ia:public,GREEN,public-surrogate
9781975695545,9781975695545,English-Arabic Clothes Bilingual Children's Picture Dictionary,Richard Carlson,2017,1,eng,"gb,ia",,UNKNOWN,source-unavailable
9780597595738,9780597595738,The 2000 Import and Export Market for Inorganic Chemicals in Netherlands (World Trade Report),"Research Group, The Inorganic Chemicals Research Group",2001,1,eng,"gb,ia",,UNKNOWN,source-unavailable
9783540485087,9783540485087,Case-Based Reasoning Research and Development,"Klaus-Dieter Althoff, Ralph Bergmann, L. Karl Branting",2003,1,eng,"gb,ia",,UNKNOWN,source-unavailable
9781981128709,9781981128709,Not Forever in Green Pastures - Second Edition,Hugh Barnes-Yallowley,2017,1,eng,"gb,ia",,UNKNOWN,source-unavailable
9783322925954,9783322925954,Methoden der Biographie- und Lebenslaufforschung,Wolfgang Voges,1987,3,ger,"gb,ia",,UNKNOWN,source-unavailable
9783322925961,9783322925961,Methoden der Biographie- und Lebenslaufforschung,Wolfgang Voges,1987,3,ger,"gb,ia",,UNKNOWN,source-unavailable
9783810006073,9783810006073,Methoden der Biographie- und Lebenslaufforschung,Wolfgang Voges,1987,3,ger,"gb,ia",,UNKNOWN,source-unavailable
9781538826614,9781538826614,"Studyguide for Financial Accounting by Wild, John, ISBN 9781259665912",Cram101 Textbook Reviews Staff,2016,1,,"gb,ia",,UNKNOWN,source-unavailable
9784124901399,9784124901399,Sake to su,Nihon Fukushi Daigaku. Chita Hantō Sōgō Kenkyūjo,1998,1,jpn,"gb,ia",,UNKNOWN,source-unavailable
9780062688927,9780062688927,Any man,Amber Tamblyn,2018,4,eng,"gb,ia",ia:public,GREEN,public-surrogate
9781538499696,9781538499696,Any man,Amber Tamblyn,2018,4,eng,"gb,ia",,UNKNOWN,source-unavailable
9781538499689,9781538499689,Any man,Amber Tamblyn,2018,4,eng,"gb,ia",,UNKNOWN,source-unavailable
9780062688934,9780062688934,Any man,Amber Tamblyn,2018,4,eng,"gb,ia",,UNKNOWN,source-unavailable
9780874622157,9780874622157,On Formal and Universal Unity (Medieval Philosophical Texts in Translation : No 15),Francis Suarez,1965,1,eng,"gb,ia",ia:lending,GREEN,public-surrogate
9781731045218,9781731045218,"Marino , Di Marino Origine e Storia Famiglia",Edmondo MARRA,2018,1,ita,"gb,ia",,UNKNOWN,source-unavailable
9781596297463,9781596297463,Forgotten Hoosiers,Fred D. Cavinder,2009,1,eng,"gb,ia",,UNKNOWN,source-unavailable
9789991548272,9789991548272,The Vor Game,,1990,1,,"gb,ia",,UNKNOWN,source-unavailable
9780945636410,9780945636410,French XX Bibliography: Critical and Biographical References for the Study of French Literature Since 1885 ,"Douglas W. Alden, Peter C. Hoy",1992,1,eng,"gb,ia",,UNKNOWN,source-unavailable
9781871056341,9781871056341,Assessment for learning in the primary school,Andrew Pollard,1991,1,eng,"gb,ia",,UNKNOWN,source-unavailable
9789789612871,9789789612871,And that's saying it the way it is!,Tunde Fagbenle,2017,1,eng,"gb,ia",,UNKNOWN,source-unavailable
9789061531296,9789061531296,De wereld van de Hanze,"Albert d'Haenens, Etienne Davignon",1984,1,,"gb,ia",,UNKNOWN,source-unavailable
9784535579637,9784535579637,Dokyumento shihō shoshi,"Yoshihiro Etō, Katsuhisa Ogawa",1991,1,jpn,"gb,ia",,UNKNOWN,source-unavailable
9780393352603,9780393352603,Will in the World,Stephen Greenblatt,2010,2,eng,"gb,ia",ia:public;ia:lending,GREEN,public-surrogate
9780393079845,9780393079845,Will in the World,Stephen Greenblatt,2010,2,eng,"gb,ia",,UNKNOWN,source-unavailable
9780873388467,9780873388467,Front-page girl,Doris O'Donnell,2006,1,eng,"gb,ia",ia:public,GREEN,public-surrogate
9781477415443,9781477415443,Lost and Found,Sydnee Elliot,2013,1,,"gb,ia",ia:lending,GREEN,public-surrogate
9780946085200,9780946085200,Children's play in Newcastle-upon-Tyne,Tony Chilton,1985,2,eng,"gb,ia",,UNKNOWN,source-unavailable
9780948105029,9780948105029,Children's play in Newcastle-upon-Tyne,Tony Chilton,1985,2,eng,"gb,ia",,UNKNOWN,source-unavailable
9780517071489,9780517071489,Trip to the Doctor,Margot Linn,1988,2,eng,"gb,ia",,UNKNOWN,source-unavailable
9780060258436,9780060258436,Trip to the Doctor,Margot Linn,1988,2,eng,"gb,ia",,UNKNOWN,source-unavailable
9780060258399,9780060258399,Trip to the Doctor,Margot Linn,1988,2,eng,"gb,ia",ia:public;ia:public;ia:public,GREEN,public-surrogate
9789173284653,9789173284653,Es war einmal,Walter Pöppel,1984,1,ger,"gb,ia",,UNKNOWN,source-unavailable
9781502612090,9781502612090,Discovering Mission San Francisco de Asís,Oscar Cantillo,2014,2,eng,"gb,ia",,UNKNOWN,source-unavailable
9781627130639,9781627130639,Discovering Mission San Francisco de Asís,Oscar Cantillo,2014,2,eng,"gb,ia",,UNKNOWN,source-unavailable
9788494186738,9788494186738,Amarillo indio,Julio Miguel Pérez,2015,1,spa,"gb,ia",,UNKNOWN,source-unavailable
9781544870991,9781544870991,Emma,Jane Austen,1816,3,eng,"gb,ia",,UNKNOWN,source-unavailable
9781499392104,9781499392104,Emma,Jane Austen,1816,3,eng,"gb,ia",,UNKNOWN,source-unavailable
9781546580607,9781546580607,Emma,Jane Austen,1816,3,eng,"gb,ia",,UNKNOWN,source-unavailable
9781858982892,9781858982892,Party structure and organization in East-Central Europe,"Lewis, Paul G.",1996,1,eng,"gb,ia",ia:public;ia:public;ia:public;ia:lending,GREEN,public-surrogate
9781108030250,9781108030250,History of the Conquest of England by the Normans 2 Volume Set,"Augustin Thierry, William Hazlitt",2011,1,eng,"gb,ia",ia:public;ia:public,GREEN,public-surrogate
9781032604879,9781032604879,State policies and migration,"Peter Peek, Guy Standing",1982,3,eng,"gb,ia",,UNKNOWN,source-unavailable
9781032604862,9781032604862,State policies and migration,"Peter Peek, Guy Standing",1982,3,eng,"gb,ia",,UNKNOWN,source-unavailable
9780709920281,9780709920281,State policies and migration,"Peter Peek, Guy Standing",1982,3,eng,"gb,ia",ia:public;ia:lending,GREEN,public-surrogate
9781557737076,9781557737076,Twice Dead,John Buxton Hilton,1992,1,eng,"gb,ia",ia:lending,GREEN,public-surrogate
9782904240003,9782904240003,"""L 'ENCRE DE TES YEUX""",Martine Bayle,1982,1,fre,"gb,ia",,UNKNOWN,source-unavailable
9781476521091,9781476521091,Water Spiders,Joanne Mattern,2012,1,eng,"gb,ia",,UNKNOWN,source-unavailable
9781306995436,9781306995436,Konfuzianischer Humanismus,Ming-huei Lee,2013,3,ger,"gb,ia",,UNKNOWN,source-unavailable
9783837625158,9783837625158,Konfuzianischer Humanismus,Ming-huei Lee,2013,3,ger,"gb,ia",,UNKNOWN,source-unavailable
9783839425152,9783839425152,Konfuzianischer Humanismus,Ming-huei Lee,2013,3,ger,"gb,ia",,UNKNOWN,source-unavailable
9780965673976,9780965673976,Sarah's Diary,Tshombe,2007,1,eng,"gb,ia",,UNKNOWN,source-unavailable
9781852787899,9781852787899,International debt,"Graham R. Bird, P. N. Snowden",1995,1,eng,"gb,ia",,UNKNOWN,source-unavailable
9789851301313,9789851301313,Ya poznayu mir,,2000,1,,"gb,ia",,UNKNOWN,source-unavailable
9781977663115,9781977663115,Halloween Monster Party Coloring Book,C. Jameson,2017,1,eng,"gb,ia",,UNKNOWN,source-unavailable
9780850460919,9780850460919,Experience,Catherine Cotton,1922,4,eng,"gb,ia",,UNKNOWN,source-unavailable
9780344205842,9780344205842,Electrical Machine Design,Anonymous,2018,1,,"gb,ia",,UNKNOWN,source-unavailable
9780836801965,9780836801965,"Romania (Children of the World, Set 2)",,1994,1,,"gb,ia",,UNKNOWN,source-unavailable
9784795510708,9784795510708,Senshinteki nōgyō keieisha no ishiki to kōdō,Masatoshi Yorimitsu,1983,1,jpn,"gb,ia",,UNKNOWN,source-unavailable
9782738479549,9782738479549,L'ENFANT AU MIROIR DE SON NOM,Evelyne Dalle,1999,1,fre,"gb,ia",,UNKNOWN,source-unavailable
9780919964907,9780919964907,Foodworks,Ontario.,1986,1,,"gb,ia",ia:public;ia:public;ia:public,GREEN,public-surrogate
9781975781064,9781975781064,Two on a Tower by Thomas Hardy,Thomas Hardy,2017,1,eng,"gb,ia",,UNKNOWN,source-unavailable
9781619132061,9781619132061,Explorando los colores,Aaron Carr,2012,1,eng,"gb,ia",ia:public;ia:lending,GREEN,public-surrogate
9780340574782,9780340574782,100 Walks in the French Alps,Terry Marsh,1995,1,eng,"gb,ia",ia:lending;ia:public;ia:public,GREEN,public-surrogate
9780863800030,9780863800030,Ferrites for inductors and transformers,E. C. Snelling,1983,1,eng,"gb,ia",ia:public;ia:public,GREEN,public-surrogate
9780471902089,9780471902089,Ferrites for inductors and transformers,E. C. Snelling,1983,1,eng,"gb,ia",,UNKNOWN,source-unavailable
9781482673449,9781482673449,Forbidden,Trina M.,2013,1,,"gb,ia",,UNKNOWN,source-unavailable
9781312730830,9781312730830,Time blew away like dandelion seed,Thomas Thurman,2014,1,,"gb,ia",,UNKNOWN,source-unavailable
9781489560872,9781489560872,Last Call at Chez Mort,Lee Mueller,2013,1,eng,"gb,ia",,UNKNOWN,source-unavailable
9785819502730,9785819502730,Prosrochennai︠a︡ viza,Fridrikh Neznanskiĭ,2001,2,rus,"gb,ia",ia:lending,GREEN,public-surrogate
9785170027507,9785170027507,Prosrochennai︠a︡ viza,Fridrikh Neznanskiĭ,2001,2,rus,"gb,ia",ia:public;ia:lending,GREEN,public-surrogate
9780721700298,9780721700298,Once Upon A Space,Peter by Young,1968,1,,"gb,ia",,UNKNOWN,source-unavailable
9780735618510,9780735618510,Improving .NET application performance and scalability,J. D. Meier,2004,2,eng,"gb,ia",ia:public;ia:public;ia:lending;ia:lending,GREEN,public-surrogate
9788495752253,9788495752253,El caballero blanco,Jaclyn Reding,2003,2,spa,"gb,ia",ia:public;ia:public,GREEN,public-surrogate
9788492516315,9788492516315,El caballero blanco,Jaclyn Reding,2003,2,spa,"gb,ia",ia:public;ia:public;ia:lending,GREEN,public-surrogate
9788390725000,9788390725000,Fundacje w Polsce,Mirosław Wawrzyński,1997,1,pol,"gb,ia",,UNKNOWN,source-unavailable
9780977985920,9780977985920,Anonymous He,Louis L Skipper,2012,1,,"gb,ia",,UNKNOWN,source-unavailable
9780548089668,9780548089668,Elements Of Physiological Psychology,"George Trumbull Ladd, Robert Sessions Woodworth",2007,1,eng,"gb,ia",,UNKNOWN,source-unavailable
9781445791067,9781445791067,11 Therapie,Joachim Hoier,2010,1,ger,"gb,ia",,UNKNOWN,source-unavailable
9780665339417,9780665339417,English ballad costume-concert by the Harmony Club,Harmony Club,1982,2,eng,"gb,ia",ia:public,GREEN,public-surrogate
9781013303104,9781013303104,English ballad costume-concert by the Harmony Club,Harmony Club,1982,2,eng,"gb,ia",,UNKNOWN,source-unavailable
9780405021596,9780405021596,Wage Policies of Labor Organizations in a Period of Industrial Depression,Vertrees J. Wyckoff,1978,1,,"gb,ia",,UNKNOWN,source-unavailable
9780983454335,9780983454335,Success Tweets For Creating Positive Personal Impact,"Bud Bilanich, Lydia Ramsey",2011,1,,"gb,ia",,UNKNOWN,source-unavailable
9781916154308,9781916154308,Getting You Back in the Driving Seat of Your Life,Marilyn J. Duncan,2018,1,eng,"gb,ia",,UNKNOWN,source-unavailable
9785765504680,9785765504680,Kratkiĭ russko-tuvinskiĭ filosofskiĭ slovarʹ,"M. M. Gavrilova, M. Sh Artaev",1996,1,rus,"gb,ia",,UNKNOWN,source-unavailable
9781580194976,9781580194976,"Moving Mountains
            
                Adventures of Ella",Curtis Rittenour,2011,1,,"gb,ia",ia:public;ia:public;ia:public,GREEN,public-surrogate
9780130222039,9780130222039,"Word by Word Primary Picture Dictionary Handwriting Practice Book, Level K","Prentice-Hall, inc.",2000,1,eng,"gb,ia",,UNKNOWN,source-unavailable
9783800530779,9783800530779,Änderungskündigung,Matthias Spirolke,2004,1,ger,"gb,ia",,UNKNOWN,source-unavailable
9781423496038,9781423496038,Andy Williams Christmas Collection - Original Keys For Singers,Andy Williams,2010,1,,"gb,ia",,UNKNOWN,source-unavailable
9780373264193,9780373264193,Rosewood's Ashes,Aileen Schumacher,2001,2,eng,"gb,ia",ia:public;ia:public;ia:public,GREEN,public-surrogate
9781890768324,9781890768324,Rosewood's Ashes,Aileen Schumacher,2001,2,eng,"gb,ia",ia:public;ia:public;ia:public;ia:public;ia:lending,GREEN,public-surrogate
9781326480363,9781326480363,"My Love, a Wolf in the Forest",Benedetta Dossi,2015,1,ita,"gb,ia",,UNKNOWN,source-unavailable
9781511490665,9781511490665,Arte Vizuale Si Abilitati Practice,Maria Dragomir,2015,1,rum,"gb,ia",,UNKNOWN,source-unavailable
9780007330034,9780007330034,Daughters of Britanni,Katie Hickman,2009,1,eng,"gb,ia",,UNKNOWN,source-unavailable
9781940951324,9781940951324,The Viscount's Mistress,Claire DuLac,2016,1,,"gb,ia",,UNKNOWN,source-unavailable
9789381343180,9789381343180,En̲r̲utān̲ē con̲n̲ārkaḷ,Cāmrāj,2012,1,tam,"gb,ia",,UNKNOWN,source-unavailable
9782336290669,9782336290669,Forêts et foresterie,Association de science régionale de langue française. Colloque,2013,1,fre,"gb,ia",,UNKNOWN,source-unavailable
9782729709082,9782729709082,Montrer les esclavages et leurs héritages,,2016,1,fre,"gb,ia",,UNKNOWN,source-unavailable
9789571372310,9789571372310,中國的亞洲夢,"Miller, Tom (Journalist), 林添贵",2017,1,chi,"gb,ia",,UNKNOWN,source-unavailable
9780613961158,9780613961158,Swedish Americans (Immigrants in America (Chelsea House)),"Clifton, Gunderson & Co.",2003,1,eng,"gb,ia",,UNKNOWN,source-unavailable
9781320179898,9781320179898,Fab Magazine 2013 Q3 Premium,Fab Publications,2014,1,eng,"gb,ia",,UNKNOWN,source-unavailable
9781409153023,9781409153023,House at Spinnaker Cove,Rebecca Shaw,2014,1,eng,"gb,ia",,UNKNOWN,source-unavailable
9781557865892,9781557865892,The American dream,Esmond Wright,1996,1,eng,"gb,ia",ia:lending,GREEN,public-surrogate
9780865980419,9780865980419,Technology and East-West trade,United States,1981,1,eng,"gb,ia",ia:public;ia:public,GREEN,public-surrogate
9788440683786,9788440683786,Diario del Ano de La Peste,Daniel Defoe,1999,1,,"gb,ia",,UNKNOWN,source-unavailable
9781770918078,9781770918078,In Spirit,Tara Beagan,2017,4,eng,"gb,ia",,UNKNOWN,source-unavailable
9781770918061,9781770918061,In Spirit,Tara Beagan,2017,4,eng,"gb,ia",,UNKNOWN,source-unavailable
9781770918092,9781770918092,In Spirit,Tara Beagan,2017,4,eng,"gb,ia",,UNKNOWN,source-unavailable
9781770918085,9781770918085,In Spirit,Tara Beagan,2017,4,eng,"gb,ia",,UNKNOWN,source-unavailable
9780495113652,9780495113652,Telecourse Student Guide for Seeds' Horizons,Michael A. Seeds,2007,1,eng,"gb,ia",ia:public;ia:public;ia:lending,GREEN,public-surrogate
9783640802678,9783640802678,Eine kurze Einführung in die deutsche Rechtsgeschichte,Peter Becker,2011,1,ger,"gb,ia",,UNKNOWN,source-unavailable
9780101399203,9780101399203,Report on marine science and technology,Great Britain. Inter-Departmental Working Party on Marine Science and Technology.,1969,1,eng,"gb,ia",,UNKNOWN,source-unavailable
9781544785370,9781544785370,Guide to Benjamin Graham's and et Al the Intelligent Investor,Eureka,2017,1,eng,"gb,ia",,UNKNOWN,source-unavailable
9784831856814,9784831856814,Shikoku henro to sekai no junrei,Shikoku Henro to Sekai no Junrei Kenkyūkai,2007,1,jpn,"gb,ia",,UNKNOWN,source-unavailable
9783869225326,9783869225326,Flüchtlingsbauten,"Lore Mühlbauer, Yasser Shretah",2017,1,ger,"gb,ia",,UNKNOWN,source-unavailable
9780915586219,9780915586219,Corporate energy management manual,,1979,1,eng,"gb,ia",,UNKNOWN,source-unavailable
9787508021652,9787508021652,Yang Zhensheng,Zhensheng Yang,2000,1,chi,"gb,ia",,UNKNOWN,source-unavailable
9781299917880,9781299917880,Archibald MacLeish - American Writers 99,Grover Smith,1971,2,eng,"gb,ia",,UNKNOWN,source-unavailable
9780816606184,9780816606184,Archibald MacLeish - American Writers 99,Grover Smith,1971,2,eng,"gb,ia",ia:public,GREEN,public-surrogate
9781322163567,9781322163567,San Francisco chef's table,Carolyn Jung,2013,3,eng,"gb,ia",,UNKNOWN,source-unavailable
9781493007103,9781493007103,San Francisco chef's table,Carolyn Jung,2013,3,eng,"gb,ia",,UNKNOWN,source-unavailable
9780762792269,9780762792269,San Francisco chef's table,Carolyn Jung,2013,3,eng,"gb,ia",ia:public;ia:public;ia:lending,GREEN,public-surrogate
9781944863159,9781944863159,Math Challenge I-A Geometry,Kevin Wang Ph.D.,2018,1,,"gb,ia",,UNKNOWN,source-unavailable
9780471720324,9780471720324,Last Days of the Giants?,Robert Baldock,2000,1,eng,"gb,ia",ia:public;ia:public,GREEN,public-surrogate
9787552602647,9787552602647,Sanbei yi min wen hua yan jiu,Yudong Fang,2012,1,chi,"gb,ia",,UNKNOWN,source-unavailable
9781515390886,9781515390886,Rigos Primer Series Uniform Bar Exam  Review Series Multistate Essay Exam,James Rigos,2015,1,eng,"gb,ia",,UNKNOWN,source-unavailable
9780853729891,9780853729891,York,Angela Royston,2000,1,,"gb,ia",ia:public;ia:public;ia:public,GREEN,public-surrogate
9789758420780,9789758420780,Erotik Öyküler,Kolektif,2017,1,,"gb,ia",,UNKNOWN,source-unavailable
9786055899509,9786055899509,Türkiye'nin Ekonomik Krizleri,Turgay Münyas,2019,1,tur,"gb,ia",,UNKNOWN,source-unavailable
9789703215744,9789703215744,Los aztecas en el centro de Veracruz,Agustín García Márquez,2005,1,spa,"gb,ia",,UNKNOWN,source-unavailable
9780615254586,9780615254586,Horse of a Different Color,Sandra Ruscin De Vonish,2008,1,,"gb,ia",ia:public;ia:public,GREEN,public-surrogate
9781443783750,9781443783750,With Brush and Pen,James Hall,2008,1,eng,"gb,ia",,UNKNOWN,source-unavailable
9781483592541,9781483592541,Musician's Best Friend,Ndugu Chancler,2017,1,eng,"gb,ia",,UNKNOWN,source-unavailable
9780465031801,9780465031801,Crossfire,Jim Marrs,2013,2,eng,"gb,ia",ia:public;ia:public;ia:public;ia:lending,GREEN,public-surrogate
9780465050871,9780465050871,Crossfire,Jim Marrs,2013,2,eng,"gb,ia",,UNKNOWN,source-unavailable
9781530125098,9781530125098,Dimensional Number Fluctuations Powered Christmas Tree Light-Sail Smorgasbord. Notes on Novel Light-Sail Propulsion Methods. Volume 35,James Essig,2016,1,eng,"gb,ia",,UNKNOWN,source-unavailable
9781986339223,9781986339223,"Impact of ICT on the Reading Habits of Engineering Students in Chittoor District, Andhra Pradesh",K. C. Chetty,2018,1,eng,"gb,ia",,UNKNOWN,source-unavailable
9782950776907,9782950776907,"Salbris au fil du temps, au fil des ans",Marcel Baudrillon,1993,1,fre,"gb,ia",,UNKNOWN,source-unavailable
9787560013848,9787560013848,The picture of Dorian Gray [adaptation],Jill Nevile,2008,1,chi,"gb,ia",ia:lending,GREEN,public-surrogate
9781859025161,9781859025161,Y Creadur Bach Gloyw,"Emily Huws, Kay Widdowson",1997,1,,"gb,ia",ia:public;ia:public;ia:lending,GREEN,public-surrogate
9783834942593,9783834942593,Mit Fehlern zum Anlageerfolg,Reto R. Gallati,2012,2,ger,"gb,ia",,UNKNOWN,source-unavailable
9783834942609,9783834942609,Mit Fehlern zum Anlageerfolg,Reto R. Gallati,2012,2,ger,"gb,ia",,UNKNOWN,source-unavailable
9781483503882,9781483503882,Everything Counts,Nic Di Carlo,2013,1,eng,"gb,ia",,UNKNOWN,source-unavailable
9787101069228,9787101069228,Song dai jing ji shi,Xia Qi,1987,2,chi,"gb,ia",,UNKNOWN,source-unavailable
9789053567272,9789053567272,"Burgers in de buurt :  b samenleven in school, wijk en vereniging",,2005,1,dut,"gb,ia",,UNKNOWN,source-unavailable
9780701517533,9780701517533,New Zealand politics,Stephen I. Levine,1975,1,eng,"gb,ia",ia:public;ia:lending,GREEN,public-surrogate
9780880111713,9780880111713,Cal vs. Stanford,John Sullivan,1983,1,eng,"gb,ia",ia:public;ia:public;ia:public;ia:lending,GREEN,public-surrogate
9788776797102,9788776797102,Farlig mission!,"Gorm Transgaard, Casty, Michele Mazzon, Enrico Faccini, Marco Gervasio, Alberto Savini, Fausto Vitaliano, Augusto Macchetto, Maria Muzzolini, Riccardo Secchi, Marco Bosco",2014,1,dan,"gb,ia",,UNKNOWN,source-unavailable
9780359817306,9780359817306,Safe Guard Hub Password Book One Location Organized and Central,Adam Britnell,2019,1,,"gb,ia",,UNKNOWN,source-unavailable
9780762756971,9780762756971,Insiders' Guide to North Carolina's Mountains,Insiders Guides,2010,1,,"gb,ia",ia:public;ia:lending,GREEN,public-surrogate
9781976514517,9781976514517,Navy Ford  Class Aircraft Carrier Program,Congressional Service,2017,1,eng,"gb,ia",,UNKNOWN,source-unavailable
9789589780763,9789589780763,Operación Sodoma,Luis Alberto Villamarín Pulido,2010,1,spa,"gb,ia",,UNKNOWN,source-unavailable
9788872461846,9788872461846,Dipinti ad ago,Claudio Giorgetti,1995,1,ita,"gb,ia",,UNKNOWN,source-unavailable
9781624078040,9781624078040,Peace Pets Animals Book,Ken Wingert,2009,1,eng,"gb,ia",,UNKNOWN,source-unavailable
9781898128717,9781898128717,Lessons from the Russian Meltdown (CEPR Policy Paper),Enrico C. Perotti,2002,1,,"gb,ia",,UNKNOWN,source-unavailable
9780618288236,9780618288236,Introduction to Algebra Sixth Edition with Nolting,Richard N. Aufmann,2002,2,,"gb,ia",,UNKNOWN,source-unavailable
9780618277698,9780618277698,Introduction to Algebra Sixth Edition with Nolting,Richard N. Aufmann,2002,2,,"gb,ia",,UNKNOWN,source-unavailable
9780139450563,9780139450563,Understanding and using dBASE IV,Rob Krumm,1989,1,eng,"gb,ia",ia:public;ia:public;ia:lending,GREEN,public-surrogate
9781608997190,9781608997190,Faces at the Cross,J. Barrie Shepherd,1995,3,eng,"gb,ia",ia:public,GREEN,public-surrogate
9780687603756,9780687603756,Faces at the Cross,J. Barrie Shepherd,1995,3,eng,"gb,ia",,UNKNOWN,source-unavailable
9780835807159,9780835807159,Faces at the Cross,J. Barrie Shepherd,1995,3,eng,"gb,ia",ia:public;ia:public,GREEN,public-surrogate
9789774242168,9789774242168,"Women, water, and sanitation",Samiha El-Katsha,1989,1,eng,"gb,ia",ia:public;ia:public,GREEN,public-surrogate
9787509802304,9787509802304,Chuang ye zhi lu,Zhong gong zhong yang dang shi yan jiu shi,2009,1,chi,"gb,ia",,UNKNOWN,source-unavailable
9781442942646,9781442942646,Nigger of the Narcissus,Joseph Conrad,2009,1,eng,"gb,ia",,UNKNOWN,source-unavailable
9781507146545,9781507146545,Jardinería en Macetas o Contenedores de Manera Fácil,"Meg Smolinski, Dahlia Deyanira Romero Castillo",2016,1,spa,"gb,ia",,UNKNOWN,source-unavailable
9781406300130,9781406300130,It Moved!,Anne Fine,2006,1,,"gb,ia",ia:public;ia:public;ia:public;ia:lending,GREEN,public-surrogate
9781560142713,9781560142713,Poster Book,,2000,1,spa,"gb,ia",,UNKNOWN,source-unavailable
9788494791796,9788494791796,Guns N' Roses,"Jim McCarthy, Marc Olivent",2015,2,eng,"gb,ia",,UNKNOWN,source-unavailable
9781783054930,9781783054930,Guns N' Roses,"Jim McCarthy, Marc Olivent",2015,2,eng,"gb,ia",,UNKNOWN,source-unavailable
9781451588897,9781451588897,Psychology of Want,Daryl Banner,2010,1,eng,"gb,ia",,UNKNOWN,source-unavailable
9789799577139,9789799577139,Himpunan konvensi internasional beraspek pidana,D. P. M. Sitompul,2001,1,ind,"gb,ia",,UNKNOWN,source-unavailable
9788373322295,9788373322295,Zasady pisowni słownictwa religijnego,"Renata Przybylska, Wiesław Przyczyna",2004,1,pol,"gb,ia",,UNKNOWN,source-unavailable
9781622297979,9781622297979,Wrong Bus,Kitty Forbes,2014,1,eng,"gb,ia",,UNKNOWN,source-unavailable
9788985982399,9788985982399,Chŏnggyŏng p'ok'ŏsŭ (Chŏnggyŏng focus),T'ae-sik Kim,2011,1,kor,"gb,ia",,UNKNOWN,source-unavailable
9781070326665,9781070326665,Handwriting and Illustration Story Paper 120 Pages Monroe,Francis Sweet,2019,1,eng,"gb,ia",,UNKNOWN,source-unavailable
9780256139174,9780256139174,Mech Solids Sft 5.25 Ibm 01 Ed -Wb/19,BICKFORD,1993,1,,"gb,ia",,UNKNOWN,source-unavailable
9782841970094,9782841970094,Astral,Laurent H. R Ryder-Merlhyn,1999,1,fre,"gb,ia",,UNKNOWN,source-unavailable
9787806784105,9787806784105,风雨历程,"谢黎萍, 黄坚, 中共上海市委. 党史研究室",2005,1,chi,"gb,ia",,UNKNOWN,source-unavailable
9789851400108,9789851400108,Kombat,Андрей Воронин,2002,1,rus,"gb,ia",,UNKNOWN,source-unavailable
9781514166079,9781514166079,AP Language Arts Accomplishments 2014-2015,Kiana Kasmaii,2015,1,eng,"gb,ia",,UNKNOWN,source-unavailable
9781709760051,9781709760051,L'électricité Pour les Jobbeurs,"David Fedullo, Thierry Gallauziaux",2019,1,fre,"gb,ia",,UNKNOWN,source-unavailable
9780292720077,9780292720077,Explosive nucleosynthesis; proceedings,"Conference on Explosive Nucleosynthesis Austin, Tex. 1973.",1973,1,eng,"gb,ia",ia:public;ia:public;ia:lending,GREEN,public-surrogate
9780292720060,9780292720060,Explosive nucleosynthesis; proceedings,"Conference on Explosive Nucleosynthesis Austin, Tex. 1973.",1973,1,eng,"gb,ia",ia:lending,GREEN,public-surrogate
9781282118966,9781282118966,Relocating the Rule of Law,"Gianluigi Palombella, Neil Walker",2008,2,eng,"gb,ia",,UNKNOWN,source-unavailable
9781847314727,9781847314727,Relocating the Rule of Law,"Gianluigi Palombella, Neil Walker",2008,2,eng,"gb,ia",,UNKNOWN,source-unavailable
9780375752650,9780375752650,Taste,"David Rosengarten, Television Food Network",1998,2,eng,"gb,ia",ia:public;ia:public;ia:public;ia:public;ia:public;ia:public;ia:public;ia:lending,GREEN,public-surrogate
9780375500114,9780375500114,Taste,"David Rosengarten, Television Food Network",1998,2,eng,"gb,ia",ia:public;ia:lending,GREEN,public-surrogate
9781606592915,9781606592915,Hunter's Crown,Elaine Corvidae,2012,2,eng,"gb,ia",,UNKNOWN,source-unavailable
9781606592922,9781606592922,Hunter's Crown,Elaine Corvidae,2012,2,eng,"gb,ia",,UNKNOWN,source-unavailable
9781857301625,9781857301625,Financial stability and central banks,,2000,1,eng,"gb,ia",,UNKNOWN,source-unavailable
9780710310798,9780710310798,French household cooking,Frances Keyzer,1908,5,eng,"gb,ia",,UNKNOWN,source-unavailable
9781886057937,9781886057937,Beyond the Hashmarks,,2001,1,,"gb,ia",ia:public;ia:public,GREEN,public-surrogate
9789590605925,9789590605925,El mártir de Majadahonda,Alberto Alfonso Bello,2003,1,spa,"gb,ia",,UNKNOWN,source-unavailable
9784048110044,9784048110044,Ikai no tabi e (Nihon boken),"Umehara, Takeshi",1988,1,jpn,"gb,ia",,UNKNOWN,source-unavailable
9781379790617,9781379790617,"Remarks Upon Some Places of Mr. Whiston's Books, Either Printed or in Manuscript. by P. Allix, D.D",Pierre Allix,2018,1,,"gb,ia",,UNKNOWN,source-unavailable
9781790238101,9781790238101,Birthday Queen,Heather Honey Designs,2018,4,eng,"gb,ia",,UNKNOWN,source-unavailable
9781790238460,9781790238460,Birthday Queen,Heather Honey Designs,2018,4,eng,"gb,ia",,UNKNOWN,source-unavailable
9781790238026,9781790238026,Birthday Queen,Heather Honey Designs,2018,4,eng,"gb,ia",,UNKNOWN,source-unavailable
9781790238705,9781790238705,Birthday Queen,Heather Honey Designs,2018,4,eng,"gb,ia",,UNKNOWN,source-unavailable
9780440239444,9780440239444,Anatomy of a boyfriend,Daria Snadowsky,2007,1,eng,"gb,ia",ia:lending;ia:public;ia:public;ia:public;ia:public;ia:public;ia:public;ia:public,GREEN,public-surrogate
9781514794630,9781514794630,Vertical Gardening,Louise Harvey,2015,1,eng,"gb,ia",,UNKNOWN,source-unavailable
9788634100952,9788634100952,Plamenice in solze,Andrej Blatnik,1987,1,slv,"gb,ia",,UNKNOWN,source-unavailable
9781501874277,9781501874277,Luis y Mia/Mia and Luis,"L. J. Zimmerman, Monica Reyna, Marce Gómez",2018,1,eng,"gb,ia",ia:public;ia:public,GREEN,public-surrogate
9780751331219,9780751331219,World Explorer,,2000,1,,"gb,ia",,UNKNOWN,source-unavailable
9780824098988,9780824098988,Nuclear microanalysis,V. Valković,1977,1,eng,"gb,ia",ia:public;ia:public;ia:lending,GREEN,public-surrogate
9783211808566,9783211808566,Raketentreibstoffe,"Armin Dadieu, Ralf Damm, Eckart W. Schmidt",1969,1,,"gb,ia",,UNKNOWN,source-unavailable
9780195381405,9780195381405,Auditory Habilitation for Adolescents with Hearing Loss,"Jill Duncan, Ellen A. Rhoades, Elizabeth M. Fitzpatrick",2014,1,eng,"gb,ia",,UNKNOWN,source-unavailable
9780965270397,9780965270397,Black Sun Signs,Thelma Balfour,1996,3,eng,"gb,ia",ia:public;ia:lending,GREEN,public-surrogate
9780684812090,9780684812090,Black Sun Signs,Thelma Balfour,1996,3,eng,"gb,ia",ia:lending;ia:public;ia:public;ia:public,GREEN,public-surrogate
9781874509509,9781874509509,Black Sun Signs,Thelma Balfour,1996,3,eng,"gb,ia",,UNKNOWN,source-unavailable
9782204013833,9782204013833,"Allez, enseignez",Pierre André Liégé,1979,1,fre,"gb,ia",ia:lending;ia:public;ia:public,GREEN,public-surrogate
9780819468994,9780819468994,Optics and photonics for counterterrorism and crime fighting III,Colin Lewis,2007,1,eng,"gb,ia",,UNKNOWN,source-unavailable
9780718123178,9780718123178,The Spice of Life,"Sheldon Greenberg, Elisabeth Lambert Ortiz",1983,3,eng,"gb,ia",,UNKNOWN,source-unavailable
9780943276045,9780943276045,The Spice of Life,"Sheldon Greenberg, Elisabeth Lambert Ortiz",1983,3,eng,"gb,ia",ia:public;ia:lending,GREEN,public-surrogate
9789508942289,9789508942289,Responsabilidad del estado y de los magistrados por error judicial,Mirta Noemí Agüero,1995,2,spa,"gb,ia",,UNKNOWN,source-unavailable
9789508940018,9789508940018,Responsabilidad del estado y de los magistrados por error judicial,Mirta Noemí Agüero,1995,2,spa,"gb,ia",,UNKNOWN,source-unavailable
9780497544638,9780497544638,The 2007-2012 Outlook for Oak Flooring in the United States,Philip M. Parker,2006,1,eng,"gb,ia",,UNKNOWN,source-unavailable
9786257976619,9786257976619,Yerel siyaset açısından Türkiye'de büyükşehir belediye yönetimi,Güven Deniz,2019,1,tur,"gb,ia",,UNKNOWN,source-unavailable
9789022530153,9789022530153,Het watermerk,Sarah Smith,2001,1,dut,"gb,ia",ia:public;ia:public;ia:public;ia:lending,GREEN,public-surrogate
9781597526548,9781597526548,"Commentary on the Prophets of the Old Testament, Volume 5",Heinrich Ewald,2006,1,eng,"gb,ia",ia:lending;ia:lending;ia:lending;ia:lending,GREEN,public-surrogate
9781934043943,9781934043943,Urban Brazil,Ivani Vassoler,2007,1,eng,"gb,ia",,UNKNOWN,source-unavailable
9781597805865,9781597805865,Beyond the Woods: Fairy Tales Retold,Paula Guran,2016,1,,"gb,ia",,UNKNOWN,source-unavailable
9781326469979,9781326469979,L'ORA DI INFORMATICA,Alberto Aquilani,2015,1,,"gb,ia",,UNKNOWN,source-unavailable
9781643492674,9781643492674,Exciting Adventures of Princess EllavieveE,"Aaron Douthitt, Blueberry Illustrations",2019,2,eng,"gb,ia",,UNKNOWN,source-unavailable
9781098003982,9781098003982,Exciting Adventures of Princess EllavieveE,"Aaron Douthitt, Blueberry Illustrations",2019,2,eng,"gb,ia",,UNKNOWN,source-unavailable
9780967957623,9780967957623,What's the matter with Henry,"Cathy Conheim, BJ Gallagher",2006,1,,"gb,ia",ia:public;ia:lending,GREEN,public-surrogate
9780999473702,9780999473702,The Pastor's Guide to Wise Investing,S. L. Potts,2017,1,,"gb,ia",ia:public,GREEN,public-surrogate
9780807867600,9780807867600,The making of massive resistance,Robbins L. Gates,1964,3,eng,"gb,ia",,UNKNOWN,source-unavailable
9780807899786,9780807899786,The making of massive resistance,Robbins L. Gates,1964,3,eng,"gb,ia",,UNKNOWN,source-unavailable
9783854930402,9783854930402,Foederati,Ralf Scharf,2001,1,ger,"gb,ia",,UNKNOWN,source-unavailable
9780344856365,9780344856365,The Quest of El Dorado; The Most Romantic Episode in the History of South American Conquest,John Augustine Zahm,2018,1,,"gb,ia",,UNKNOWN,source-unavailable
9781861711939,9781861711939,Sex in art,Cassidy Hughes,1989,4,eng,"gb,ia",ia:public;ia:public;ia:lending,GREEN,public-surrogate
9781871846911,9781871846911,Sex in art,Cassidy Hughes,1989,4,eng,"gb,ia",,UNKNOWN,source-unavailable
9781635343830,9781635343830,Last Call,Nathan Kozach,2018,1,,"gb,ia",,UNKNOWN,source-unavailable
9788971847091,9788971847091,Chiri kyosa Yi U-pʻyŏng ŭi Hanʾguk chihyŏng sanchʻaek,U-pʻyŏng Yi,2007,1,kor,"gb,ia",,UNKNOWN,source-unavailable
9788971847107,9788971847107,Chiri kyosa Yi U-pʻyŏng ŭi Hanʾguk chihyŏng sanchʻaek,U-pʻyŏng Yi,2007,1,kor,"gb,ia",,UNKNOWN,source-unavailable
9788971847084,9788971847084,Chiri kyosa Yi U-pʻyŏng ŭi Hanʾguk chihyŏng sanchʻaek,U-pʻyŏng Yi,2007,1,kor,"gb,ia",,UNKNOWN,source-unavailable
9780856356988,9780856356988,A Various art,"Andrew Crozier, Tim Longville",1987,1,eng,"gb,ia",,UNKNOWN,source-unavailable
9781344777889,9781344777889,"Calendar of State Papers, Colonial Series ...",Great Britain. Public Record Office,2015,1,,"gb,ia",,UNKNOWN,source-unavailable
9789138064559,9789138064559,Vad döljer sig i miljödatabaser,,1981,1,swe,"gb,ia",,UNKNOWN,source-unavailable
9788380535282,9788380535282,Zuzanna Kociołek i Kraina Smaku,Maciej Rożen,2019,1,pol,"gb,ia",,UNKNOWN,source-unavailable
9781878376299,9781878376299,The Revelation,Oliver B. Greene,1988,1,eng,"gb,ia",,UNKNOWN,source-unavailable
9783844398069,9783844398069,Assessment of Ecosystem-Health in Tropical-Montane Forest Reserves,Gilbert O. Obati,2011,1,,"gb,ia",,UNKNOWN,source-unavailable
9780848210854,9780848210854,"Utopias, old and new",Madge Amelia Hart,1977,1,eng,"gb,ia",,UNKNOWN,source-unavailable
9782896904075,9782896904075,Mes premiers mots croisés,Frédérique Tiéfry,2012,1,,"gb,ia",ia:public;ia:public;ia:lending,GREEN,public-surrogate
9780713623970,9780713623970,Copy Book,Irene Wellington,1979,1,eng,"gb,ia",,UNKNOWN,source-unavailable
9781860852992,9781860852992,Atlas adnoddau yr Eidal,,1998,1,wel,"gb,ia",,UNKNOWN,source-unavailable
9781099202162,9781099202162,Moment of Truth,Priyanka Mehta,2019,1,eng,"gb,ia",,UNKNOWN,source-unavailable
9781983029318,9781983029318,Frauen Reisen Alleine,Mehrak Shirkhanloo,2018,1,ger,"gb,ia",,UNKNOWN,source-unavailable
9782290311332,9782290311332,Les yeux de velours,Jude Deveraux,2001,1,,"gb,ia",,UNKNOWN,source-unavailable
9780620308274,9780620308274,Breathing through buttonholes,Jennifer Skutelsky,2003,1,eng,"gb,ia",,UNKNOWN,source-unavailable
9781593331566,9781593331566,Healing in the in the [sic] theology of Saint Ephrem,Aho Shemunkasho,2004,2,eng,"gb,ia",,UNKNOWN,source-unavailable
9781931956147,9781931956147,Healing in the in the [sic] theology of Saint Ephrem,Aho Shemunkasho,2004,2,eng,"gb,ia",,UNKNOWN,source-unavailable
9782092543504,9782092543504,Mon imagier de la musique,Nathalie Choux,2013,1,fre,"gb,ia",ia:public;ia:public,GREEN,public-surrogate
9780715390795,9780715390795,Dartmoor,Roy J. Westlake,1987,1,eng,"gb,ia",,UNKNOWN,source-unavailable
9780715390702,9780715390702,Dartmoor,Roy J. Westlake,1987,1,eng,"gb,ia",ia:public,GREEN,public-surrogate
9788429710724,9788429710724,"Sol, i de dol",J. V. Foix,1975,4,cat,"gb,ia",,UNKNOWN,source-unavailable
9788485704682,9788485704682,"Sol, i de dol",J. V. Foix,1975,4,cat,"gb,ia",,UNKNOWN,source-unavailable
9788485704606,9788485704606,"Sol, i de dol",J. V. Foix,1975,4,cat,"gb,ia",,UNKNOWN,source-unavailable
9788485704293,9788485704293,"Sol, i de dol",J. V. Foix,1975,4,cat,"gb,ia",ia:lending,GREEN,public-surrogate
9781886679238,9781886679238,A Field Guide to Desert Holes,Pinau Merlin,2002,1,eng,"gb,ia",ia:public;ia:public;ia:public,GREEN,public-surrogate
9782919612307,9782919612307,La Nubie et les origines des peuples d'Afrique,Marcus Boni N'Piénikoua Teiga,2013,1,fre,"gb,ia",,UNKNOWN,source-unavailable
9782919612314,9782919612314,La Nubie et les origines des peuples d'Afrique,Marcus Boni N'Piénikoua Teiga,2013,1,fre,"gb,ia",,UNKNOWN,source-unavailable
9782221090190,9782221090190,Le roman d'une victoire,Dan Franck,1999,1,fre,"gb,ia",,UNKNOWN,source-unavailable
9781259659454,9781259659454,Deux Mondes,Tracy Terrell,2015,1,,"gb,ia",ia:public,GREEN,public-surrogate
9781471129469,9781471129469,The Tears of the Rajas,Ferdinand Mount,2015,2,eng,"gb,ia",ia:public;ia:public;ia:public;ia:lending,GREEN,public-surrogate
9781471129476,9781471129476,The Tears of the Rajas,Ferdinand Mount,2015,2,eng,"gb,ia",,UNKNOWN,source-unavailable
9781432783389,9781432783389,$25 Dollar Miracle,Kevin Simpson,2012,1,eng,"gb,ia",,UNKNOWN,source-unavailable
9780070176034,9780070176034,Systems programming,John J. Donovan,1972,1,eng,"gb,ia",ia:lending,GREEN,public-surrogate
9780713466973,9780713466973,The Greenhouse Effect (Considering Conservation),Philip Neal,1991,1,eng,"gb,ia",ia:lending,GREEN,public-surrogate
9780110782065,9780110782065,Extradition (suppression of Terrorism) (amendment) Order 1987,Great Britain,1988,1,eng,"gb,ia",,UNKNOWN,source-unavailable
9781522775393,9781522775393,Autobiography of Anthony Trollope,Anthony Trollope,2015,1,eng,"gb,ia",,UNKNOWN,source-unavailable
9788496186170,9788496186170,El anillo judío y otros cuentos,José María Merino,2005,2,spa,"gb,ia",,UNKNOWN,source-unavailable
9781934542057,9781934542057,The end of literature,Richard Van Oort,2008,1,eng,"gb,ia",ia:public;ia:public;ia:lending,GREEN,public-surrogate
9780373962549,9780373962549,Historical Oct02 Ppk8,,2002,1,eng,"gb,ia",,UNKNOWN,source-unavailable
9780591308556,9780591308556,Genetic mapping and gene structure of mouse paraoxonase/arylesterase and site-directed mutagenesis of human paraoxonase/arylesterase,Robert C. Sorenson,1997,1,eng,"gb,ia",,UNKNOWN,source-unavailable
9781718070462,9781718070462,Word Attack Posters,Glavach & Associates Glavach,2018,1,,"gb,ia",,UNKNOWN,source-unavailable
9782550244325,9782550244325,Report,Commission nationale sur l'avenir du Québec,1995,1,eng,"gb,ia",,UNKNOWN,source-unavailable
9782803106455,9782803106455,Entre langue et espace,Jean-Marie Klinkenberg,2018,1,fre,"gb,ia",,UNKNOWN,source-unavailable
9788430107636,9788430107636,La vida religiosa en el proceso de liberacion,Leonardo Boff,1980,1,spa,"gb,ia",,UNKNOWN,source-unavailable
9781985422780,9781985422780,Night of the Pirates,Andrew Hartnett,2018,1,eng,"gb,ia",,UNKNOWN,source-unavailable
9780404571573,9780404571573,"The Bureau of Prohibition; Its History, Activities, and Organization",Laurence Frederick Schmeckebier,1972,1,eng,"gb,ia",,UNKNOWN,source-unavailable
9788426102638,9788426102638,DOCE CUENTOS DE LOS HERMANOS GRIMM,MARTA MATA,1981,1,,"gb,ia",,UNKNOWN,source-unavailable
9781780766898,9781780766898,The Nomads Path Travels In The Sahel,Alistair Carr,2013,1,eng,"gb,ia",,UNKNOWN,source-unavailable
9781633932968,9781633932968,Ulysses Dream,Tim White,2016,2,eng,"gb,ia",,UNKNOWN,source-unavailable
9781633932944,9781633932944,Ulysses Dream,Tim White,2016,2,eng,"gb,ia",ia:public;ia:lending,GREEN,public-surrogate
9780940178335,9780940178335,Relaxed Singing,"M. Bowser, Mrs Alistair MacLean",1997,1,eng,"gb,ia",,UNKNOWN,source-unavailable
9781531846114,9781531846114,"Quiet Life in the Country, A","T E Kinsey, Elizabeth Knowelden",2016,1,,"gb,ia",,UNKNOWN,source-unavailable
9781702804530,9781702804530,20 Andalusian Hound Selfie Milestone Challenges,Global Doggy,2019,1,eng,"gb,ia",,UNKNOWN,source-unavailable
9780823067787,9780823067787,Paper in Three Dimensions,Diane V. Maurer-Mathison,2006,1,eng,"gb,ia",ia:public;ia:public;ia:lending,GREEN,public-surrogate
9781699046296,9781699046296,Stolen Identity,Bill Foote,2019,1,eng,"gb,ia",,UNKNOWN,source-unavailable
9788974097981,9788974097981,Han'guk minjung kusul yŏlchŏn,Yŏng-su Hong,2008,1,kor,"gb,ia",,UNKNOWN,source-unavailable
9780306433955,9780306433955,Molecular Electronics,F.T. Hong,1990,2,eng,"gb,ia",,UNKNOWN,source-unavailable
9781461574842,9781461574842,Molecular Electronics,F.T. Hong,1990,2,eng,"gb,ia",,UNKNOWN,source-unavailable
9783319475172,9783319475172,The CAPRISA Clinical Trials,"Quarraisha Abdool Karim, Salim S. Abdool Karim, Cheryl Baxter",2017,2,,"gb,ia",,UNKNOWN,source-unavailable
9783319837567,9783319837567,The CAPRISA Clinical Trials,"Quarraisha Abdool Karim, Salim S. Abdool Karim, Cheryl Baxter",2017,2,,"gb,ia",,UNKNOWN,source-unavailable
9784272410248,9784272410248,Daigaku no mirai to Rinkyōshin,,1987,1,jpn,"gb,ia",,UNKNOWN,source-unavailable
9780990874782,9780990874782,To Kill A Labrador,Kassandra Lamb,2016,1,,"gb,ia",ia:lending,GREEN,public-surrogate
9781721131976,9781721131976,Jerome,Ku Ku Ku Ku Ri,2018,1,eng,"gb,ia",,UNKNOWN,source-unavailable
9781429987875,9781429987875,Sports Encyclopedia,"David S. Neft, Richard M. Cohen, Jordan A. Deutsch",1987,3,eng,"gb,ia",,UNKNOWN,source-unavailable
9781429987851,9781429987851,Sports Encyclopedia,"David S. Neft, Richard M. Cohen, Jordan A. Deutsch",1987,3,eng,"gb,ia",,UNKNOWN,source-unavailable
9780312010942,9780312010942,Sports Encyclopedia,"David S. Neft, Richard M. Cohen, Jordan A. Deutsch",1987,3,eng,"gb,ia",,UNKNOWN,source-unavailable
9787302278054,9787302278054,Fang di chan jing ji xue,"Fan Dong, Hong Ding, Feifei Tao",2012,1,chi,"gb,ia",ia:lending,GREEN,public-surrogate
9781701042087,9781701042087,Russian Tsvetnaya Bolonka 20 Selfie Milestone Challenges,Todays Doggy,2019,1,eng,"gb,ia",,UNKNOWN,source-unavailable
9781494924393,9781494924393,El Heroe Discreto : Mario Vargas LLosa : Resumen,Al Martzmill,2014,1,,"gb,ia",,UNKNOWN,source-unavailable
9781961096998,9781961096998,Chasing the Bullet,Tom Holden,2012,4,eng,"gb,ia",,UNKNOWN,source-unavailable
9781467890533,9781467890533,Chasing the Bullet,Tom Holden,2012,4,eng,"gb,ia",,UNKNOWN,source-unavailable
9781961096981,9781961096981,Chasing the Bullet,Tom Holden,2012,4,eng,"gb,ia",,UNKNOWN,source-unavailable
9781962313001,9781962313001,Chasing the Bullet,Tom Holden,2012,4,eng,"gb,ia",,UNKNOWN,source-unavailable
9781388770068,9781388770068,"De Locmiquelic à la Trinité Sur Mer , le 20 Octobre 2017",Patrick Canhan,2018,1,fre,"gb,ia",,UNKNOWN,source-unavailable
9788497865876,9788497865876,Jungle Book,Van Gool,2013,1,,"gb,ia",,UNKNOWN,source-unavailable
9781584956020,9781584956020,Valentino: Icon of Romance,Julia Ann Charpentier,2003,1,eng,"gb,ia",,UNKNOWN,source-unavailable
9781425919689,9781425919689,The Prototype,Bradford Bergam,2006,1,eng,"gb,ia",,UNKNOWN,source-unavailable
9781886440036,9781886440036,The Gift of the Gold Coin,Jane Scoggins Bauld,1999,1,eng,"gb,ia",,UNKNOWN,source-unavailable
9781794182301,9781794182301,Moon Writers,John Correll,2019,1,eng,"gb,ia",,UNKNOWN,source-unavailable
9781400400188,9781400400188,Commercial Code of Mexico,Mexico,2011,1,eng,"gb,ia",,UNKNOWN,source-unavailable
9782860140676,9782860140676,Basse Normandie,,2002,1,fre,"gb,ia",,UNKNOWN,source-unavailable
9781282695566,9781282695566,No. 1 Lost Key,Melinda Thielbar,2010,1,eng,"gb,ia",,UNKNOWN,source-unavailable
9780766157576,9780766157576,Old Charges,Herbert Poole,2003,1,eng,"gb,ia",,UNKNOWN,source-unavailable
9781306639316,9781306639316,Devaney Brothers Daniel,Sherryl Woods,2014,1,eng,"gb,ia",,UNKNOWN,source-unavailable
9780817972516,9780817972516,The fractured continent,Willard Leon Beaulac,1980,1,eng,"gb,ia",ia:public;ia:lending,GREEN,public-surrogate
9781909391253,9781909391253,"Adult Drug and Alcohol Problems, Children's Needs, Second Edition","Joy Barlow, Di Hart, Jane Powell",2016,2,eng,"gb,ia",,UNKNOWN,source-unavailable
9781909391291,9781909391291,"Adult Drug and Alcohol Problems, Children's Needs, Second Edition","Joy Barlow, Di Hart, Jane Powell",2016,2,eng,"gb,ia",,UNKNOWN,source-unavailable
9780745936499,9780745936499,Jesus,Tony Wright,1942,2,eng,"gb,ia",,UNKNOWN,source-unavailable
9780745936505,9780745936505,Jesus,Tony Wright,1942,2,eng,"gb,ia",ia:public,GREEN,public-surrogate
9781495332401,9781495332401,"Heat, Energy, and Light Bulbs! the Science of Energy Efficiency : Data and Graphs for Science Lab",M. Schottenbauer,2014,1,eng,"gb,ia",,UNKNOWN,source-unavailable
9788878533646,9788878533646,Ad ultimos usque terrarum terminos in fide propaganda,"Massimiliano Ghilardi, Gaetano Sabatini, Matteo Sanfilippo, Donatella Strangio",2014,1,ita,"gb,ia",,UNKNOWN,source-unavailable
9788878533653,9788878533653,Ad ultimos usque terrarum terminos in fide propaganda,"Massimiliano Ghilardi, Gaetano Sabatini, Matteo Sanfilippo, Donatella Strangio",2014,1,ita,"gb,ia",,UNKNOWN,source-unavailable
9783870231651,9783870231651,Die Senne,Ulrich Harteisen,2000,2,ger,"gb,ia",,UNKNOWN,source-unavailable
9789289491754,9789289491754,Equal rights in practice,,2005,1,eng,"gb,ia",,UNKNOWN,source-unavailable
9781494808198,9781494808198,Paul Verlaine,Stefan Zweig,2013,2,eng,"gb,ia",,UNKNOWN,source-unavailable
9781727793826,9781727793826,Paul Verlaine,Stefan Zweig,2013,2,eng,"gb,ia",,UNKNOWN,source-unavailable
9780798117579,9780798117579,Die een groot bruin beer,Marjorie van Heerden,1984,1,,"gb,ia",,UNKNOWN,source-unavailable
9780321022851,9780321022851,Summit,Eric Halsey,1997,1,eng,"gb,ia",,UNKNOWN,source-unavailable
9780497103620,9780497103620,"The 2005 Economic and Product Market Databook for Cotonou, Benin",,2005,1,,"gb,ia",,UNKNOWN,source-unavailable
9782895971696,9782895971696,Petits fruits nordiques,Hélène Bouchard,2011,1,fre,"gb,ia",ia:public;ia:public,GREEN,public-surrogate
9780373820894,9780373820894,The Tycoon's Virgin (Modern Love),Susan Stephens,2007,1,,"gb,ia",ia:public;ia:public,GREEN,public-surrogate
9781853481642,9781853481642,The encyclopedia of equestrian sports,,1989,1,eng,"gb,ia",ia:public,GREEN,public-surrogate
9783957470331,9783957470331,Von der Rems zum Delaware,Heidrun Irre,2016,1,ger,"gb,ia",,UNKNOWN,source-unavailable
9780062882974,9780062882974,Parkland,Dave Cullen,2019,4,eng,"gb,ia",,UNKNOWN,source-unavailable
9781982609375,9781982609375,Parkland,Dave Cullen,2019,4,eng,"gb,ia",,UNKNOWN,source-unavailable
9781787477070,9781787477070,Parkland,Dave Cullen,2019,4,eng,"gb,ia",ia:public;ia:public;ia:public,GREEN,public-surrogate
9781787477063,9781787477063,Parkland,Dave Cullen,2019,4,eng,"gb,ia",,UNKNOWN,source-unavailable
9783842488687,9783842488687,Etwas Über Shakespeares Schauspiele,Ulrich Bräker,2012,2,eng,"gb,ia",,UNKNOWN,source-unavailable
9783847244516,9783847244516,Etwas Über Shakespeares Schauspiele,Ulrich Bräker,2012,2,eng,"gb,ia",,UNKNOWN,source-unavailable
9781559383158,9781559383158,The Political sociology of the state,Richard G. Braungart,1990,1,eng,"gb,ia",ia:public;ia:lending,GREEN,public-surrogate
9789993244448,9789993244448,E-Commerce ,,2002,1,,"gb,ia",,UNKNOWN,source-unavailable
9780970491923,9780970491923,Sociology of religion,Walter A. Jensen,2015,1,eng,"gb,ia",,UNKNOWN,source-unavailable
9787506008983,9787506008983,Qing dai wen hua yu Zhe pai shi (Ri gui wen ku),Zhongmou Zhang,1997,1,cmn,"gb,ia",,UNKNOWN,source-unavailable
9781405158176,9781405158176,Handbook of veterinary communication skills,Carol Gray,2010,4,eng,"gb,ia",ia:public;ia:public;ia:lending,GREEN,public-surrogate
9781118699713,9781118699713,Handbook of veterinary communication skills,Carol Gray,2010,4,eng,"gb,ia",,UNKNOWN,source-unavailable
9781118261170,9781118261170,Handbook of veterinary communication skills,Carol Gray,2010,4,eng,"gb,ia",,UNKNOWN,source-unavailable
9781118699706,9781118699706,Handbook of veterinary communication skills,Carol Gray,2010,4,eng,"gb,ia",,UNKNOWN,source-unavailable
9780937020128,9780937020128,"Chem Sources - U. S. A., 1989 Edition",M. J. Baker,1989,1,eng,"gb,ia",,UNKNOWN,source-unavailable
9781520976297,9781520976297,Gone with the Rhyme,Yana Veyber,2017,1,eng,"gb,ia",,UNKNOWN,source-unavailable
9781603578035,9781603578035,Size,Felicia Law,2005,3,eng,"gb,ia",ia:public,GREEN,public-surrogate
9781603578110,9781603578110,Size,Felicia Law,2005,3,eng,"gb,ia",,UNKNOWN,source-unavailable
9781599537139,9781599537139,Size,Felicia Law,2005,3,eng,"gb,ia",ia:public,GREEN,public-surrogate
9781904668817,9781904668817,Size,Felicia Law,2005,3,eng,"gb,ia",ia:public;ia:public;ia:lending,GREEN,public-surrogate
9781891762345,9781891762345,"Word 98 for the Macintosh, Beginner","Kevin, A. Siegel",1998,1,,"gb,ia",,UNKNOWN,source-unavailable
9781707639311,9781707639311,Star Face,Alexa Frazer,2019,1,eng,"gb,ia",,UNKNOWN,source-unavailable
9781432766986,9781432766986,Resolving the ERP Security Headache,Hatem Mahbouli,2011,1,eng,"gb,ia",,UNKNOWN,source-unavailable
9781494427986,9781494427986,Persephone,Drew Hoffman,2014,1,eng,"gb,ia",,UNKNOWN,source-unavailable
9780748081141,9780748081141,Registration Inspection of Larkfield Family Centre,,1999,1,,"gb,ia",,UNKNOWN,source-unavailable
9781291318401,9781291318401,New Dimension,Vito Di Cosimo,2013,1,ita,"gb,ia",,UNKNOWN,source-unavailable
9780893972080,9780893972080,Developing auto-instructional materials,A. J. Romiszowski,1986,4,eng,"gb,ia",ia:lending;ia:lending,GREEN,public-surrogate
9780893972691,9780893972691,Developing auto-instructional materials,A. J. Romiszowski,1986,4,eng,"gb,ia",ia:lending;ia:lending,GREEN,public-surrogate
9781306215923,9781306215923,Developing auto-instructional materials,A. J. Romiszowski,1986,4,eng,"gb,ia",,UNKNOWN,source-unavailable
9780313365133,9780313365133,The inside stories of modern political scandals,Woody Klein,2010,1,eng,"gb,ia",ia:public;ia:public;ia:lending,GREEN,public-surrogate
9780313365140,9780313365140,The inside stories of modern political scandals,Woody Klein,2010,1,eng,"gb,ia",ia:public;ia:lending,GREEN,public-surrogate
9781647689025,9781647689025,NYSTCE English to Speakers of Other Languages - Test Taking Strategies,Jcm-Nystce Test Preparation Group,2019,1,eng,"gb,ia",,UNKNOWN,source-unavailable
9781420829099,9781420829099,Jesus According to John,Wallace S. Jungers,2005,1,eng,"gb,ia",,UNKNOWN,source-unavailable
9788431513290,9788431513290,Curso completo de cerámica,Piero Cademartori,1994,1,spa,"gb,ia",,UNKNOWN,source-unavailable
9781607505891,9781607505891,Social Limits to Growth. Security and Insecurity Aspects of Home Ownership,"N. Horsewood, P. Neuteboom",2010,1,eng,"gb,ia",,UNKNOWN,source-unavailable
9789992530672,9789992530672,El Paraguay que casi todos queremos,Carlos María Ramírez Boettner,1999,2,spa,"gb,ia",,UNKNOWN,source-unavailable
9780904066302,9780904066302,Diplomatic lightweight,"Curle, John Sir",1992,1,eng,"gb,ia",,UNKNOWN,source-unavailable
9781535147767,9781535147767,Hear Me Now,Lisa Shelene Watson,2016,1,,"gb,ia",,UNKNOWN,source-unavailable
9780404525767,9780404525767,Paris Sous Le Premier Empire (Collection De Documents Relatifs a L'histoire De Paris Pendant La Revolution Francaise),F.-A Aulard,1985,1,eng,"gb,ia",,UNKNOWN,source-unavailable
9781282143258,9781282143258,Asno Vestido de Leon,Eric Blair,2006,1,eng,"gb,ia",,UNKNOWN,source-unavailable
9781890690113,9781890690113,Opening the Door,Ed Okonowicz,2003,1,,"gb,ia",ia:public;ia:public;ia:lending,GREEN,public-surrogate
9781703656824,9781703656824,I Believe in Myself,Voloxx Studio,2019,1,eng,"gb,ia",,UNKNOWN,source-unavailable
9781543057737,9781543057737,Maxon Carter e Os Artefatos de Merlin,"Helouise de Domenico, Elton Moraes",2017,2,por,"gb,ia",,UNKNOWN,source-unavailable
9781094872032,9781094872032,Maxon Carter e Os Artefatos de Merlin,"Helouise de Domenico, Elton Moraes",2017,2,por,"gb,ia",,UNKNOWN,source-unavailable
9781312361676,9781312361676,"CONSPIRACY, TORTURE, AND BETRAYAL AT U.S. CENTRAL COMMAND",2LT Scott Bennett 11th Psychological Operations Battalion,2014,1,,"gb,ia",ia:public;ia:public,GREEN,public-surrogate
9780343375683,9780343375683,Beitrag Zur Geschichte der Stadt Villingen Mit Besonderer Beziehung Auf Die Wasserbelagerung Im J. 1634,N. Schleicher,2018,3,eng,"gb,ia",,UNKNOWN,source-unavailable
9781021574046,9781021574046,Beitrag Zur Geschichte der Stadt Villingen Mit Besonderer Beziehung Auf Die Wasserbelagerung Im J. 1634,N. Schleicher,2018,3,eng,"gb,ia",,UNKNOWN,source-unavailable
9780343375676,9780343375676,Beitrag Zur Geschichte der Stadt Villingen Mit Besonderer Beziehung Auf Die Wasserbelagerung Im J. 1634,N. Schleicher,2018,3,eng,"gb,ia",,UNKNOWN,source-unavailable
9782849481462,9782849481462,La voie (x) du martyr ?.,Barnabé Angoran Koffi,2010,1,fre,"gb,ia",,UNKNOWN,source-unavailable
9781585713172,9781585713172,Dream Runner (Indigo),Gail McFarland,2008,1,eng,"gb,ia",,UNKNOWN,source-unavailable
9780582107618,9780582107618,Lord of the Atlas - The Rise and Fall of the House of Glaoua 1893-1956,Gavin Maxwell,1966,1,,"gb,ia",,UNKNOWN,source-unavailable
9781581130089,9781581130089,Iccad 98: Iccad,IEEE Circuits and Systems Society,1998,1,eng,"gb,ia",,UNKNOWN,source-unavailable
9781522447290,9781522447290,USB7251 4-Port USB 3. 1 Gen 2 Type-C(tm) Controller Hub - Product Brief,Kathy Otruba,2019,1,eng,"gb,ia",,UNKNOWN,source-unavailable
9780946068555,9780946068555,Spirituality Today,Christian Focus Publications,1995,1,eng,"gb,ia",ia:public;ia:public;ia:lending,GREEN,public-surrogate
9780997440621,9780997440621,I Miss My Nana,"Lorrie Panzeri, Karen Martinat",2017,1,,"gb,ia",,UNKNOWN,source-unavailable
9780990340799,9780990340799,Skeleton Coast,Elizabeth Arnold,2017,1,eng,"gb,ia",,UNKNOWN,source-unavailable
9780721680002,9780721680002,Brenner and Rector's the Kidney (volume 2),,2000,1,eng,"gb,ia",ia:lending,GREEN,public-surrogate
9780824857431,9780824857431,Contemporary Sino-French Cinemas,"Michelle E. Bloom, Sheldon H. Lu",2016,5,eng,"gb,ia",,UNKNOWN,source-unavailable
9780824851583,9780824851583,Contemporary Sino-French Cinemas,"Michelle E. Bloom, Sheldon H. Lu",2016,5,eng,"gb,ia",ia:public;ia:public;ia:lending,GREEN,public-surrogate
9780824857455,9780824857455,Contemporary Sino-French Cinemas,"Michelle E. Bloom, Sheldon H. Lu",2016,5,eng,"gb,ia",,UNKNOWN,source-unavailable
9780824875114,9780824875114,Contemporary Sino-French Cinemas,"Michelle E. Bloom, Sheldon H. Lu",2016,5,eng,"gb,ia",,UNKNOWN,source-unavailable
9780824857448,9780824857448,Contemporary Sino-French Cinemas,"Michelle E. Bloom, Sheldon H. Lu",2016,5,eng,"gb,ia",,UNKNOWN,source-unavailable
9780761523376,9780761523376,Sonic Adventure,Kip Ward,1999,1,eng,"gb,ia",,UNKNOWN,source-unavailable
9780674023383,9780674023383,Evolutionary Dynamics,Martin A. Nowak,2006,2,eng,"gb,ia",ia:public;ia:public;ia:lending,GREEN,public-surrogate
9780674417748,9780674417748,Evolutionary Dynamics,Martin A. Nowak,2006,2,eng,"gb,ia",,UNKNOWN,source-unavailable
9781500758578,9781500758578,Off Line Marketing,Alan Rushing,2014,1,eng,"gb,ia",,UNKNOWN,source-unavailable
9783886601042,9783886601042,Eros und Tod im Werk von Otto Dix,Eva Karcher,1984,1,ger,"gb,ia",,UNKNOWN,source-unavailable
9780394956459,9780394956459,Big Bird in China =,Jon Stone,1983,1,eng,"gb,ia",ia:lending,GREEN,public-surrogate
9780394856452,9780394856452,Big Bird in China =,Jon Stone,1983,1,eng,"gb,ia",ia:lending,GREEN,public-surrogate
9781617928451,9781617928451,Boomer's Guide to Story,Roemer McPhee,2011,1,eng,"gb,ia",,UNKNOWN,source-unavailable
9781717812902,9781717812902,Riverboat,"Tanya Maneki, Ingo Blum",2018,1,eng,"gb,ia",,UNKNOWN,source-unavailable
9780415724203,9780415724203,Latino/a literature in the classroom,Frederick Luis Aldama,2015,1,eng,"gb,ia",,UNKNOWN,source-unavailable
9780415724210,9780415724210,Latino/a literature in the classroom,Frederick Luis Aldama,2015,1,eng,"gb,ia",,UNKNOWN,source-unavailable
9785170135929,9785170135929,Zdorovaya spina za 12 minut,L. Koneva,2005,1,rus,"gb,ia",,UNKNOWN,source-unavailable
9780750272018,9780750272018,Rivers,Ruth Thomson,2011,1,eng,"gb,ia",ia:lending,GREEN,public-surrogate
9780750265645,9780750265645,Rivers,Ruth Thomson,2011,1,eng,"gb,ia",ia:public;ia:public;ia:lending,GREEN,public-surrogate
9780764530203,9780764530203,Creating cool FrontPage web sites,Paul M. Summit,1996,1,eng,"gb,ia",ia:public,GREEN,public-surrogate
9783428112579,9783428112579,Zur Dienstleistungslücke,Frank Stille,2003,1,ger,"gb,ia",,UNKNOWN,source-unavailable
9786052268926,9786052268926,2019 YKS TYT Türkçe Yeni Nesil 10 Deneme,Rüştü Bayındır,2019,1,,"gb,ia",,UNKNOWN,source-unavailable
9781439904619,9781439904619,Abortion Rights As Religious Freedom,Peter Wenz,2010,1,eng,"gb,ia",,UNKNOWN,source-unavailable
9782204046510,9782204046510,Isaac Abravanel,Jean-Christophe Attias,1992,1,fre,"gb,ia",,UNKNOWN,source-unavailable
9788494650239,9788494650239,Será correcto?,"Concha Blanco Blanco, María Canosa Blanco, Paula Mayor Agrelo",2016,2,,"gb,ia",,UNKNOWN,source-unavailable
9788494439667,9788494439667,Será correcto?,"Concha Blanco Blanco, María Canosa Blanco, Paula Mayor Agrelo",2016,2,,"gb,ia",,UNKNOWN,source-unavailable
9782505068594,9782505068594,Ichiko et Niko - Tome 7,Lunlun Yamamoto,2017,1,,"gb,ia",,UNKNOWN,source-unavailable
9788408041528,9788408041528,Nueva York,Brandon Presser,2013,1,spa,"gb,ia",,UNKNOWN,source-unavailable
9780247644243,9780247644243,The sound of the city,William Bulman,1968,1,eng,"gb,ia",,UNKNOWN,source-unavailable
9780762552818,9780762552818,Fayetteville NC,Laura Ryder,2006,1,eng,"gb,ia",,UNKNOWN,source-unavailable
9788364857003,9788364857003,Czas bolszewika,Dariusz Magier,2014,1,pol,"gb,ia",,UNKNOWN,source-unavailable
9781910406137,9781910406137,Poems and Paintings,"Eileen Scott, Michael Scott",2015,1,eng,"gb,ia",,UNKNOWN,source-unavailable
9781567112184,9781567112184,Al Capone and the roaring twenties,"King, David C.",1999,1,eng,"gb,ia",ia:lending,GREEN,public-surrogate
9780494071274,9780494071274,Study of surface tension of pulmonary surfactant using a constrained sessile drop technique,Roya Gitiafroz,2005,1,eng,"gb,ia",,UNKNOWN,source-unavailable
9781841195131,9781841195131,20th Century Science Fiction-,David G. Hartwell,2003,1,,"gb,ia",ia:public,GREEN,public-surrogate
9780850885330,9780850885330,Dechrau dysgu,R. Maldwyn Jones,1980,1,wel,"gb,ia",,UNKNOWN,source-unavailable
9781451589009,9781451589009,Bonnie Parker,Delibia,2010,1,eng,"gb,ia",,UNKNOWN,source-unavailable
9781490481852,9781490481852,Growth,B. Beers,2013,1,eng,"gb,ia",,UNKNOWN,source-unavailable
9781306911702,9781306911702,Three,Jay Posey,2013,4,eng,"gb,ia",,UNKNOWN,source-unavailable
9780857663634,9780857663634,Three,Jay Posey,2013,4,eng,"gb,ia",ia:public;ia:public;ia:public,GREEN,public-surrogate
9781525230509,9781525230509,Three,Jay Posey,2013,4,eng,"gb,ia",,UNKNOWN,source-unavailable
9780857663627,9780857663627,Three,Jay Posey,2013,4,eng,"gb,ia",,UNKNOWN,source-unavailable
9781672339667,9781672339667,Genkouyoushi Schreibheft : Japanische Schriftzeichen Zu Lernen,Enigma,2019,1,ger,"gb,ia",,UNKNOWN,source-unavailable
9781322047539,9781322047539,Reference Guide to Medicinal Plants,"John K. Crellin, Jane Philpott",2012,1,eng,"gb,ia",,UNKNOWN,source-unavailable
9781461454212,9781461454212,Transitional Justice And Civil Society In The Balkans,Zala Vol I.,2012,1,eng,"gb,ia",,UNKNOWN,source-unavailable
9781412020244,9781412020244,Growing On Your Way to Heaven! Getting Started In Your Christian Life,Dr. Norman P. Anderson,2006,1,eng,"gb,ia",ia:public;ia:public;ia:public;ia:lending,GREEN,public-surrogate
9780110671291,9780110671291,Act of Sederunt (shorthand Writers' Fees) 1986,Great Britain,1986,1,eng,"gb,ia",,UNKNOWN,source-unavailable
9788375061185,9788375061185,Adieu,Jan Grzegorczyk,2003,3,eng,"gb,ia",ia:lending;ia:public;ia:public,GREEN,public-surrogate
9788370334581,9788370334581,Adieu,Jan Grzegorczyk,2003,3,eng,"gb,ia",ia:lending;ia:public;ia:public,GREEN,public-surrogate
9781484479025,9781484479025,Invasion of the Space Phantoms,"Steve Behling, Khoi Pham, Chris Sotomayor, Ron Lim, Richard Isanove",2016,1,eng,"gb,ia",,UNKNOWN,source-unavailable
9781713486091,9781713486091,Shooting Log Data Book,Inigo Creations,2019,1,eng,"gb,ia",,UNKNOWN,source-unavailable
9781562612573,9781562612573,The Pacific Northwest Travel-Smart Trip Planner (1st ed),Richard Harris,1996,1,eng,"gb,ia",ia:lending,GREEN,public-surrogate
9789991471884,9789991471884,Work at Home Riches,Collins,1988,1,,"gb,ia",,UNKNOWN,source-unavailable
9781703281446,9781703281446,Skyscrapers Puzzle Books - 400 Easy to Master Puzzles 8x8 (Volume 3),"Dart Veider, Dmytro Khomiak",2019,1,eng,"gb,ia",,UNKNOWN,source-unavailable
9780674007314,9780674007314,History's memory,Ellen F. Fitzpatrick,2002,1,eng,"gb,ia",ia:public;ia:public,GREEN,public-surrogate
9780871912060,9780871912060,Bird seed & lightning,Norman Borisoff,1972,1,eng,"gb,ia",,UNKNOWN,source-unavailable
9787535711489,9787535711489,Hunan sheng zhi,,1992,2,chi,"gb,ia",,UNKNOWN,source-unavailable
9780557242603,9780557242603,Oak and Oak Branch Communities,William Abbott,2010,1,eng,"gb,ia",,UNKNOWN,source-unavailable
9787308187794,9787308187794,"早期中国的食物, 祭祀和圣贤","Roel Sterckx, 劉鋒",2018,1,chi,"gb,ia",,UNKNOWN,source-unavailable
9780224098472,9780224098472,The Druknen Coobkook,Milton Crawford,2013,1,,"gb,ia",ia:public;ia:public;ia:public;ia:lending,GREEN,public-surrogate
9789814208833,9789814208833,"Primary Mathematics Challenging Word Problems, Level 4",Joseph D. Lee,2005,1,,"gb,ia",ia:public,GREEN,public-surrogate
9781480086227,9781480086227,College Sailing Made Easy Flash Cards,Philip Freedman,2012,1,eng,"gb,ia",,UNKNOWN,source-unavailable
9789989676444,9789989676444,Dimo Todorovski,Boris Petkovski,1997,1,mac,"gb,ia",,UNKNOWN,source-unavailable
9781440493256,9781440493256,Tween Heroes,Natalie Christine,2010,1,eng,"gb,ia",,UNKNOWN,source-unavailable
9788499800769,9788499800769,"Què, quan i com ensenyar les competències bàsiques a primària","Pep Alsina Masmitjà, Roser Canals Cabau, Reyes Carretero Torres, Marta Fuentes Agustí, Rosa M. Guitart Aced, Joan Pagès Blanch, Eulàlia París Pujol, Miquel Àngel Prats Fernández, Antoni Zabala Vidiella",2011,1,,"gb,ia",,UNKNOWN,source-unavailable
9783318006223,9783318006223,Prions,"H. F. Rabenau, J. Cinatl, Hans W. Doerr, H. Herwald, A. Schmidt",2000,2,eng,"gb,ia",,UNKNOWN,source-unavailable
9783805576567,9783805576567,Prions,"H. F. Rabenau, J. Cinatl, Hans W. Doerr, H. Herwald, A. Schmidt",2000,2,eng,"gb,ia",,UNKNOWN,source-unavailable
9788374489003,9788374489003,A jak anakonda,,2007,1,,"gb,ia",,UNKNOWN,source-unavailable
9781444103687,9781444103687,"Take Control of Your Menopause
            
                Teach Yourself",Janet Wright,2010,1,,"gb,ia",ia:public;ia:public;ia:public;ia:lending,GREEN,public-surrogate
9788820505554,9788820505554,L' esistenzialismo,Fausta Drago Rivera,1987,1,ita,"gb,ia",,UNKNOWN,source-unavailable
9781070480930,9781070480930,Survival Hacks,Douglas Hardwick,2019,2,eng,"gb,ia",,UNKNOWN,source-unavailable
9781098820299,9781098820299,Survival Hacks,Douglas Hardwick,2019,2,eng,"gb,ia",,UNKNOWN,source-unavailable
9780829727760,9780829727760,"NVI/NIV Biblia Bilingüe, Piel, Índice",Zondervan Publishing Company,2000,1,spa,"gb,ia",,UNKNOWN,source-unavailable
9782710306764,9782710306764,Banlieue mon amour,Jean de Boishue,1995,1,fre,"gb,ia",,UNKNOWN,source-unavailable
9780521893459,9780521893459,English as a Second Language IGCSE Workbook (Cambridge International Examinations),Peter Lucantoni,2005,1,eng,"gb,ia",,UNKNOWN,source-unavailable
9780310328148,9780310328148,The mulligan,Kenneth H. Blanchard,2010,1,eng,"gb,ia",ia:public;ia:public,GREEN,public-surrogate
9781798690420,9781798690420,"Harry Potter Word Search - the Unofficial Puzzle Book with Hundreds of Magical Words to Increase Your Knowledge on Hogwarts, Spells, Charms, Hexes, Facts and Trivia",Michael Fry,2019,1,eng,"gb,ia",,UNKNOWN,source-unavailable
9781094691817,9781094691817,"Nur zur Info : Ich bin Dachdecker. Also egal was du versuchst, du ziehst immer den Kürzeren Notizbuch",Dachdecker Beruf,2019,1,,"gb,ia",,UNKNOWN,source-unavailable
9780809229628,9780809229628,The runner's book of daily inspiration,Kevin Nelson,1999,1,eng,"gb,ia",ia:public;ia:lending;ia:lending,GREEN,public-surrogate
9789788024743,9789788024743,Cracks in the wall,J. A. Olowofila,2004,1,eng,"gb,ia",,UNKNOWN,source-unavailable
9785832006239,9785832006239,I͡A︡nan gelinler,Tirkish Jumageldiev,1991,1,tuk,"gb,ia",,UNKNOWN,source-unavailable
9781405317566,9781405317566,Your questions answered,Renata L. Riha,2007,1,eng,"gb,ia",ia:public;ia:public;ia:lending,GREEN,public-surrogate
9789681315504,9789681315504,nacimiento del niño Pastorelas mexicanas,Armando de María y Campos,1985,1,spa,"gb,ia",ia:public;ia:public,GREEN,public-surrogate
9783518126042,9783518126042,fahrtenschreiber,José F. A. Oliver,2010,1,ger,"gb,ia",,UNKNOWN,source-unavailable
9788487369360,9788487369360,Ao modo da Flandres,"Bernardo José García García, Fernando Grilo",2005,1,por,"gb,ia",,UNKNOWN,source-unavailable
9786001920615,9786001920615,حافظ پریشان,"فرامرزی,مسیح ا...",2011,1,per,"gb,ia",,UNKNOWN,source-unavailable
9780866050944,9780866050944,Resurrection growth guide (The Josh McDowell truth-alive series),Josh McDowell,1982,1,,"gb,ia",ia:public;ia:public,GREEN,public-surrogate
9789985851753,9789985851753,Väljendiraamat,A. Õim,1998,1,est,"gb,ia",,UNKNOWN,source-unavailable
9782266017923,9782266017923,La proie du chat,Patricia Highsmith,1981,3,fre,"gb,ia",,UNKNOWN,source-unavailable
9782702104095,9782702104095,La proie du chat,Patricia Highsmith,1981,3,fre,"gb,ia",ia:public,GREEN,public-surrogate
9782253033202,9782253033202,La proie du chat,Patricia Highsmith,1981,3,fre,"gb,ia",ia:public;ia:public;ia:lending,GREEN,public-surrogate
9788856838589,9788856838589,"Etica, eugenica e futuro della specie umana",Mariano Bianca,2011,1,ita,"gb,ia",,UNKNOWN,source-unavailable
9780765318312,9780765318312,The shroud,Harold Robbins,2009,1,eng,"gb,ia",ia:public;ia:public;ia:lending,GREEN,public-surrogate
9781539500254,9781539500254,MEGA 050 Mild/Moderate Cross Categorical Special Education,Preparing America Staff,2016,1,eng,"gb,ia",,UNKNOWN,source-unavailable
9781842710074,9781842710074,Hospital Supplies,,1999,1,,"gb,ia",,UNKNOWN,source-unavailable
9789708101004,9789708101004,La sociedad Novohispana,Estela Roselló,2007,1,spa,"gb,ia",ia:public;ia:public;ia:lending,GREEN,public-surrogate
9789548568067,9789548568067,Kliment Okhridski,Vasi͡a Velinova,1995,1,bul,"gb,ia",,UNKNOWN,source-unavailable
9782709611176,9782709611176,Le rêve de jade,Robert Boulanger,1992,1,fre,"gb,ia",,UNKNOWN,source-unavailable
9783110398427,9783110398427,Betriebswirtschaftslehre Auf Den Punkt Gebracht,"Andreas PreiÃ?ner, Andreas Preißner",2017,3,ger,"gb,ia",,UNKNOWN,source-unavailable
9783486590234,9783486590234,Betriebswirtschaftslehre Auf Den Punkt Gebracht,"Andreas PreiÃ?ner, Andreas Preißner",2017,3,ger,"gb,ia",,UNKNOWN,source-unavailable
9783486779097,9783486779097,Betriebswirtschaftslehre Auf Den Punkt Gebracht,"Andreas PreiÃ?ner, Andreas Preißner",2017,3,ger,"gb,ia",,UNKNOWN,source-unavailable
9782110851246,9782110851246,"Nungesser & Coli disparaissent à bord de l'Oiseau blanc, mai 1927",Clément-Pascal Meunier,1984,1,fre,"gb,ia",,UNKNOWN,source-unavailable
9780865935617,9780865935617,"Cargo Ships (Cooper, Jason, Boats.)",Jason Cooper,1999,1,eng,"gb,ia",ia:public;ia:lending,GREEN,public-surrogate
9781870979474,9781870979474,VW Bus Custom Handbook,Laurence Meredith,1994,1,eng,"gb,ia",ia:public,GREEN,public-surrogate
9786055577773,9786055577773,Kayip Sehir,Gulsen Gazel,2011,1,,"gb,ia",,UNKNOWN,source-unavailable
9785898710248,9785898710248,Lidery rossiĭskoĭ vlasti i oppozit︠s︡ii,"S. A. Kislit︠s︡yn, A. V. Parshin",2001,1,rus,"gb,ia",,UNKNOWN,source-unavailable
9781505441611,9781505441611,Bibzi y Clown Mae'r Cylch Syrcas,A. A. Bort,2014,1,wel,"gb,ia",,UNKNOWN,source-unavailable
9780772708304,9780772708304,Darfur and Afghanistan,David S. Wright,2006,1,eng,"gb,ia",,UNKNOWN,source-unavailable
9781782850403,9781782850403,"Barefoot Books Motherbridge of Love, Red, Blue, Green, Brown","Xinran, Josée Masse",2013,1,,"gb,ia",ia:public;ia:public;ia:public,GREEN,public-surrogate
9780557981243,9780557981243,Den Alltag Aus der Tiefe Leben,Anne L. Petersen,2011,1,eng,"gb,ia",,UNKNOWN,source-unavailable
9781773225210,9781773225210,Azmat al-tanwīr al-ʻIrāqī,Falāḥ Raḥīm,2018,1,ara,"gb,ia",,UNKNOWN,source-unavailable
9789529121021,9789529121021,Reidar Särestöniemen maailma,Juha Ilvas,2000,1,fin,"gb,ia",,UNKNOWN,source-unavailable
9781640284258,9781640284258,Miracles of Simple People,Tabor Hermon,2017,1,eng,"gb,ia",ia:public,GREEN,public-surrogate
9781420843125,9781420843125,Prescription,John L. Evans,2005,1,eng,"gb,ia",,UNKNOWN,source-unavailable
9781900463881,9781900463881,Memories of Cambridge,,1999,1,,"gb,ia",ia:public;ia:public;ia:public;ia:lending,GREEN,public-surrogate
9781413794144,9781413794144,The Santa Fe Daily Ledger Publisher,Wayne C. Vann,2006,1,eng,"gb,ia",,UNKNOWN,source-unavailable
9788480048095,9788480048095,Los impactos del turismo en Kuna Yala,"Xerardo Pereiro Pérez, Cebaldo de León Inawinapi",2007,1,,"gb,ia",,UNKNOWN,source-unavailable
9780557493401,9780557493401,Keystrokes in g Minor,Arunabh Das,2010,1,eng,"gb,ia",,UNKNOWN,source-unavailable
9781982999827,9781982999827,near Wheeler,Nancy Lindley-Gauthier,2018,1,eng,"gb,ia",ia:public;ia:public,GREEN,public-surrogate
9781853833700,9781853833700,The British electricity experiment,John Surrey,1996,2,eng,"gb,ia",ia:public;ia:lending;ia:public,GREEN,public-surrogate
9781306115933,9781306115933,The British electricity experiment,John Surrey,1996,2,eng,"gb,ia",,UNKNOWN,source-unavailable
9781478166870,9781478166870,Sun Burst Orange,Janet Corbin,2012,1,,"gb,ia",ia:public;ia:public,GREEN,public-surrogate
9783631371565,9783631371565,Auflösen und herstellen,Ina-Gabriele Dahlem,2001,1,ger,"gb,ia",,UNKNOWN,source-unavailable
9780102972245,9780102972245,Queen Elizabeth II Conference Centre 2010-2011 annual report and Accounts,Queen Elizabeth II Conference Centre,2011,1,eng,"gb,ia",,UNKNOWN,source-unavailable
9780967205717,9780967205717,"Hot Mama, Cold Pizza",Shawn Mason,2019,1,eng,"gb,ia",,UNKNOWN,source-unavailable
9780131129467,9780131129467,Canadianpublic administration,Robert F. Adie,1982,1,eng,"gb,ia",ia:public;ia:public;ia:lending,GREEN,public-surrogate
9789742773854,9789742773854,Sārānukrom samunphrai,Wutthi Wutthithammawēt,1997,1,tha,"gb,ia",,UNKNOWN,source-unavailable
9781077343962,9781077343962,Kritzelbuch Von Ashley,Kleine Künstler Publikationen,2019,1,ger,"gb,ia",,UNKNOWN,source-unavailable
9781480153998,9781480153998,39 Steps,John Buchan,2012,1,eng,"gb,ia",,UNKNOWN,source-unavailable
9780786481736,9780786481736,Women at war,Rosemarie Skaine,1999,2,eng,"gb,ia",,UNKNOWN,source-unavailable
9780786405701,9780786405701,Women at war,Rosemarie Skaine,1999,2,eng,"gb,ia",ia:public;ia:lending,GREEN,public-surrogate
9780891894704,9780891894704,Quality systems for the laboratory,Lucia Berte,2000,1,eng,"gb,ia",ia:public;ia:public,GREEN,public-surrogate
9780756649807,9780756649807,The illustrated encyclopedia of extraordinary automobiles,Giles Chapman,2009,1,eng,"gb,ia",ia:public;ia:public,GREEN,public-surrogate
9781405336956,9781405336956,The illustrated encyclopedia of extraordinary automobiles,Giles Chapman,2009,1,eng,"gb,ia",ia:public;ia:lending,GREEN,public-surrogate
9783402118924,9783402118924,Verkörpert existieren,"Patricia Wallusch, Heinrich Watzka",2015,1,eng,"gb,ia",,UNKNOWN,source-unavailable
9781515361718,9781515361718,Fastest Way to Lose Weight,Fia Furmont,2015,1,eng,"gb,ia",,UNKNOWN,source-unavailable
9789975501361,9789975501361,"""Tradiţie şi inovare în cercetarea ştiinţifică"", colloquia professorum (4 ; 2013 ; Bălţi). Tradiţie şi inovare în cercetarea ştiinţifică, Ediţia a 4-a","Univ. de Stat ""Alecu Russo"" din Bălţi",2014,1,rum,"gb,ia",,UNKNOWN,source-unavailable
9780916733001,9780916733001,New Pair of Glasses,Chuck C.,1986,1,eng,"gb,ia",ia:lending,GREEN,public-surrogate
9780023692901,9780023692901,"Student workbook for Business law, text and cases",Burt A. Leete,1978,1,eng,"gb,ia",ia:lending,GREEN,public-surrogate
9783849810504,9783849810504,Weltbezwinger,Stephan Baumgartner,2015,1,ger,"gb,ia",,UNKNOWN,source-unavailable
9781975783013,9781975783013,Make Me Brave,Mandy Fender,2018,1,,"gb,ia",,UNKNOWN,source-unavailable
9789540701479,9789540701479,Drugoto ime na modernii͡a teatŭr,Kamelii͡a Nikolova,1995,1,bul,"gb,ia",,UNKNOWN,source-unavailable
9780003136579,9780003136579,Biswas Has a Hump,"Vayu Naidu., David Griffiths",1991,1,,"gb,ia",,UNKNOWN,source-unavailable
9781108628587,9781108628587,Fourth Reich,Gavriel D. Rosenfeld,2019,2,eng,"gb,ia",,UNKNOWN,source-unavailable
9781108497497,9781108497497,Fourth Reich,Gavriel D. Rosenfeld,2019,2,eng,"gb,ia",,UNKNOWN,source-unavailable
9781979779258,9781979779258,Status of Drought Conditions Throughout the Western United States and Actions States and Others Are Taking to Address Them,"United States United States Congress, United States Senate, Committee on Energy and Natural Resources",2017,1,eng,"gb,ia",,UNKNOWN,source-unavailable
9787801651020,9787801651020,中国海关报关使用手册,China. 海关总署. 政策法規司,2001,1,chi,"gb,ia",,UNKNOWN,source-unavailable
9787801650139,9787801650139,中国海关报关使用手册,China. 海关总署. 政策法規司,2001,1,chi,"gb,ia",,UNKNOWN,source-unavailable
9787801651501,9787801651501,中国海关报关使用手册,China. 海关总署. 政策法規司,2001,1,chi,"gb,ia",,UNKNOWN,source-unavailable
9787801652478,9787801652478,中国海关报关使用手册,China. 海关总署. 政策法規司,2001,1,chi,"gb,ia",,UNKNOWN,source-unavailable
9780387089218,9780387089218,Mathematical foundations of computer science 1978,Symposium on Mathematical Foundations of Computer Science (7th 1978 Zakopane),1978,1,eng,"gb,ia",ia:lending,GREEN,public-surrogate
9781506446400,9781506446400,Luther's Wittenberg World,Robert Kolb,2018,1,eng,"gb,ia",,UNKNOWN,source-unavailable
9784000286305,9784000286305,Kore mo Nihongo aru ka?,Satoshi Kinsui,2014,1,jpn,"gb,ia",,UNKNOWN,source-unavailable
9780340196922,9780340196922,"Bart's mornings, and other tales of modern Brazil","Hastings, Michael",1975,1,eng,"gb,ia",,UNKNOWN,source-unavailable
9789811203572,9789811203572,"Application of Omics, AI and Blockchain in Bioinformatics Research","Jeffrey J. P. Tsai, Ka-Lok Ng",2019,1,eng,"gb,ia",,UNKNOWN,source-unavailable
9788496981201,9788496981201,Resiliencia,"Jordi Grané, Anna Forés",2008,1,spa,"gb,ia",ia:public;ia:public;ia:lending,GREEN,public-surrogate
9789974363595,9789974363595,Donación Raúl Javiel Cabrera,"Raúl Javiel Cabrera, Sergio Mautone, Enrique Aguerre, Thiago Rocca, Pablo Bielli",2018,1,spa,"gb,ia",,UNKNOWN,source-unavailable
9783642913488,9783642913488,Abwehrfermente,E. Abderhalden,1914,2,ger,"gb,ia",,UNKNOWN,source-unavailable
9783642894923,9783642894923,Abwehrfermente,E. Abderhalden,1914,2,ger,"gb,ia",,UNKNOWN,source-unavailable
9781434245892,9781434245892,Rainforest rescue,"Jan Burchett, Sara Vogler",2012,6,eng,"gb,ia",,UNKNOWN,source-unavailable
9781434297532,9781434297532,Rainforest rescue,"Jan Burchett, Sara Vogler",2012,6,eng,"gb,ia",,UNKNOWN,source-unavailable
9781434259929,9781434259929,Rainforest rescue,"Jan Burchett, Sara Vogler",2012,6,eng,"gb,ia",,UNKNOWN,source-unavailable
9781434245953,9781434245953,Rainforest rescue,"Jan Burchett, Sara Vogler",2012,6,eng,"gb,ia",ia:public;ia:lending,GREEN,public-surrogate
9781434237682,9781434237682,Rainforest rescue,"Jan Burchett, Sara Vogler",2012,6,eng,"gb,ia",ia:lending,GREEN,public-surrogate
9781434290557,9781434290557,Rainforest rescue,"Jan Burchett, Sara Vogler",2012,6,eng,"gb,ia",ia:public;ia:public;ia:public,GREEN,public-surrogate
9786008811879,9786008811879,رقص درمجلس عاشقان / نگاهی به زندگی واندیشه های حلاج,Murtiẓ̤ā Kīyāmarzī,2019,1,per,"gb,ia",,UNKNOWN,source-unavailable
9783926419033,9783926419033,OLLANNER VERTELLN,,1994,1,,"gb,ia",ia:public;ia:lending,GREEN,public-surrogate
9780801608827,9780801608827,Microsurgical composite tissue transplantation,,1979,1,eng,"gb,ia",ia:public;ia:public;ia:lending,GREEN,public-surrogate
9780665397257,9780665397257,"Clearing sale prior to removing, to those extensive and central premises situated on the south-west corner of King and Church Streets, recently occupied by Messrs. Wm. Ross & Co., and in order to open out in these premises on the 1st October next with an entirely new stock of goods, William Mitchell will during the next two weeks offer the whole of his present stock at greatly reduced prices, 134 King Street East, Toronto, September 9, 1868",,1983,2,eng,"gb,ia",,UNKNOWN,source-unavailable
9780312011918,9780312011918,"Romance, language, and education in Jane Austen's novels",Laura Mooneyham White,1988,2,eng,"gb,ia",ia:lending,GREEN,public-surrogate
9780333434321,9780333434321,"Romance, language, and education in Jane Austen's novels",Laura Mooneyham White,1988,2,eng,"gb,ia",ia:public;ia:public;ia:lending,GREEN,public-surrogate
9781119552437,9781119552437,Leap of Your Life,Tommy Baker,2019,3,eng,"gb,ia",,UNKNOWN,source-unavailable
9781119552536,9781119552536,Leap of Your Life,Tommy Baker,2019,3,eng,"gb,ia",ia:public,GREEN,public-surrogate
9781119552529,9781119552529,Leap of Your Life,Tommy Baker,2019,3,eng,"gb,ia",,UNKNOWN,source-unavailable
9781425121839,9781425121839,31 Days In A Campervan Trolling Around New Zealand,Jacqui Buckley,2007,1,,"gb,ia",,UNKNOWN,source-unavailable
9781418156534,9781418156534,A new digest of the acts and deliverances of the General assembly of the Presbyterian church in the United States of America. Comp. by the order and authority ... the General assembly. By Rev. Wm. E. Moore,Presbyterian Church in the U.S.A. Genera,2001,1,eng,"gb,ia",,UNKNOWN,source-unavailable
9780198796909,9780198796909,Oxford Handbook of Descartes and Cartesianism,"Steven Nadler, Tad M. Schmaltz, Delphine Antoine-Mahut",2019,1,eng,"gb,ia",,UNKNOWN,source-unavailable
9788434832633,9788434832633,Las tormentas,,1990,1,,"gb,ia",ia:public,GREEN,public-surrogate
9783125350120,9783125350120,"nap!, Ausgabe Bayern, Tl. 2 Unit 5-8 und Extra reading, 1 Audio-CD",,1999,1,,"gb,ia",,UNKNOWN,source-unavailable
9788487575815,9788487575815,Laza o entroido enxebre,XESUS BLANCO CONDE,2000,1,,"gb,ia",,UNKNOWN,source-unavailable
9780688132064,9780688132064,The portable scatalog,John Gregory Bourke,1994,1,eng,"gb,ia",ia:public;ia:public,GREEN,public-surrogate
9780007132188,9780007132188,Comprehension Introductory Book (Focus on Comprehension S),John Jackman,2002,1,,"gb,ia",ia:public;ia:lending,GREEN,public-surrogate
9780531002766,9780531002766,Science and Common Sense,James B. Conant,1951,3,eng,"gb,ia",,UNKNOWN,source-unavailable
9788835033226,9788835033226,Il Concilio vaticano II tra speranza e realtà,Giacomo Canobbio,2013,1,ita,"gb,ia",,UNKNOWN,source-unavailable
9788433025517,9788433025517,Mindfulness en la práctica clínica,"Mª Teresa Miró Barrachina, Vicente Simón Pérez",2013,1,,"gb,ia",,UNKNOWN,source-unavailable
9781859028162,9781859028162,Finders keepers,Pamela Cockerill,2000,1,eng,"gb,ia",ia:public;ia:public;ia:public;ia:lending,GREEN,public-surrogate
9788131945377,9788131945377,Visit To The Hospital,,2019,1,,"gb,ia",,UNKNOWN,source-unavailable
9780857843739,9780857843739,Transforming Economic Life,"Robertson, James, Herbert Girardet",2015,2,eng,"gb,ia",,UNKNOWN,source-unavailable
9780857843746,9780857843746,Transforming Economic Life,"Robertson, James, Herbert Girardet",2015,2,eng,"gb,ia",,UNKNOWN,source-unavailable
9780080443003,9780080443003,Sedimentary processes,"Carroll, J.",2003,1,eng,"gb,ia",ia:public;ia:lending,GREEN,public-surrogate
9788413108254,9788413108254,Diplomat/ada sanitari/ària en infermeria. Institut Català de la Salut . Simulacres d'examen,AA.VV.,2018,1,,"gb,ia",,UNKNOWN,source-unavailable
9785980910181,9785980910181,IV Paskhalʹnye chtenii︠a︡,Konferent︠s︡iĭ MPGU (2006 Moskva),2007,1,rus,"gb,ia",,UNKNOWN,source-unavailable
9780226573175,9780226573175,Last Four Lives of Annie Besant,Arthur H. Nethercot,1963,1,eng,"gb,ia",ia:public;ia:public;ia:public,GREEN,public-surrogate
9780794515034,9780794515034,Fox on a Box,Phil Roxbee Cox,2006,1,eng,"gb,ia",ia:lending,GREEN,public-surrogate
9780998153827,9780998153827,Ritual Abuse - Winter,Dr. Lynda L. Irons,2018,1,,"gb,ia",,UNKNOWN,source-unavailable
9781425951702,9781425951702,Sight-Reading,Susan W. Hinkle,2006,1,eng,"gb,ia",ia:public;ia:lending,GREEN,public-surrogate
9780835234238,9780835234238,American Book Trade Directory 1994-95,Reed Reference Publishing,1994,1,eng,"gb,ia",,UNKNOWN,source-unavailable
9780762465040,9780762465040,Lizzy and the Good Luck Girl,Susan Lubner,2018,3,eng,"gb,ia",,UNKNOWN,source-unavailable
9780762465026,9780762465026,Lizzy and the Good Luck Girl,Susan Lubner,2018,3,eng,"gb,ia",ia:public;ia:public;ia:public;ia:public,GREEN,public-surrogate
9798855079739,9798855079739,Lizzy and the Good Luck Girl,Susan Lubner,2018,3,eng,"gb,ia",,UNKNOWN,source-unavailable
9781593332631,9781593332631,The Histories Of Rabban Hormizd The Persian And Rabban Bar-idta,E. A. Wallis Budge,2003,1,eng,"gb,ia",,UNKNOWN,source-unavailable
9781519511119,9781519511119,Sally's Book Of Sudoku,Clarity Media,2015,1,,"gb,ia",,UNKNOWN,source-unavailable
9780850525373,9780850525373,Summon up the blood,J. A. Womack,1997,1,eng,"gb,ia",ia:public;ia:lending,GREEN,public-surrogate
9780792387442,9780792387442,Signalling in the Liver,D. Haussinger,1998,1,eng,"gb,ia",,UNKNOWN,source-unavailable
9784408102269,9784408102269,Nihon sakasa megane,"Kamata, Satoshi",1996,1,jpn,"gb,ia",,UNKNOWN,source-unavailable
9782890922129,9782890922129,Un 1er bol de bouillon de poulet pour l'âme,"Jack Canfield, Mark Victor Hansen",1997,1,fre,"gb,ia",ia:public;ia:public;ia:lending,GREEN,public-surrogate
9780025834705,9780025834705,Dictionary of the Bible Reprint,Mckenzie,1965,2,eng,"gb,ia",,UNKNOWN,source-unavailable
9782831517841,9782831517841,The Berlitz 1993 Travellers Guide to Germany (Berlitz Traveller's Guide to Germany),Alan Tucker,1993,1,eng,"gb,ia",ia:public;ia:lending;ia:public,GREEN,public-surrogate
9780887344688,9780887344688,When Bogart was,Sean Michael Rice,2004,1,eng,"gb,ia",,UNKNOWN,source-unavailable
9785981802959,9785981802959,Po stranit︠s︡am dnevnika I︠A︡na Shembeka,I︠A︡. I︠A︡ Grishin,2006,1,rus,"gb,ia",,UNKNOWN,source-unavailable
9785910761388,9785910761388,Русские Перми,"M. S. Kamenskikh, A. V. Chernykh, I. A. Podi͡ukov",2015,1,rus,"gb,ia",,UNKNOWN,source-unavailable
9781696702003,9781696702003,Sushi,Electric Blue Bee Bop Publishing,2019,1,eng,"gb,ia",,UNKNOWN,source-unavailable
9782921585637,9782921585637,DESMARAIS Longing and Belonging,,2003,1,eng,"gb,ia",,UNKNOWN,source-unavailable
9781118432143,9781118432143,Expert Report Writing In Toxicology Forensic Scientific And Legal Aspects,Michael D. Coleman,2014,1,,"gb,ia",ia:public,GREEN,public-surrogate
9789867726186,9789867726186,Shi ju ABC rang ni you bian quan qiu,YU ling Ed Zhang,2003,1,chi,"gb,ia",,UNKNOWN,source-unavailable
9782010040856,9782010040856,101 réponses sur les régimes,Arlette Mossé,1978,1,fre,"gb,ia",,UNKNOWN,source-unavailable
9781432933784,9781432933784,Sort it out,Claire Throp,2009,1,eng,"gb,ia",ia:lending,GREEN,public-surrogate
9781432933722,9781432933722,Sort it out,Claire Throp,2009,1,eng,"gb,ia",ia:public;ia:public,GREEN,public-surrogate
9788403517608,9788403517608,Poemas para infancias mal curadas,,2017,1,,"gb,ia",,UNKNOWN,source-unavailable
9781740241809,9781740241809,Coronary angioplasty in Australia 1999,Joanne Davies,2002,1,eng,"gb,ia",,UNKNOWN,source-unavailable
9780700715152,9780700715152,Judaising Movements,Tudor Parfitt,2002,2,eng,"gb,ia",,UNKNOWN,source-unavailable
9789055798773,9789055798773,"Rombertus, de rode reiger",Willem Bek,2010,1,dut,"gb,ia",ia:public;ia:lending,GREEN,public-surrogate
9782880375232,9782880375232,Ice in every carriage,"Henderson, Michael",2010,1,eng,"gb,ia",ia:public;ia:public,GREEN,public-surrogate
9782880375249,9782880375249,Ice in every carriage,"Henderson, Michael",2010,1,eng,"gb,ia",,UNKNOWN,source-unavailable
9788660471996,9788660471996,Proza duše,Jasmina Ahmetagić,2016,1,srp,"gb,ia",,UNKNOWN,source-unavailable
9781497305755,9781497305755,Monster,Francette Phal,2014,1,eng,"gb,ia",ia:public;ia:lending,GREEN,public-surrogate
9780843135657,9780843135657,Box o'Fun Nature,Jennifer Walsh McIntosh,1993,1,eng,"gb,ia",,UNKNOWN,source-unavailable
9781731518538,9781731518538,Satan's Song,Billy Ray Chitwood,2018,2,eng,"gb,ia",,UNKNOWN,source-unavailable
9780412026911,9780412026911,Molecular Biology of Cancer Genes,,1990,1,,"gb,ia",,UNKNOWN,source-unavailable
9785270002312,9785270002312,Skulastye muzy I͡A︡mala,Nikolaĭ Shamsutdinov,1988,1,rus,"gb,ia",,UNKNOWN,source-unavailable
9782846732222,9782846732222,Les Français à Ypres,"Yves Buffetaut, Jean Restayn",2015,1,fre,"gb,ia",,UNKNOWN,source-unavailable
9781514641590,9781514641590,Grow Your Business with Cold Emails,Jeremy Chatelaine,2015,1,eng,"gb,ia",,UNKNOWN,source-unavailable
9781587286513,9781587286513,Atlas (Picture Reference),Mel Pickering,2000,2,eng,"gb,ia",ia:public;ia:public,GREEN,public-surrogate
9781587286551,9781587286551,Atlas (Picture Reference),Mel Pickering,2000,2,eng,"gb,ia",ia:public;ia:public,GREEN,public-surrogate
9780880622462,9780880622462,Classic Curriculum Arithmetic Workbook Series 4 - Book 3,Rudolph Moore; Betty Moore,1989,1,eng,"gb,ia",,UNKNOWN,source-unavailable
9781935236719,9781935236719,Power of the U'tanse (U'tanse Branch of the Project Saga Book 4),Henry Melton,2017,1,,"gb,ia",,UNKNOWN,source-unavailable
9781989682128,9781989682128,Self Development : Lucid Dreaming,Louise Gilbert,2019,1,eng,"gb,ia",,UNKNOWN,source-unavailable
9780833034205,9780833034205,Evaluating the feasibility of developing national outcomes data bases to assist patients with making treatment decisions,Cheryl Damberg,2003,1,eng,"gb,ia",ia:public,GREEN,public-surrogate
9781434246585,9781434246585,Lissa on the Sidelines,"Liz Adams, Jen Jones",2012,2,eng,"gb,ia",,UNKNOWN,source-unavailable
9781434283405,9781434283405,Lissa on the Sidelines,"Liz Adams, Jen Jones",2012,2,eng,"gb,ia",,UNKNOWN,source-unavailable
9780900834462,9780900834462,Greek Scholarship in Spain and Latin America,James Kleon DEMETRIUS,1965,1,,"gb,ia",,UNKNOWN,source-unavailable
9783827411716,9783827411716,Biologie in Zahlen: Eine Datensammlung in Tabellen mit über 10000 Einzelwerten (German Edition),Rainer Flindt,2003,1,,"gb,ia",ia:lending,GREEN,public-surrogate
9781515259565,9781515259565,Seth,Frances Hodgson Burnett,2015,1,eng,"gb,ia",,UNKNOWN,source-unavailable
9780665005671,9780665005671,Discours de l'Hon. M. Chapleau,Joseph-Adolphe Chapleau,1980,1,fre,"gb,ia",ia:public,GREEN,public-surrogate
9780091736088,9780091736088,New seed for old,Simon Raven,1988,3,eng,"gb,ia",ia:public;ia:public;ia:lending,GREEN,public-surrogate
9780586200193,9780586200193,New seed for old,Simon Raven,1988,3,eng,"gb,ia",,UNKNOWN,source-unavailable
9781986215350,9781986215350,Français-Kannada Outils Dictionnaire Illustré Bilingue Pour Enfants,"Richard Carlson, Suzanne Carlson",2018,1,fre,"gb,ia",,UNKNOWN,source-unavailable
9788433819321,9788433819321,Universidad y ciudad,Darío Cabanelas,1994,1,spa,"gb,ia",,UNKNOWN,source-unavailable
9783111482965,9783111482965,Vielgewandts Sprüche und Groa's Zaubersang,Friedrich Wilh Bergman,2019,1,ger,"gb,ia",,UNKNOWN,source-unavailable
9780345205988,9780345205988,The Last Door Bell,Random House,1971,1,eng,"gb,ia",,UNKNOWN,source-unavailable
9780936110172,9780936110172,T is for think,Greta Rasmussen,1995,1,eng,"gb,ia",,UNKNOWN,source-unavailable
9789682004216,9789682004216,Sentido común y liberalismo filosófico,José Hernández Prado,2002,1,spa,"gb,ia",,UNKNOWN,source-unavailable
9781794033207,9781794033207,San Antonio Stroll,Thomas Gillen,2019,1,eng,"gb,ia",,UNKNOWN,source-unavailable
9782080662347,9782080662347,Désordres,Nadine Diamant,1988,1,fre,"gb,ia",,UNKNOWN,source-unavailable
9781601694201,9781601694201,The Wheels on the Bus,ikids,2017,1,,"gb,ia",ia:public;ia:lending,GREEN,public-surrogate
9783487008370,9783487008370,Vocabularium Codicis Iustiniani,Robert Mayr,1923,3,lat,"gb,ia",,UNKNOWN,source-unavailable
9783487008363,9783487008363,Vocabularium Codicis Iustiniani,Robert Mayr,1923,3,lat,"gb,ia",,UNKNOWN,source-unavailable
9780061931192,9780061931192,Parenting with Pride-Latino Style,Carmen Inoa Vazquez,2004,11,eng,"gb,ia",,UNKNOWN,source-unavailable
9780061931215,9780061931215,Parenting with Pride-Latino Style,Carmen Inoa Vazquez,2004,11,eng,"gb,ia",,UNKNOWN,source-unavailable
9780061931178,9780061931178,Parenting with Pride-Latino Style,Carmen Inoa Vazquez,2004,11,eng,"gb,ia",,UNKNOWN,source-unavailable
9780061931208,9780061931208,Parenting with Pride-Latino Style,Carmen Inoa Vazquez,2004,11,eng,"gb,ia",,UNKNOWN,source-unavailable
9780060543020,9780060543020,Parenting with Pride-Latino Style,Carmen Inoa Vazquez,2004,11,eng,"gb,ia",ia:public;ia:lending,GREEN,public-surrogate
9780061931185,9780061931185,Parenting with Pride-Latino Style,Carmen Inoa Vazquez,2004,11,eng,"gb,ia",,UNKNOWN,source-unavailable
9780061931222,9780061931222,Parenting with Pride-Latino Style,Carmen Inoa Vazquez,2004,11,eng,"gb,ia",,UNKNOWN,source-unavailable
9780060543013,9780060543013,Parenting with Pride-Latino Style,Carmen Inoa Vazquez,2004,11,eng,"gb,ia",ia:lending,GREEN,public-surrogate
9781781275160,9781781275160,Dark Glass,Peter Lancett,2013,1,eng,"gb,ia",,UNKNOWN,source-unavailable
9781471118272,9781471118272,Smurfs in Paris,Lance Rubin,2013,1,eng,"gb,ia",ia:public;ia:public;ia:lending,GREEN,public-surrogate
9781478759027,9781478759027,Lessons Learned,Antonio L. Stevenson,2015,1,,"gb,ia",ia:public;ia:public;ia:lending,GREEN,public-surrogate
9780916844004,9780916844004,Croquet,James Charlton,1977,1,eng,"gb,ia",,UNKNOWN,source-unavailable
9780916844011,9780916844011,Croquet,James Charlton,1977,1,eng,"gb,ia",ia:lending,GREEN,public-surrogate
9780932813756,9780932813756,Lost Science,,2000,1,eng,"gb,ia",,UNKNOWN,source-unavailable
9781549713774,9781549713774,Marca Territorial,Fernando Villatoro,2017,1,spa,"gb,ia",,UNKNOWN,source-unavailable
9787312039966,9787312039966,Wen nan ci yan jiu,Xiao Chen,2016,1,chi,"gb,ia",,UNKNOWN,source-unavailable
9780330356701,9780330356701,The River Ophelia,Justine Ettler,1995,1,,"gb,ia",ia:public;ia:public;ia:public;ia:lending,GREEN,public-surrogate
9781076776532,9781076776532,Ámbar,Buen Unicornio Publishing,2019,1,spa,"gb,ia",,UNKNOWN,source-unavailable
9788323114062,9788323114062,Księgi szosu i wykazy obciążeń mieszkańców Starego Miasta Torunia z lat 1394-1435,"Krzysztof Mikulski, Janusz Tandecki, Antoni Czacharowski",2002,1,pol,"gb,ia",,UNKNOWN,source-unavailable
9781304663214,9781304663214,Where the Crocodiles Lay,Cassandra Pletcher,2014,1,eng,"gb,ia",,UNKNOWN,source-unavailable
9787040501568,9787040501568,University Sports and Health Course,LI YI FU JIAN BIAN,2018,1,,"gb,ia",,UNKNOWN,source-unavailable
9780120884551,9780120884551,Marine Mammals,Annalisa Berta         ,2005,1,,"gb,ia",,UNKNOWN,source-unavailable
9781575322155,9781575322155,Family Tree,Burton Hoffmann,2001,1,eng,"gb,ia",,UNKNOWN,source-unavailable
9781376485325,9781376485325,Egypt and the Great Suez Canal,J. Barthélemy Saint-Hilaire,2018,1,eng,"gb,ia",,UNKNOWN,source-unavailable
9781494221614,9781494221614,MCSE Windows 8 and MCTS Windows 7 Certification Exam 70-680 and 70-687 ExamFOCUS Study Notes and Review Questions 2014 Edition,ExamREVIEW,2013,1,eng,"gb,ia",,UNKNOWN,source-unavailable
9789759944483,9789759944483,Olerek Yasiyorum,Haldun Hurel,2009,1,,"gb,ia",,UNKNOWN,source-unavailable
9783492270144,9783492270144,Postkarte aus Copacabana,Stefanie Kremser,2000,1,ger,"gb,ia",ia:public;ia:lending,GREEN,public-surrogate
9780517035788,9780517035788,Simple American Cooking Blue/Red G,Evelyn L. Beilenson,1990,1,eng,"gb,ia",,UNKNOWN,source-unavailable
9780256114355,9780256114355,Fap Sg W/Sol Vol 2 -Wb/20,Ron Larson,1992,1,,"gb,ia",ia:lending;ia:lending,GREEN,public-surrogate
9780876378434,9780876378434,Bottles (Official Price Guide to Bottles),Jim Megura,1992,1,eng,"gb,ia",ia:public;ia:public,GREEN,public-surrogate
9781601560933,9781601560933,Business Machines Incorporated v. Minicom Incorporated,Anthony J. Bocchino,2009,1,eng,"gb,ia",ia:lending;ia:public,GREEN,public-surrogate
9788467759754,9788467759754,El mundo que me rodea,"Susaeta Ediciones, Bérengère Motuelle",2018,1,,"gb,ia",,UNKNOWN,source-unavailable
9780110773018,9780110773018,Education (Mandatory Awards) (Amendment) Regulations 2007,Great Britain,2007,1,eng,"gb,ia",,UNKNOWN,source-unavailable
9789185212323,9789185212323,The dynamics of information search services,Mats Lindqvist,1978,1,eng,"gb,ia",,UNKNOWN,source-unavailable
9780631219972,9780631219972,American Technology,Carroll W. Pursell,2001,2,eng,"gb,ia",ia:lending;ia:lending;ia:public;ia:public;ia:public,GREEN,public-surrogate
9780631219965,9780631219965,American Technology,Carroll W. Pursell,2001,2,eng,"gb,ia",ia:lending;ia:lending,GREEN,public-surrogate
9789461530684,9789461530684,Gevallen voor Nederland,J. W. de Leeuw,2012,1,dut,"gb,ia",,UNKNOWN,source-unavailable
9781316309704,9781316309704,Mao's Cultural Army,Brian James DeMare,2015,4,eng,"gb,ia",,UNKNOWN,source-unavailable
9781107432222,9781107432222,Mao's Cultural Army,Brian James DeMare,2015,4,eng,"gb,ia",,UNKNOWN,source-unavailable
9781107076327,9781107076327,Mao's Cultural Army,Brian James DeMare,2015,4,eng,"gb,ia",,UNKNOWN,source-unavailable
9781139923798,9781139923798,Mao's Cultural Army,Brian James DeMare,2015,4,eng,"gb,ia",,UNKNOWN,source-unavailable
9781847045737,9781847045737,Ceramic materials,Philippe Boch,2006,2,eng,"gb,ia",,UNKNOWN,source-unavailable
9781905209231,9781905209231,Ceramic materials,Philippe Boch,2006,2,eng,"gb,ia",,UNKNOWN,source-unavailable
9783825889098,9783825889098,Der 11. September 2001 als Herausforderung für das Völkerrecht,Stefan Baufeld,2005,1,ger,"gb,ia",,UNKNOWN,source-unavailable
9780877887089,9780877887089,Prayer is a gentle way of being with God,Joan Walsh Anglund,1999,1,eng,"gb,ia",,UNKNOWN,source-unavailable
9789991223964,9789991223964,All About Cooperative Learning,,1990,1,,"gb,ia",,UNKNOWN,source-unavailable
9781320180443,9781320180443,Skeletons Out of the Closet,Joe Connolly Jim,2014,1,eng,"gb,ia",,UNKNOWN,source-unavailable
9780761547785,9780761547785,WWE Wrestlemania 21,Debra McBride,2005,1,eng,"gb,ia",,UNKNOWN,source-unavailable
9781943388431,9781943388431,Shaikh and Disciple,M. R. Bawa Muhaiyaddeen (Ral.),2018,1,,"gb,ia",,UNKNOWN,source-unavailable
9781326622466,9781326622466,I Frustrati,Marco Leoni Mantovani,2016,2,ita,"gb,ia",,UNKNOWN,source-unavailable
9781326720018,9781326720018,I Frustrati,Marco Leoni Mantovani,2016,2,ita,"gb,ia",,UNKNOWN,source-unavailable
9789020006025,9789020006025,Bedrijf en belastingen,H. B. Benist,1980,1,dut,"gb,ia",,UNKNOWN,source-unavailable
9780328502882,9780328502882,READING 2011 ENGLISH LANGUAGE DEVELOPMENT READER 6-PACK GRADE 5 UNIT 6 WEEK 1,Scott Foresman,2009,1,,"gb,ia",,UNKNOWN,source-unavailable
9780706965704,9780706965704,A Course in Abstract Algebra,"Vijay K. Khanna, S.K. Bhambri",1993,1,,"gb,ia",,UNKNOWN,source-unavailable
9781949021011,9781949021011,Saving Africa from Lies That Kill,Kay Kiser,2018,1,eng,"gb,ia",,UNKNOWN,source-unavailable
9781717796417,9781717796417,Lady Maid's Honor,Cynthia Hickey,2018,1,eng,"gb,ia",,UNKNOWN,source-unavailable
9781571884268,9781571884268,Productive Trout Flies for Unorthodox Prey,Jeff Morgan,2010,1,,"gb,ia",ia:public;ia:public;ia:lending,GREEN,public-surrogate
9780713470949,9780713470949,Alternative Repetoire for Blac,,1999,1,,"gb,ia",,UNKNOWN,source-unavailable
9780888061447,9780888061447,Le Redressement des finances publiques québécoises,,1986,1,fre,"gb,ia",,UNKNOWN,source-unavailable
9780230612242,9780230612242,Other Russias,Brian James Baer,2009,3,eng,"gb,ia",,UNKNOWN,source-unavailable
9780230620384,9780230620384,Other Russias,Brian James Baer,2009,3,eng,"gb,ia",,UNKNOWN,source-unavailable
9781282507715,9781282507715,Other Russias,Brian James Baer,2009,3,eng,"gb,ia",,UNKNOWN,source-unavailable
9780102953541,9780102953541,National Lottery Commission annual report and Accounts 2007/2008,"Great Britain: National Lottery Commission, Anne Wright",2008,1,eng,"gb,ia",,UNKNOWN,source-unavailable
9789251034477,9789251034477,Rodent pest management in eastern Africa,Lynwood A. Fiedler,1994,1,eng,"gb,ia",,UNKNOWN,source-unavailable
9783828883543,9783828883543,Hanns Heinz Ewers,Marion Knobloch,2002,1,ger,"gb,ia",,UNKNOWN,source-unavailable
9780778754978,9780778754978,Media & the News,Holly Duhig,2018,2,,"gb,ia",,UNKNOWN,source-unavailable
9780778754343,9780778754343,Media & the News,Holly Duhig,2018,2,,"gb,ia",ia:public,GREEN,public-surrogate
9788364210013,9788364210013,"Międzynarodowe Przeglądy Ekslibrisu Drzeworytniczego i Linorytniczego im. Pawła Stellera, Katowice 2006-2012","Lucyna Jabłko, Jolanta Kowalczyk, Elżbieta Tyrna-Danielczyk, Wisława Bertman",2016,1,pol,"gb,ia",,UNKNOWN,source-unavailable
9781537414027,9781537414027,Acertijo Que Me Resuelve,Alma Sampedro,2016,1,spa,"gb,ia",,UNKNOWN,source-unavailable
9780764154645,9780764154645,Pedigree Points: Dogs,Emma Eustace,2006,1,eng,"gb,ia",ia:public;ia:lending,GREEN,public-surrogate
9780708320136,9780708320136,Catalonia National Identity And Cultural Policy 19802003,Kathryn Crameri,2008,1,,"gb,ia",ia:public,GREEN,public-surrogate
9781981707492,9781981707492,Madonna of the Future,Henry James,2017,1,eng,"gb,ia",,UNKNOWN,source-unavailable
9789628321018,9789628321018,"Xianggang wu dao ping lun ji, 1976-1996","Danny Yung, Fanfu Zhou",1997,1,chi,"gb,ia",,UNKNOWN,source-unavailable
9781111072476,9781111072476,The Concise Wadsworth Handbook Includes 2009 MLA Update (Spokane Falls Community College Text),Kirszner & Mandell,2009,1,,"gb,ia",ia:public;ia:public;ia:lending,GREEN,public-surrogate
9781728929927,9781728929927,Dreaming of Dray,Sheila Murdock,2018,1,eng,"gb,ia",,UNKNOWN,source-unavailable
9781545239926,9781545239926,Forgotten Prophets,"T. Ray, Les Solot, Russell Burgess",2017,1,eng,"gb,ia",,UNKNOWN,source-unavailable
9781587786983,9781587786983,Federal courts and the law of federal-state relations,"Peter W. Low, John C., Jr. Jeffries",2004,1,eng,"gb,ia",ia:public;ia:public;ia:public;ia:lending,GREEN,public-surrogate
9788863445305,9788863445305,L'universo immaginario di Alberto Moravia,Nicola D'Antuono,2017,1,ita,"gb,ia",,UNKNOWN,source-unavailable
9788820482145,9788820482145,La non vera Clorinda,Ilaria Gallinaro,1994,1,ita,"gb,ia",,UNKNOWN,source-unavailable
9781136490828,9781136490828,Sin and Filth in Medieval Culture,Martha Bayless,2013,7,eng,"gb,ia",,UNKNOWN,source-unavailable
9780367866570,9780367866570,Sin and Filth in Medieval Culture,Martha Bayless,2013,7,eng,"gb,ia",,UNKNOWN,source-unavailable
9781136490781,9781136490781,Sin and Filth in Medieval Culture,Martha Bayless,2013,7,eng,"gb,ia",,UNKNOWN,source-unavailable
9780203138076,9780203138076,Sin and Filth in Medieval Culture,Martha Bayless,2013,7,eng,"gb,ia",,UNKNOWN,source-unavailable
9781136490804,9781136490804,Sin and Filth in Medieval Culture,Martha Bayless,2013,7,eng,"gb,ia",,UNKNOWN,source-unavailable
9781136490835,9781136490835,Sin and Filth in Medieval Culture,Martha Bayless,2013,7,eng,"gb,ia",,UNKNOWN,source-unavailable
9781283458993,9781283458993,Sin and Filth in Medieval Culture,Martha Bayless,2013,7,eng,"gb,ia",,UNKNOWN,source-unavailable
9781975651510,9781975651510,City Maps Karimnagar India,James McFee,2017,1,eng,"gb,ia",,UNKNOWN,source-unavailable
9781326291990,9781326291990,Anarchist Guerilla's,Julius Green,2015,1,eng,"gb,ia",,UNKNOWN,source-unavailable
9782215097952,9782215097952,Danseuse étoile,Émilie Beaumont,2009,1,fre,"gb,ia",ia:public;ia:public;ia:lending,GREEN,public-surrogate
9780582129863,9780582129863,Victorian Railways,Fiona Reynoldson,1994,1,eng,"gb,ia",,UNKNOWN,source-unavailable
9780471823124,9780471823124,Peterson,WW PETERSON,1986,1,eng,"gb,ia",,UNKNOWN,source-unavailable
9781517045036,9781517045036,Dios Donde Esta Mi Booz?,Stephan Labossiere,2015,1,spa,"gb,ia",,UNKNOWN,source-unavailable
9781084115101,9781084115101,From Villain to National Hero,Adrian Fraser,2019,1,,"gb,ia",,UNKNOWN,source-unavailable
9780665479793,9780665479793,A Bill intituled An act to provide for the administration of justice in Vancouver's Island,,1984,1,eng,"gb,ia",ia:public,GREEN,public-surrogate
9788087912324,9788087912324,Gottwaldovo Československo jako fašistický stát,Petr Placák,2015,1,cze,"gb,ia",,UNKNOWN,source-unavailable
9788074326042,9788074326042,Gottwaldovo Československo jako fašistický stát,Petr Placák,2015,1,cze,"gb,ia",,UNKNOWN,source-unavailable
9781720571162,9781720571162,"Trusting God in Crisis, Chaos, and Confusion",Ethel Scurlock,2018,1,eng,"gb,ia",,UNKNOWN,source-unavailable
9781841801193,9781841801193,Masters of the universe,Melissa Mean,2004,1,eng,"gb,ia",,UNKNOWN,source-unavailable
9788478873883,9788478873883,Hi! nº 3,Luisa Flavia Rosanes,1900,1,,"gb,ia",,UNKNOWN,source-unavailable
9783638861120,9783638861120,Auf dem Weg zu einem 'normalen Staat'? - Die Revision des Artikels 9 der Japanischen Verfassung,Kai Schulze,2007,1,ger,"gb,ia",,UNKNOWN,source-unavailable
9781450560825,9781450560825,Halloween King,Wesley Gurion,2010,1,eng,"gb,ia",,UNKNOWN,source-unavailable
9784409540138,9784409540138,Eki to Nihon no saishi,"Yoshino, Hiroko",1984,2,jpn,"gb,ia",,UNKNOWN,source-unavailable
9787538210880,9787538210880,Eki to Nihon no saishi,"Yoshino, Hiroko",1984,2,jpn,"gb,ia",,UNKNOWN,source-unavailable
9780740114557,9780740114557,Colorado Education In Perspective 2004-2005 (Colorado Education in Perspective),Kathleen O'Leary Morgan,2004,1,eng,"gb,ia",,UNKNOWN,source-unavailable
9789711605384,9789711605384,Notes on torts & damages,Alicia B. Gonzalez-Decano,1992,3,eng,"gb,ia",,UNKNOWN,source-unavailable
9789710111022,9789710111022,Notes on torts & damages,Alicia B. Gonzalez-Decano,1992,3,eng,"gb,ia",,UNKNOWN,source-unavailable
9789711602413,9789711602413,Notes on torts & damages,Alicia B. Gonzalez-Decano,1992,3,eng,"gb,ia",,UNKNOWN,source-unavailable
9780660149851,9780660149851,Mechanical design development of a 476 MHz RF cavity for the PEP-II asymmetric B-factory,,1993,1,eng,"gb,ia",,UNKNOWN,source-unavailable
9789025435486,9789025435486,Van Oldenzaal tot Ouagadougou,Jaap Scholten,2010,1,dut,"gb,ia",ia:public;ia:lending,GREEN,public-surrogate
9788121400688,9788121400688,Viśva-ālocanā ko Ācārya Śukla kī dena,Siddheśvara Prasāda,1987,1,hin,"gb,ia",,UNKNOWN,source-unavailable
9785966919443,9785966919443,Naselënnye punkty Volgogradskoĭ oblasti,D. I︠U︡ Ilʹin,2019,1,rus,"gb,ia",,UNKNOWN,source-unavailable
9789648261080,9789648261080,مبانى و روشهاى نقد حدىث در کتب اربعة,Fatḥīyah Fattāḥīʹzādah,2006,1,per,"gb,ia",,UNKNOWN,source-unavailable
9782920073074,9782920073074,Ecole + science=échec,Jacques Désautels,1980,1,fre,"gb,ia",ia:public;ia:public,GREEN,public-surrogate
9784163494401,9784163494401,Shinshi to shukujo,"Bungei Shunjū, Kabushiki Kaisha",1994,1,jpn,"gb,ia",,UNKNOWN,source-unavailable
9788804429647,9788804429647,Enciclopedia della automobile,Marco Ruiz,1997,1,ita,"gb,ia",,UNKNOWN,source-unavailable
9780108550683,9780108550683,Twenty-Third Report of Session 2012-13,"Great Britain: Parliament: Joint Committee on Statutory Instruments, George Mudie, Stationery Office",2013,1,eng,"gb,ia",,UNKNOWN,source-unavailable
9781694259493,9781694259493,Ayurveda Kochbuch,Ajatasatru Kayal,2019,1,ger,"gb,ia",,UNKNOWN,source-unavailable
9780328126279,9780328126279,"Scott Foresman Science, Grade 6",Scott Foresman,2005,1,,"gb,ia",,UNKNOWN,source-unavailable
9781542752657,9781542752657,We Fight for Oil. by,Ludwell Denny,2017,1,eng,"gb,ia",,UNKNOWN,source-unavailable
9786003250413,9786003250413,Bā qāfilah-i ʻadālat,Ibrāhīm Shuʻāriyān,2014,1,per,"gb,ia",,UNKNOWN,source-unavailable
9781877511585,9781877511585,Company law in New Zealand,Peter Watts,2011,2,eng,"gb,ia",,UNKNOWN,source-unavailable
9781927313176,9781927313176,Company law in New Zealand,Peter Watts,2011,2,eng,"gb,ia",,UNKNOWN,source-unavailable
9781927313558,9781927313558,Company law in New Zealand,Peter Watts,2011,2,eng,"gb,ia",,UNKNOWN,source-unavailable
9781927313541,9781927313541,Company law in New Zealand,Peter Watts,2011,2,eng,"gb,ia",,UNKNOWN,source-unavailable
9781927313169,9781927313169,Company law in New Zealand,Peter Watts,2011,2,eng,"gb,ia",,UNKNOWN,source-unavailable
9780497806224,9780497806224,"The 2006 Economic and Product Market Databook for Guadalajara, Mexico",Philip M. Parker,2006,1,eng,"gb,ia",,UNKNOWN,source-unavailable
9780415494670,9780415494670,Celebrity,Chris Rojek,2009,1,eng,"gb,ia",,UNKNOWN,source-unavailable
9780415494687,9780415494687,Celebrity,Chris Rojek,2009,1,eng,"gb,ia",,UNKNOWN,source-unavailable
9780415494694,9780415494694,Celebrity,Chris Rojek,2009,1,eng,"gb,ia",,UNKNOWN,source-unavailable
9780415494700,9780415494700,Celebrity,Chris Rojek,2009,1,eng,"gb,ia",,UNKNOWN,source-unavailable
9780415494663,9780415494663,Celebrity,Chris Rojek,2009,1,eng,"gb,ia",,UNKNOWN,source-unavailable
9787539181981,9787539181981,Peng you =,Sarah Stewart,2014,1,chi,"gb,ia",,UNKNOWN,source-unavailable
9781856950268,9781856950268,To be a farmer's boy,Dan Cherrington,1987,4,eng,"gb,ia",,UNKNOWN,source-unavailable
9781856951517,9781856951517,To be a farmer's boy,Dan Cherrington,1987,4,eng,"gb,ia",,UNKNOWN,source-unavailable
9780905483580,9780905483580,To be a farmer's boy,Dan Cherrington,1987,4,eng,"gb,ia",,UNKNOWN,source-unavailable
9781281364463,9781281364463,"Shamanism, Racism, and Hip Hop Culture",James W. Perkinson,2005,3,eng,"gb,ia",,UNKNOWN,source-unavailable
9781403979186,9781403979186,"Shamanism, Racism, and Hip Hop Culture",James W. Perkinson,2005,3,eng,"gb,ia",,UNKNOWN,source-unavailable
9781403967862,9781403967862,"Shamanism, Racism, and Hip Hop Culture",James W. Perkinson,2005,3,eng,"gb,ia",ia:public;ia:public;ia:lending,GREEN,public-surrogate
9789972229893,9789972229893,Tráfico ilícito de drogas y delitos conexos,Alonso Raúl Peña Cabrera Freyre,2009,1,spa,"gb,ia",,UNKNOWN,source-unavailable
9783453085152,9783453085152,Bernhard Wicki,"Fischer, Robert",1994,1,ger,"gb,ia",,UNKNOWN,source-unavailable
9781465817396,9781465817396,Red-Handed,Jolene Kendry,2011,2,eng,"gb,ia",,UNKNOWN,source-unavailable
9781480064263,9781480064263,Red-Handed,Jolene Kendry,2011,2,eng,"gb,ia",,UNKNOWN,source-unavailable
9781613982747,9781613982747,Siegfried Vol. 3,Alex Alice,2017,1,eng,"gb,ia",,UNKNOWN,source-unavailable
9785529005583,9785529005583,Tʻxzulebani,Rezo Čeišvili,1989,1,geo,"gb,ia",,UNKNOWN,source-unavailable
9785529005590,9785529005590,Tʻxzulebani,Rezo Čeišvili,1989,1,geo,"gb,ia",,UNKNOWN,source-unavailable
9781502980687,9781502980687,Bottle Collector,Olivia Diamond,2014,1,eng,"gb,ia",,UNKNOWN,source-unavailable
9781021904447,9781021904447,"Questions in Sanskrit Set at the Matriculation Examination of the University of Bombay, with Answers. 1862-1901",University of Bombay,1902,3,eng,"gb,ia",,UNKNOWN,source-unavailable
9781376597646,9781376597646,"Questions in Sanskrit Set at the Matriculation Examination of the University of Bombay, with Answers. 1862-1901",University of Bombay,1902,3,eng,"gb,ia",,UNKNOWN,source-unavailable
9780709018568,9780709018568,Gunfighter's pride,Jay Hill Potter,1984,1,eng,"gb,ia",,UNKNOWN,source-unavailable
9781858137209,9781858137209,The Strange Case of Dr Jekyll and Mr Hyde,Robert Louis Stevenson,1994,1,,"gb,ia",ia:public;ia:public;ia:public;ia:public;ia:public;ia:public;ia:public;ia:public;ia:public;ia:public,GREEN,public-surrogate
9789790073975,9789790073975,Perseroan terbatas,Rudhi Prasetya,2011,1,ind,"gb,ia",,UNKNOWN,source-unavailable
9784062162234,9784062162234,Kingu & kuīn,Kōji Yanagi,2010,1,jpn,"gb,ia",ia:public;ia:public,GREEN,public-surrogate
9783877168219,9783877168219,Wie die Pommes nach Warendorf kamen,Klaus Schäffer,1999,1,ger,"gb,ia",,UNKNOWN,source-unavailable
9780091807535,9780091807535,Endometriosis and fibroids,Sarah Brewer,1995,1,eng,"gb,ia",ia:public,GREEN,public-surrogate
9780160596964,9780160596964,Innovations in child care,United States,1999,1,eng,"gb,ia",,UNKNOWN,source-unavailable
9782930240114,9782930240114,"Avec André Cools, au coeur du parti socialiste liégeois",Maurice Demolin,1998,1,fre,"gb,ia",,UNKNOWN,source-unavailable
9781549895081,9781549895081,Contro Tutto e Contro Tutti,Marco Lorenzo Faustini,2017,1,ita,"gb,ia",,UNKNOWN,source-unavailable
9788750388753,9788750388753,Vejledende  bemærkninger til den Nordiske konvention om social tryghed,,1991,1,dan,"gb,ia",,UNKNOWN,source-unavailable
9781975326210,9781975326210,"Boy and the Beast, Vol. 4 (manga)","Mamoru Hosoda, Renji Asai",2018,1,eng,"gb,ia",ia:public;ia:public;ia:public,GREEN,public-surrogate
9781986493116,9781986493116,"Notebook : Dot-Grid,Graph,Lined,Blank Paper : Cute Elephant Pattern",Ethan Rhys,2018,1,eng,"gb,ia",,UNKNOWN,source-unavailable
9786059670432,9786059670432,Muhammed Ali,Sybille Titeux,2017,1,,"gb,ia",,UNKNOWN,source-unavailable
9781682226131,9781682226131,50 Best UFO Sightings,iUFO Sightings,2015,1,eng,"gb,ia",,UNKNOWN,source-unavailable
9780136799115,9780136799115,Principles of Corporate Finance,Timothy J. Dyer,1998,1,eng,"gb,ia",ia:lending,GREEN,public-surrogate
9781596701199,9781596701199,Kentucky,Ryan Clark,2007,1,eng,"gb,ia",ia:public;ia:lending,GREEN,public-surrogate
9780520307896,9780520307896,Mind and body in eighteenth century medicine,L. J. Rather,1965,6,eng,"gb,ia",,UNKNOWN,source-unavailable
9780520312500,9780520312500,Mind and body in eighteenth century medicine,L. J. Rather,1965,6,eng,"gb,ia",,UNKNOWN,source-unavailable
9780520358980,9780520358980,Mind and body in eighteenth century medicine,L. J. Rather,1965,6,eng,"gb,ia",,UNKNOWN,source-unavailable
9780198787808,9780198787808,The Building Society Promise,Luke Samy,2016,1,,"gb,ia",,UNKNOWN,source-unavailable
9781720210238,9781720210238,Siete Secretos Del Éxito Pastoral y Ministerial,Francisco Cedeño,2018,1,spa,"gb,ia",,UNKNOWN,source-unavailable
9781902157573,9781902157573,Offshore Drilling and Production Concepts,OPL,2006,1,,"gb,ia",,UNKNOWN,source-unavailable
9781788622240,9781788622240,"Microservices with Clojure: Develop event-driven, scalable, and reactive microservices with real-time monitoring",Anuj Kumar,2018,1,,"gb,ia",,UNKNOWN,source-unavailable
9781672823142,9781672823142,Christmas Color by Number Coloring Book for Children,Oviin Press House,2019,2,eng,"gb,ia",,UNKNOWN,source-unavailable
9781673548198,9781673548198,Christmas Color by Number Coloring Book for Children,Oviin Press House,2019,2,eng,"gb,ia",,UNKNOWN,source-unavailable
9780131392472,9780131392472,Cobol Programming,Peter Abel,1988,2,eng,"gb,ia",ia:public;ia:public;ia:lending,GREEN,public-surrogate
9779786358230,9779786358230,Rijāl saraqū Miṣr,"Shukrī, Muḥammad Kātib, Shukrī, Muḥammad Writer",2011,1,ara,"gb,ia",,UNKNOWN,source-unavailable
9781585741151,9781585741151,The American boy's book of sports and games,Jack McConnell,2000,1,eng,"gb,ia",ia:lending,GREEN,public-surrogate
9780007185429,9780007185429,What's Inside,Monica Hughes        ,2005,1,,"gb,ia",ia:public;ia:public;ia:lending,GREEN,public-surrogate
9781973727583,9781973727583,Practica de Derecho Laboral II,José Reynoso,2017,1,spa,"gb,ia",,UNKNOWN,source-unavailable
9788876183690,9788876183690,Il cacciatore Gracco,Martoz,2017,1,ita,"gb,ia",,UNKNOWN,source-unavailable
9781717825544,9781717825544,Challenging Chance,Anyta Sunday,2018,1,eng,"gb,ia",,UNKNOWN,source-unavailable
9781572321441,9781572321441,Teach-Stat for Statistics Educators : Statistics,University of North Carolina Mathematics Dale Seymour Publications,1997,1,,"gb,ia",ia:public;ia:public;ia:lending,GREEN,public-surrogate
9781144243034,9781144243034,"Epistolario Di Coluccio Salutati, Volume 18, part 1 (Italian Edition)","Francesco Novati, Coluccio Salutati",2010,1,,"gb,ia",,UNKNOWN,source-unavailable
9780781451574,9780781451574,Quick Studies B.C.: Genesis Through Deuteronomy,David Cook,1994,1,eng,"gb,ia",ia:public;ia:public,GREEN,public-surrogate
9780876544853,9780876544853,Grant Wood,Joslyn Art Museum.,1995,1,eng,"gb,ia",ia:public;ia:public;ia:lending,GREEN,public-surrogate
9781446279403,9781446279403,New Politics of Welfare,Bill Jordan,1998,3,eng,"gb,ia",ia:lending,GREEN,public-surrogate
9781282623231,9781282623231,New Politics of Welfare,Bill Jordan,1998,3,eng,"gb,ia",,UNKNOWN,source-unavailable
9780857026378,9780857026378,New Politics of Welfare,Bill Jordan,1998,3,eng,"gb,ia",ia:lending,GREEN,public-surrogate
9781534922556,9781534922556,Thug Who Loved Me,Lynzi Jones,2016,1,eng,"gb,ia",,UNKNOWN,source-unavailable
9782850231520,9782850231520,Guichen,François Jahan,2012,1,fre,"gb,ia",,UNKNOWN,source-unavailable
9789995841096,9789995841096,Maine in Print,Lawrence C. Allin,1984,1,,"gb,ia",,UNKNOWN,source-unavailable
9780215005540,9780215005540,"Africa, NEPAD and the G8 Africa action plan",Great Britain. Parliament. House of Commons. International Development Committee.,2002,1,eng,"gb,ia",,UNKNOWN,source-unavailable
9782864328933,9782864328933,Relire la Révolution,Jean-Claude Milner,2016,1,fre,"gb,ia",,UNKNOWN,source-unavailable
9789991466590,9789991466590,Health Care Marketing Best of 1988,,1989,1,,"gb,ia",,UNKNOWN,source-unavailable
9781855972742,9781855972742,Spooky Towers,J. McLelland,1996,1,,"gb,ia",,UNKNOWN,source-unavailable
9783834823793,9783834823793,Lernbuch Lineare Algebra und Analytische Geometrie,"Gerd Fischer, Florian Quiring",2010,4,ger,"gb,ia",,UNKNOWN,source-unavailable
9783658273422,9783658273422,Lernbuch Lineare Algebra und Analytische Geometrie,"Gerd Fischer, Florian Quiring",2010,4,ger,"gb,ia",,UNKNOWN,source-unavailable
9783834898586,9783834898586,Lernbuch Lineare Algebra und Analytische Geometrie,"Gerd Fischer, Florian Quiring",2010,4,ger,"gb,ia",,UNKNOWN,source-unavailable
9783658181901,9783658181901,Lernbuch Lineare Algebra und Analytische Geometrie,"Gerd Fischer, Florian Quiring",2010,4,ger,"gb,ia",,UNKNOWN,source-unavailable
9781694654274,9781694654274,Huhn,Armando Williams,2019,1,ger,"gb,ia",,UNKNOWN,source-unavailable
9785884312906,9785884312906,Gory i granit︠s︡y,I͡U. I͡U Karpov,2015,1,rus,"gb,ia",,UNKNOWN,source-unavailable
9781098014308,9781098014308,Going For A Walk With Papa,Kenneth Francis,2019,3,eng,"gb,ia",,UNKNOWN,source-unavailable
9781644921500,9781644921500,Going For A Walk With Papa,Kenneth Francis,2019,3,eng,"gb,ia",,UNKNOWN,source-unavailable
9781645158547,9781645158547,Going For A Walk With Papa,Kenneth Francis,2019,3,eng,"gb,ia",,UNKNOWN,source-unavailable
9788380971639,9788380971639,Dzienniki 1953,Agnieszka Osiecka,2017,1,,"gb,ia",,UNKNOWN,source-unavailable
9781780741277,9781780741277,Anarchism,Ruth Kinna,2012,1,eng,"gb,ia",,UNKNOWN,source-unavailable
9781597976091,9781597976091,Heroes & ballyhoo,Michael K. Bohn,2009,2,eng,"gb,ia",,UNKNOWN,source-unavailable
9781597974127,9781597974127,Heroes & ballyhoo,Michael K. Bohn,2009,2,eng,"gb,ia",,UNKNOWN,source-unavailable
9787301092620,9787301092620,Quan mian jian she xiao kang she hui jin cheng zhong fan zui yan jiu,"Shuhua Kang, Yunge Zhao",2005,1,chi,"gb,ia",,UNKNOWN,source-unavailable
9785559340746,9785559340746,Battlefield,Norman Hutchins,2004,1,eng,"gb,ia",,UNKNOWN,source-unavailable
9782874291036,9782874291036,"Retour, rose inverse",Salah Stétié,2017,1,fre,"gb,ia",,UNKNOWN,source-unavailable
9781496532299,9781496532299,Not-So-Evil Wizard,"Sean Tulien, Pol Cunyat",2016,4,eng,"gb,ia",,UNKNOWN,source-unavailable
9781496532213,9781496532213,Not-So-Evil Wizard,"Sean Tulien, Pol Cunyat",2016,4,eng,"gb,ia",ia:public;ia:public;ia:public,GREEN,public-surrogate
9781496532459,9781496532459,Not-So-Evil Wizard,"Sean Tulien, Pol Cunyat",2016,4,eng,"gb,ia",,UNKNOWN,source-unavailable
9781496532336,9781496532336,Not-So-Evil Wizard,"Sean Tulien, Pol Cunyat",2016,4,eng,"gb,ia",,UNKNOWN,source-unavailable
9787101092936,9787101092936,Quan Yuan shi,"Yang, Lian",2013,1,chi,"gb,ia",,UNKNOWN,source-unavailable
9788200028468,9788200028468,Tibetan Buddhist nuns,Hanna Havnevik,1989,2,eng,"gb,ia",,UNKNOWN,source-unavailable
9780159003015,9780159003015,Legalines: Torts : Adaptable to Ninth Edition of Prosser Casebook,Jonathan Neville,1994,1,eng,"gb,ia",ia:public;ia:public;ia:lending,GREEN,public-surrogate
9789074134040,9789074134040,Proceedings,Annevlink,1993,1,eng,"gb,ia",,UNKNOWN,source-unavailable
9781525269462,9781525269462,What is Post-Traumatic Growth?,Miriam Akhtar,2017,2,eng,"gb,ia",,UNKNOWN,source-unavailable
9781780289793,9781780289793,What is Post-Traumatic Growth?,Miriam Akhtar,2017,2,eng,"gb,ia",ia:public;ia:public;ia:lending,GREEN,public-surrogate
9788809206045,9788809206045,La comunione dei beni,Edoardo Albinati,1995,1,ita,"gb,ia",,UNKNOWN,source-unavailable
9781980277590,9781980277590,10202040,Trevor Elder,2018,1,eng,"gb,ia",,UNKNOWN,source-unavailable
9780531281024,9780531281024,Tundra,Peter Benoit,2011,1,eng,"gb,ia",ia:lending,GREEN,public-surrogate
9780531205532,9780531205532,Tundra,Peter Benoit,2011,1,eng,"gb,ia",ia:public;ia:lending,GREEN,public-surrogate
9788809214941,9788809214941,Il nudo,"Gloria Fossi, Charles Avery",1999,2,ita,"gb,ia",,UNKNOWN,source-unavailable
9780853540175,9780853540175,Byng Papers,Brian Tunstall,2019,2,eng,"gb,ia",,UNKNOWN,source-unavailable
9781911248989,9781911248989,Byng Papers,Brian Tunstall,2019,2,eng,"gb,ia",,UNKNOWN,source-unavailable
9788434306332,9788434306332,Clave,Lluis Permanyer,1993,1,eng,"gb,ia",ia:public;ia:public;ia:lending,GREEN,public-surrogate
9780966379723,9780966379723,The Magic of Our Universe,Kent Davis Moberg,1999,1,eng,"gb,ia",ia:lending,GREEN,public-surrogate
9783211206690,9783211206690,Information and communication technologies in tourism 2004,"International Conference on Information and Communication Technologies in Tourism (11th 2004 Cairo, Egypt)",2004,1,eng,"gb,ia",ia:public;ia:public,GREEN,public-surrogate
9780872184695,9780872184695,1990 Tax Facts 2 on Investments (Tax Facts 2),National Underwriters,1990,1,eng,"gb,ia",ia:public;ia:public,GREEN,public-surrogate
9780814252758,9780814252758,Thomas Hardy's Brains,Suzanne Keen,2014,3,eng,"gb,ia",,UNKNOWN,source-unavailable
9780814293522,9780814293522,Thomas Hardy's Brains,Suzanne Keen,2014,3,eng,"gb,ia",,UNKNOWN,source-unavailable
9780814212493,9780814212493,Thomas Hardy's Brains,Suzanne Keen,2014,3,eng,"gb,ia",,UNKNOWN,source-unavailable
9788863724127,9788863724127,Intellettuali in esilio,John A. Tedeschi,2012,1,ita,"gb,ia",,UNKNOWN,source-unavailable
9780385374118,9780385374118,Read Around Sesame Street,Sarah Albee,2014,1,,"gb,ia",ia:public;ia:public;ia:lending,GREEN,public-surrogate
9780713609486,9780713609486,Albert Schweitzer,George Seaver,1944,15,eng,"gb,ia",ia:lending;ia:public,GREEN,public-surrogate
9780860683018,9780860683018,"From man to man, or, perhaps only",Olive Schreiner,1926,7,eng,"gb,ia",,UNKNOWN,source-unavailable
9781521535561,9781521535561,No One Wins in War,Skyler Phillips,2017,1,eng,"gb,ia",,UNKNOWN,source-unavailable
9780768706789,9780768706789,Illnois Business Directory 2003-04 (Illinois Business Directory),American Business Directories,2003,1,eng,"gb,ia",,UNKNOWN,source-unavailable
9783110009217,9783110009217,Einführung in die lineare Planungsrechnung mit ALGOL- und FORTRAN-Programmen,Gerhard Niemeyer,1968,3,ger,"gb,ia",,UNKNOWN,source-unavailable
9783111752297,9783111752297,Einführung in die lineare Planungsrechnung mit ALGOL- und FORTRAN-Programmen,Gerhard Niemeyer,1968,3,ger,"gb,ia",,UNKNOWN,source-unavailable
9788386100750,9788386100750,Dom jest daleko. Polska wciaz jest blisko--,Andrzej Krzysztof Kunert,2007,2,pol,"gb,ia",,UNKNOWN,source-unavailable
9781999350970,9781999350970,Love and Music : The Roger Eagle Literary Award,Helen Prescott,2019,1,eng,"gb,ia",,UNKNOWN,source-unavailable
9781456483852,9781456483852,Tweaky and David,Betty Ward Cain,2011,1,,"gb,ia",,UNKNOWN,source-unavailable
9781442645240,9781442645240,Poetic Community,Stephen Voyce,2013,2,eng,"gb,ia",ia:public,GREEN,public-surrogate
9781442662155,9781442662155,Poetic Community,Stephen Voyce,2013,2,eng,"gb,ia",,UNKNOWN,source-unavailable
9780536623010,9780536623010,Intersections--readings in sociology,John R. Hall,2001,1,eng,"gb,ia",ia:lending,GREEN,public-surrogate
9780800732950,9780800732950,The Dirt On Breaking Up,Hayley DiMarco,2008,1,,"gb,ia",,UNKNOWN,source-unavailable
9781579600730,9781579600730,Immigration,Joanne Weisman Deitch,2000,1,eng,"gb,ia",ia:public;ia:public;ia:public,GREEN,public-surrogate
9788476271711,9788476271711,Sistema Reiki Ceaan,Alfredo Aguilera Saldaña,2014,1,,"gb,ia",,UNKNOWN,source-unavailable
9783211307120,9783211307120,Brain edema XIII,J. T. Hoff,2006,1,eng,"gb,ia",ia:public;ia:public,GREEN,public-surrogate
9781445567921,9781445567921,Studies in the Mountain Instruction,George Dana Boardman,2010,1,eng,"gb,ia",,UNKNOWN,source-unavailable
9788365145178,9788365145178,Tutaj stał mój dom. Projekt dla Pława,Elżbieta Skromak,2017,1,pol,"gb,ia",,UNKNOWN,source-unavailable
9781977889553,9781977889553,Journal,Ms April,2017,2,eng,"gb,ia",,UNKNOWN,source-unavailable
9781981136995,9781981136995,Journal,Ms April,2017,2,eng,"gb,ia",,UNKNOWN,source-unavailable
9780521617604,9780521617604,"ADAPTATION POLICY FRAMEWORKS FOR CLIMATE CHANGE: DEVELOPING STRATEGIES, POLICIES AND MEASURES; ED. BY BO LIM",IAN BURTON,2005,1,und,"gb,ia",ia:lending,GREEN,public-surrogate
9781537527055,9781537527055,Tadpole Who Can't Swim,"Shane Copson, Lilly Copson, Scarlett Copson",2016,1,eng,"gb,ia",,UNKNOWN,source-unavailable
9780442319571,9780442319571,Practical Baking,William J. Sultan,1989,2,eng,"gb,ia",,UNKNOWN,source-unavailable
9780471289821,9780471289821,Practical Baking,William J. Sultan,1989,2,eng,"gb,ia",,UNKNOWN,source-unavailable
9781451878684,9781451878684,Colombia,International Monetary Fund Staff,2009,1,eng,"gb,ia",,UNKNOWN,source-unavailable
9787800780790,9787800780790,Zhonghua Renmin Gongheguo fa lu fa gui quan shu,China.,1994,1,chi,"gb,ia",,UNKNOWN,source-unavailable
9787228043378,9787228043378,Altun kan,Ghăirăt Asim,1997,1,uig,"gb,ia",,UNKNOWN,source-unavailable
9781525226960,9781525226960,Evolution and Holiness,"Matthew Nelson Hill, Darrel R. Falk",2016,2,eng,"gb,ia",,UNKNOWN,source-unavailable
9780830899005,9780830899005,Evolution and Holiness,"Matthew Nelson Hill, Darrel R. Falk",2016,2,eng,"gb,ia",,UNKNOWN,source-unavailable
9788426364777,9788426364777,"Xantal, la xica digital",Joan Pla Villar,2007,1,,"gb,ia",,UNKNOWN,source-unavailable
9781688448278,9781688448278,Letter Tracing a Is for Alligator,Kjr Publishing,2019,1,eng,"gb,ia",,UNKNOWN,source-unavailable
9781973419860,9781973419860,Qutb Complex,"Discover India, David Riley",2017,1,eng,"gb,ia",,UNKNOWN,source-unavailable
9780309064293,9780309064293,Naval Expeditionary Logistics,National Research Council (US),1999,2,eng,"gb,ia",ia:public;ia:lending,GREEN,public-surrogate
9780887245251,9780887245251,Cursive Practice,,1999,1,eng,"gb,ia",ia:public;ia:public;ia:lending,GREEN,public-surrogate
9780801616389,9780801616389,Clinical assessment for the nurse practitioner,William C. Fowkes,1973,1,eng,"gb,ia",ia:public;ia:lending,GREEN,public-surrogate
9780354011259,9780354011259,Panzer grenadiers,James Sidney Lucas,1977,1,eng,"gb,ia",,UNKNOWN,source-unavailable
9781718845978,9781718845978,Notebook Lined : Happy Easter Card,Hannah Green,2018,1,eng,"gb,ia",,UNKNOWN,source-unavailable
9781740335805,9781740335805,Royal Horticultural Society Gardening Through The Year In Australia,"Ian Spence, Coloured Photographs",2007,1,,"gb,ia",ia:public;ia:public;ia:lending,GREEN,public-surrogate
9780856353536,9780856353536,A season of calm weather,Neil Powell,1982,1,eng,"gb,ia",,UNKNOWN,source-unavailable
9781730973086,9781730973086,History and Antiquities of the Doric Race Part 2 Volume 1,Karl Otfried Müller,2018,1,eng,"gb,ia",,UNKNOWN,source-unavailable
9789979104674,9789979104674,Amtmaðurinn á Einbúasetrinu,Kristmundur Bjarnason.,2008,1,ice,"gb,ia",,UNKNOWN,source-unavailable
9780820428918,9780820428918,The mestizo as crucible,Christine De Lailhacar,1996,1,eng,"gb,ia",ia:public;ia:public,GREEN,public-surrogate
9783355003674,9783355003674,Die Zaubermenagerie,Waldtraut Lewin,1987,1,ger,"gb,ia",,UNKNOWN,source-unavailable
9780786180684,9780786180684,The hope before us,Elyse Larson,2002,2,eng,"gb,ia",,UNKNOWN,source-unavailable
9780764223761,9780764223761,The hope before us,Elyse Larson,2002,2,eng,"gb,ia",ia:public,GREEN,public-surrogate
9780574160003,9780574160003,English at Work 1,Eugene J. Hall,1981,1,eng,"gb,ia",,UNKNOWN,source-unavailable
9789811343469,9789811343469,China’s Selective Identities,"Dominik Mierzejewski, Bartosz Kowalski",2018,2,,"gb,ia",,UNKNOWN,source-unavailable
9789811301636,9789811301636,China’s Selective Identities,"Dominik Mierzejewski, Bartosz Kowalski",2018,2,,"gb,ia",,UNKNOWN,source-unavailable
9780747800392,9780747800392,Tugs and towage,M. K. Stammers,1989,1,eng,"gb,ia",,UNKNOWN,source-unavailable
9781367288386,9781367288386,4x4 Blanco y Negro,Agustín Pelaya,2016,1,spa,"gb,ia",,UNKNOWN,source-unavailable
9780750534703,9780750534703,Forgotten Child,Kitty Neale,2009,3,eng,"gb,ia",ia:public;ia:public;ia:lending,GREEN,public-surrogate
9781847560988,9781847560988,Forgotten Child,Kitty Neale,2009,3,eng,"gb,ia",ia:public;ia:public;ia:lending,GREEN,public-surrogate
9780007925971,9780007925971,Forgotten Child,Kitty Neale,2009,3,eng,"gb,ia",ia:lending,GREEN,public-surrogate
9781847563545,9781847563545,Forgotten Child,Kitty Neale,2009,3,eng,"gb,ia",ia:public;ia:lending,GREEN,public-surrogate
9780805415353,9780805415353,A new look at the Book,Brian L. Harbour,1985,1,eng,"gb,ia",ia:public,GREEN,public-surrogate
9781096041504,9781096041504,Depression,Robert J. Barnes,2019,1,eng,"gb,ia",,UNKNOWN,source-unavailable
9784788511019,9784788511019,Gendai shakai to media kazoku sedai,,2008,1,jpn,"gb,ia",,UNKNOWN,source-unavailable
9780816160051,9780816160051,The underground man,Ross Macdonald,1971,19,dan,"gb,ia",,UNKNOWN,source-unavailable
9788432086229,9788432086229,The underground man,Ross Macdonald,1971,19,dan,"gb,ia",,UNKNOWN,source-unavailable
9780679768081,9780679768081,The underground man,Ross Macdonald,1971,19,dan,"gb,ia",ia:public;ia:public;ia:public,GREEN,public-surrogate
9780553239324,9780553239324,The underground man,Ross Macdonald,1971,19,dan,"gb,ia",ia:public;ia:public,GREEN,public-surrogate
9783499423659,9783499423659,The underground man,Ross Macdonald,1971,19,dan,"gb,ia",,UNKNOWN,source-unavailable
9780394434674,9780394434674,The underground man,Ross Macdonald,1971,19,dan,"gb,ia",ia:public;ia:public;ia:lending,GREEN,public-surrogate
9788402052872,9788402052872,The underground man,Ross Macdonald,1971,19,dan,"gb,ia",,UNKNOWN,source-unavailable
9780002318488,9780002318488,The underground man,Ross Macdonald,1971,19,dan,"gb,ia",,UNKNOWN,source-unavailable
9780749002060,9780749002060,The underground man,Ross Macdonald,1971,19,dan,"gb,ia",,UNKNOWN,source-unavailable
9788755715202,9788755715202,The underground man,Ross Macdonald,1971,19,dan,"gb,ia",,UNKNOWN,source-unavailable
9780006145349,9780006145349,The underground man,Ross Macdonald,1971,19,dan,"gb,ia",,UNKNOWN,source-unavailable
9783257208788,9783257208788,The underground man,Ross Macdonald,1971,19,dan,"gb,ia",ia:public,GREEN,public-surrogate
9789117522711,9789117522711,The underground man,Ross Macdonald,1971,19,dan,"gb,ia",,UNKNOWN,source-unavailable
9782717805352,9782717805352,Banques étrangères et fiscalité française,Georges Athénosy,1982,1,fre,"gb,ia",,UNKNOWN,source-unavailable
9781421543567,9781421543567,Awkward Silence,Hinako Takanaga,2013,1,,"gb,ia",,UNKNOWN,source-unavailable
9788876612664,9788876612664,Regola senza regola,Elena Dellapiana,1996,1,ita,"gb,ia",,UNKNOWN,source-unavailable
9781551993096,9781551993096,Favourite Game and Beautiful Losers,Leonard Cohen,2009,1,eng,"gb,ia",,UNKNOWN,source-unavailable
9780747559177,9780747559177,Eve Arnold,Eve Arnold,1997,3,eng,"gb,ia",ia:public;ia:public,GREEN,public-surrogate
9780517192528,9780517192528,Eve Arnold,Eve Arnold,1997,3,eng,"gb,ia",,UNKNOWN,source-unavailable
9783656372288,9783656372288,Die Rolle des Einkommens Bei der Umweltbewertung Nach Dem Lebenszufriedenheitsansatz,Sonja Eikmeier,2013,1,ger,"gb,ia",,UNKNOWN,source-unavailable
9786155480515,9786155480515,Túlélni,Tivadar Soros,2018,1,hun,"gb,ia",,UNKNOWN,source-unavailable
9789536316915,9789536316915,Zbornik u čast Ivici Žili,Matica hrvatska. Ogranak Dubrovnik,2011,1,hrv,"gb,ia",,UNKNOWN,source-unavailable
9780817611255,9780817611255,Ceb Approach,Thuerlimann,1980,1,eng,"gb,ia",,UNKNOWN,source-unavailable
9781704459288,9781704459288,"Pineapple. Stand Tall, Wear a Crown & Be Sweet on the Inside",Tik Tak Tuk,2019,1,eng,"gb,ia",,UNKNOWN,source-unavailable
9788468603001,9788468603001,La experiencia del Amor,Juan Sánchez Luis Salinas,2012,1,,"gb,ia",,UNKNOWN,source-unavailable
9781512197303,9781512197303,Why the Butterfly Flew Away,Shane Avila,2015,1,eng,"gb,ia",,UNKNOWN,source-unavailable
9781792151071,9781792151071,Immortality and the Multitude of Lies Behind Her,Forester de Santos,2018,1,eng,"gb,ia",,UNKNOWN,source-unavailable
9781521419328,9781521419328,Banksyleaks,Leonardo Banksy,2017,3,spa,"gb,ia",,UNKNOWN,source-unavailable
9781983251689,9781983251689,Banksyleaks,Leonardo Banksy,2017,3,spa,"gb,ia",,UNKNOWN,source-unavailable
9781521427941,9781521427941,Banksyleaks,Leonardo Banksy,2017,3,spa,"gb,ia",,UNKNOWN,source-unavailable
9788884403209,9788884403209,Il grande cinema fantasy,Roberto Chiavini,2004,1,ita,"gb,ia",,UNKNOWN,source-unavailable
9781983539350,9781983539350,Story of Stories,"Erica Ladu, Christine Ladu",2018,1,eng,"gb,ia",,UNKNOWN,source-unavailable
9780731316410,9780731316410,The illicit drug problem,Marie Swain,1999,1,eng,"gb,ia",,UNKNOWN,source-unavailable
9780533141272,9780533141272,Beyond the Horizon,Gwendolyn E. Joseph,2003,1,eng,"gb,ia",,UNKNOWN,source-unavailable
9781098804879,9781098804879,Separata : Temario Oficial Aprobado para la Convocatoria de Oposición de 2019 de Jueces y Fiscales,Alberto López Cazalilla,2019,1,spa,"gb,ia",,UNKNOWN,source-unavailable
9784863669178,9784863669178,Taiwan no Mori Oto,Jōji Mori,2013,1,jpn,"gb,ia",,UNKNOWN,source-unavailable
9781019183465,9781019183465,The Rise of the High School in Massachusetts,Alexander James Inglis,2010,4,eng,"gb,ia",,UNKNOWN,source-unavailable
9781147832310,9781147832310,The Rise of the High School in Massachusetts,Alexander James Inglis,2010,4,eng,"gb,ia",,UNKNOWN,source-unavailable
9780342749799,9780342749799,The Rise of the High School in Massachusetts,Alexander James Inglis,2010,4,eng,"gb,ia",,UNKNOWN,source-unavailable
9780342749782,9780342749782,The Rise of the High School in Massachusetts,Alexander James Inglis,2010,4,eng,"gb,ia",,UNKNOWN,source-unavailable
9786050905052,9786050905052,Daha Sade Bir Hayat,Kim John Payne,2012,1,,"gb,ia",,UNKNOWN,source-unavailable
9781073701865,9781073701865,Luciano's Little Black Book,Wingman Publishing,2019,1,eng,"gb,ia",,UNKNOWN,source-unavailable
9780983681823,9780983681823,Requiem,Sb Jones,2011,1,,"gb,ia",,UNKNOWN,source-unavailable
9783656592709,9783656592709,Combatting Maritime Piracy in Somalia,"Kennedy, Michael",2014,1,eng,"gb,ia",,UNKNOWN,source-unavailable
9780897472814,9780897472814,Viper F-16,Lou Drendel,1992,1,eng,"gb,ia",ia:public,GREEN,public-surrogate
9787533331658,9787533331658,Shandong Qingzhou Fujiazhuang bei Qi xian ke hua xiang shi,Qingzhou Shi bo wu guan,2014,1,chi,"gb,ia",,UNKNOWN,source-unavailable
9780706930207,9780706930207,"Concise history of the Indian National Congress, 1885-1947",Nisith Ranjan Ray,1985,1,eng,"gb,ia",,UNKNOWN,source-unavailable
9788484763031,9788484763031,"La educación superior en el mundo, 2007.",ACUP,2006,1,,"gb,ia",,UNKNOWN,source-unavailable
9789749037171,9789749037171,Khon phūkhao,Sangkhīt Čhanthanaphōt.,2002,1,tha,"gb,ia",,UNKNOWN,source-unavailable
9785550098097,9785550098097,All Occasion Assortment Postcards,,2001,1,eng,"gb,ia",,UNKNOWN,source-unavailable
9787532937349,9787532937349,Xin ge hua bo zi,"(yin du) Mo, ke qi",2012,1,chi,"gb,ia",ia:lending,GREEN,public-surrogate
9781574092530,9781574092530,Further Offshore,Ed Mapes,2007,1,eng,"gb,ia",ia:public,GREEN,public-surrogate
9780471600268,9780471600268,Topics In Sterochemistry (Topics in Stereochemistry),ELIEL,1988,1,eng,"gb,ia",ia:lending,GREEN,public-surrogate
9781500308100,9781500308100,Almond Flour Recipes,Paula Sutten,2014,1,eng,"gb,ia",,UNKNOWN,source-unavailable
9781456420437,9781456420437,The Road Back From Despair To Meaning and Happiness,Roy Masters,2010,1,,"gb,ia",,UNKNOWN,source-unavailable
9789960011769,9789960011769,تأسيس الاقتصاد الاسلامي,Muṣliḥ ibn ʻAbd al-Ḥayy Najjār,2003,1,ara,"gb,ia",,UNKNOWN,source-unavailable
9781521762523,9781521762523,"American Revolution, a to Z","Burke, William",2017,1,eng,"gb,ia",,UNKNOWN,source-unavailable
9780119116830,9780119116830,Official Journal of the European Communities,,1993,1,,"gb,ia",,UNKNOWN,source-unavailable
9780612745643,9780612745643,Calreticulin and cell adhesion,Marc Pierre Fadel,2002,1,eng,"gb,ia",,UNKNOWN,source-unavailable
9781927840030,9781927840030,Neil Young Heart of Gold,Harvey Kubernik,2015,1,,"gb,ia",ia:public;ia:public,GREEN,public-surrogate
9781896209241,9781896209241,The Wreck of the Archangel,George Mackay Brown,1989,3,eng,"gb,ia",ia:public;ia:public;ia:lending,GREEN,public-surrogate
9780719556159,9780719556159,The Wreck of the Archangel,George Mackay Brown,1989,3,eng,"gb,ia",,UNKNOWN,source-unavailable
9780719547508,9780719547508,The Wreck of the Archangel,George Mackay Brown,1989,3,eng,"gb,ia",ia:public,GREEN,public-surrogate
9780582640559,9780582640559,"Slavery and the politics of liberation, 1787-1861: a study of liberated African emigration and British anti-slavery policy",Johnson U. J. Asiegbu,1969,1,eng,"gb,ia",,UNKNOWN,source-unavailable
9780216911970,9780216911970,Biology in Action,David Luxton,1986,5,eng,"gb,ia",,UNKNOWN,source-unavailable
9780174385752,9780174385752,Biology in Action,David Luxton,1986,5,eng,"gb,ia",ia:public;ia:public,GREEN,public-surrogate
9780216911963,9780216911963,Biology in Action,David Luxton,1986,5,eng,"gb,ia",ia:public;ia:public,GREEN,public-surrogate
9781542886338,9781542886338,Hidden Agendas 2,Keisha Nicole,2017,1,eng,"gb,ia",,UNKNOWN,source-unavailable
9785893320459,9785893320459,Progulki po Nevskomu prospektu v pervoĭ polovine XIX veka,A. M. Konechnyĭ,2002,1,rus,"gb,ia",,UNKNOWN,source-unavailable
9780597402630,9780597402630,"QUANTA SERVICES, INC",ICON Group Ltd.,2000,2,,"gb,ia",,UNKNOWN,source-unavailable
9780597469077,9780597469077,"QUANTA SERVICES, INC",ICON Group Ltd.,2000,2,,"gb,ia",,UNKNOWN,source-unavailable
9787563802579,9787563802579,Ci chan ping gu li lun yu fang fa (Xian dai cai wu yu kuai ji cong shu),Xing'en Xu,1991,1,cmn,"gb,ia",,UNKNOWN,source-unavailable
9780802479426,9780802479426,Empowering single parents,Greg Cynaumon,1994,1,eng,"gb,ia",ia:public;ia:lending,GREEN,public-surrogate
9781306269513,9781306269513,Bitter Ashes,John Wilson,2010,1,eng,"gb,ia",,UNKNOWN,source-unavailable
9780934684989,9780934684989,"Folio Physician Directory of New Jersey, 2005",Folio Associates,2005,1,eng,"gb,ia",,UNKNOWN,source-unavailable
9780983126577,9780983126577,"Landscapes, Lawns, & Lies","Jr. John Wright, Sondra J Wright",2016,1,,"gb,ia",,UNKNOWN,source-unavailable
9780500450031,9780500450031,An illustrated cultural history of England,F. E. Halliday,1967,1,,"gb,ia",ia:public;ia:public;ia:public;ia:public;ia:public,GREEN,public-surrogate
9783858270689,9783858270689,Josef Ammann,"Ammann, Josef",1984,1,ger,"gb,ia",,UNKNOWN,source-unavailable
9789275322543,9789275322543,Accidentes químicos,Pan American Health Organization.,1998,1,,"gb,ia",,UNKNOWN,source-unavailable
9781591295440,9781591295440,Glory Road,Bernice Curler,2002,1,eng,"gb,ia",ia:public;ia:public,GREEN,public-surrogate
9780839800583,9780839800583,"American Activities in the Central Pacific, Seventeen Ninety to Eighteen Seventy/Includes Maps",Gerard R. Ward,1966,1,,"gb,ia",ia:public,GREEN,public-surrogate
9781614706250,9781614706250,"Progress in Monomers, Oligomers, Polymers, Composites and Nanocomposites",R. Pethrick,2009,1,eng,"gb,ia",,UNKNOWN,source-unavailable
9783473554393,9783473554393,So funktioniert's! Fahrzeuge und Maschinen,John Farndon,2016,1,,"gb,ia",,UNKNOWN,source-unavailable
9784062059633,9784062059633,Saharin no koe,Tamezo Kawabe,1992,1,jpn,"gb,ia",,UNKNOWN,source-unavailable
9781840641677,9781840641677,International economic negotiation,"Viktor Aleksandrovich Kremeni︠u︡k, Gunnar Sjöstedt",2000,2,eng,"gb,ia",ia:lending,GREEN,public-surrogate
9781781956434,9781781956434,International economic negotiation,"Viktor Aleksandrovich Kremeni︠u︡k, Gunnar Sjöstedt",2000,2,eng,"gb,ia",,UNKNOWN,source-unavailable
9781530699803,9781530699803,1001+ Frasi Di Base Italiano - Tajik,Gilad Soffer,2016,1,ita,"gb,ia",,UNKNOWN,source-unavailable
9781315845722,9781315845722,"Women, Men and Politeness",Janet Holmes,2013,1,eng,"gb,ia",,UNKNOWN,source-unavailable
9781596359345,9781596359345,50 Tunisian Stitches,Darla J. Fanton,2014,1,eng,"gb,ia",,UNKNOWN,source-unavailable
9782897184940,9782897184940,Caillou and Friends (Little Detectives),"Anne Paradis, Eric Sévigny",2018,1,eng,"gb,ia",ia:public;ia:public;ia:public,GREEN,public-surrogate
9783111266138,9783111266138,Die deutsche Post- und Telegraphen-Gesetzgebung : Nebst dem Weltpostvertrag U. dem Internationalen Telegraphenvertrag,Paul David Fischer,1900,1,ger,"gb,ia",,UNKNOWN,source-unavailable
9780585206127,9780585206127,The smile of God,John Gneisenau Neihardt,1996,1,eng,"gb,ia",,UNKNOWN,source-unavailable
9781378281505,9781378281505,"Sketch of the Geology, Mineralogy and Topography of the Connecticut;","Edward 1793-1864 Utility of Hitchcock, Arthur J. 1781-1865 Stansbury, Amos Doolittle",2018,1,eng,"gb,ia",,UNKNOWN,source-unavailable
9787208131255,9787208131255,义乌细菌战受害者口述史,Fulian Zhao,2015,1,chi,"gb,ia",,UNKNOWN,source-unavailable
9789993661733,9789993661733,Sprul paʼi gter chen bdud ʼjoms gling paʼi zab gter gsang baʼi chos sde,Buddhist Digital Resource Center,2004,1,tib,"gb,ia",,UNKNOWN,source-unavailable
9780660000039,9780660000039,Mount Revelstoke National Park,"James H. Soper, Adam E. Szczawinski",1976,2,eng,"gb,ia",ia:public;ia:public;ia:public;ia:public;ia:public;ia:public,GREEN,public-surrogate
9785699050475,9785699050475,"Li︠u︡di moego ""Vremeni""",Ninelʹ Shakhova,2004,1,rus,"gb,ia",,UNKNOWN,source-unavailable
9780330447416,9780330447416,Sudoku/Kakuro Bind-up,Andrew Heron,2006,1,,"gb,ia",ia:public;ia:public,GREEN,public-surrogate
9781565922785,9781565922785,Sendmail desktop reference,"Bryan Costales, Eric Allman",1997,1,eng,"gb,ia",ia:lending,GREEN,public-surrogate
9781473848696,9781473848696,Fighting in Ukraine,David Mitchelhill-Green,2016,4,eng,"gb,ia",,UNKNOWN,source-unavailable
9781473848689,9781473848689,Fighting in Ukraine,David Mitchelhill-Green,2016,4,eng,"gb,ia",,UNKNOWN,source-unavailable
9781473848665,9781473848665,Fighting in Ukraine,David Mitchelhill-Green,2016,4,eng,"gb,ia",,UNKNOWN,source-unavailable
9781473848672,9781473848672,Fighting in Ukraine,David Mitchelhill-Green,2016,4,eng,"gb,ia",,UNKNOWN,source-unavailable
9789645541031,9789645541031,Nahz̤at-i Khudāparastān-i Sūsiyālīst,Maḥmūd Nikūrūḥ,1998,1,per,"gb,ia",,UNKNOWN,source-unavailable
9784796663526,9784796663526,Kafū o machiwabite,Maha Harada,2008,1,jpn,"gb,ia",ia:public;ia:public,GREEN,public-surrogate
9788171433780,9788171433780,Tak̲h̲ata Lāhaura,Najm Ḥusain Sayyid,2005,1,pan,"gb,ia",,UNKNOWN,source-unavailable
9781840540581,9781840540581,Teaching the Welsh to fish,,2002,1,eng,"gb,ia",,UNKNOWN,source-unavailable
9780112409212,9780112409212,Trace Elements in Soils and Crops (Technical Bulletin),"Fish.& Food, Min.of Agriculture",1971,2,eng,"gb,ia",,UNKNOWN,source-unavailable
9782226138378,9782226138378,Adieu Babylone,"Naïm Kattan, Michel Tournier",2003,1,fre,"gb,ia",,UNKNOWN,source-unavailable
9780344491610,9780344491610,The Works of Hubert Howe Bancroft; Volume 29,Hubert Howe Bancroft,2018,1,,"gb,ia",,UNKNOWN,source-unavailable
9789667073107,9789667073107,"Ukraïno, pisne moi︠a︡!",Mykola Labinsʹkyĭ,2010,1,ukr,"gb,ia",,UNKNOWN,source-unavailable
9781862201699,9781862201699,Thomas Harrison,John Champness,2005,1,eng,"gb,ia",ia:public;ia:public;ia:lending,GREEN,public-surrogate
9780340040843,9780340040843,Saturday at Blackberry Farm,Jane Pilgrim,1993,1,,"gb,ia",,UNKNOWN,source-unavailable
9788386334674,9788386334674,Słownik terminologiczny mebli =,Izydor Grzeluk,1998,1,pol,"gb,ia",,UNKNOWN,source-unavailable
9781479175918,9781479175918,Antiguas Creencias en una Época Moderna,"Héctor Delgado, Paulino Puello",2012,1,spa,"gb,ia",,UNKNOWN,source-unavailable
9781344643269,9781344643269,Cyclopedia Of Civil Government,Ellsworth Decatur Foster,2015,1,,"gb,ia",,UNKNOWN,source-unavailable
9780442209513,9780442209513,Low-energy cooling,Donald W. Abrams,1986,2,eng,"gb,ia",ia:public;ia:public;ia:public;ia:lending,GREEN,public-surrogate
9781435755291,9781435755291,Discoveries,Sherri Harmon,2009,1,eng,"gb,ia",,UNKNOWN,source-unavailable
9781940611099,9781940611099,Getting Started in Woodturning,"John Kelsey, American Woodturner",2014,3,eng,"gb,ia",,UNKNOWN,source-unavailable
9781950934232,9781950934232,Getting Started in Woodturning,"John Kelsey, American Woodturner",2014,3,eng,"gb,ia",,UNKNOWN,source-unavailable
9781322248400,9781322248400,Getting Started in Woodturning,"John Kelsey, American Woodturner",2014,3,eng,"gb,ia",,UNKNOWN,source-unavailable
9781315671307,9781315671307,Introduction to South Asian Politics,Neil DeVotta,2015,8,eng,"gb,ia",,UNKNOWN,source-unavailable
9780415822794,9780415822794,Introduction to South Asian Politics,Neil DeVotta,2015,8,eng,"gb,ia",ia:public,GREEN,public-surrogate
9781317369721,9781317369721,Introduction to South Asian Politics,Neil DeVotta,2015,8,eng,"gb,ia",,UNKNOWN,source-unavailable
9781317369714,9781317369714,Introduction to South Asian Politics,Neil DeVotta,2015,8,eng,"gb,ia",,UNKNOWN,source-unavailable
9780367187590,9780367187590,Introduction to South Asian Politics,Neil DeVotta,2015,8,eng,"gb,ia",,UNKNOWN,source-unavailable
9780367187606,9780367187606,Introduction to South Asian Politics,Neil DeVotta,2015,8,eng,"gb,ia",,UNKNOWN,source-unavailable
9780415822787,9780415822787,Introduction to South Asian Politics,Neil DeVotta,2015,8,eng,"gb,ia",,UNKNOWN,source-unavailable
9781317369738,9781317369738,Introduction to South Asian Politics,Neil DeVotta,2015,8,eng,"gb,ia",,UNKNOWN,source-unavailable
9780933380233,9780933380233,Smut: American Sex Slang,Jim Norris,1992,2,eng,"gb,ia",,UNKNOWN,source-unavailable
9780933380226,9780933380226,Smut: American Sex Slang,Jim Norris,1992,2,eng,"gb,ia",ia:public;ia:public;ia:public;ia:lending,GREEN,public-surrogate
9780310971825,9780310971825,Bible Cover-Rejoice; Exlarge Red Embroidered,,1997,1,eng,"gb,ia",,UNKNOWN,source-unavailable
9781515240624,9781515240624,Dinner with Mitzy,David Tillman,2015,1,eng,"gb,ia",,UNKNOWN,source-unavailable
9789056624149,9789056624149,Kennis op de kaart,Otto Raspe,2004,1,dut,"gb,ia",,UNKNOWN,source-unavailable
9788467921472,9788467921472,おやすみプンプン 7,浅野いにお,2013,2,spa,"gb,ia",,UNKNOWN,source-unavailable
9782505017356,9782505017356,おやすみプンプン 7,浅野いにお,2013,2,spa,"gb,ia",,UNKNOWN,source-unavailable
9789027134981,9789027134981,Overheid en burgerlijk recht,,1992,1,dut,"gb,ia",,UNKNOWN,source-unavailable
9781406715422,9781406715422,Inspired Amateurs,Kevin Guinagh,1967,2,eng,"gb,ia",ia:public;ia:public,GREEN,public-surrogate
9782858028634,9782858028634,La Transition professionnelle,Philippe Méhaut,1987,2,fre,"gb,ia",,UNKNOWN,source-unavailable
9780812213263,9780812213263,The Intellectual World of Benjamin Franklin,Dilys Pegler Winegrad,1990,1,eng,"gb,ia",ia:public;ia:public;ia:lending,GREEN,public-surrogate
9780021936373,9780021936373,SPELLING PRACTICE BOOK GRADE 4 (TREASURES),TREASURES,2005,1,,"gb,ia",ia:lending,GREEN,public-surrogate
9789048507948,9789048507948,Civil service reform in post-communist countries,Alexander Kotchegura,2008,2,eng,"gb,ia",,UNKNOWN,source-unavailable
9789087280604,9789087280604,Civil service reform in post-communist countries,Alexander Kotchegura,2008,2,eng,"gb,ia",,UNKNOWN,source-unavailable
9781282401785,9781282401785,Civil service reform in post-communist countries,Alexander Kotchegura,2008,2,eng,"gb,ia",,UNKNOWN,source-unavailable
9780881410716,9780881410716,Doors of Perception,Richard Temple,1996,1,eng,"gb,ia",ia:public;ia:lending,GREEN,public-surrogate
9783838655116,9783838655116,Rechtliche Probleme des Absatzprozesses Kleiner und Mittelständischer Unternehmen Im Gemeinschaftseuropäischen E-Commerce,Jens von Schenk,2002,1,ger,"gb,ia",,UNKNOWN,source-unavailable
9780548384114,9780548384114,Savings And Loan Principles,"Morton Bodfish, A. D. Theobald",2007,1,eng,"gb,ia",,UNKNOWN,source-unavailable
9780002236775,9780002236775,Journeys to the Heartland,William Horwood,1995,1,eng,"gb,ia",ia:public;ia:public;ia:public;ia:lending,GREEN,public-surrogate
9780618194599,9780618194599,Small,Clara Vulliamy,2001,4,eng,"gb,ia",ia:public;ia:public;ia:lending,GREEN,public-surrogate
9780001984202,9780001984202,Small,Clara Vulliamy,2001,4,eng,"gb,ia",ia:public;ia:public;ia:public,GREEN,public-surrogate
9780006647751,9780006647751,Small,Clara Vulliamy,2001,4,eng,"gb,ia",ia:public;ia:public;ia:lending;ia:lending,GREEN,public-surrogate
9781855966291,9781855966291,Small,Clara Vulliamy,2001,4,eng,"gb,ia",ia:public;ia:public;ia:public;ia:lending,GREEN,public-surrogate
9788484890423,9788484890423,Los adverbios en -mente del español de hoy y su función semántica de cuantificación,Silvia Beatriz Kaul de Marlangeon,2002,4,spa,"gb,ia",,UNKNOWN,source-unavailable
9783893547869,9783893547869,Los adverbios en -mente del español de hoy y su función semántica de cuantificación,Silvia Beatriz Kaul de Marlangeon,2002,4,spa,"gb,ia",,UNKNOWN,source-unavailable
9783865278470,9783865278470,Los adverbios en -mente del español de hoy y su función semántica de cuantificación,Silvia Beatriz Kaul de Marlangeon,2002,4,spa,"gb,ia",,UNKNOWN,source-unavailable
9780772521101,9780772521101,A map history of the modern world,Brian Catchpole,1995,1,eng,"gb,ia",ia:public;ia:public;ia:public,GREEN,public-surrogate
9780471575566,9780471575566,"Principles and Practice, Volume 1, Burger's Medicinal Chemistry and Drug Discovery",Manfred E. Wolff,1994,1,eng,"gb,ia",ia:lending;ia:lending;ia:lending,GREEN,public-surrogate
9780957668119,9780957668119,Your Skin Factory,"Dr. Des Fernandes, Jennifer Munro",2013,1,,"gb,ia",,UNKNOWN,source-unavailable
9781629521312,9781629521312,Emerging,Jane W. Lauber,2014,1,,"gb,ia",ia:public,GREEN,public-surrogate
9782738497727,9782738497727,"Objet banal, objet social","Isabelle Garabuau-Moussaoui, Dominique Desjeux",2000,1,fre,"gb,ia",,UNKNOWN,source-unavailable
9783500280509,9783500280509,Mensuralnotenschrift des zwoelften und dreizehnten Jahrhunderts,Gustav Jacobsthal,1973,1,ger,"gb,ia",,UNKNOWN,source-unavailable
9788415191322,9788415191322,Judas Priest,Marc Milà Hernández,2012,1,,"gb,ia",,UNKNOWN,source-unavailable
